question_id,desatualizada,generation_policy,assunto,type_question,historical_answer,current_law_status,current_answer,claim_terms
1577067,True,outdated_needs_current_law_audit_before_publish,Da Habilitação (arts. 140 a 160 da Lei nº 9.503/1997),CERTO_ERRADO,E,needs_audit,,
42747,True,outdated_needs_current_law_audit_before_publish,Das Normas Gerais de Circulação e Conduta (arts. 26 a 67 da Lei nº 9.503/1997),MULTIPLA_ESCOLHA,CERTO,needs_audit,,baixa; pisca-alerta; luz baixa; luz alta
533485,True,outdated_needs_current_law_audit_before_publish,Das Normas Gerais de Circulação e Conduta (arts. 26 a 67 da Lei nº 9.503/1997),MULTIPLA_ESCOLHA,B,needs_audit,,baixa; luz baixa; buzina
1572194,True,outdated_needs_current_law_audit_before_publish,Das Normas Gerais de Circulação e Conduta (arts. 26 a 67 da Lei nº 9.503/1997),MULTIPLA_ESCOLHA,,needs_audit,,pisca-alerta; buzina
27886,True,outdated_needs_current_law_audit_before_publish,Demais Resoluções CONTRAN,MULTIPLA_ESCOLHA,A,needs_audit,,infração; multa; retenção
70196,True,outdated_needs_current_law_audit_before_publish,Demais Resoluções CONTRAN,CERTO_ERRADO,ERRADO,needs_audit,,habilitação
174567,True,outdated_needs_current_law_audit_before_publish,Demais Resoluções CONTRAN,MULTIPLA_ESCOLHA,E,needs_audit,,habilitação
254765,True,outdated_verified_generate_current_law_card,Demais Resoluções CONTRAN,CERTO_ERRADO,CERTO,verified,CERTO,capacete; viseira; sinalização
254775,True,outdated_needs_current_law_audit_before_publish,Demais Resoluções CONTRAN,CERTO_ERRADO,ERRADO,needs_audit,,habilitação; infração; álcool
305781,True,outdated_needs_current_law_audit_before_publish,Demais Resoluções CONTRAN,MULTIPLA_ESCOLHA,C,needs_audit,,50%
306145,True,outdated_verified_generate_current_law_card,Demais Resoluções CONTRAN,MULTIPLA_ESCOLHA,B,verified,B,capacete; viseira
368018,True,outdated_needs_current_law_audit_before_publish,Demais Resoluções CONTRAN,MULTIPLA_ESCOLHA,B,needs_audit,,categoria d
434582,True,outdated_needs_current_law_audit_before_publish,Demais Resoluções CONTRAN,MULTIPLA_ESCOLHA,A,needs_audit,,dimensões; sinalização
477779,True,outdated_needs_current_law_audit_before_publish,Demais Resoluções CONTRAN,MULTIPLA_ESCOLHA,A,needs_audit,,
519124,True,outdated_needs_current_law_audit_before_publish,Demais Resoluções CONTRAN,MULTIPLA_ESCOLHA,B,needs_audit,,habilitação
589275,True,outdated_discard_do_not_generate_study_card,Demais Resoluções CONTRAN,MULTIPLA_ESCOLHA,,discard,,
624737,True,outdated_verified_generate_current_law_card,Demais Resoluções CONTRAN,MULTIPLA_ESCOLHA,,verified,C,Resolução nº 453/2013; capacete
624802,True,outdated_needs_current_law_audit_before_publish,Demais Resoluções CONTRAN,MULTIPLA_ESCOLHA,A,needs_audit,,Resolução nº 205/2006; habilitação
778177,True,outdated_needs_current_law_audit_before_publish,Demais Resoluções CONTRAN,CERTO_ERRADO,E,needs_audit,,
778178,True,outdated_needs_current_law_audit_before_publish,Demais Resoluções CONTRAN,CERTO_ERRADO,E,needs_audit,,60%
778183,True,outdated_needs_current_law_audit_before_publish,Demais Resoluções CONTRAN,CERTO_ERRADO,E,needs_audit,,
778184,True,outdated_needs_current_law_audit_before_publish,Demais Resoluções CONTRAN,CERTO_ERRADO,,needs_audit,,
778187,True,outdated_needs_current_law_audit_before_publish,Demais Resoluções CONTRAN,CERTO_ERRADO,E,needs_audit,,
778188,True,outdated_needs_current_law_audit_before_publish,Demais Resoluções CONTRAN,CERTO_ERRADO,C,needs_audit,,
778189,True,outdated_verified_generate_current_law_card,Demais Resoluções CONTRAN,CERTO_ERRADO,C,verified,CERTO,capacete; viseira
778190,True,outdated_verified_generate_current_law_card,Demais Resoluções CONTRAN,CERTO_ERRADO,E,verified,ERRADO,capacete
805508,True,outdated_discard_do_not_generate_study_card,Demais Resoluções CONTRAN,MULTIPLA_ESCOLHA,,discard,,habilitação
875304,True,outdated_needs_current_law_audit_before_publish,Demais Resoluções CONTRAN,CERTO_ERRADO,E,needs_audit,,habilitação
916974,True,outdated_needs_current_law_audit_before_publish,Demais Resoluções CONTRAN,MULTIPLA_ESCOLHA,C,needs_audit,,40%; dimensões
916975,True,outdated_needs_current_law_audit_before_publish,Demais Resoluções CONTRAN,MULTIPLA_ESCOLHA,D,needs_audit,,120 dias; 60 dias; 90 dias; 180 dias; 360 dias; habilitação
917879,True,outdated_needs_current_law_audit_before_publish,Demais Resoluções CONTRAN,MULTIPLA_ESCOLHA,D,needs_audit,,
921198,True,outdated_needs_current_law_audit_before_publish,Demais Resoluções CONTRAN,MULTIPLA_ESCOLHA,B,needs_audit,,habilitação
937073,True,outdated_needs_current_law_audit_before_publish,Demais Resoluções CONTRAN,MULTIPLA_ESCOLHA,C,needs_audit,,habilitação
945656,True,outdated_needs_current_law_audit_before_publish,Demais Resoluções CONTRAN,MULTIPLA_ESCOLHA,D,needs_audit,,categoria d; habilitação; motofrete
970023,True,outdated_needs_current_law_audit_before_publish,Demais Resoluções CONTRAN,MULTIPLA_ESCOLHA,E,needs_audit,,
986274,True,outdated_needs_current_law_audit_before_publish,Demais Resoluções CONTRAN,MULTIPLA_ESCOLHA,C,needs_audit,,Resolução n. 205
1018630,True,outdated_needs_current_law_audit_before_publish,Demais Resoluções CONTRAN,MULTIPLA_ESCOLHA,E,needs_audit,,dimensões
1091826,True,outdated_verified_generate_current_law_card,Demais Resoluções CONTRAN,MULTIPLA_ESCOLHA,E,verified,E,capacete; viseira
1112246,True,outdated_verified_generate_current_law_card,Demais Resoluções CONTRAN,MULTIPLA_ESCOLHA,A,verified,A,capacete; viseira
1114480,True,outdated_verified_generate_current_law_card,Demais Resoluções CONTRAN,MULTIPLA_ESCOLHA,E,verified,E,capacete; viseira
1114772,True,outdated_needs_current_law_audit_before_publish,Demais Resoluções CONTRAN,MULTIPLA_ESCOLHA,,needs_audit,,69%; 65%; capacete; sinalização
1119061,True,outdated_needs_current_law_audit_before_publish,Demais Resoluções CONTRAN,MULTIPLA_ESCOLHA,A,needs_audit,,Resolução CONTRAN nº 356; motofrete; peso; dimensões
1119572,True,outdated_needs_current_law_audit_before_publish,Demais Resoluções CONTRAN,MULTIPLA_ESCOLHA,C,needs_audit,,motofrete
1140616,True,outdated_needs_current_law_audit_before_publish,Demais Resoluções CONTRAN,MULTIPLA_ESCOLHA,C,needs_audit,,
1171405,True,outdated_needs_current_law_audit_before_publish,Demais Resoluções CONTRAN,MULTIPLA_ESCOLHA,E,needs_audit,,
1176135,True,outdated_needs_current_law_audit_before_publish,Demais Resoluções CONTRAN,MULTIPLA_ESCOLHA,A,needs_audit,,peso
1290659,True,outdated_needs_current_law_audit_before_publish,Demais Resoluções CONTRAN,MULTIPLA_ESCOLHA,B,needs_audit,,90 dias; 180 dias; 60 dias; habilitação
1295470,True,outdated_needs_current_law_audit_before_publish,Demais Resoluções CONTRAN,MULTIPLA_ESCOLHA,D,needs_audit,,resolução nº 667
1336580,True,outdated_needs_current_law_audit_before_publish,Demais Resoluções CONTRAN,MULTIPLA_ESCOLHA,E,needs_audit,,180 dias; Resolução N.º 360/2010; habilitação; infração
1371128,True,outdated_needs_current_law_audit_before_publish,Demais Resoluções CONTRAN,MULTIPLA_ESCOLHA,B,needs_audit,,
1473815,True,outdated_needs_current_law_audit_before_publish,Demais Resoluções CONTRAN,MULTIPLA_ESCOLHA,B,needs_audit,,
1498075,True,outdated_needs_current_law_audit_before_publish,Demais Resoluções CONTRAN,MULTIPLA_ESCOLHA,E,needs_audit,,
1498077,True,outdated_needs_current_law_audit_before_publish,Demais Resoluções CONTRAN,MULTIPLA_ESCOLHA,D,needs_audit,,Resolução n.º 292/2008
1498079,True,outdated_needs_current_law_audit_before_publish,Demais Resoluções CONTRAN,MULTIPLA_ESCOLHA,E,needs_audit,,30%; Resolução n.º 292/2008
1498081,True,outdated_needs_current_law_audit_before_publish,Demais Resoluções CONTRAN,CERTO_ERRADO,ERRADO,needs_audit,,
1498083,True,outdated_needs_current_law_audit_before_publish,Demais Resoluções CONTRAN,CERTO_ERRADO,CERTO,needs_audit,,
1498084,True,outdated_needs_current_law_audit_before_publish,Demais Resoluções CONTRAN,CERTO_ERRADO,ERRADO,needs_audit,,
1498085,True,outdated_needs_current_law_audit_before_publish,Demais Resoluções CONTRAN,CERTO_ERRADO,ERRADO,needs_audit,,
1498087,True,outdated_needs_current_law_audit_before_publish,Demais Resoluções CONTRAN,CERTO_ERRADO,CERTO,needs_audit,,
1503689,True,outdated_needs_current_law_audit_before_publish,Demais Resoluções CONTRAN,CERTO_ERRADO,CERTO,needs_audit,,Resolução Contran nº 92
1503690,True,outdated_needs_current_law_audit_before_publish,Demais Resoluções CONTRAN,CERTO_ERRADO,ERRADO,needs_audit,,Resolução Contran nº 92
1503691,True,outdated_needs_current_law_audit_before_publish,Demais Resoluções CONTRAN,CERTO_ERRADO,ERRADO,needs_audit,,Resolução Contran nº 92
1503692,True,outdated_needs_current_law_audit_before_publish,Demais Resoluções CONTRAN,CERTO_ERRADO,ERRADO,needs_audit,,Resolução Contran nº 92
1503693,True,outdated_needs_current_law_audit_before_publish,Demais Resoluções CONTRAN,CERTO_ERRADO,CERTO,needs_audit,,Resolução Contran nº 92
1503694,True,outdated_needs_current_law_audit_before_publish,Demais Resoluções CONTRAN,CERTO_ERRADO,ERRADO,needs_audit,,Resolução Contran nº 92
1503695,True,outdated_needs_current_law_audit_before_publish,Demais Resoluções CONTRAN,CERTO_ERRADO,CERTO,needs_audit,,Resolução Contran nº 92
1503696,True,outdated_needs_current_law_audit_before_publish,Demais Resoluções CONTRAN,CERTO_ERRADO,ERRADO,needs_audit,,Resolução Contran nº 92
1503697,True,outdated_needs_current_law_audit_before_publish,Demais Resoluções CONTRAN,CERTO_ERRADO,CERTO,needs_audit,,Resolução Contran nº 92
1503698,True,outdated_needs_current_law_audit_before_publish,Demais Resoluções CONTRAN,CERTO_ERRADO,CERTO,needs_audit,,Resolução Contran nº 92
1503699,True,outdated_needs_current_law_audit_before_publish,Demais Resoluções CONTRAN,CERTO_ERRADO,CERTO,needs_audit,,Resolução Contran nº 92
1503700,True,outdated_needs_current_law_audit_before_publish,Demais Resoluções CONTRAN,CERTO_ERRADO,CERTO,needs_audit,,Resolução Contran nº 92
1508607,True,outdated_needs_current_law_audit_before_publish,Demais Resoluções CONTRAN,CERTO_ERRADO,CERTO,needs_audit,,Resolução Contran nº 349; peso
1508608,True,outdated_needs_current_law_audit_before_publish,Demais Resoluções CONTRAN,CERTO_ERRADO,ERRADO,needs_audit,,Resolução Contran nº 349; peso; dimensões
1508610,True,outdated_needs_current_law_audit_before_publish,Demais Resoluções CONTRAN,CERTO_ERRADO,CERTO,needs_audit,,Resolução Contran nº 349
1508615,True,outdated_needs_current_law_audit_before_publish,Demais Resoluções CONTRAN,CERTO_ERRADO,ERRADO,needs_audit,,Resolução Contran nº 349; sinalização
1508616,True,outdated_needs_current_law_audit_before_publish,Demais Resoluções CONTRAN,CERTO_ERRADO,ERRADO,needs_audit,,Resolução Contran nº 349; sinalização
1508618,True,outdated_needs_current_law_audit_before_publish,Demais Resoluções CONTRAN,CERTO_ERRADO,CERTO,needs_audit,,Resolução Contran nº 349; sinalização
1508620,True,outdated_needs_current_law_audit_before_publish,Demais Resoluções CONTRAN,CERTO_ERRADO,CERTO,needs_audit,,Resolução Contran nº 349
1508622,True,outdated_needs_current_law_audit_before_publish,Demais Resoluções CONTRAN,CERTO_ERRADO,ERRADO,needs_audit,,Resolução Contran nº 349
1508625,True,outdated_needs_current_law_audit_before_publish,Demais Resoluções CONTRAN,CERTO_ERRADO,ERRADO,needs_audit,,Resolução Contran nº 349
1508626,True,outdated_needs_current_law_audit_before_publish,Demais Resoluções CONTRAN,CERTO_ERRADO,CERTO,needs_audit,,Resolução Contran nº 349
1508628,True,outdated_needs_current_law_audit_before_publish,Demais Resoluções CONTRAN,CERTO_ERRADO,CERTO,needs_audit,,Resolução Contran nº 349
1508629,True,outdated_needs_current_law_audit_before_publish,Demais Resoluções CONTRAN,CERTO_ERRADO,ERRADO,needs_audit,,Resolução Contran nº 349
1508664,True,outdated_needs_current_law_audit_before_publish,Demais Resoluções CONTRAN,CERTO_ERRADO,ERRADO,needs_audit,,Resolução Contran nº 360; habilitação
1508665,True,outdated_needs_current_law_audit_before_publish,Demais Resoluções CONTRAN,CERTO_ERRADO,CERTO,needs_audit,,Resolução Contran nº 360; habilitação
1508666,True,outdated_needs_current_law_audit_before_publish,Demais Resoluções CONTRAN,CERTO_ERRADO,ERRADO,needs_audit,,Resolução Contran nº 360; habilitação
1508667,True,outdated_needs_current_law_audit_before_publish,Demais Resoluções CONTRAN,CERTO_ERRADO,CERTO,needs_audit,,Resolução Contran nº 360; habilitação
1508668,True,outdated_needs_current_law_audit_before_publish,Demais Resoluções CONTRAN,CERTO_ERRADO,ERRADO,needs_audit,,Resolução Contran nº 360; habilitação
1508670,True,outdated_needs_current_law_audit_before_publish,Demais Resoluções CONTRAN,CERTO_ERRADO,CERTO,needs_audit,,Resolução Contran nº 360; habilitação
1508671,True,outdated_needs_current_law_audit_before_publish,Demais Resoluções CONTRAN,CERTO_ERRADO,CERTO,needs_audit,,Resolução Contran nº 360; habilitação; infração
1508673,True,outdated_needs_current_law_audit_before_publish,Demais Resoluções CONTRAN,CERTO_ERRADO,ERRADO,needs_audit,,Resolução Contran nº 360; habilitação; infração
1508677,True,outdated_needs_current_law_audit_before_publish,Demais Resoluções CONTRAN,CERTO_ERRADO,ERRADO,needs_audit,,Resolução Contran nº 360; habilitação; infração
1508679,True,outdated_needs_current_law_audit_before_publish,Demais Resoluções CONTRAN,CERTO_ERRADO,CERTO,needs_audit,,Resolução Contran nº 360; habilitação; infração
1508790,True,outdated_needs_current_law_audit_before_publish,Demais Resoluções CONTRAN,CERTO_ERRADO,ERRADO,needs_audit,,Resolução Contran nº 441
1508791,True,outdated_needs_current_law_audit_before_publish,Demais Resoluções CONTRAN,CERTO_ERRADO,ERRADO,needs_audit,,Resolução Contran nº 441
1508793,True,outdated_needs_current_law_audit_before_publish,Demais Resoluções CONTRAN,CERTO_ERRADO,ERRADO,needs_audit,,Resolução Contran nº 441
1508796,True,outdated_needs_current_law_audit_before_publish,Demais Resoluções CONTRAN,CERTO_ERRADO,CERTO,needs_audit,,Resolução Contran nº 441
1508799,True,outdated_needs_current_law_audit_before_publish,Demais Resoluções CONTRAN,CERTO_ERRADO,CERTO,needs_audit,,Resolução Contran nº 441
1508801,True,outdated_needs_current_law_audit_before_publish,Demais Resoluções CONTRAN,CERTO_ERRADO,CERTO,needs_audit,,Resolução Contran nº 441
1508806,True,outdated_needs_current_law_audit_before_publish,Demais Resoluções CONTRAN,CERTO_ERRADO,CERTO,needs_audit,,Resolução Contran nº 441; dimensões
1515766,True,outdated_needs_current_law_audit_before_publish,Demais Resoluções CONTRAN,CERTO_ERRADO,ERRADO,needs_audit,,Resolução Contran nº 552
1515768,True,outdated_needs_current_law_audit_before_publish,Demais Resoluções CONTRAN,CERTO_ERRADO,CERTO,needs_audit,,Resolução Contran nº 552
1515770,True,outdated_needs_current_law_audit_before_publish,Demais Resoluções CONTRAN,CERTO_ERRADO,ERRADO,needs_audit,,Resolução Contran nº 552; peso
1515773,True,outdated_needs_current_law_audit_before_publish,Demais Resoluções CONTRAN,CERTO_ERRADO,ERRADO,needs_audit,,Resolução Contran nº 552
1515775,True,outdated_needs_current_law_audit_before_publish,Demais Resoluções CONTRAN,CERTO_ERRADO,ERRADO,needs_audit,,Resolução Contran nº 552
1515777,True,outdated_needs_current_law_audit_before_publish,Demais Resoluções CONTRAN,CERTO_ERRADO,CERTO,needs_audit,,Resolução Contran nº 552
1515779,True,outdated_needs_current_law_audit_before_publish,Demais Resoluções CONTRAN,CERTO_ERRADO,ERRADO,needs_audit,,Resolução Contran nº 552
1515781,True,outdated_needs_current_law_audit_before_publish,Demais Resoluções CONTRAN,CERTO_ERRADO,CERTO,needs_audit,,Resolução Contran nº 552
1515785,True,outdated_needs_current_law_audit_before_publish,Demais Resoluções CONTRAN,CERTO_ERRADO,CERTO,needs_audit,,Resolução Contran nº 552
1515880,True,outdated_needs_current_law_audit_before_publish,Demais Resoluções CONTRAN,CERTO_ERRADO,CERTO,needs_audit,,Resolução Contran nº 667
1515881,True,outdated_needs_current_law_audit_before_publish,Demais Resoluções CONTRAN,CERTO_ERRADO,ERRADO,needs_audit,,Resolução Contran nº 667; sinalização
1515882,True,outdated_needs_current_law_audit_before_publish,Demais Resoluções CONTRAN,CERTO_ERRADO,ERRADO,needs_audit,,Resolução Contran nº 667
1515883,True,outdated_needs_current_law_audit_before_publish,Demais Resoluções CONTRAN,CERTO_ERRADO,CERTO,needs_audit,,Resolução Contran nº 667
1515885,True,outdated_needs_current_law_audit_before_publish,Demais Resoluções CONTRAN,CERTO_ERRADO,CERTO,needs_audit,,Resolução Contran nº 667
1515886,True,outdated_needs_current_law_audit_before_publish,Demais Resoluções CONTRAN,CERTO_ERRADO,CERTO,needs_audit,,Resolução Contran nº 667; sinalização
1515887,True,outdated_needs_current_law_audit_before_publish,Demais Resoluções CONTRAN,CERTO_ERRADO,ERRADO,needs_audit,,Resolução Contran nº 667
1515888,True,outdated_needs_current_law_audit_before_publish,Demais Resoluções CONTRAN,CERTO_ERRADO,CERTO,needs_audit,,Resolução Contran nº 667
1515889,True,outdated_needs_current_law_audit_before_publish,Demais Resoluções CONTRAN,CERTO_ERRADO,CERTO,needs_audit,,Resolução Contran nº 667
1515955,True,outdated_discard_do_not_generate_study_card,Demais Resoluções CONTRAN,CERTO_ERRADO,CERTO,discard,,Resolução Contran nº 806
1577629,True,outdated_needs_current_law_audit_before_publish,Demais Resoluções CONTRAN,CERTO_ERRADO,E,needs_audit,,50%
1577976,True,outdated_needs_current_law_audit_before_publish,Demais Resoluções CONTRAN,MULTIPLA_ESCOLHA,B,needs_audit,,categoria A; Resolução nº 356/2010; habilitação; dimensões
1577985,True,outdated_needs_current_law_audit_before_publish,Demais Resoluções CONTRAN,MULTIPLA_ESCOLHA,D,needs_audit,,película; infração; gravíssima; multa; capacete; viseira; sinalização
1611242,True,outdated_discard_do_not_generate_study_card,Demais Resoluções CONTRAN,CERTO_ERRADO,C,discard,,
1611252,True,outdated_needs_current_law_audit_before_publish,Demais Resoluções CONTRAN,CERTO_ERRADO,C,needs_audit,,
1611254,True,outdated_needs_current_law_audit_before_publish,Demais Resoluções CONTRAN,CERTO_ERRADO,C,needs_audit,,
1611255,True,outdated_needs_current_law_audit_before_publish,Demais Resoluções CONTRAN,CERTO_ERRADO,E,needs_audit,,
1611263,True,outdated_discard_do_not_generate_study_card,Demais Resoluções CONTRAN,CERTO_ERRADO,C,discard,,peso
1611267,True,outdated_needs_current_law_audit_before_publish,Demais Resoluções CONTRAN,CERTO_ERRADO,C,needs_audit,,
1611268,True,outdated_needs_current_law_audit_before_publish,Demais Resoluções CONTRAN,CERTO_ERRADO,E,needs_audit,,peso
1701319,True,outdated_needs_current_law_audit_before_publish,Demais Resoluções CONTRAN,MULTIPLA_ESCOLHA,D,needs_audit,,30 dias; 60 dias; 90 dias; 180 dias; habilitação
1752806,True,outdated_needs_current_law_audit_before_publish,Demais Resoluções CONTRAN,MULTIPLA_ESCOLHA,C,needs_audit,,Resolução nº. 556/2015
1829457,True,outdated_discard_do_not_generate_study_card,Demais Resoluções CONTRAN,MULTIPLA_ESCOLHA,E,discard,,Resolução CONTRAN nº 806
1829627,True,outdated_needs_current_law_audit_before_publish,Demais Resoluções CONTRAN,MULTIPLA_ESCOLHA,A,needs_audit,,Resolução nº 292/2008
254757,True,outdated_needs_current_law_audit_before_publish,Disposições Finais e Transitórias do CTB (arts. 313 a 341 da Lei nº 9.503/1997),CERTO_ERRADO,CERTO,needs_audit,,5%; multa
300182,True,outdated_needs_current_law_audit_before_publish,Disposições Finais e Transitórias do CTB (arts. 313 a 341 da Lei nº 9.503/1997),MULTIPLA_ESCOLHA,,needs_audit,,30 dias; 15 dias; 60 dias; 45 dias; 90 dias
886433,True,outdated_needs_current_law_audit_before_publish,Disposições Finais e Transitórias do CTB (arts. 313 a 341 da Lei nº 9.503/1997),MULTIPLA_ESCOLHA,B,needs_audit,,4 anos; 5 anos
1504179,True,outdated_needs_current_law_audit_before_publish,Do Licenciamento (arts. 130 e 135 da Lei nº 9.503/1997),MULTIPLA_ESCOLHA,D,needs_audit,,
1505488,True,outdated_needs_current_law_audit_before_publish,Do Licenciamento (arts. 130 e 135 da Lei nº 9.503/1997),MULTIPLA_ESCOLHA,A,needs_audit,,
1574048,True,outdated_needs_current_law_audit_before_publish,Do Licenciamento (arts. 130 e 135 da Lei nº 9.503/1997),CERTO_ERRADO,CERTO,needs_audit,,
2074210,True,outdated_needs_current_law_audit_before_publish,Do Licenciamento (arts. 130 e 135 da Lei nº 9.503/1997),MULTIPLA_ESCOLHA,D,needs_audit,,multa
27889,True,outdated_needs_current_law_audit_before_publish,Do Sistema Nacional de Trânsito (arts. 5º a 25 da Lei nº 9.503/1997),MULTIPLA_ESCOLHA,C,needs_audit,,multa; remoção
28216,True,outdated_needs_current_law_audit_before_publish,Dos Veículos (arts. 96 a 117 da Lei nº 9.503/1997),CERTO_ERRADO,CERTO,needs_audit,,
28341,True,outdated_needs_current_law_audit_before_publish,Lei nº 9.654/1998 - Carreira do Policial Rodoviário,MULTIPLA_ESCOLHA,,needs_audit,,
1090476,True,outdated_needs_current_law_audit_before_publish,Resolução CONTRAN nº 1.017/2024 - Critérios para o Registro e Circulação em Vias Públicas de Tratores e Outros,MULTIPLA_ESCOLHA,B,needs_audit,,habilitação; multa; sinalização
1090481,True,outdated_needs_current_law_audit_before_publish,Resolução CONTRAN nº 1.017/2024 - Critérios para o Registro e Circulação em Vias Públicas de Tratores e Outros,MULTIPLA_ESCOLHA,C,needs_audit,,
1307217,True,outdated_needs_current_law_audit_before_publish,Resolução CONTRAN nº 1.017/2024 - Critérios para o Registro e Circulação em Vias Públicas de Tratores e Outros,MULTIPLA_ESCOLHA,A,needs_audit,,Resolução nº 587/2016
1502325,True,outdated_needs_current_law_audit_before_publish,Resolução CONTRAN nº 1.017/2024 - Critérios para o Registro e Circulação em Vias Públicas de Tratores e Outros,MULTIPLA_ESCOLHA,A,needs_audit,,Resolução CONTRAN Nº 587
1503685,True,outdated_needs_current_law_audit_before_publish,Resolução CONTRAN nº 24/1998 - Critério de Identificação de Veículos,CERTO_ERRADO,CERTO,needs_audit,,Resolução Contran nº 24
305789,True,outdated_needs_current_law_audit_before_publish,Resolução CONTRAN nº 514/2014 - Política Nacional de Trânsito,MULTIPLA_ESCOLHA,,needs_audit,,
480658,True,outdated_needs_current_law_audit_before_publish,Resolução CONTRAN nº 514/2014 - Política Nacional de Trânsito,MULTIPLA_ESCOLHA,B,needs_audit,,multa
1165402,True,outdated_needs_current_law_audit_before_publish,Resolução CONTRAN nº 514/2014 - Política Nacional de Trânsito,MULTIPLA_ESCOLHA,B,needs_audit,,Resolução nº 166
1701359,True,outdated_needs_current_law_audit_before_publish,Resolução CONTRAN nº 514/2014 - Política Nacional de Trânsito,MULTIPLA_ESCOLHA,D,needs_audit,,
1042258,True,outdated_needs_current_law_audit_before_publish,"Resolução CONTRAN nº 623/2016 - Remoção, Custódia e Leilão de Veículos Removidos e Recolhidos",MULTIPLA_ESCOLHA,,needs_audit,,RESOLUÇÃO Nº 53; Art. 2º
957433,True,outdated_needs_current_law_audit_before_publish,Resolução CONTRAN nº 723/2018 - Processo de suspensão e cassação do direito de dirigir,MULTIPLA_ESCOLHA,B,needs_audit,,Resolução nº 723/2018; habilitação
1974475,True,outdated_needs_current_law_audit_before_publish,Resolução CONTRAN nº 809/2020 - CRLV-e e ATPV-e,MULTIPLA_ESCOLHA,B,needs_audit,,multa
28253,True,outdated_verified_generate_current_law_card,Resolução CONTRAN nº 819/2021 - Transporte de Crianças em Veículos,CERTO_ERRADO,ERRADO,verified,ERRADO,8 anos; infração; gravíssima; multa; retenção
194066,True,outdated_verified_generate_current_law_card,Resolução CONTRAN nº 819/2021 - Transporte de Crianças em Veículos,MULTIPLA_ESCOLHA,E,verified,E,10 anos; art. 168; infração; grave; gravíssima; multa; retenção
707056,True,outdated_needs_current_law_audit_before_publish,Resolução CONTRAN nº 819/2021 - Transporte de Crianças em Veículos,CERTO_ERRADO,C,needs_audit,,Resolução n.º 277/2008; peso
935300,True,outdated_verified_generate_current_law_card,Resolução CONTRAN nº 819/2021 - Transporte de Crianças em Veículos,MULTIPLA_ESCOLHA,B,verified,B,1 ano; 4 anos; 7 anos; 10 anos
1076015,True,outdated_needs_current_law_audit_before_publish,Resolução CONTRAN nº 819/2021 - Transporte de Crianças em Veículos,MULTIPLA_ESCOLHA,A,needs_audit,,Resolução nº 277/08; retenção
1091830,True,outdated_needs_current_law_audit_before_publish,Resolução CONTRAN nº 819/2021 - Transporte de Crianças em Veículos,MULTIPLA_ESCOLHA,D,needs_audit,,8 anos; retenção
1114484,True,outdated_needs_current_law_audit_before_publish,Resolução CONTRAN nº 819/2021 - Transporte de Crianças em Veículos,MULTIPLA_ESCOLHA,D,needs_audit,,8 anos; retenção
1388741,True,outdated_verified_generate_current_law_card,Resolução CONTRAN nº 819/2021 - Transporte de Crianças em Veículos,MULTIPLA_ESCOLHA,A,verified,A,4 anos
1415322,True,outdated_verified_generate_current_law_card,Resolução CONTRAN nº 819/2021 - Transporte de Crianças em Veículos,MULTIPLA_ESCOLHA,D,verified,D,retenção; peso
1969146,True,outdated_verified_generate_current_law_card,Resolução CONTRAN nº 819/2021 - Transporte de Crianças em Veículos,MULTIPLA_ESCOLHA,D,verified,D,14 anos; retenção
2002415,True,outdated_verified_generate_current_law_card,Resolução CONTRAN nº 819/2021 - Transporte de Crianças em Veículos,MULTIPLA_ESCOLHA,B,verified,B,10 anos; 6 anos; 7 anos; 8 anos; 9 anos; retenção
207044,True,outdated_needs_current_law_audit_before_publish,Resolução CONTRAN nº 882/2021 - Limites de Peso e Dimensões que Transitem por Vias Terrestres,CERTO_ERRADO,E,needs_audit,,10%; peso
207045,True,outdated_needs_current_law_audit_before_publish,Resolução CONTRAN nº 882/2021 - Limites de Peso e Dimensões que Transitem por Vias Terrestres,CERTO_ERRADO,E,needs_audit,,5%; peso
207048,True,outdated_needs_current_law_audit_before_publish,Resolução CONTRAN nº 882/2021 - Limites de Peso e Dimensões que Transitem por Vias Terrestres,CERTO_ERRADO,ERRADO,needs_audit,,peso
778179,True,outdated_needs_current_law_audit_before_publish,Resolução CONTRAN nº 882/2021 - Limites de Peso e Dimensões que Transitem por Vias Terrestres,CERTO_ERRADO,C,needs_audit,,
1388718,True,outdated_needs_current_law_audit_before_publish,Resolução CONTRAN nº 882/2021 - Limites de Peso e Dimensões que Transitem por Vias Terrestres,MULTIPLA_ESCOLHA,D,needs_audit,,infração; dimensões; sinalização
1403455,True,outdated_needs_current_law_audit_before_publish,Resolução CONTRAN nº 882/2021 - Limites de Peso e Dimensões que Transitem por Vias Terrestres,CERTO_ERRADO,ERRADO,needs_audit,,peso; dimensões
1403465,True,outdated_needs_current_law_audit_before_publish,Resolução CONTRAN nº 882/2021 - Limites de Peso e Dimensões que Transitem por Vias Terrestres,CERTO_ERRADO,E,needs_audit,,peso; dimensões
1503703,True,outdated_needs_current_law_audit_before_publish,Resolução CONTRAN nº 882/2021 - Limites de Peso e Dimensões que Transitem por Vias Terrestres,CERTO_ERRADO,ERRADO,needs_audit,,Resolução Contran nº 210; peso; dimensões
1503704,True,outdated_needs_current_law_audit_before_publish,Resolução CONTRAN nº 882/2021 - Limites de Peso e Dimensões que Transitem por Vias Terrestres,CERTO_ERRADO,CERTO,needs_audit,,Resolução Contran nº 210; peso; dimensões
1503705,True,outdated_needs_current_law_audit_before_publish,Resolução CONTRAN nº 882/2021 - Limites de Peso e Dimensões que Transitem por Vias Terrestres,CERTO_ERRADO,CERTO,needs_audit,,60%; Resolução Contran nº 210; peso; dimensões
1503706,True,outdated_needs_current_law_audit_before_publish,Resolução CONTRAN nº 882/2021 - Limites de Peso e Dimensões que Transitem por Vias Terrestres,CERTO_ERRADO,CERTO,needs_audit,,Resolução Contran nº 210; peso; dimensões
1503707,True,outdated_needs_current_law_audit_before_publish,Resolução CONTRAN nº 882/2021 - Limites de Peso e Dimensões que Transitem por Vias Terrestres,CERTO_ERRADO,ERRADO,needs_audit,,Resolução Contran nº 210; peso; dimensões
1503708,True,outdated_needs_current_law_audit_before_publish,Resolução CONTRAN nº 882/2021 - Limites de Peso e Dimensões que Transitem por Vias Terrestres,CERTO_ERRADO,CERTO,needs_audit,,Resolução Contran nº 210; peso; dimensões
1503709,True,outdated_needs_current_law_audit_before_publish,Resolução CONTRAN nº 882/2021 - Limites de Peso e Dimensões que Transitem por Vias Terrestres,CERTO_ERRADO,CERTO,needs_audit,,Resolução Contran nº 210; peso; dimensões
1503710,True,outdated_needs_current_law_audit_before_publish,Resolução CONTRAN nº 882/2021 - Limites de Peso e Dimensões que Transitem por Vias Terrestres,CERTO_ERRADO,CERTO,needs_audit,,Resolução Contran nº 210; peso; dimensões
1503711,True,outdated_needs_current_law_audit_before_publish,Resolução CONTRAN nº 882/2021 - Limites de Peso e Dimensões que Transitem por Vias Terrestres,CERTO_ERRADO,CERTO,needs_audit,,Resolução Contran nº 210; peso; dimensões
1503712,True,outdated_needs_current_law_audit_before_publish,Resolução CONTRAN nº 882/2021 - Limites de Peso e Dimensões que Transitem por Vias Terrestres,CERTO_ERRADO,ERRADO,needs_audit,,Resolução Contran nº 210; peso; dimensões
1503713,True,outdated_needs_current_law_audit_before_publish,Resolução CONTRAN nº 882/2021 - Limites de Peso e Dimensões que Transitem por Vias Terrestres,CERTO_ERRADO,CERTO,needs_audit,,Resolução Contran nº 210; peso; dimensões
1503714,True,outdated_needs_current_law_audit_before_publish,Resolução CONTRAN nº 882/2021 - Limites de Peso e Dimensões que Transitem por Vias Terrestres,CERTO_ERRADO,CERTO,needs_audit,,60%; Resolução Contran nº 210; peso; dimensões
1503715,True,outdated_needs_current_law_audit_before_publish,Resolução CONTRAN nº 882/2021 - Limites de Peso e Dimensões que Transitem por Vias Terrestres,CERTO_ERRADO,CERTO,needs_audit,,Resolução Contran nº 210; peso; dimensões
1503716,True,outdated_needs_current_law_audit_before_publish,Resolução CONTRAN nº 882/2021 - Limites de Peso e Dimensões que Transitem por Vias Terrestres,CERTO_ERRADO,ERRADO,needs_audit,,Resolução Contran nº 210; peso; dimensões
1503717,True,outdated_needs_current_law_audit_before_publish,Resolução CONTRAN nº 882/2021 - Limites de Peso e Dimensões que Transitem por Vias Terrestres,CERTO_ERRADO,CERTO,needs_audit,,Resolução Contran nº 210; peso; dimensões
1503718,True,outdated_needs_current_law_audit_before_publish,Resolução CONTRAN nº 882/2021 - Limites de Peso e Dimensões que Transitem por Vias Terrestres,CERTO_ERRADO,ERRADO,needs_audit,,Resolução Contran nº 210; peso; dimensões
1504250,True,outdated_needs_current_law_audit_before_publish,Resolução CONTRAN nº 882/2021 - Limites de Peso e Dimensões que Transitem por Vias Terrestres,CERTO_ERRADO,CERTO,needs_audit,,Resolução Contran nº 211
1504252,True,outdated_needs_current_law_audit_before_publish,Resolução CONTRAN nº 882/2021 - Limites de Peso e Dimensões que Transitem por Vias Terrestres,CERTO_ERRADO,ERRADO,needs_audit,,Resolução Contran nº 211
1504257,True,outdated_needs_current_law_audit_before_publish,Resolução CONTRAN nº 882/2021 - Limites de Peso e Dimensões que Transitem por Vias Terrestres,CERTO_ERRADO,CERTO,needs_audit,,Resolução Contran nº 211; peso; dimensões
1504259,True,outdated_needs_current_law_audit_before_publish,Resolução CONTRAN nº 882/2021 - Limites de Peso e Dimensões que Transitem por Vias Terrestres,CERTO_ERRADO,ERRADO,needs_audit,,Resolução Contran nº 211; peso
1504260,True,outdated_needs_current_law_audit_before_publish,Resolução CONTRAN nº 882/2021 - Limites de Peso e Dimensões que Transitem por Vias Terrestres,CERTO_ERRADO,CERTO,needs_audit,,Resolução Contran nº 211
1504261,True,outdated_needs_current_law_audit_before_publish,Resolução CONTRAN nº 882/2021 - Limites de Peso e Dimensões que Transitem por Vias Terrestres,CERTO_ERRADO,ERRADO,needs_audit,,Resolução Contran nº 211
1504262,True,outdated_needs_current_law_audit_before_publish,Resolução CONTRAN nº 882/2021 - Limites de Peso e Dimensões que Transitem por Vias Terrestres,CERTO_ERRADO,ERRADO,needs_audit,,Resolução Contran nº 211
1504263,True,outdated_needs_current_law_audit_before_publish,Resolução CONTRAN nº 882/2021 - Limites de Peso e Dimensões que Transitem por Vias Terrestres,CERTO_ERRADO,ERRADO,needs_audit,,Resolução Contran nº 211
1504273,True,outdated_needs_current_law_audit_before_publish,Resolução CONTRAN nº 882/2021 - Limites de Peso e Dimensões que Transitem por Vias Terrestres,CERTO_ERRADO,CERTO,needs_audit,,Resolução Contran nº 211
1504274,True,outdated_needs_current_law_audit_before_publish,Resolução CONTRAN nº 882/2021 - Limites de Peso e Dimensões que Transitem por Vias Terrestres,CERTO_ERRADO,ERRADO,needs_audit,,Resolução Contran nº 211
1504275,True,outdated_needs_current_law_audit_before_publish,Resolução CONTRAN nº 882/2021 - Limites de Peso e Dimensões que Transitem por Vias Terrestres,CERTO_ERRADO,CERTO,needs_audit,,Resolução Contran nº 211
1504276,True,outdated_needs_current_law_audit_before_publish,Resolução CONTRAN nº 882/2021 - Limites de Peso e Dimensões que Transitem por Vias Terrestres,CERTO_ERRADO,CERTO,needs_audit,,Resolução Contran nº 211; sinalização
1504277,True,outdated_needs_current_law_audit_before_publish,Resolução CONTRAN nº 882/2021 - Limites de Peso e Dimensões que Transitem por Vias Terrestres,CERTO_ERRADO,CERTO,needs_audit,,Resolução Contran nº 211
1504280,True,outdated_needs_current_law_audit_before_publish,Resolução CONTRAN nº 882/2021 - Limites de Peso e Dimensões que Transitem por Vias Terrestres,CERTO_ERRADO,ERRADO,needs_audit,,Resolução Contran nº 211
1504281,True,outdated_needs_current_law_audit_before_publish,Resolução CONTRAN nº 882/2021 - Limites de Peso e Dimensões que Transitem por Vias Terrestres,CERTO_ERRADO,ERRADO,needs_audit,,Resolução Contran nº 211
1504282,True,outdated_needs_current_law_audit_before_publish,Resolução CONTRAN nº 882/2021 - Limites de Peso e Dimensões que Transitem por Vias Terrestres,CERTO_ERRADO,CERTO,needs_audit,,Resolução Contran nº 211; peso
1504285,True,outdated_needs_current_law_audit_before_publish,Resolução CONTRAN nº 882/2021 - Limites de Peso e Dimensões que Transitem por Vias Terrestres,CERTO_ERRADO,CERTO,needs_audit,,Resolução Contran nº 211; peso
1508596,True,outdated_needs_current_law_audit_before_publish,Resolução CONTRAN nº 882/2021 - Limites de Peso e Dimensões que Transitem por Vias Terrestres,CERTO_ERRADO,CERTO,needs_audit,,Resolução Contran nº 290; peso
1508597,True,outdated_needs_current_law_audit_before_publish,Resolução CONTRAN nº 882/2021 - Limites de Peso e Dimensões que Transitem por Vias Terrestres,CERTO_ERRADO,CERTO,needs_audit,,Resolução Contran nº 290; peso
1508598,True,outdated_needs_current_law_audit_before_publish,Resolução CONTRAN nº 882/2021 - Limites de Peso e Dimensões que Transitem por Vias Terrestres,CERTO_ERRADO,CERTO,needs_audit,,Resolução Contran nº 290; peso
1508600,True,outdated_needs_current_law_audit_before_publish,Resolução CONTRAN nº 882/2021 - Limites de Peso e Dimensões que Transitem por Vias Terrestres,CERTO_ERRADO,CERTO,needs_audit,,Resolução Contran nº 290; peso
1508601,True,outdated_needs_current_law_audit_before_publish,Resolução CONTRAN nº 882/2021 - Limites de Peso e Dimensões que Transitem por Vias Terrestres,CERTO_ERRADO,CERTO,needs_audit,,Resolução Contran nº 290; peso
1508602,True,outdated_needs_current_law_audit_before_publish,Resolução CONTRAN nº 882/2021 - Limites de Peso e Dimensões que Transitem por Vias Terrestres,CERTO_ERRADO,ERRADO,needs_audit,,Resolução Contran nº 290; peso
1515749,True,outdated_needs_current_law_audit_before_publish,Resolução CONTRAN nº 882/2021 - Limites de Peso e Dimensões que Transitem por Vias Terrestres,CERTO_ERRADO,ERRADO,needs_audit,,Resolução Contran nº 520; dimensões
1515750,True,outdated_needs_current_law_audit_before_publish,Resolução CONTRAN nº 882/2021 - Limites de Peso e Dimensões que Transitem por Vias Terrestres,CERTO_ERRADO,CERTO,needs_audit,,Resolução Contran nº 520; dimensões
1515751,True,outdated_needs_current_law_audit_before_publish,Resolução CONTRAN nº 882/2021 - Limites de Peso e Dimensões que Transitem por Vias Terrestres,CERTO_ERRADO,CERTO,needs_audit,,Resolução Contran nº 520; dimensões; sinalização
1515752,True,outdated_needs_current_law_audit_before_publish,Resolução CONTRAN nº 882/2021 - Limites de Peso e Dimensões que Transitem por Vias Terrestres,CERTO_ERRADO,CERTO,needs_audit,,Resolução Contran nº 520; dimensões; sinalização
1515753,True,outdated_needs_current_law_audit_before_publish,Resolução CONTRAN nº 882/2021 - Limites de Peso e Dimensões que Transitem por Vias Terrestres,CERTO_ERRADO,CERTO,needs_audit,,Resolução Contran nº 520; dimensões
1515940,True,outdated_needs_current_law_audit_before_publish,Resolução CONTRAN nº 882/2021 - Limites de Peso e Dimensões que Transitem por Vias Terrestres,CERTO_ERRADO,CERTO,needs_audit,,Resolução Contran nº 803; art. 231; peso
1515942,True,outdated_needs_current_law_audit_before_publish,Resolução CONTRAN nº 882/2021 - Limites de Peso e Dimensões que Transitem por Vias Terrestres,CERTO_ERRADO,ERRADO,needs_audit,,Resolução Contran nº 803; art. 231; peso
1515943,True,outdated_needs_current_law_audit_before_publish,Resolução CONTRAN nº 882/2021 - Limites de Peso e Dimensões que Transitem por Vias Terrestres,CERTO_ERRADO,ERRADO,needs_audit,,5%; 10%; Resolução Contran nº 803; art. 231; peso
1515944,True,outdated_needs_current_law_audit_before_publish,Resolução CONTRAN nº 882/2021 - Limites de Peso e Dimensões que Transitem por Vias Terrestres,CERTO_ERRADO,ERRADO,needs_audit,,5%; Resolução Contran nº 803; art. 231; multa; peso
1515946,True,outdated_needs_current_law_audit_before_publish,Resolução CONTRAN nº 882/2021 - Limites de Peso e Dimensões que Transitem por Vias Terrestres,CERTO_ERRADO,CERTO,needs_audit,,Resolução Contran nº 803; art. 231; remoção; peso
1515947,True,outdated_needs_current_law_audit_before_publish,Resolução CONTRAN nº 882/2021 - Limites de Peso e Dimensões que Transitem por Vias Terrestres,CERTO_ERRADO,CERTO,needs_audit,,5%; Resolução Contran nº 803; art. 231; multa; peso
1515948,True,outdated_needs_current_law_audit_before_publish,Resolução CONTRAN nº 882/2021 - Limites de Peso e Dimensões que Transitem por Vias Terrestres,CERTO_ERRADO,ERRADO,needs_audit,,Resolução Contran nº 803; art. 231; peso
1515950,True,outdated_needs_current_law_audit_before_publish,Resolução CONTRAN nº 882/2021 - Limites de Peso e Dimensões que Transitem por Vias Terrestres,CERTO_ERRADO,ERRADO,needs_audit,,Resolução Contran nº 803; art. 231; multa; peso
1515951,True,outdated_needs_current_law_audit_before_publish,Resolução CONTRAN nº 882/2021 - Limites de Peso e Dimensões que Transitem por Vias Terrestres,CERTO_ERRADO,CERTO,needs_audit,,Resolução Contran nº 803; art. 231; peso
1515953,True,outdated_needs_current_law_audit_before_publish,Resolução CONTRAN nº 882/2021 - Limites de Peso e Dimensões que Transitem por Vias Terrestres,CERTO_ERRADO,ERRADO,needs_audit,,5%; Resolução Contran nº 803; art. 231; peso
1576783,True,outdated_needs_current_law_audit_before_publish,Resolução CONTRAN nº 882/2021 - Limites de Peso e Dimensões que Transitem por Vias Terrestres,CERTO_ERRADO,ERRADO,needs_audit,,60%; peso
1576784,True,outdated_needs_current_law_audit_before_publish,Resolução CONTRAN nº 882/2021 - Limites de Peso e Dimensões que Transitem por Vias Terrestres,CERTO_ERRADO,C,needs_audit,,peso
1577797,True,outdated_needs_current_law_audit_before_publish,Resolução CONTRAN nº 882/2021 - Limites de Peso e Dimensões que Transitem por Vias Terrestres,CERTO_ERRADO,E,needs_audit,,60%; peso
1577798,True,outdated_needs_current_law_audit_before_publish,Resolução CONTRAN nº 882/2021 - Limites de Peso e Dimensões que Transitem por Vias Terrestres,CERTO_ERRADO,C,needs_audit,,peso
1577799,True,outdated_needs_current_law_audit_before_publish,Resolução CONTRAN nº 882/2021 - Limites de Peso e Dimensões que Transitem por Vias Terrestres,CERTO_ERRADO,A,needs_audit,,peso
1611257,True,outdated_needs_current_law_audit_before_publish,Resolução CONTRAN nº 882/2021 - Limites de Peso e Dimensões que Transitem por Vias Terrestres,CERTO_ERRADO,E,needs_audit,,peso; dimensões
1611258,True,outdated_needs_current_law_audit_before_publish,Resolução CONTRAN nº 882/2021 - Limites de Peso e Dimensões que Transitem por Vias Terrestres,CERTO_ERRADO,E,needs_audit,,peso; dimensões
254760,True,outdated_needs_current_law_audit_before_publish,Resolução CONTRAN nº 909/2022 - Fiscalização de Trânsito por Intermédio de Videomonitoramento,CERTO_ERRADO,CERTO,needs_audit,,
624734,True,outdated_needs_current_law_audit_before_publish,Resolução CONTRAN nº 909/2022 - Fiscalização de Trânsito por Intermédio de Videomonitoramento,MULTIPLA_ESCOLHA,A,needs_audit,,Resolução nº 471/2013; infração; grave; gravíssima
678575,True,outdated_needs_current_law_audit_before_publish,Resolução CONTRAN nº 909/2022 - Fiscalização de Trânsito por Intermédio de Videomonitoramento,MULTIPLA_ESCOLHA,A,needs_audit,,
1510571,True,outdated_needs_current_law_audit_before_publish,Resolução CONTRAN nº 909/2022 - Fiscalização de Trânsito por Intermédio de Videomonitoramento,CERTO_ERRADO,CERTO,needs_audit,,Resolução Contran nº 471
1510572,True,outdated_needs_current_law_audit_before_publish,Resolução CONTRAN nº 909/2022 - Fiscalização de Trânsito por Intermédio de Videomonitoramento,CERTO_ERRADO,ERRADO,needs_audit,,Resolução Contran nº 471; infração
1510573,True,outdated_needs_current_law_audit_before_publish,Resolução CONTRAN nº 909/2022 - Fiscalização de Trânsito por Intermédio de Videomonitoramento,CERTO_ERRADO,ERRADO,needs_audit,,Resolução Contran nº 471
1510574,True,outdated_needs_current_law_audit_before_publish,Resolução CONTRAN nº 909/2022 - Fiscalização de Trânsito por Intermédio de Videomonitoramento,CERTO_ERRADO,CERTO,needs_audit,,Resolução Contran nº 471
1611240,True,outdated_needs_current_law_audit_before_publish,Resolução CONTRAN nº 909/2022 - Fiscalização de Trânsito por Intermédio de Videomonitoramento,CERTO_ERRADO,E,needs_audit,,infração; sinalização
916960,True,outdated_needs_current_law_audit_before_publish,Resolução CONTRAN nº 911/2022 - Permissão para Trânsito de Veículos Novos e Usados Incompletos,MULTIPLA_ESCOLHA,B,needs_audit,,5 dias; 15 dias; 30 dias; 45 dias; 60 dias
917885,True,outdated_needs_current_law_audit_before_publish,Resolução CONTRAN nº 911/2022 - Permissão para Trânsito de Veículos Novos e Usados Incompletos,MULTIPLA_ESCOLHA,A,needs_audit,,
1503652,True,outdated_needs_current_law_audit_before_publish,Resolução CONTRAN nº 911/2022 - Permissão para Trânsito de Veículos Novos e Usados Incompletos,CERTO_ERRADO,ERRADO,needs_audit,,Resolução Contran nº 04
1503653,True,outdated_needs_current_law_audit_before_publish,Resolução CONTRAN nº 911/2022 - Permissão para Trânsito de Veículos Novos e Usados Incompletos,CERTO_ERRADO,ERRADO,needs_audit,,Resolução Contran nº 04
1503654,True,outdated_needs_current_law_audit_before_publish,Resolução CONTRAN nº 911/2022 - Permissão para Trânsito de Veículos Novos e Usados Incompletos,CERTO_ERRADO,CERTO,needs_audit,,Resolução Contran nº 04
1503655,True,outdated_needs_current_law_audit_before_publish,Resolução CONTRAN nº 911/2022 - Permissão para Trânsito de Veículos Novos e Usados Incompletos,CERTO_ERRADO,ERRADO,needs_audit,,Resolução Contran nº 04
1503656,True,outdated_needs_current_law_audit_before_publish,Resolução CONTRAN nº 911/2022 - Permissão para Trânsito de Veículos Novos e Usados Incompletos,CERTO_ERRADO,ERRADO,needs_audit,,Resolução Contran nº 04
1503657,True,outdated_needs_current_law_audit_before_publish,Resolução CONTRAN nº 911/2022 - Permissão para Trânsito de Veículos Novos e Usados Incompletos,CERTO_ERRADO,CERTO,needs_audit,,Resolução Contran nº 04
1503658,True,outdated_needs_current_law_audit_before_publish,Resolução CONTRAN nº 911/2022 - Permissão para Trânsito de Veículos Novos e Usados Incompletos,CERTO_ERRADO,CERTO,needs_audit,,Resolução Contran nº 04
1503659,True,outdated_needs_current_law_audit_before_publish,Resolução CONTRAN nº 911/2022 - Permissão para Trânsito de Veículos Novos e Usados Incompletos,CERTO_ERRADO,CERTO,needs_audit,,Resolução Contran nº 04
1503660,True,outdated_needs_current_law_audit_before_publish,Resolução CONTRAN nº 911/2022 - Permissão para Trânsito de Veículos Novos e Usados Incompletos,CERTO_ERRADO,ERRADO,needs_audit,,Resolução Contran nº 04
27881,True,outdated_needs_current_law_audit_before_publish,Resolução CONTRAN nº 918/2022 - Procedimentos para Aplicação de Multas por Infrações,MULTIPLA_ESCOLHA,C,needs_audit,,infração
246416,True,outdated_needs_current_law_audit_before_publish,Resolução CONTRAN nº 918/2022 - Procedimentos para Aplicação de Multas por Infrações,MULTIPLA_ESCOLHA,B,needs_audit,,infração; multa
549772,True,outdated_needs_current_law_audit_before_publish,Resolução CONTRAN nº 918/2022 - Procedimentos para Aplicação de Multas por Infrações,MULTIPLA_ESCOLHA,A,needs_audit,,multa
778191,True,outdated_needs_current_law_audit_before_publish,Resolução CONTRAN nº 918/2022 - Procedimentos para Aplicação de Multas por Infrações,CERTO_ERRADO,C,needs_audit,,infração
1336594,True,outdated_needs_current_law_audit_before_publish,Resolução CONTRAN nº 918/2022 - Procedimentos para Aplicação de Multas por Infrações,MULTIPLA_ESCOLHA,B,needs_audit,,Resolução N.º 619/2016; infração; multa
1402647,True,outdated_needs_current_law_audit_before_publish,Resolução CONTRAN nº 918/2022 - Procedimentos para Aplicação de Multas por Infrações,CERTO_ERRADO,C,needs_audit,,
1402652,True,outdated_needs_current_law_audit_before_publish,Resolução CONTRAN nº 918/2022 - Procedimentos para Aplicação de Multas por Infrações,CERTO_ERRADO,C,needs_audit,,infração
1403505,True,outdated_needs_current_law_audit_before_publish,Resolução CONTRAN nº 918/2022 - Procedimentos para Aplicação de Multas por Infrações,CERTO_ERRADO,C,needs_audit,,infração
209346,True,outdated_needs_current_law_audit_before_publish,"Resolução CONTRAN nº 927/2022 - Exame de Aptidão, Avaliação Psicológica e Credenciamento",MULTIPLA_ESCOLHA,B,needs_audit,,habilitação
300178,True,outdated_needs_current_law_audit_before_publish,"Resolução CONTRAN nº 927/2022 - Exame de Aptidão, Avaliação Psicológica e Credenciamento",MULTIPLA_ESCOLHA,A,needs_audit,,categoria d
366792,True,outdated_needs_current_law_audit_before_publish,"Resolução CONTRAN nº 927/2022 - Exame de Aptidão, Avaliação Psicológica e Credenciamento",MULTIPLA_ESCOLHA,C,needs_audit,,Resolução N.º 425
367295,True,outdated_needs_current_law_audit_before_publish,"Resolução CONTRAN nº 927/2022 - Exame de Aptidão, Avaliação Psicológica e Credenciamento",MULTIPLA_ESCOLHA,A,needs_audit,,Resolução CONTRAN N.º 425/2012
367298,True,outdated_needs_current_law_audit_before_publish,"Resolução CONTRAN nº 927/2022 - Exame de Aptidão, Avaliação Psicológica e Credenciamento",MULTIPLA_ESCOLHA,B,needs_audit,,Resolução N.º 425/2012
876207,True,outdated_needs_current_law_audit_before_publish,"Resolução CONTRAN nº 927/2022 - Exame de Aptidão, Avaliação Psicológica e Credenciamento",CERTO_ERRADO,,needs_audit,,habilitação
876210,True,outdated_needs_current_law_audit_before_publish,"Resolução CONTRAN nº 927/2022 - Exame de Aptidão, Avaliação Psicológica e Credenciamento",CERTO_ERRADO,,needs_audit,,
876212,True,outdated_needs_current_law_audit_before_publish,"Resolução CONTRAN nº 927/2022 - Exame de Aptidão, Avaliação Psicológica e Credenciamento",CERTO_ERRADO,,needs_audit,,categoria D
876213,True,outdated_needs_current_law_audit_before_publish,"Resolução CONTRAN nº 927/2022 - Exame de Aptidão, Avaliação Psicológica e Credenciamento",CERTO_ERRADO,,needs_audit,,
876214,True,outdated_needs_current_law_audit_before_publish,"Resolução CONTRAN nº 927/2022 - Exame de Aptidão, Avaliação Psicológica e Credenciamento",CERTO_ERRADO,,needs_audit,,4 anos; 2 anos
1201161,True,outdated_needs_current_law_audit_before_publish,"Resolução CONTRAN nº 927/2022 - Exame de Aptidão, Avaliação Psicológica e Credenciamento",MULTIPLA_ESCOLHA,D,needs_audit,,
1201227,True,outdated_needs_current_law_audit_before_publish,"Resolução CONTRAN nº 927/2022 - Exame de Aptidão, Avaliação Psicológica e Credenciamento",MULTIPLA_ESCOLHA,D,needs_audit,,habilitação
1201230,True,outdated_needs_current_law_audit_before_publish,"Resolução CONTRAN nº 927/2022 - Exame de Aptidão, Avaliação Psicológica e Credenciamento",MULTIPLA_ESCOLHA,E,needs_audit,,
1201242,True,outdated_needs_current_law_audit_before_publish,"Resolução CONTRAN nº 927/2022 - Exame de Aptidão, Avaliação Psicológica e Credenciamento",MULTIPLA_ESCOLHA,C,needs_audit,,escolares
1201305,True,outdated_needs_current_law_audit_before_publish,"Resolução CONTRAN nº 927/2022 - Exame de Aptidão, Avaliação Psicológica e Credenciamento",MULTIPLA_ESCOLHA,A,needs_audit,,
1255318,True,outdated_needs_current_law_audit_before_publish,"Resolução CONTRAN nº 927/2022 - Exame de Aptidão, Avaliação Psicológica e Credenciamento",MULTIPLA_ESCOLHA,A,needs_audit,,Resolução nº 425; habilitação
1700071,True,outdated_needs_current_law_audit_before_publish,"Resolução CONTRAN nº 927/2022 - Exame de Aptidão, Avaliação Psicológica e Credenciamento",MULTIPLA_ESCOLHA,D,needs_audit,,30 dias; 60 dias; 80 dias; 90 dias; 120 dias; art. 29; habilitação
2102633,True,outdated_needs_current_law_audit_before_publish,"Resolução CONTRAN nº 927/2022 - Exame de Aptidão, Avaliação Psicológica e Credenciamento",MULTIPLA_ESCOLHA,A,needs_audit,,Resolução nº 425/2012
2102643,True,outdated_needs_current_law_audit_before_publish,"Resolução CONTRAN nº 927/2022 - Exame de Aptidão, Avaliação Psicológica e Credenciamento",MULTIPLA_ESCOLHA,D,needs_audit,,Resolução Contran nº 425/2012
624733,True,outdated_needs_current_law_audit_before_publish,Resolução CONTRAN nº 941/2022 - Prestação dos Serviços de Vistoria Veicular,MULTIPLA_ESCOLHA,D,needs_audit,,Resolução nº 466/2013; habilitação
626002,True,outdated_needs_current_law_audit_before_publish,Resolução CONTRAN nº 941/2022 - Prestação dos Serviços de Vistoria Veicular,MULTIPLA_ESCOLHA,B,needs_audit,,Resolução nº 466/2013; habilitação
626007,True,outdated_needs_current_law_audit_before_publish,Resolução CONTRAN nº 941/2022 - Prestação dos Serviços de Vistoria Veicular,MULTIPLA_ESCOLHA,D,needs_audit,,resolução nº 466/2013; habilitação
917890,True,outdated_needs_current_law_audit_before_publish,Resolução CONTRAN nº 941/2022 - Prestação dos Serviços de Vistoria Veicular,MULTIPLA_ESCOLHA,E,needs_audit,,120 dias; infração
1829631,True,outdated_needs_current_law_audit_before_publish,Resolução CONTRAN nº 941/2022 - Prestação dos Serviços de Vistoria Veicular,MULTIPLA_ESCOLHA,D,needs_audit,,Resolução nº 466/13; habilitação
299524,True,outdated_needs_current_law_audit_before_publish,Resolução CONTRAN nº 957/2022 - Requisitos para Registro e Licenciamento de Veículo de Coleção,MULTIPLA_ESCOLHA,D,needs_audit,,30 anos
1970086,True,outdated_needs_current_law_audit_before_publish,Resolução CONTRAN nº 957/2022 - Requisitos para Registro e Licenciamento de Veículo de Coleção,MULTIPLA_ESCOLHA,B,needs_audit,,
28260,True,outdated_verified_generate_current_law_card,Resolução CONTRAN nº 960/2022 - Requisitos de Segurança de Vidros e Outros,CERTO_ERRADO,CERTO,verified,CERTO,película; refletiva
168047,True,outdated_verified_generate_current_law_card,Resolução CONTRAN nº 960/2022 - Requisitos de Segurança de Vidros e Outros,MULTIPLA_ESCOLHA,B,verified,B,
246419,True,outdated_no_valid_alternative_generate_explanatory_not_score_card,Resolução CONTRAN nº 960/2022 - Requisitos de Segurança de Vidros e Outros,MULTIPLA_ESCOLHA,,no_valid_alternative,,75%; 70%; 15%; Resolução n.º 254/2007; película; refletiva
332911,True,outdated_verified_generate_current_law_card,Resolução CONTRAN nº 960/2022 - Requisitos de Segurança de Vidros e Outros,MULTIPLA_ESCOLHA,D,verified,D,película; transmitância
778174,True,outdated_verified_generate_current_law_card,Resolução CONTRAN nº 960/2022 - Requisitos de Segurança de Vidros e Outros,CERTO_ERRADO,A,verified,CERTO,70%; película; refletiva; transmitância; infração
945659,True,outdated_verified_generate_current_law_card,Resolução CONTRAN nº 960/2022 - Requisitos de Segurança de Vidros e Outros,MULTIPLA_ESCOLHA,C,verified,D,75%; 70%; 15%; película; refletiva
1023275,True,outdated_verified_generate_current_law_card,Resolução CONTRAN nº 960/2022 - Requisitos de Segurança de Vidros e Outros,MULTIPLA_ESCOLHA,D,verified,D,50%; 60%; 55%; 35%; 28%; 10%; Resolução nº 254; película
1028008,True,outdated_no_valid_alternative_generate_explanatory_not_score_card,Resolução CONTRAN nº 960/2022 - Requisitos de Segurança de Vidros e Outros,MULTIPLA_ESCOLHA,D,no_valid_alternative,,80%; 75%; 50%; 30%; 70%; 28%
1498073,True,outdated_verified_generate_current_law_card,Resolução CONTRAN nº 960/2022 - Requisitos de Segurança de Vidros e Outros,CERTO_ERRADO,CERTO,verified,CERTO,70%; película; refletiva; transmitância; infração
1498091,True,outdated_needs_current_law_audit_before_publish,Resolução CONTRAN nº 960/2022 - Requisitos de Segurança de Vidros e Outros,CERTO_ERRADO,CERTO,needs_audit,,Resolução CONTRAN nº 253/2007; transmitância
1504292,True,outdated_verified_generate_current_law_card,Resolução CONTRAN nº 960/2022 - Requisitos de Segurança de Vidros e Outros,CERTO_ERRADO,CERTO,verified,CERTO,Resolução Contran nº 216
1504293,True,outdated_verified_generate_current_law_card,Resolução CONTRAN nº 960/2022 - Requisitos de Segurança de Vidros e Outros,CERTO_ERRADO,ERRADO,verified,ERRADO,Resolução Contran nº 216
1504295,True,outdated_verified_generate_current_law_card,Resolução CONTRAN nº 960/2022 - Requisitos de Segurança de Vidros e Outros,CERTO_ERRADO,ERRADO,verified,ERRADO,Resolução Contran nº 216
1504297,True,outdated_verified_generate_current_law_card,Resolução CONTRAN nº 960/2022 - Requisitos de Segurança de Vidros e Outros,CERTO_ERRADO,ERRADO,verified,ERRADO,Resolução Contran nº 216
1504298,True,outdated_verified_generate_current_law_card,Resolução CONTRAN nº 960/2022 - Requisitos de Segurança de Vidros e Outros,CERTO_ERRADO,CERTO,verified,CERTO,Resolução Contran nº 216
1508531,True,outdated_verified_generate_current_law_card,Resolução CONTRAN nº 960/2022 - Requisitos de Segurança de Vidros e Outros,CERTO_ERRADO,CERTO,verified,CERTO,Resolução Contran nº 253; película; transmitância
1508532,True,outdated_verified_generate_current_law_card,Resolução CONTRAN nº 960/2022 - Requisitos de Segurança de Vidros e Outros,CERTO_ERRADO,ERRADO,verified,ERRADO,Resolução Contran nº 253; transmitância
1508533,True,outdated_needs_current_law_audit_before_publish,Resolução CONTRAN nº 960/2022 - Requisitos de Segurança de Vidros e Outros,CERTO_ERRADO,ERRADO,needs_audit,,Resolução Contran nº 253; transmitância
1508541,True,outdated_verified_generate_current_law_card,Resolução CONTRAN nº 960/2022 - Requisitos de Segurança de Vidros e Outros,CERTO_ERRADO,CERTO,verified,CERTO,Resolução Contran nº 253; transmitância; infração
1508542,True,outdated_verified_generate_current_law_card,Resolução CONTRAN nº 960/2022 - Requisitos de Segurança de Vidros e Outros,CERTO_ERRADO,CERTO,verified,CERTO,Resolução Contran nº 253; transmitância; infração
1508543,True,outdated_verified_generate_current_law_card,Resolução CONTRAN nº 960/2022 - Requisitos de Segurança de Vidros e Outros,CERTO_ERRADO,ERRADO,verified,ERRADO,5%; Resolução Contran nº 253; transmitância; infração
1508548,True,outdated_verified_generate_current_law_card,Resolução CONTRAN nº 960/2022 - Requisitos de Segurança de Vidros e Outros,CERTO_ERRADO,CERTO,verified,CERTO,Resolução Contran nº 253; transmitância
1508549,True,outdated_verified_generate_current_law_card,Resolução CONTRAN nº 960/2022 - Requisitos de Segurança de Vidros e Outros,CERTO_ERRADO,CERTO,verified,CERTO,Resolução Contran nº 253; transmitância; infração
1508564,True,outdated_verified_generate_current_law_card,Resolução CONTRAN nº 960/2022 - Requisitos de Segurança de Vidros e Outros,CERTO_ERRADO,ERRADO,verified,ERRADO,Resolução Contran nº 254; película
1508565,True,outdated_verified_generate_current_law_card,Resolução CONTRAN nº 960/2022 - Requisitos de Segurança de Vidros e Outros,CERTO_ERRADO,CERTO,verified,CERTO,Resolução Contran nº 254; película
1508570,True,outdated_verified_generate_current_law_card,Resolução CONTRAN nº 960/2022 - Requisitos de Segurança de Vidros e Outros,CERTO_ERRADO,ERRADO,verified,ERRADO,30%; Resolução Contran nº 254; película
1508572,True,outdated_verified_generate_current_law_card,Resolução CONTRAN nº 960/2022 - Requisitos de Segurança de Vidros e Outros,CERTO_ERRADO,CERTO,verified,CERTO,Resolução Contran nº 254; película
1508574,True,outdated_verified_generate_current_law_card,Resolução CONTRAN nº 960/2022 - Requisitos de Segurança de Vidros e Outros,CERTO_ERRADO,ERRADO,verified,ERRADO,Resolução Contran nº 254; película
1508576,True,outdated_verified_generate_current_law_card,Resolução CONTRAN nº 960/2022 - Requisitos de Segurança de Vidros e Outros,CERTO_ERRADO,ERRADO,verified,ERRADO,Resolução Contran nº 254; película
1508579,True,outdated_verified_generate_current_law_card,Resolução CONTRAN nº 960/2022 - Requisitos de Segurança de Vidros e Outros,CERTO_ERRADO,CERTO,verified,CERTO,Resolução Contran nº 254; película
1508581,True,outdated_verified_generate_current_law_card,Resolução CONTRAN nº 960/2022 - Requisitos de Segurança de Vidros e Outros,CERTO_ERRADO,ERRADO,verified,ERRADO,Resolução Contran nº 254; película
1508582,True,outdated_verified_generate_current_law_card,Resolução CONTRAN nº 960/2022 - Requisitos de Segurança de Vidros e Outros,CERTO_ERRADO,ERRADO,verified,ERRADO,75%; 70%; Resolução Contran nº 254; película
1508585,True,outdated_verified_generate_current_law_card,Resolução CONTRAN nº 960/2022 - Requisitos de Segurança de Vidros e Outros,CERTO_ERRADO,CERTO,verified,CERTO,Resolução Contran nº 254; película
1508587,True,outdated_verified_generate_current_law_card,Resolução CONTRAN nº 960/2022 - Requisitos de Segurança de Vidros e Outros,CERTO_ERRADO,ERRADO,verified,ERRADO,Resolução Contran nº 254; película
1508588,True,outdated_verified_generate_current_law_card,Resolução CONTRAN nº 960/2022 - Requisitos de Segurança de Vidros e Outros,CERTO_ERRADO,ERRADO,verified,ERRADO,Resolução Contran nº 254; película; refletiva
1508590,True,outdated_verified_generate_current_law_card,Resolução CONTRAN nº 960/2022 - Requisitos de Segurança de Vidros e Outros,CERTO_ERRADO,CERTO,verified,CERTO,Resolução Contran nº 254; película; refletiva
1508591,True,outdated_verified_generate_current_law_card,Resolução CONTRAN nº 960/2022 - Requisitos de Segurança de Vidros e Outros,CERTO_ERRADO,CERTO,verified,CERTO,Resolução Contran nº 254; película
1508593,True,outdated_verified_generate_current_law_card,Resolução CONTRAN nº 960/2022 - Requisitos de Segurança de Vidros e Outros,CERTO_ERRADO,ERRADO,verified,ERRADO,Resolução Contran nº 254; película
1508594,True,outdated_verified_generate_current_law_card,Resolução CONTRAN nº 960/2022 - Requisitos de Segurança de Vidros e Outros,CERTO_ERRADO,CERTO,verified,CERTO,Resolução Contran nº 254; película
1508595,True,outdated_verified_generate_current_law_card,Resolução CONTRAN nº 960/2022 - Requisitos de Segurança de Vidros e Outros,CERTO_ERRADO,ERRADO,verified,ERRADO,Resolução Contran nº 254; película
1611251,True,outdated_needs_current_law_audit_before_publish,Resolução CONTRAN nº 960/2022 - Requisitos de Segurança de Vidros e Outros,CERTO_ERRADO,E,needs_audit,,
2002422,True,outdated_verified_generate_current_law_card,Resolução CONTRAN nº 960/2022 - Requisitos de Segurança de Vidros e Outros,MULTIPLA_ESCOLHA,E,verified,D,50%; 55%; 60%; 70%; 75%
176681,True,outdated_needs_current_law_audit_before_publish,Resolução CONTRAN nº 965/2022 - Áreas de Segurança e de Estacionamento Específicos de Veículos,MULTIPLA_ESCOLHA,C,needs_audit,,
466473,True,outdated_needs_current_law_audit_before_publish,Resolução CONTRAN nº 965/2022 - Áreas de Segurança e de Estacionamento Específicos de Veículos,MULTIPLA_ESCOLHA,B,needs_audit,,Resolução nº 302
747997,True,outdated_needs_current_law_audit_before_publish,Resolução CONTRAN nº 965/2022 - Áreas de Segurança e de Estacionamento Específicos de Veículos,MULTIPLA_ESCOLHA,B,needs_audit,,10%; 2%; 3%; 5%; 4%; Resolução Nº 304; art. 7º
748001,True,outdated_needs_current_law_audit_before_publish,Resolução CONTRAN nº 965/2022 - Áreas de Segurança e de Estacionamento Específicos de Veículos,MULTIPLA_ESCOLHA,E,needs_audit,,2%; 10%; 4%; 3%; 5%; Resolução Nº 303; art. 41
810716,True,outdated_needs_current_law_audit_before_publish,Resolução CONTRAN nº 965/2022 - Áreas de Segurança e de Estacionamento Específicos de Veículos,MULTIPLA_ESCOLHA,E,needs_audit,,pisca-alerta
810723,True,outdated_needs_current_law_audit_before_publish,Resolução CONTRAN nº 965/2022 - Áreas de Segurança e de Estacionamento Específicos de Veículos,MULTIPLA_ESCOLHA,E,needs_audit,,
860373,True,outdated_needs_current_law_audit_before_publish,Resolução CONTRAN nº 965/2022 - Áreas de Segurança e de Estacionamento Específicos de Veículos,MULTIPLA_ESCOLHA,A,needs_audit,,Resolução nº 302/2008
916947,True,outdated_needs_current_law_audit_before_publish,Resolução CONTRAN nº 965/2022 - Áreas de Segurança e de Estacionamento Específicos de Veículos,MULTIPLA_ESCOLHA,E,needs_audit,,
1091840,True,outdated_needs_current_law_audit_before_publish,Resolução CONTRAN nº 965/2022 - Áreas de Segurança e de Estacionamento Específicos de Veículos,MULTIPLA_ESCOLHA,E,needs_audit,,infração; grave; remoção
1114774,True,outdated_needs_current_law_audit_before_publish,Resolução CONTRAN nº 965/2022 - Áreas de Segurança e de Estacionamento Específicos de Veículos,MULTIPLA_ESCOLHA,E,needs_audit,,infração; grave; remoção
1119056,True,outdated_needs_current_law_audit_before_publish,Resolução CONTRAN nº 965/2022 - Áreas de Segurança e de Estacionamento Específicos de Veículos,MULTIPLA_ESCOLHA,A,needs_audit,,categoria d; pisca-alerta
1119067,True,outdated_needs_current_law_audit_before_publish,Resolução CONTRAN nº 965/2022 - Áreas de Segurança e de Estacionamento Específicos de Veículos,MULTIPLA_ESCOLHA,C,needs_audit,,6%; 4%; 10%; 3%; 5%; 2%; 7%; 60 anos
1149242,True,outdated_needs_current_law_audit_before_publish,Resolução CONTRAN nº 965/2022 - Áreas de Segurança e de Estacionamento Específicos de Veículos,MULTIPLA_ESCOLHA,D,needs_audit,,
1213397,True,outdated_needs_current_law_audit_before_publish,Resolução CONTRAN nº 965/2022 - Áreas de Segurança e de Estacionamento Específicos de Veículos,MULTIPLA_ESCOLHA,A,needs_audit,,sinalização
1218720,True,outdated_needs_current_law_audit_before_publish,Resolução CONTRAN nº 965/2022 - Áreas de Segurança e de Estacionamento Específicos de Veículos,MULTIPLA_ESCOLHA,D,needs_audit,,5%; Resolução nº 303/2008; infração; grave; sinalização
1394491,True,outdated_needs_current_law_audit_before_publish,Resolução CONTRAN nº 965/2022 - Áreas de Segurança e de Estacionamento Específicos de Veículos,MULTIPLA_ESCOLHA,B,needs_audit,,resolução nº 303/08
1444785,True,outdated_needs_current_law_audit_before_publish,Resolução CONTRAN nº 965/2022 - Áreas de Segurança e de Estacionamento Específicos de Veículos,MULTIPLA_ESCOLHA,D,needs_audit,,Art. 2º; pisca-alerta
1577973,True,outdated_needs_current_law_audit_before_publish,Resolução CONTRAN nº 965/2022 - Áreas de Segurança e de Estacionamento Específicos de Veículos,MULTIPLA_ESCOLHA,C,needs_audit,,Resolução nº 304/2008
2136556,True,outdated_needs_current_law_audit_before_publish,Resolução CONTRAN nº 965/2022 - Áreas de Segurança e de Estacionamento Específicos de Veículos,MULTIPLA_ESCOLHA,,needs_audit,,
28259,True,outdated_verified_generate_current_law_card,Resolução CONTRAN nº 967/2022 - Critérios para a Baixa do Registro de Veículos,CERTO_ERRADO,CERTO,verified,ERRADO,15 dias; baixa; irrecuperável; infração; grave
299472,True,outdated_verified_generate_current_law_card,Resolução CONTRAN nº 967/2022 - Critérios para a Baixa do Registro de Veículos,MULTIPLA_ESCOLHA,B,verified,C,10 dias; 15 dias; 30 dias; 60 dias; 120 dias; baixa; irrecuperável
300166,True,outdated_verified_generate_current_law_card,Resolução CONTRAN nº 967/2022 - Critérios para a Baixa do Registro de Veículos,MULTIPLA_ESCOLHA,A,verified,A,baixa; irrecuperável
876890,True,outdated_verified_generate_current_law_card,Resolução CONTRAN nº 967/2022 - Critérios para a Baixa do Registro de Veículos,CERTO_ERRADO,CERTO,verified,ERRADO,baixa; multa
1829620,True,outdated_verified_generate_current_law_card,Resolução CONTRAN nº 967/2022 - Critérios para a Baixa do Registro de Veículos,MULTIPLA_ESCOLHA,C,verified,C,Resolução CONTRAN nº 11; baixa
2074094,True,outdated_verified_generate_current_law_card,Resolução CONTRAN nº 967/2022 - Critérios para a Baixa do Registro de Veículos,MULTIPLA_ESCOLHA,,verified,A,Resolução CONTRAN nº 11; baixa
114206,True,outdated_needs_current_law_audit_before_publish,"Resolução CONTRAN nº 970/2022 - Sistemas de Sinalização, Iluminação e Uso de Lanternas Especiais",MULTIPLA_ESCOLHA,C,needs_audit,,
246426,True,outdated_needs_current_law_audit_before_publish,"Resolução CONTRAN nº 970/2022 - Sistemas de Sinalização, Iluminação e Uso de Lanternas Especiais",MULTIPLA_ESCOLHA,D,needs_audit,,Resolução n.º 227/2007; luz alta
596259,True,outdated_needs_current_law_audit_before_publish,"Resolução CONTRAN nº 970/2022 - Sistemas de Sinalização, Iluminação e Uso de Lanternas Especiais",MULTIPLA_ESCOLHA,B,needs_audit,,
1089565,True,outdated_needs_current_law_audit_before_publish,"Resolução CONTRAN nº 970/2022 - Sistemas de Sinalização, Iluminação e Uso de Lanternas Especiais",MULTIPLA_ESCOLHA,C,needs_audit,,Art. 1º; art. 29
1093452,True,outdated_needs_current_law_audit_before_publish,"Resolução CONTRAN nº 970/2022 - Sistemas de Sinalização, Iluminação e Uso de Lanternas Especiais",MULTIPLA_ESCOLHA,C,needs_audit,,Art. 1º; art. 29
1185938,True,outdated_needs_current_law_audit_before_publish,"Resolução CONTRAN nº 970/2022 - Sistemas de Sinalização, Iluminação e Uso de Lanternas Especiais",MULTIPLA_ESCOLHA,A,needs_audit,,baixa; luz baixa
1260561,True,outdated_needs_current_law_audit_before_publish,"Resolução CONTRAN nº 970/2022 - Sistemas de Sinalização, Iluminação e Uso de Lanternas Especiais",MULTIPLA_ESCOLHA,C,needs_audit,,Art. 1; art. 29; Art. 2; Art. 3; sinalização
1260562,True,outdated_needs_current_law_audit_before_publish,"Resolução CONTRAN nº 970/2022 - Sistemas de Sinalização, Iluminação e Uso de Lanternas Especiais",MULTIPLA_ESCOLHA,D,needs_audit,,Art. 1; art. 29; Art. 2; Art. 3; sinalização
1508511,True,outdated_needs_current_law_audit_before_publish,"Resolução CONTRAN nº 970/2022 - Sistemas de Sinalização, Iluminação e Uso de Lanternas Especiais",CERTO_ERRADO,CERTO,needs_audit,,Resolução Contran nº 227; sinalização
1508513,True,outdated_needs_current_law_audit_before_publish,"Resolução CONTRAN nº 970/2022 - Sistemas de Sinalização, Iluminação e Uso de Lanternas Especiais",CERTO_ERRADO,ERRADO,needs_audit,,Resolução Contran nº 227; sinalização
1508514,True,outdated_needs_current_law_audit_before_publish,"Resolução CONTRAN nº 970/2022 - Sistemas de Sinalização, Iluminação e Uso de Lanternas Especiais",CERTO_ERRADO,CERTO,needs_audit,,Resolução Contran nº 227; sinalização
1508516,True,outdated_needs_current_law_audit_before_publish,"Resolução CONTRAN nº 970/2022 - Sistemas de Sinalização, Iluminação e Uso de Lanternas Especiais",CERTO_ERRADO,ERRADO,needs_audit,,Resolução Contran nº 227; sinalização
1508518,True,outdated_needs_current_law_audit_before_publish,"Resolução CONTRAN nº 970/2022 - Sistemas de Sinalização, Iluminação e Uso de Lanternas Especiais",CERTO_ERRADO,ERRADO,needs_audit,,Resolução Contran nº 227; sinalização
1508521,True,outdated_needs_current_law_audit_before_publish,"Resolução CONTRAN nº 970/2022 - Sistemas de Sinalização, Iluminação e Uso de Lanternas Especiais",CERTO_ERRADO,CERTO,needs_audit,,Resolução Contran nº 227; sinalização
1508522,True,outdated_needs_current_law_audit_before_publish,"Resolução CONTRAN nº 970/2022 - Sistemas de Sinalização, Iluminação e Uso de Lanternas Especiais",CERTO_ERRADO,ERRADO,needs_audit,,Resolução Contran nº 227; sinalização
1577065,True,outdated_needs_current_law_audit_before_publish,"Resolução CONTRAN nº 970/2022 - Sistemas de Sinalização, Iluminação e Uso de Lanternas Especiais",CERTO_ERRADO,C,needs_audit,,
305790,True,outdated_needs_current_law_audit_before_publish,Resolução CONTRAN nº 985/2022 - Manual Brasileiro de Fiscalização de Trânsito,MULTIPLA_ESCOLHA,A,needs_audit,,capacete
333410,True,outdated_needs_current_law_audit_before_publish,Resolução CONTRAN nº 985/2022 - Manual Brasileiro de Fiscalização de Trânsito,MULTIPLA_ESCOLHA,E,needs_audit,,infração
333429,True,outdated_needs_current_law_audit_before_publish,Resolução CONTRAN nº 985/2022 - Manual Brasileiro de Fiscalização de Trânsito,MULTIPLA_ESCOLHA,A,needs_audit,,multa; remoção
496545,True,outdated_needs_current_law_audit_before_publish,Resolução CONTRAN nº 985/2022 - Manual Brasileiro de Fiscalização de Trânsito,MULTIPLA_ESCOLHA,A,needs_audit,,Resolução nº 497/2014; Art. 2º; infração
496546,True,outdated_needs_current_law_audit_before_publish,Resolução CONTRAN nº 985/2022 - Manual Brasileiro de Fiscalização de Trânsito,MULTIPLA_ESCOLHA,B,needs_audit,,infração
626006,True,outdated_needs_current_law_audit_before_publish,Resolução CONTRAN nº 985/2022 - Manual Brasileiro de Fiscalização de Trânsito,MULTIPLA_ESCOLHA,B,needs_audit,,resolução nº 371/2010
801656,True,outdated_needs_current_law_audit_before_publish,Resolução CONTRAN nº 985/2022 - Manual Brasileiro de Fiscalização de Trânsito,MULTIPLA_ESCOLHA,A,needs_audit,,infração
820237,True,outdated_needs_current_law_audit_before_publish,Resolução CONTRAN nº 985/2022 - Manual Brasileiro de Fiscalização de Trânsito,MULTIPLA_ESCOLHA,D,needs_audit,,infração
859913,True,outdated_needs_current_law_audit_before_publish,Resolução CONTRAN nº 985/2022 - Manual Brasileiro de Fiscalização de Trânsito,MULTIPLA_ESCOLHA,D,needs_audit,,Resolução nº 371/2010
859917,True,outdated_needs_current_law_audit_before_publish,Resolução CONTRAN nº 985/2022 - Manual Brasileiro de Fiscalização de Trânsito,MULTIPLA_ESCOLHA,B,needs_audit,,Resolução no 371/2010; infração
859918,True,outdated_needs_current_law_audit_before_publish,Resolução CONTRAN nº 985/2022 - Manual Brasileiro de Fiscalização de Trânsito,MULTIPLA_ESCOLHA,A,needs_audit,,Resolução no 371/2010; infração
859919,True,outdated_needs_current_law_audit_before_publish,Resolução CONTRAN nº 985/2022 - Manual Brasileiro de Fiscalização de Trânsito,MULTIPLA_ESCOLHA,E,needs_audit,,Resolução no 371/2010; infração
904806,True,outdated_needs_current_law_audit_before_publish,Resolução CONTRAN nº 985/2022 - Manual Brasileiro de Fiscalização de Trânsito,MULTIPLA_ESCOLHA,E,needs_audit,,
937716,True,outdated_needs_current_law_audit_before_publish,Resolução CONTRAN nº 985/2022 - Manual Brasileiro de Fiscalização de Trânsito,MULTIPLA_ESCOLHA,D,needs_audit,,Resolução CONTRAN nº. 371; peso
937717,True,outdated_needs_current_law_audit_before_publish,Resolução CONTRAN nº 985/2022 - Manual Brasileiro de Fiscalização de Trânsito,MULTIPLA_ESCOLHA,A,needs_audit,,
937770,True,outdated_needs_current_law_audit_before_publish,Resolução CONTRAN nº 985/2022 - Manual Brasileiro de Fiscalização de Trânsito,MULTIPLA_ESCOLHA,A,needs_audit,,categoria A; categoria B; categoria C; categoria D; habilitação; peso
948609,True,outdated_needs_current_law_audit_before_publish,Resolução CONTRAN nº 985/2022 - Manual Brasileiro de Fiscalização de Trânsito,MULTIPLA_ESCOLHA,C,needs_audit,,infração
948610,True,outdated_needs_current_law_audit_before_publish,Resolução CONTRAN nº 985/2022 - Manual Brasileiro de Fiscalização de Trânsito,MULTIPLA_ESCOLHA,B,needs_audit,,
1071278,True,outdated_needs_current_law_audit_before_publish,Resolução CONTRAN nº 985/2022 - Manual Brasileiro de Fiscalização de Trânsito,MULTIPLA_ESCOLHA,D,needs_audit,,Resolução nº 371/2010; infração
1071283,True,outdated_needs_current_law_audit_before_publish,Resolução CONTRAN nº 985/2022 - Manual Brasileiro de Fiscalização de Trânsito,MULTIPLA_ESCOLHA,C,needs_audit,,Resolução nº 371/2010
1071285,True,outdated_needs_current_law_audit_before_publish,Resolução CONTRAN nº 985/2022 - Manual Brasileiro de Fiscalização de Trânsito,MULTIPLA_ESCOLHA,A,needs_audit,,Resolução nº 371/2010; infração; remoção; sinalização
1119522,True,outdated_needs_current_law_audit_before_publish,Resolução CONTRAN nº 985/2022 - Manual Brasileiro de Fiscalização de Trânsito,MULTIPLA_ESCOLHA,B,needs_audit,,categoria A; categoria B; categoria C; categoria D; Resolução nº 371/; habilitação; peso
1119528,True,outdated_needs_current_law_audit_before_publish,Resolução CONTRAN nº 985/2022 - Manual Brasileiro de Fiscalização de Trânsito,MULTIPLA_ESCOLHA,A,needs_audit,,infração; grave; remoção; sinalização
1290658,True,outdated_needs_current_law_audit_before_publish,Resolução CONTRAN nº 985/2022 - Manual Brasileiro de Fiscalização de Trânsito,MULTIPLA_ESCOLHA,C,needs_audit,,infração; multa
1476039,True,outdated_needs_current_law_audit_before_publish,Resolução CONTRAN nº 985/2022 - Manual Brasileiro de Fiscalização de Trânsito,MULTIPLA_ESCOLHA,,needs_audit,,infração
1476157,True,outdated_needs_current_law_audit_before_publish,Resolução CONTRAN nº 985/2022 - Manual Brasileiro de Fiscalização de Trânsito,MULTIPLA_ESCOLHA,C,needs_audit,,infração; sinalização
1476164,True,outdated_needs_current_law_audit_before_publish,Resolução CONTRAN nº 985/2022 - Manual Brasileiro de Fiscalização de Trânsito,MULTIPLA_ESCOLHA,D,needs_audit,,
1476315,True,outdated_needs_current_law_audit_before_publish,Resolução CONTRAN nº 985/2022 - Manual Brasileiro de Fiscalização de Trânsito,MULTIPLA_ESCOLHA,C,needs_audit,,infração
1476316,True,outdated_needs_current_law_audit_before_publish,Resolução CONTRAN nº 985/2022 - Manual Brasileiro de Fiscalização de Trânsito,MULTIPLA_ESCOLHA,C,needs_audit,,art. 266; infração; remoção
1523382,True,outdated_needs_current_law_audit_before_publish,Resolução CONTRAN nº 985/2022 - Manual Brasileiro de Fiscalização de Trânsito,MULTIPLA_ESCOLHA,D,needs_audit,,Art. 1º; Art. 2º; Art. 3º
1871020,True,outdated_needs_current_law_audit_before_publish,Resolução CONTRAN nº 985/2022 - Manual Brasileiro de Fiscalização de Trânsito,MULTIPLA_ESCOLHA,A,needs_audit,,infração
1874443,True,outdated_needs_current_law_audit_before_publish,Resolução CONTRAN nº 985/2022 - Manual Brasileiro de Fiscalização de Trânsito,MULTIPLA_ESCOLHA,B,needs_audit,,multa
27871,True,outdated_needs_current_law_audit_before_publish,Resolução CONTRAN nº 993/2023 - Equipamentos Obrigatórios para a Frota de Veículos em Circulação,MULTIPLA_ESCOLHA,A,needs_audit,,
207359,True,outdated_needs_current_law_audit_before_publish,Resolução CONTRAN nº 993/2023 - Equipamentos Obrigatórios para a Frota de Veículos em Circulação,CERTO_ERRADO,E,needs_audit,,
299522,True,outdated_needs_current_law_audit_before_publish,Resolução CONTRAN nº 993/2023 - Equipamentos Obrigatórios para a Frota de Veículos em Circulação,MULTIPLA_ESCOLHA,C,needs_audit,,buzina
333085,True,outdated_needs_current_law_audit_before_publish,Resolução CONTRAN nº 993/2023 - Equipamentos Obrigatórios para a Frota de Veículos em Circulação,MULTIPLA_ESCOLHA,C,needs_audit,,
343402,True,outdated_needs_current_law_audit_before_publish,Resolução CONTRAN nº 993/2023 - Equipamentos Obrigatórios para a Frota de Veículos em Circulação,MULTIPLA_ESCOLHA,E,needs_audit,,buzina
435030,True,outdated_needs_current_law_audit_before_publish,Resolução CONTRAN nº 993/2023 - Equipamentos Obrigatórios para a Frota de Veículos em Circulação,MULTIPLA_ESCOLHA,D,needs_audit,,retenção; peso
713266,True,outdated_needs_current_law_audit_before_publish,Resolução CONTRAN nº 993/2023 - Equipamentos Obrigatórios para a Frota de Veículos em Circulação,MULTIPLA_ESCOLHA,D,needs_audit,,
823835,True,outdated_needs_current_law_audit_before_publish,Resolução CONTRAN nº 993/2023 - Equipamentos Obrigatórios para a Frota de Veículos em Circulação,MULTIPLA_ESCOLHA,B,needs_audit,,peso; sinalização
833791,True,outdated_needs_current_law_audit_before_publish,Resolução CONTRAN nº 993/2023 - Equipamentos Obrigatórios para a Frota de Veículos em Circulação,MULTIPLA_ESCOLHA,A,needs_audit,,sinalização; pisca-alerta
877141,True,outdated_needs_current_law_audit_before_publish,Resolução CONTRAN nº 993/2023 - Equipamentos Obrigatórios para a Frota de Veículos em Circulação,MULTIPLA_ESCOLHA,,needs_audit,,buzina
971628,True,outdated_needs_current_law_audit_before_publish,Resolução CONTRAN nº 993/2023 - Equipamentos Obrigatórios para a Frota de Veículos em Circulação,MULTIPLA_ESCOLHA,C,needs_audit,,Resolução CONTRAN nº 14/98
1022146,True,outdated_needs_current_law_audit_before_publish,Resolução CONTRAN nº 993/2023 - Equipamentos Obrigatórios para a Frota de Veículos em Circulação,MULTIPLA_ESCOLHA,D,needs_audit,,Resolução nº 14/1998
1042257,True,outdated_needs_current_law_audit_before_publish,Resolução CONTRAN nº 993/2023 - Equipamentos Obrigatórios para a Frota de Veículos em Circulação,MULTIPLA_ESCOLHA,D,needs_audit,,Resolução CONTRAN nº 14; Art. 1º; buzina
1048619,True,outdated_needs_current_law_audit_before_publish,Resolução CONTRAN nº 993/2023 - Equipamentos Obrigatórios para a Frota de Veículos em Circulação,MULTIPLA_ESCOLHA,C,needs_audit,,
1176181,True,outdated_needs_current_law_audit_before_publish,Resolução CONTRAN nº 993/2023 - Equipamentos Obrigatórios para a Frota de Veículos em Circulação,MULTIPLA_ESCOLHA,D,needs_audit,,
1402673,True,outdated_needs_current_law_audit_before_publish,Resolução CONTRAN nº 993/2023 - Equipamentos Obrigatórios para a Frota de Veículos em Circulação,CERTO_ERRADO,C,needs_audit,,
1402680,True,outdated_needs_current_law_audit_before_publish,Resolução CONTRAN nº 993/2023 - Equipamentos Obrigatórios para a Frota de Veículos em Circulação,CERTO_ERRADO,C,needs_audit,,
1402683,True,outdated_needs_current_law_audit_before_publish,Resolução CONTRAN nº 993/2023 - Equipamentos Obrigatórios para a Frota de Veículos em Circulação,CERTO_ERRADO,E,needs_audit,,
1402684,True,outdated_needs_current_law_audit_before_publish,Resolução CONTRAN nº 993/2023 - Equipamentos Obrigatórios para a Frota de Veículos em Circulação,CERTO_ERRADO,E,needs_audit,,
1503661,True,outdated_needs_current_law_audit_before_publish,Resolução CONTRAN nº 993/2023 - Equipamentos Obrigatórios para a Frota de Veículos em Circulação,CERTO_ERRADO,ERRADO,needs_audit,,Resolução Contran nº 14; multa
1503662,True,outdated_needs_current_law_audit_before_publish,Resolução CONTRAN nº 993/2023 - Equipamentos Obrigatórios para a Frota de Veículos em Circulação,CERTO_ERRADO,CERTO,needs_audit,,Resolução Contran nº 14
1503663,True,outdated_needs_current_law_audit_before_publish,Resolução CONTRAN nº 993/2023 - Equipamentos Obrigatórios para a Frota de Veículos em Circulação,CERTO_ERRADO,ERRADO,needs_audit,,Resolução Contran nº 14; escolares
1503664,True,outdated_needs_current_law_audit_before_publish,Resolução CONTRAN nº 993/2023 - Equipamentos Obrigatórios para a Frota de Veículos em Circulação,CERTO_ERRADO,CERTO,needs_audit,,Resolução Contran nº 14; dimensões
1503665,True,outdated_needs_current_law_audit_before_publish,Resolução CONTRAN nº 993/2023 - Equipamentos Obrigatórios para a Frota de Veículos em Circulação,CERTO_ERRADO,ERRADO,needs_audit,,Resolução Contran nº 14
1503666,True,outdated_needs_current_law_audit_before_publish,Resolução CONTRAN nº 993/2023 - Equipamentos Obrigatórios para a Frota de Veículos em Circulação,CERTO_ERRADO,CERTO,needs_audit,,Resolução Contran nº 14
1503667,True,outdated_needs_current_law_audit_before_publish,Resolução CONTRAN nº 993/2023 - Equipamentos Obrigatórios para a Frota de Veículos em Circulação,CERTO_ERRADO,ERRADO,needs_audit,,Resolução Contran nº 14
1503668,True,outdated_needs_current_law_audit_before_publish,Resolução CONTRAN nº 993/2023 - Equipamentos Obrigatórios para a Frota de Veículos em Circulação,CERTO_ERRADO,ERRADO,needs_audit,,Resolução Contran nº 14
1503669,True,outdated_needs_current_law_audit_before_publish,Resolução CONTRAN nº 993/2023 - Equipamentos Obrigatórios para a Frota de Veículos em Circulação,CERTO_ERRADO,ERRADO,needs_audit,,Resolução Contran nº 14; refletiva
1503670,True,outdated_needs_current_law_audit_before_publish,Resolução CONTRAN nº 993/2023 - Equipamentos Obrigatórios para a Frota de Veículos em Circulação,CERTO_ERRADO,CERTO,needs_audit,,Resolução Contran nº 14
1503671,True,outdated_needs_current_law_audit_before_publish,Resolução CONTRAN nº 993/2023 - Equipamentos Obrigatórios para a Frota de Veículos em Circulação,CERTO_ERRADO,CERTO,needs_audit,,Resolução Contran nº 14
1503672,True,outdated_needs_current_law_audit_before_publish,Resolução CONTRAN nº 993/2023 - Equipamentos Obrigatórios para a Frota de Veículos em Circulação,CERTO_ERRADO,ERRADO,needs_audit,,Resolução Contran nº 14
1503673,True,outdated_needs_current_law_audit_before_publish,Resolução CONTRAN nº 993/2023 - Equipamentos Obrigatórios para a Frota de Veículos em Circulação,CERTO_ERRADO,CERTO,needs_audit,,Resolução Contran nº 14
1503674,True,outdated_needs_current_law_audit_before_publish,Resolução CONTRAN nº 993/2023 - Equipamentos Obrigatórios para a Frota de Veículos em Circulação,CERTO_ERRADO,CERTO,needs_audit,,Resolução Contran nº 14; peso
1503675,True,outdated_needs_current_law_audit_before_publish,Resolução CONTRAN nº 993/2023 - Equipamentos Obrigatórios para a Frota de Veículos em Circulação,CERTO_ERRADO,ERRADO,needs_audit,,Resolução Contran nº 14; peso
1509957,True,outdated_needs_current_law_audit_before_publish,Resolução CONTRAN nº 993/2023 - Equipamentos Obrigatórios para a Frota de Veículos em Circulação,MULTIPLA_ESCOLHA,A,needs_audit,,buzina
1971396,True,outdated_needs_current_law_audit_before_publish,Resolução CONTRAN nº 993/2023 - Equipamentos Obrigatórios para a Frota de Veículos em Circulação,MULTIPLA_ESCOLHA,D,needs_audit,,buzina
2024892,True,outdated_needs_current_law_audit_before_publish,Resolução CONTRAN nº 993/2023 - Equipamentos Obrigatórios para a Frota de Veículos em Circulação,MULTIPLA_ESCOLHA,A,needs_audit,,peso
28035,True,outdated_needs_current_law_audit_before_publish,Sinais Sonoros (Antiga Res. CONTRAN 160/2004),CERTO_ERRADO,ERRADO,needs_audit,,
808939,True,outdated_needs_current_law_audit_before_publish,Sinais Sonoros (Antiga Res. CONTRAN 160/2004),MULTIPLA_ESCOLHA,D,needs_audit,,
28104,False,historical_question_generate_applied_card,Da Condução de Escolares e de Moto-Frete (arts. 136 a 139-B da Lei nº 9.503/1997),CERTO_ERRADO,ERRADO,,,categoria D; escolares
480278,False,historical_question_generate_applied_card,Da Condução de Escolares e de Moto-Frete (arts. 136 a 139-B da Lei nº 9.503/1997),MULTIPLA_ESCOLHA,C,,,escolares
915575,False,historical_question_generate_applied_card,Da Condução de Escolares e de Moto-Frete (arts. 136 a 139-B da Lei nº 9.503/1997),MULTIPLA_ESCOLHA,B,,,categoria D; infração; grave; gravíssima; escolares
937071,False,historical_question_generate_applied_card,Da Condução de Escolares e de Moto-Frete (arts. 136 a 139-B da Lei nº 9.503/1997),MULTIPLA_ESCOLHA,E,,,categoria C; escolares
1005454,False,historical_question_generate_applied_card,Da Condução de Escolares e de Moto-Frete (arts. 136 a 139-B da Lei nº 9.503/1997),MULTIPLA_ESCOLHA,D,,,Art. 136; escolares
1028000,False,historical_question_generate_applied_card,Da Condução de Escolares e de Moto-Frete (arts. 136 a 139-B da Lei nº 9.503/1997),MULTIPLA_ESCOLHA,A,,,escolares
1212301,False,historical_question_generate_applied_card,Da Condução de Escolares e de Moto-Frete (arts. 136 a 139-B da Lei nº 9.503/1997),MULTIPLA_ESCOLHA,D,,,escolares
1490456,False,historical_question_generate_applied_card,Da Condução de Escolares e de Moto-Frete (arts. 136 a 139-B da Lei nº 9.503/1997),MULTIPLA_ESCOLHA,D,,,categoria D; categoria B; infração; grave; gravíssima; escolares
1490458,False,historical_question_generate_applied_card,Da Condução de Escolares e de Moto-Frete (arts. 136 a 139-B da Lei nº 9.503/1997),MULTIPLA_ESCOLHA,B,,,18 anos; 21 anos; 25 anos; categoria D; categoria C; infração; grave; gravíssima
1502065,False,historical_question_generate_applied_card,Da Condução de Escolares e de Moto-Frete (arts. 136 a 139-B da Lei nº 9.503/1997),MULTIPLA_ESCOLHA,E,,,categoria B
1521265,False,historical_question_generate_applied_card,Da Condução de Escolares e de Moto-Frete (arts. 136 a 139-B da Lei nº 9.503/1997),CERTO_ERRADO,ERRADO,,,infração; grave; escolares
1545045,False,historical_question_generate_applied_card,Da Condução de Escolares e de Moto-Frete (arts. 136 a 139-B da Lei nº 9.503/1997),MULTIPLA_ESCOLHA,D,,,escolares
2024886,False,historical_question_generate_applied_card,Da Condução de Escolares e de Moto-Frete (arts. 136 a 139-B da Lei nº 9.503/1997),MULTIPLA_ESCOLHA,C,,,escolares
2072191,False,historical_question_generate_applied_card,Da Condução de Escolares e de Moto-Frete (arts. 136 a 139-B da Lei nº 9.503/1997),MULTIPLA_ESCOLHA,B,,,escolares
2465558,False,historical_question_generate_applied_card,Da Condução de Escolares e de Moto-Frete (arts. 136 a 139-B da Lei nº 9.503/1997),MULTIPLA_ESCOLHA,D,,,categoria E; infração; gravíssima
382775,False,historical_question_generate_applied_card,Da Condução de Veículos por Motoristas Profissionais (arts. 67-A a 67-E da Lei nº 9.503/1997),MULTIPLA_ESCOLHA,A,,,
545332,False,historical_question_generate_applied_card,Da Condução de Veículos por Motoristas Profissionais (arts. 67-A a 67-E da Lei nº 9.503/1997),MULTIPLA_ESCOLHA,B,,,
778180,False,historical_question_generate_applied_card,Da Condução de Veículos por Motoristas Profissionais (arts. 67-A a 67-E da Lei nº 9.503/1997),CERTO_ERRADO,CERTO,,,
937559,False,historical_question_generate_applied_card,Da Condução de Veículos por Motoristas Profissionais (arts. 67-A a 67-E da Lei nº 9.503/1997),MULTIPLA_ESCOLHA,D,,,
1107057,False,historical_question_generate_applied_card,Da Condução de Veículos por Motoristas Profissionais (arts. 67-A a 67-E da Lei nº 9.503/1997),MULTIPLA_ESCOLHA,D,,,art. 67
1221826,False,historical_question_generate_applied_card,Da Condução de Veículos por Motoristas Profissionais (arts. 67-A a 67-E da Lei nº 9.503/1997),MULTIPLA_ESCOLHA,C,,,
1578000,False,historical_question_generate_applied_card,Da Condução de Veículos por Motoristas Profissionais (arts. 67-A a 67-E da Lei nº 9.503/1997),MULTIPLA_ESCOLHA,D,,,infração; grave; multa; retenção
1609821,False,historical_question_generate_applied_card,Da Condução de Veículos por Motoristas Profissionais (arts. 67-A a 67-E da Lei nº 9.503/1997),MULTIPLA_ESCOLHA,A,,,
1701328,False,historical_question_generate_applied_card,Da Condução de Veículos por Motoristas Profissionais (arts. 67-A a 67-E da Lei nº 9.503/1997),MULTIPLA_ESCOLHA,A,,,
1944571,False,historical_question_generate_applied_card,Da Condução de Veículos por Motoristas Profissionais (arts. 67-A a 67-E da Lei nº 9.503/1997),MULTIPLA_ESCOLHA,A,,,
2149162,False,historical_question_generate_applied_card,Da Condução de Veículos por Motoristas Profissionais (arts. 67-A a 67-E da Lei nº 9.503/1997),MULTIPLA_ESCOLHA,B,,,
2451499,False,historical_question_generate_applied_card,Da Condução de Veículos por Motoristas Profissionais (arts. 67-A a 67-E da Lei nº 9.503/1997),CERTO_ERRADO,E,,,
28072,False,historical_question_generate_applied_card,Da Habilitação (arts. 140 a 160 da Lei nº 9.503/1997),CERTO_ERRADO,ERRADO,,,categoria C; habilitação; infração; peso
28106,False,historical_question_generate_applied_card,Da Habilitação (arts. 140 a 160 da Lei nº 9.503/1997),CERTO_ERRADO,C,,,categoria A; habilitação
28107,False,historical_question_generate_applied_card,Da Habilitação (arts. 140 a 160 da Lei nº 9.503/1997),CERTO_ERRADO,ERRADO,,,categoria B; habilitação; infração
28109,False,historical_question_generate_applied_card,Da Habilitação (arts. 140 a 160 da Lei nº 9.503/1997),CERTO_ERRADO,C,,,habilitação
28210,False,historical_question_generate_applied_card,Da Habilitação (arts. 140 a 160 da Lei nº 9.503/1997),CERTO_ERRADO,ERRADO,,,65 anos; 4 anos; habilitação
28212,False,historical_question_generate_applied_card,Da Habilitação (arts. 140 a 160 da Lei nº 9.503/1997),CERTO_ERRADO,ERRADO,,,18 anos; habilitação
28213,False,historical_question_generate_applied_card,Da Habilitação (arts. 140 a 160 da Lei nº 9.503/1997),CERTO_ERRADO,CERTO,,,habilitação
28214,False,historical_question_generate_applied_card,Da Habilitação (arts. 140 a 160 da Lei nº 9.503/1997),CERTO_ERRADO,ERRADO,,,habilitação
28215,False,historical_question_generate_applied_card,Da Habilitação (arts. 140 a 160 da Lei nº 9.503/1997),CERTO_ERRADO,ERRADO,,,habilitação; infração; grave; gravíssima
303964,False,historical_question_generate_applied_card,Da Habilitação (arts. 140 a 160 da Lei nº 9.503/1997),CERTO_ERRADO,ERRADO,,,habilitação
363330,False,historical_question_generate_applied_card,Da Habilitação (arts. 140 a 160 da Lei nº 9.503/1997),MULTIPLA_ESCOLHA,A,,,categoria B; categoria C; habilitação; infração; grave; gravíssima
657484,False,historical_question_generate_applied_card,Da Habilitação (arts. 140 a 160 da Lei nº 9.503/1997),MULTIPLA_ESCOLHA,C,,,categoria d; habilitação
732066,False,historical_question_generate_applied_card,Da Habilitação (arts. 140 a 160 da Lei nº 9.503/1997),MULTIPLA_ESCOLHA,C,,,Categoria A; Categoria B; Categoria C; Categoria D; Categoria E; peso
840840,False,historical_question_generate_applied_card,Da Habilitação (arts. 140 a 160 da Lei nº 9.503/1997),CERTO_ERRADO,CERTO,,,habilitação
960487,False,historical_question_generate_applied_card,Da Habilitação (arts. 140 a 160 da Lei nº 9.503/1997),MULTIPLA_ESCOLHA,E,,,Art. 148; habilitação
1028949,False,historical_question_generate_applied_card,Da Habilitação (arts. 140 a 160 da Lei nº 9.503/1997),MULTIPLA_ESCOLHA,E,,,
1186390,False,historical_question_generate_applied_card,Da Habilitação (arts. 140 a 160 da Lei nº 9.503/1997),MULTIPLA_ESCOLHA,E,,,habilitação
1326075,False,historical_question_generate_applied_card,Da Habilitação (arts. 140 a 160 da Lei nº 9.503/1997),MULTIPLA_ESCOLHA,A,,,Art. 141; habilitação
1403550,False,historical_question_generate_applied_card,Da Habilitação (arts. 140 a 160 da Lei nº 9.503/1997),CERTO_ERRADO,C,,,categoria B; habilitação
1403555,False,historical_question_generate_applied_card,Da Habilitação (arts. 140 a 160 da Lei nº 9.503/1997),CERTO_ERRADO,E,,,categoria E; habilitação
1403562,False,historical_question_generate_applied_card,Da Habilitação (arts. 140 a 160 da Lei nº 9.503/1997),CERTO_ERRADO,C,,,categoria D; escolares
1490474,False,historical_question_generate_applied_card,Da Habilitação (arts. 140 a 160 da Lei nº 9.503/1997),CERTO_ERRADO,ERRADO,,,categoria C; habilitação
1490477,False,historical_question_generate_applied_card,Da Habilitação (arts. 140 a 160 da Lei nº 9.503/1997),CERTO_ERRADO,CERTO,,,categoria A; habilitação
1490485,False,historical_question_generate_applied_card,Da Habilitação (arts. 140 a 160 da Lei nº 9.503/1997),MULTIPLA_ESCOLHA,,,,categoria d; categoria A; habilitação; peso
1490486,False,historical_question_generate_applied_card,Da Habilitação (arts. 140 a 160 da Lei nº 9.503/1997),CERTO_ERRADO,ERRADO,,,habilitação
1500077,False,historical_question_generate_applied_card,Da Habilitação (arts. 140 a 160 da Lei nº 9.503/1997),MULTIPLA_ESCOLHA,D,,,Categoria A; Categoria B; categoria A; Categoria C; Categoria D; Categoria E; art. 143; peso
1521266,False,historical_question_generate_applied_card,Da Habilitação (arts. 140 a 160 da Lei nº 9.503/1997),CERTO_ERRADO,ERRADO,,,infração; gravíssima; escolares
1521267,False,historical_question_generate_applied_card,Da Habilitação (arts. 140 a 160 da Lei nº 9.503/1997),CERTO_ERRADO,CERTO,,,
1521268,False,historical_question_generate_applied_card,Da Habilitação (arts. 140 a 160 da Lei nº 9.503/1997),CERTO_ERRADO,ERRADO,,,
1521269,False,historical_question_generate_applied_card,Da Habilitação (arts. 140 a 160 da Lei nº 9.503/1997),CERTO_ERRADO,ERRADO,,,
1521270,False,historical_question_generate_applied_card,Da Habilitação (arts. 140 a 160 da Lei nº 9.503/1997),CERTO_ERRADO,ERRADO,,,
1521271,False,historical_question_generate_applied_card,Da Habilitação (arts. 140 a 160 da Lei nº 9.503/1997),CERTO_ERRADO,CERTO,,,
1521272,False,historical_question_generate_applied_card,Da Habilitação (arts. 140 a 160 da Lei nº 9.503/1997),CERTO_ERRADO,ERRADO,,,habilitação
1521273,False,historical_question_generate_applied_card,Da Habilitação (arts. 140 a 160 da Lei nº 9.503/1997),CERTO_ERRADO,CERTO,,,habilitação
1521274,False,historical_question_generate_applied_card,Da Habilitação (arts. 140 a 160 da Lei nº 9.503/1997),CERTO_ERRADO,ERRADO,,,habilitação
1521275,False,historical_question_generate_applied_card,Da Habilitação (arts. 140 a 160 da Lei nº 9.503/1997),CERTO_ERRADO,ERRADO,,,habilitação
1521276,False,historical_question_generate_applied_card,Da Habilitação (arts. 140 a 160 da Lei nº 9.503/1997),CERTO_ERRADO,CERTO,,,habilitação
1521277,False,historical_question_generate_applied_card,Da Habilitação (arts. 140 a 160 da Lei nº 9.503/1997),CERTO_ERRADO,CERTO,,,habilitação
1525662,False,historical_question_generate_applied_card,Da Habilitação (arts. 140 a 160 da Lei nº 9.503/1997),CERTO_ERRADO,ERRADO,,,
1525687,False,historical_question_generate_applied_card,Da Habilitação (arts. 140 a 160 da Lei nº 9.503/1997),CERTO_ERRADO,ERRADO,,,
1525688,False,historical_question_generate_applied_card,Da Habilitação (arts. 140 a 160 da Lei nº 9.503/1997),CERTO_ERRADO,CERTO,,,habilitação
1525689,False,historical_question_generate_applied_card,Da Habilitação (arts. 140 a 160 da Lei nº 9.503/1997),CERTO_ERRADO,CERTO,,,
1569404,False,historical_question_generate_applied_card,Da Habilitação (arts. 140 a 160 da Lei nº 9.503/1997),MULTIPLA_ESCOLHA,A,,,habilitação
1572378,False,historical_question_generate_applied_card,Da Habilitação (arts. 140 a 160 da Lei nº 9.503/1997),MULTIPLA_ESCOLHA,B,,,categoria C; habilitação; escolares; peso
1573565,False,historical_question_generate_applied_card,Da Habilitação (arts. 140 a 160 da Lei nº 9.503/1997),CERTO_ERRADO,,,,habilitação
1576571,False,historical_question_generate_applied_card,Da Habilitação (arts. 140 a 160 da Lei nº 9.503/1997),CERTO_ERRADO,ERRADO,,,categoria A; habilitação
1576572,False,historical_question_generate_applied_card,Da Habilitação (arts. 140 a 160 da Lei nº 9.503/1997),CERTO_ERRADO,C,,,habilitação
1577632,False,historical_question_generate_applied_card,Da Habilitação (arts. 140 a 160 da Lei nº 9.503/1997),CERTO_ERRADO,E,,,categoria A; habilitação
1577633,False,historical_question_generate_applied_card,Da Habilitação (arts. 140 a 160 da Lei nº 9.503/1997),CERTO_ERRADO,C,,,habilitação
1611239,False,historical_question_generate_applied_card,Da Habilitação (arts. 140 a 160 da Lei nº 9.503/1997),CERTO_ERRADO,C,,,habilitação
28073,False,historical_question_generate_applied_card,Da Sinalização de Trânsito (arts. 80 a 90 da Lei nº 9.503/1997),CERTO_ERRADO,ERRADO,,,habilitação; infração
112172,False,historical_question_generate_applied_card,Da Sinalização de Trânsito (arts. 80 a 90 da Lei nº 9.503/1997),MULTIPLA_ESCOLHA,B,,,sinalização
345139,False,historical_question_generate_applied_card,Da Sinalização de Trânsito (arts. 80 a 90 da Lei nº 9.503/1997),MULTIPLA_ESCOLHA,A,,,sinalização
346031,False,historical_question_generate_applied_card,Da Sinalização de Trânsito (arts. 80 a 90 da Lei nº 9.503/1997),MULTIPLA_ESCOLHA,C,,,sinalização
754234,False,historical_question_generate_applied_card,Da Sinalização de Trânsito (arts. 80 a 90 da Lei nº 9.503/1997),MULTIPLA_ESCOLHA,D,,,sinalização
778169,False,historical_question_generate_applied_card,Da Sinalização de Trânsito (arts. 80 a 90 da Lei nº 9.503/1997),CERTO_ERRADO,C,,,sinalização
840156,False,historical_question_generate_applied_card,Da Sinalização de Trânsito (arts. 80 a 90 da Lei nº 9.503/1997),MULTIPLA_ESCOLHA,B,,,sinalização
936377,False,historical_question_generate_applied_card,Da Sinalização de Trânsito (arts. 80 a 90 da Lei nº 9.503/1997),MULTIPLA_ESCOLHA,B,,,escolares
1028276,False,historical_question_generate_applied_card,Da Sinalização de Trânsito (arts. 80 a 90 da Lei nº 9.503/1997),MULTIPLA_ESCOLHA,C,,,sinalização
1144056,False,historical_question_generate_applied_card,Da Sinalização de Trânsito (arts. 80 a 90 da Lei nº 9.503/1997),CERTO_ERRADO,CERTO,,,
1210668,False,historical_question_generate_applied_card,Da Sinalização de Trânsito (arts. 80 a 90 da Lei nº 9.503/1997),MULTIPLA_ESCOLHA,D,,,sinalização
1214224,False,historical_question_generate_applied_card,Da Sinalização de Trânsito (arts. 80 a 90 da Lei nº 9.503/1997),MULTIPLA_ESCOLHA,E,,,sinalização
1572193,False,historical_question_generate_applied_card,Da Sinalização de Trânsito (arts. 80 a 90 da Lei nº 9.503/1997),MULTIPLA_ESCOLHA,D,,,sinalização
1573559,False,historical_question_generate_applied_card,Da Sinalização de Trânsito (arts. 80 a 90 da Lei nº 9.503/1997),CERTO_ERRADO,ERRADO,,,sinalização
1573561,False,historical_question_generate_applied_card,Da Sinalização de Trânsito (arts. 80 a 90 da Lei nº 9.503/1997),CERTO_ERRADO,ERRADO,,,
1573563,False,historical_question_generate_applied_card,Da Sinalização de Trânsito (arts. 80 a 90 da Lei nº 9.503/1997),CERTO_ERRADO,CERTO,,,sinalização
1743707,False,historical_question_generate_applied_card,Da Sinalização de Trânsito (arts. 80 a 90 da Lei nº 9.503/1997),MULTIPLA_ESCOLHA,D,,,Art. 87
2450588,False,historical_question_generate_applied_card,Da Sinalização de Trânsito (arts. 80 a 90 da Lei nº 9.503/1997),MULTIPLA_ESCOLHA,A,,,sinalização
27898,False,historical_question_generate_applied_card,Das Infrações (arts. 161 a 255 da Lei nº 9.503/1997),MULTIPLA_ESCOLHA,,,,infração; gravíssima
27943,False,historical_question_generate_applied_card,Das Infrações (arts. 161 a 255 da Lei nº 9.503/1997),CERTO_ERRADO,ERRADO,,,50%; infração
27944,False,historical_question_generate_applied_card,Das Infrações (arts. 161 a 255 da Lei nº 9.503/1997),CERTO_ERRADO,ERRADO,,,50%; infração
27969,False,historical_question_generate_applied_card,Das Infrações (arts. 161 a 255 da Lei nº 9.503/1997),CERTO_ERRADO,ERRADO,,,infração; multa
27984,False,historical_question_generate_applied_card,Das Infrações (arts. 161 a 255 da Lei nº 9.503/1997),CERTO_ERRADO,E,,,10%; 39%; 2%; 25%; 20%; 15%; infração; multa
28037,False,historical_question_generate_applied_card,Das Infrações (arts. 161 a 255 da Lei nº 9.503/1997),CERTO_ERRADO,ERRADO,,,
28052,False,historical_question_generate_applied_card,Das Infrações (arts. 161 a 255 da Lei nº 9.503/1997),CERTO_ERRADO,ERRADO,,,infração; multa
28060,False,historical_question_generate_applied_card,Das Infrações (arts. 161 a 255 da Lei nº 9.503/1997),CERTO_ERRADO,ERRADO,,,infração; grave
28061,False,historical_question_generate_applied_card,Das Infrações (arts. 161 a 255 da Lei nº 9.503/1997),CERTO_ERRADO,CERTO,,,infração; multa
28062,False,historical_question_generate_applied_card,Das Infrações (arts. 161 a 255 da Lei nº 9.503/1997),CERTO_ERRADO,CERTO,,,infração; multa
28063,False,historical_question_generate_applied_card,Das Infrações (arts. 161 a 255 da Lei nº 9.503/1997),CERTO_ERRADO,CERTO,,,infração
28067,False,historical_question_generate_applied_card,Das Infrações (arts. 161 a 255 da Lei nº 9.503/1997),CERTO_ERRADO,,,,infração; multa
28071,False,historical_question_generate_applied_card,Das Infrações (arts. 161 a 255 da Lei nº 9.503/1997),CERTO_ERRADO,ERRADO,,,habilitação; infração
28074,False,historical_question_generate_applied_card,Das Infrações (arts. 161 a 255 da Lei nº 9.503/1997),CERTO_ERRADO,,,,habilitação; infração; retenção
28095,False,historical_question_generate_applied_card,Das Infrações (arts. 161 a 255 da Lei nº 9.503/1997),CERTO_ERRADO,ERRADO,,,infração
28096,False,historical_question_generate_applied_card,Das Infrações (arts. 161 a 255 da Lei nº 9.503/1997),CERTO_ERRADO,ERRADO,,,multa
28100,False,historical_question_generate_applied_card,Das Infrações (arts. 161 a 255 da Lei nº 9.503/1997),CERTO_ERRADO,CERTO,,,infração; gravíssima; remoção
28105,False,historical_question_generate_applied_card,Das Infrações (arts. 161 a 255 da Lei nº 9.503/1997),CERTO_ERRADO,CERTO,,,categoria C; categoria a; habilitação; infração
28162,False,historical_question_generate_applied_card,Das Infrações (arts. 161 a 255 da Lei nº 9.503/1997),CERTO_ERRADO,ERRADO,,,grave; gravíssima; multa
28166,False,historical_question_generate_applied_card,Das Infrações (arts. 161 a 255 da Lei nº 9.503/1997),CERTO_ERRADO,ERRADO,,,multa
28211,False,historical_question_generate_applied_card,Das Infrações (arts. 161 a 255 da Lei nº 9.503/1997),CERTO_ERRADO,CERTO,,,30 dias; habilitação; infração
28227,False,historical_question_generate_applied_card,Das Infrações (arts. 161 a 255 da Lei nº 9.503/1997),CERTO_ERRADO,,,,álcool
118052,False,historical_question_generate_applied_card,Das Infrações (arts. 161 a 255 da Lei nº 9.503/1997),CERTO_ERRADO,CERTO,,,infração; gravíssima; multa
304046,False,historical_question_generate_applied_card,Das Infrações (arts. 161 a 255 da Lei nº 9.503/1997),CERTO_ERRADO,ERRADO,,,
533486,False,historical_question_generate_applied_card,Das Infrações (arts. 161 a 255 da Lei nº 9.503/1997),MULTIPLA_ESCOLHA,D,,,categoria C; grave; sinalização
533623,False,historical_question_generate_applied_card,Das Infrações (arts. 161 a 255 da Lei nº 9.503/1997),MULTIPLA_ESCOLHA,A,,,infração; grave; sinalização
533624,False,historical_question_generate_applied_card,Das Infrações (arts. 161 a 255 da Lei nº 9.503/1997),MULTIPLA_ESCOLHA,B,,,infração; gravíssima; multa; álcool
590555,False,historical_question_generate_applied_card,Das Infrações (arts. 161 a 255 da Lei nº 9.503/1997),MULTIPLA_ESCOLHA,B,,,habilitação; infração; grave
590639,False,historical_question_generate_applied_card,Das Infrações (arts. 161 a 255 da Lei nº 9.503/1997),MULTIPLA_ESCOLHA,A,,,infração
722383,False,historical_question_generate_applied_card,Das Infrações (arts. 161 a 255 da Lei nº 9.503/1997),MULTIPLA_ESCOLHA,D,,,infração; grave; gravíssima; retenção
778160,False,historical_question_generate_applied_card,Das Infrações (arts. 161 a 255 da Lei nº 9.503/1997),CERTO_ERRADO,E,,,habilitação; multa
778164,False,historical_question_generate_applied_card,Das Infrações (arts. 161 a 255 da Lei nº 9.503/1997),CERTO_ERRADO,CERTO,,,multa
778165,False,historical_question_generate_applied_card,Das Infrações (arts. 161 a 255 da Lei nº 9.503/1997),CERTO_ERRADO,E,,,infração
778167,False,historical_question_generate_applied_card,Das Infrações (arts. 161 a 255 da Lei nº 9.503/1997),CERTO_ERRADO,E,,,infração; multa
911344,False,historical_question_generate_applied_card,Das Infrações (arts. 161 a 255 da Lei nº 9.503/1997),MULTIPLA_ESCOLHA,A,,,infração; grave; gravíssima
931278,False,historical_question_generate_applied_card,Das Infrações (arts. 161 a 255 da Lei nº 9.503/1997),MULTIPLA_ESCOLHA,B,,,ART163; ART168; ART165; ART167; ART169
933737,False,historical_question_generate_applied_card,Das Infrações (arts. 161 a 255 da Lei nº 9.503/1997),MULTIPLA_ESCOLHA,A,,,20%; infração; grave; gravíssima; multa
934710,False,historical_question_generate_applied_card,Das Infrações (arts. 161 a 255 da Lei nº 9.503/1997),MULTIPLA_ESCOLHA,D,,,habilitação; multa; retenção; remoção; recusa
1140553,False,historical_question_generate_applied_card,Das Infrações (arts. 161 a 255 da Lei nº 9.503/1997),MULTIPLA_ESCOLHA,B,,,infração; grave; gravíssima
1144059,False,historical_question_generate_applied_card,Das Infrações (arts. 161 a 255 da Lei nº 9.503/1997),CERTO_ERRADO,CERTO,,,infração; multa
1144068,False,historical_question_generate_applied_card,Das Infrações (arts. 161 a 255 da Lei nº 9.503/1997),CERTO_ERRADO,E,,,infração; grave; gravíssima
1402625,False,historical_question_generate_applied_card,Das Infrações (arts. 161 a 255 da Lei nº 9.503/1997),CERTO_ERRADO,C,,,infração; álcool; recusa
1402628,False,historical_question_generate_applied_card,Das Infrações (arts. 161 a 255 da Lei nº 9.503/1997),CERTO_ERRADO,C,,,habilitação
1402630,False,historical_question_generate_applied_card,Das Infrações (arts. 161 a 255 da Lei nº 9.503/1997),CERTO_ERRADO,E,,,
1402637,False,historical_question_generate_applied_card,Das Infrações (arts. 161 a 255 da Lei nº 9.503/1997),CERTO_ERRADO,E,,,
1403542,False,historical_question_generate_applied_card,Das Infrações (arts. 161 a 255 da Lei nº 9.503/1997),CERTO_ERRADO,C,,,remoção
1490471,False,historical_question_generate_applied_card,Das Infrações (arts. 161 a 255 da Lei nº 9.503/1997),CERTO_ERRADO,ERRADO,,,habilitação; gravíssima; sinalização
1492677,False,historical_question_generate_applied_card,Das Infrações (arts. 161 a 255 da Lei nº 9.503/1997),CERTO_ERRADO,ERRADO,,,multa
1492678,False,historical_question_generate_applied_card,Das Infrações (arts. 161 a 255 da Lei nº 9.503/1997),CERTO_ERRADO,ERRADO,,,habilitação; infração; gravíssima; multa
1492683,False,historical_question_generate_applied_card,Das Infrações (arts. 161 a 255 da Lei nº 9.503/1997),CERTO_ERRADO,ERRADO,,,infração; gravíssima; multa; remoção
1492688,False,historical_question_generate_applied_card,Das Infrações (arts. 161 a 255 da Lei nº 9.503/1997),CERTO_ERRADO,CERTO,,,multa; remoção
1492695,False,historical_question_generate_applied_card,Das Infrações (arts. 161 a 255 da Lei nº 9.503/1997),CERTO_ERRADO,ERRADO,,,15%; 50%; habilitação; infração; gravíssima; multa; sinalização
1492697,False,historical_question_generate_applied_card,Das Infrações (arts. 161 a 255 da Lei nº 9.503/1997),CERTO_ERRADO,CERTO,,,habilitação; infração; álcool
1492701,False,historical_question_generate_applied_card,Das Infrações (arts. 161 a 255 da Lei nº 9.503/1997),CERTO_ERRADO,CERTO,,,Art. 161; Art. 165; habilitação; infração; gravíssima; multa; álcool
1492706,False,historical_question_generate_applied_card,Das Infrações (arts. 161 a 255 da Lei nº 9.503/1997),CERTO_ERRADO,CERTO,,,Art. 161; Art. 165; infração; gravíssima; multa; álcool
1492711,False,historical_question_generate_applied_card,Das Infrações (arts. 161 a 255 da Lei nº 9.503/1997),CERTO_ERRADO,ERRADO,,,35 anos; categoria B; habilitação; infração; gravíssima; multa; escolares
1492719,False,historical_question_generate_applied_card,Das Infrações (arts. 161 a 255 da Lei nº 9.503/1997),CERTO_ERRADO,CERTO,,,multa; sinalização
1492724,False,historical_question_generate_applied_card,Das Infrações (arts. 161 a 255 da Lei nº 9.503/1997),CERTO_ERRADO,CERTO,,,categoria B; categoria D; categoria e; habilitação; infração; retenção; sinalização
1492790,False,historical_question_generate_applied_card,Das Infrações (arts. 161 a 255 da Lei nº 9.503/1997),CERTO_ERRADO,ERRADO,,,infração; gravíssima; multa
1492804,False,historical_question_generate_applied_card,Das Infrações (arts. 161 a 255 da Lei nº 9.503/1997),CERTO_ERRADO,ERRADO,,,habilitação; infração; gravíssima; multa; remoção
1492811,False,historical_question_generate_applied_card,Das Infrações (arts. 161 a 255 da Lei nº 9.503/1997),MULTIPLA_ESCOLHA,D,,,grave; gravíssima; multa
1492815,False,historical_question_generate_applied_card,Das Infrações (arts. 161 a 255 da Lei nº 9.503/1997),MULTIPLA_ESCOLHA,A,,,categoria B; categoria D; multa
1492820,False,historical_question_generate_applied_card,Das Infrações (arts. 161 a 255 da Lei nº 9.503/1997),CERTO_ERRADO,ERRADO,,,habilitação; grave; gravíssima; multa
1492836,False,historical_question_generate_applied_card,Das Infrações (arts. 161 a 255 da Lei nº 9.503/1997),CERTO_ERRADO,ERRADO,,,2 anos; infração
1492839,False,historical_question_generate_applied_card,Das Infrações (arts. 161 a 255 da Lei nº 9.503/1997),CERTO_ERRADO,ERRADO,,,multa
1492845,False,historical_question_generate_applied_card,Das Infrações (arts. 161 a 255 da Lei nº 9.503/1997),CERTO_ERRADO,ERRADO,,,infração; gravíssima; sinalização
1492848,False,historical_question_generate_applied_card,Das Infrações (arts. 161 a 255 da Lei nº 9.503/1997),CERTO_ERRADO,CERTO,,,infração; multa
1492849,False,historical_question_generate_applied_card,Das Infrações (arts. 161 a 255 da Lei nº 9.503/1997),CERTO_ERRADO,ERRADO,,,infração
1494598,False,historical_question_generate_applied_card,Das Infrações (arts. 161 a 255 da Lei nº 9.503/1997),CERTO_ERRADO,ERRADO,,,grave; sinalização
1521281,False,historical_question_generate_applied_card,Das Infrações (arts. 161 a 255 da Lei nº 9.503/1997),CERTO_ERRADO,CERTO,,,habilitação; infração; gravíssima
1521282,False,historical_question_generate_applied_card,Das Infrações (arts. 161 a 255 da Lei nº 9.503/1997),CERTO_ERRADO,CERTO,,,habilitação; infração; gravíssima; multa
1521283,False,historical_question_generate_applied_card,Das Infrações (arts. 161 a 255 da Lei nº 9.503/1997),CERTO_ERRADO,ERRADO,,,infração; multa
1521285,False,historical_question_generate_applied_card,Das Infrações (arts. 161 a 255 da Lei nº 9.503/1997),CERTO_ERRADO,ERRADO,,,infração; gravíssima; sinalização
1521286,False,historical_question_generate_applied_card,Das Infrações (arts. 161 a 255 da Lei nº 9.503/1997),CERTO_ERRADO,CERTO,,,50%; infração; gravíssima
1521288,False,historical_question_generate_applied_card,Das Infrações (arts. 161 a 255 da Lei nº 9.503/1997),CERTO_ERRADO,ERRADO,,,infração; grave; multa
1521290,False,historical_question_generate_applied_card,Das Infrações (arts. 161 a 255 da Lei nº 9.503/1997),CERTO_ERRADO,CERTO,,,infração
1521291,False,historical_question_generate_applied_card,Das Infrações (arts. 161 a 255 da Lei nº 9.503/1997),CERTO_ERRADO,ERRADO,,,habilitação; infração; gravíssima; multa; retenção
1521292,False,historical_question_generate_applied_card,Das Infrações (arts. 161 a 255 da Lei nº 9.503/1997),CERTO_ERRADO,CERTO,,,infração; multa; retenção; capacete; viseira
1521294,False,historical_question_generate_applied_card,Das Infrações (arts. 161 a 255 da Lei nº 9.503/1997),CERTO_ERRADO,ERRADO,,,infração; luz alta
1521295,False,historical_question_generate_applied_card,Das Infrações (arts. 161 a 255 da Lei nº 9.503/1997),CERTO_ERRADO,ERRADO,,,baixa; infração; grave; luz baixa
1525663,False,historical_question_generate_applied_card,Das Infrações (arts. 161 a 255 da Lei nº 9.503/1997),CERTO_ERRADO,ERRADO,,,habilitação; multa
1525665,False,historical_question_generate_applied_card,Das Infrações (arts. 161 a 255 da Lei nº 9.503/1997),CERTO_ERRADO,CERTO,,,infração; grave
1525667,False,historical_question_generate_applied_card,Das Infrações (arts. 161 a 255 da Lei nº 9.503/1997),CERTO_ERRADO,CERTO,,,habilitação; multa; retenção
1525669,False,historical_question_generate_applied_card,Das Infrações (arts. 161 a 255 da Lei nº 9.503/1997),CERTO_ERRADO,CERTO,,,infração; capacete; viseira
1525670,False,historical_question_generate_applied_card,Das Infrações (arts. 161 a 255 da Lei nº 9.503/1997),CERTO_ERRADO,CERTO,,,baixa; infração; luz baixa
1525673,False,historical_question_generate_applied_card,Das Infrações (arts. 161 a 255 da Lei nº 9.503/1997),CERTO_ERRADO,ERRADO,,,infração; luz alta
1525690,False,historical_question_generate_applied_card,Das Infrações (arts. 161 a 255 da Lei nº 9.503/1997),CERTO_ERRADO,CERTO,,,infração; gravíssima; sinalização
1572199,False,historical_question_generate_applied_card,Das Infrações (arts. 161 a 255 da Lei nº 9.503/1997),MULTIPLA_ESCOLHA,D,,,grave; gravíssima
1574050,False,historical_question_generate_applied_card,Das Infrações (arts. 161 a 255 da Lei nº 9.503/1997),CERTO_ERRADO,ERRADO,,,infração; gravíssima
1574051,False,historical_question_generate_applied_card,Das Infrações (arts. 161 a 255 da Lei nº 9.503/1997),CERTO_ERRADO,ERRADO,,,habilitação; infração
1576566,False,historical_question_generate_applied_card,Das Infrações (arts. 161 a 255 da Lei nº 9.503/1997),CERTO_ERRADO,C,,,infração
1576568,False,historical_question_generate_applied_card,Das Infrações (arts. 161 a 255 da Lei nº 9.503/1997),CERTO_ERRADO,ERRADO,,,50%
1577058,False,historical_question_generate_applied_card,Das Infrações (arts. 161 a 255 da Lei nº 9.503/1997),CERTO_ERRADO,C,,,habilitação; infração
1577627,False,historical_question_generate_applied_card,Das Infrações (arts. 161 a 255 da Lei nº 9.503/1997),CERTO_ERRADO,C,,,infração
1602595,False,historical_question_generate_applied_card,Das Infrações (arts. 161 a 255 da Lei nº 9.503/1997),CERTO_ERRADO,ERRADO,,,
1611236,False,historical_question_generate_applied_card,Das Infrações (arts. 161 a 255 da Lei nº 9.503/1997),CERTO_ERRADO,E,,,infração; grave
1611246,False,historical_question_generate_applied_card,Das Infrações (arts. 161 a 255 da Lei nº 9.503/1997),CERTO_ERRADO,E,,,infração
1865795,False,historical_question_generate_applied_card,Das Infrações (arts. 161 a 255 da Lei nº 9.503/1997),MULTIPLA_ESCOLHA,B,,,habilitação; infração; gravíssima
2018313,False,historical_question_generate_applied_card,Das Infrações (arts. 161 a 255 da Lei nº 9.503/1997),MULTIPLA_ESCOLHA,E,,,art. 165; infração; grave; gravíssima; multa; álcool
2465565,False,historical_question_generate_applied_card,Das Infrações (arts. 161 a 255 da Lei nº 9.503/1997),MULTIPLA_ESCOLHA,C,,,habilitação; infração; gravíssima; álcool
2465573,False,historical_question_generate_applied_card,Das Infrações (arts. 161 a 255 da Lei nº 9.503/1997),MULTIPLA_ESCOLHA,C,,,habilitação
434577,False,historical_question_generate_applied_card,Das Medidas Administrativas (arts. 269 a 279 da Lei nº 9.503/1997),MULTIPLA_ESCOLHA,A,,,
719639,False,historical_question_generate_applied_card,Das Medidas Administrativas (arts. 269 a 279 da Lei nº 9.503/1997),MULTIPLA_ESCOLHA,C,,,retenção
778172,False,historical_question_generate_applied_card,Das Medidas Administrativas (arts. 269 a 279 da Lei nº 9.503/1997),CERTO_ERRADO,E,,,infração; álcool
820236,False,historical_question_generate_applied_card,Das Medidas Administrativas (arts. 269 a 279 da Lei nº 9.503/1997),MULTIPLA_ESCOLHA,B,,,
1125288,False,historical_question_generate_applied_card,Das Medidas Administrativas (arts. 269 a 279 da Lei nº 9.503/1997),MULTIPLA_ESCOLHA,C,,,retenção; remoção
1402658,False,historical_question_generate_applied_card,Das Medidas Administrativas (arts. 269 a 279 da Lei nº 9.503/1997),CERTO_ERRADO,E,,,infração
1403077,False,historical_question_generate_applied_card,Das Medidas Administrativas (arts. 269 a 279 da Lei nº 9.503/1997),CERTO_ERRADO,ERRADO,,,
1403531,False,historical_question_generate_applied_card,Das Medidas Administrativas (arts. 269 a 279 da Lei nº 9.503/1997),CERTO_ERRADO,ERRADO,,,
1403538,False,historical_question_generate_applied_card,Das Medidas Administrativas (arts. 269 a 279 da Lei nº 9.503/1997),CERTO_ERRADO,ERRADO,,,peso
1403540,False,historical_question_generate_applied_card,Das Medidas Administrativas (arts. 269 a 279 da Lei nº 9.503/1997),CERTO_ERRADO,C,,,
1521314,False,historical_question_generate_applied_card,Das Medidas Administrativas (arts. 269 a 279 da Lei nº 9.503/1997),CERTO_ERRADO,CERTO,,,infração
1521316,False,historical_question_generate_applied_card,Das Medidas Administrativas (arts. 269 a 279 da Lei nº 9.503/1997),CERTO_ERRADO,CERTO,,,infração; remoção
1576559,False,historical_question_generate_applied_card,Das Medidas Administrativas (arts. 269 a 279 da Lei nº 9.503/1997),CERTO_ERRADO,C,,,infração; álcool
1576560,False,historical_question_generate_applied_card,Das Medidas Administrativas (arts. 269 a 279 da Lei nº 9.503/1997),CERTO_ERRADO,C,,,
1576561,False,historical_question_generate_applied_card,Das Medidas Administrativas (arts. 269 a 279 da Lei nº 9.503/1997),CERTO_ERRADO,C,,,remoção
1576562,False,historical_question_generate_applied_card,Das Medidas Administrativas (arts. 269 a 279 da Lei nº 9.503/1997),CERTO_ERRADO,ERRADO,,,infração; álcool
1576567,False,historical_question_generate_applied_card,Das Medidas Administrativas (arts. 269 a 279 da Lei nº 9.503/1997),CERTO_ERRADO,ERRADO,,,infração; retenção
1577047,False,historical_question_generate_applied_card,Das Medidas Administrativas (arts. 269 a 279 da Lei nº 9.503/1997),CERTO_ERRADO,C,,,infração
1577060,False,historical_question_generate_applied_card,Das Medidas Administrativas (arts. 269 a 279 da Lei nº 9.503/1997),CERTO_ERRADO,E,,,infração
1577070,False,historical_question_generate_applied_card,Das Medidas Administrativas (arts. 269 a 279 da Lei nº 9.503/1997),CERTO_ERRADO,C,,,
1577618,False,historical_question_generate_applied_card,Das Medidas Administrativas (arts. 269 a 279 da Lei nº 9.503/1997),CERTO_ERRADO,C,,,infração; álcool
1577619,False,historical_question_generate_applied_card,Das Medidas Administrativas (arts. 269 a 279 da Lei nº 9.503/1997),CERTO_ERRADO,C,,,
1577621,False,historical_question_generate_applied_card,Das Medidas Administrativas (arts. 269 a 279 da Lei nº 9.503/1997),CERTO_ERRADO,C,,,remoção
1577622,False,historical_question_generate_applied_card,Das Medidas Administrativas (arts. 269 a 279 da Lei nº 9.503/1997),CERTO_ERRADO,E,,,infração; álcool
1577628,False,historical_question_generate_applied_card,Das Medidas Administrativas (arts. 269 a 279 da Lei nº 9.503/1997),CERTO_ERRADO,E,,,infração; retenção
1875939,False,historical_question_generate_applied_card,Das Medidas Administrativas (arts. 269 a 279 da Lei nº 9.503/1997),MULTIPLA_ESCOLHA,D,,,multa
1961460,False,historical_question_generate_applied_card,Das Medidas Administrativas (arts. 269 a 279 da Lei nº 9.503/1997),MULTIPLA_ESCOLHA,A,,,infração; retenção
1969419,False,historical_question_generate_applied_card,Das Medidas Administrativas (arts. 269 a 279 da Lei nº 9.503/1997),MULTIPLA_ESCOLHA,B,,,habilitação; infração; gravíssima; multa; retenção; dimensões; sinalização
1970083,False,historical_question_generate_applied_card,Das Medidas Administrativas (arts. 269 a 279 da Lei nº 9.503/1997),MULTIPLA_ESCOLHA,C,,,baixa; irrecuperável; habilitação; infração; grave; gravíssima; multa
1974478,False,historical_question_generate_applied_card,Das Medidas Administrativas (arts. 269 a 279 da Lei nº 9.503/1997),MULTIPLA_ESCOLHA,C,,,retenção
27894,False,historical_question_generate_applied_card,Das Normas Gerais de Circulação e Conduta (arts. 26 a 67 da Lei nº 9.503/1997),MULTIPLA_ESCOLHA,E,,,
27895,False,historical_question_generate_applied_card,Das Normas Gerais de Circulação e Conduta (arts. 26 a 67 da Lei nº 9.503/1997),MULTIPLA_ESCOLHA,C,,,multa; remoção
27940,False,historical_question_generate_applied_card,Das Normas Gerais de Circulação e Conduta (arts. 26 a 67 da Lei nº 9.503/1997),CERTO_ERRADO,CERTO,,,50%; luz alta
27960,False,historical_question_generate_applied_card,Das Normas Gerais de Circulação e Conduta (arts. 26 a 67 da Lei nº 9.503/1997),CERTO_ERRADO,CERTO,,,35 anos; escolares; sinalização
27961,False,historical_question_generate_applied_card,Das Normas Gerais de Circulação e Conduta (arts. 26 a 67 da Lei nº 9.503/1997),CERTO_ERRADO,ERRADO,,,20%; 35 anos; infração; grave; escolares
28050,False,historical_question_generate_applied_card,Das Normas Gerais de Circulação e Conduta (arts. 26 a 67 da Lei nº 9.503/1997),CERTO_ERRADO,CERTO,,,sinalização
28081,False,historical_question_generate_applied_card,Das Normas Gerais de Circulação e Conduta (arts. 26 a 67 da Lei nº 9.503/1997),CERTO_ERRADO,ERRADO,,,
28082,False,historical_question_generate_applied_card,Das Normas Gerais de Circulação e Conduta (arts. 26 a 67 da Lei nº 9.503/1997),CERTO_ERRADO,C,,,
28083,False,historical_question_generate_applied_card,Das Normas Gerais de Circulação e Conduta (arts. 26 a 67 da Lei nº 9.503/1997),CERTO_ERRADO,ERRADO,,,art. 83
28090,False,historical_question_generate_applied_card,Das Normas Gerais de Circulação e Conduta (arts. 26 a 67 da Lei nº 9.503/1997),CERTO_ERRADO,D,,,sinalização
28091,False,historical_question_generate_applied_card,Das Normas Gerais de Circulação e Conduta (arts. 26 a 67 da Lei nº 9.503/1997),CERTO_ERRADO,ERRADO,,,sinalização
28099,False,historical_question_generate_applied_card,Das Normas Gerais de Circulação e Conduta (arts. 26 a 67 da Lei nº 9.503/1997),CERTO_ERRADO,,,,
28225,False,historical_question_generate_applied_card,Das Normas Gerais de Circulação e Conduta (arts. 26 a 67 da Lei nº 9.503/1997),CERTO_ERRADO,CERTO,,,1 ano; art. 311; multa
28228,False,historical_question_generate_applied_card,Das Normas Gerais de Circulação e Conduta (arts. 26 a 67 da Lei nº 9.503/1997),CERTO_ERRADO,ERRADO,,,50%; infração; gravíssima; sinalização
28229,False,historical_question_generate_applied_card,Das Normas Gerais de Circulação e Conduta (arts. 26 a 67 da Lei nº 9.503/1997),CERTO_ERRADO,B,,,
28231,False,historical_question_generate_applied_card,Das Normas Gerais de Circulação e Conduta (arts. 26 a 67 da Lei nº 9.503/1997),CERTO_ERRADO,CERTO,,,sinalização
28238,False,historical_question_generate_applied_card,Das Normas Gerais de Circulação e Conduta (arts. 26 a 67 da Lei nº 9.503/1997),CERTO_ERRADO,,,,
28239,False,historical_question_generate_applied_card,Das Normas Gerais de Circulação e Conduta (arts. 26 a 67 da Lei nº 9.503/1997),CERTO_ERRADO,ERRADO,,,
28240,False,historical_question_generate_applied_card,Das Normas Gerais de Circulação e Conduta (arts. 26 a 67 da Lei nº 9.503/1997),CERTO_ERRADO,ERRADO,,,
28241,False,historical_question_generate_applied_card,Das Normas Gerais de Circulação e Conduta (arts. 26 a 67 da Lei nº 9.503/1997),CERTO_ERRADO,ERRADO,,,
28242,False,historical_question_generate_applied_card,Das Normas Gerais de Circulação e Conduta (arts. 26 a 67 da Lei nº 9.503/1997),CERTO_ERRADO,CERTO,,,sinalização
28243,False,historical_question_generate_applied_card,Das Normas Gerais de Circulação e Conduta (arts. 26 a 67 da Lei nº 9.503/1997),CERTO_ERRADO,ERRADO,,,
202736,False,historical_question_generate_applied_card,Das Normas Gerais de Circulação e Conduta (arts. 26 a 67 da Lei nº 9.503/1997),MULTIPLA_ESCOLHA,A,,,sinalização
477797,False,historical_question_generate_applied_card,Das Normas Gerais de Circulação e Conduta (arts. 26 a 67 da Lei nº 9.503/1997),MULTIPLA_ESCOLHA,A,,,sinalização; buzina
778168,False,historical_question_generate_applied_card,Das Normas Gerais de Circulação e Conduta (arts. 26 a 67 da Lei nº 9.503/1997),CERTO_ERRADO,C,,,sinalização
810480,False,historical_question_generate_applied_card,Das Normas Gerais de Circulação e Conduta (arts. 26 a 67 da Lei nº 9.503/1997),MULTIPLA_ESCOLHA,B,,,
931568,False,historical_question_generate_applied_card,Das Normas Gerais de Circulação e Conduta (arts. 26 a 67 da Lei nº 9.503/1997),MULTIPLA_ESCOLHA,,,,sinalização
1002866,False,historical_question_generate_applied_card,Das Normas Gerais de Circulação e Conduta (arts. 26 a 67 da Lei nº 9.503/1997),MULTIPLA_ESCOLHA,E,,,sinalização
1024879,False,historical_question_generate_applied_card,Das Normas Gerais de Circulação e Conduta (arts. 26 a 67 da Lei nº 9.503/1997),MULTIPLA_ESCOLHA,E,,,
1144054,False,historical_question_generate_applied_card,Das Normas Gerais de Circulação e Conduta (arts. 26 a 67 da Lei nº 9.503/1997),CERTO_ERRADO,ERRADO,,,
1484853,False,historical_question_generate_applied_card,Das Normas Gerais de Circulação e Conduta (arts. 26 a 67 da Lei nº 9.503/1997),MULTIPLA_ESCOLHA,A,,,
1489564,False,historical_question_generate_applied_card,Das Normas Gerais de Circulação e Conduta (arts. 26 a 67 da Lei nº 9.503/1997),CERTO_ERRADO,ERRADO,,,sinalização
1489565,False,historical_question_generate_applied_card,Das Normas Gerais de Circulação e Conduta (arts. 26 a 67 da Lei nº 9.503/1997),CERTO_ERRADO,CERTO,,,sinalização
1489566,False,historical_question_generate_applied_card,Das Normas Gerais de Circulação e Conduta (arts. 26 a 67 da Lei nº 9.503/1997),CERTO_ERRADO,B,,,sinalização
1489567,False,historical_question_generate_applied_card,Das Normas Gerais de Circulação e Conduta (arts. 26 a 67 da Lei nº 9.503/1997),CERTO_ERRADO,CERTO,,,sinalização
1490436,False,historical_question_generate_applied_card,Das Normas Gerais de Circulação e Conduta (arts. 26 a 67 da Lei nº 9.503/1997),CERTO_ERRADO,CERTO,,,sinalização
1490441,False,historical_question_generate_applied_card,Das Normas Gerais de Circulação e Conduta (arts. 26 a 67 da Lei nº 9.503/1997),CERTO_ERRADO,ERRADO,,,baixa; luz baixa
1490443,False,historical_question_generate_applied_card,Das Normas Gerais de Circulação e Conduta (arts. 26 a 67 da Lei nº 9.503/1997),CERTO_ERRADO,ERRADO,,,
1490449,False,historical_question_generate_applied_card,Das Normas Gerais de Circulação e Conduta (arts. 26 a 67 da Lei nº 9.503/1997),CERTO_ERRADO,CERTO,,,
1490452,False,historical_question_generate_applied_card,Das Normas Gerais de Circulação e Conduta (arts. 26 a 67 da Lei nº 9.503/1997),CERTO_ERRADO,ERRADO,,,
1490453,False,historical_question_generate_applied_card,Das Normas Gerais de Circulação e Conduta (arts. 26 a 67 da Lei nº 9.503/1997),CERTO_ERRADO,ERRADO,,,
1490459,False,historical_question_generate_applied_card,Das Normas Gerais de Circulação e Conduta (arts. 26 a 67 da Lei nº 9.503/1997),CERTO_ERRADO,A,,,Resolução n.º 277/2008; sinalização
1490461,False,historical_question_generate_applied_card,Das Normas Gerais de Circulação e Conduta (arts. 26 a 67 da Lei nº 9.503/1997),CERTO_ERRADO,ERRADO,,,sinalização
1490464,False,historical_question_generate_applied_card,Das Normas Gerais de Circulação e Conduta (arts. 26 a 67 da Lei nº 9.503/1997),CERTO_ERRADO,CERTO,,,80%; sinalização
1490478,False,historical_question_generate_applied_card,Das Normas Gerais de Circulação e Conduta (arts. 26 a 67 da Lei nº 9.503/1997),CERTO_ERRADO,CERTO,,,
1490482,False,historical_question_generate_applied_card,Das Normas Gerais de Circulação e Conduta (arts. 26 a 67 da Lei nº 9.503/1997),CERTO_ERRADO,ERRADO,,,sinalização
1490483,False,historical_question_generate_applied_card,Das Normas Gerais de Circulação e Conduta (arts. 26 a 67 da Lei nº 9.503/1997),CERTO_ERRADO,ERRADO,,,
1490484,False,historical_question_generate_applied_card,Das Normas Gerais de Circulação e Conduta (arts. 26 a 67 da Lei nº 9.503/1997),CERTO_ERRADO,ERRADO,,,
1521245,False,historical_question_generate_applied_card,Das Normas Gerais de Circulação e Conduta (arts. 26 a 67 da Lei nº 9.503/1997),CERTO_ERRADO,ERRADO,,,
1521246,False,historical_question_generate_applied_card,Das Normas Gerais de Circulação e Conduta (arts. 26 a 67 da Lei nº 9.503/1997),CERTO_ERRADO,ERRADO,,,
1521247,False,historical_question_generate_applied_card,Das Normas Gerais de Circulação e Conduta (arts. 26 a 67 da Lei nº 9.503/1997),CERTO_ERRADO,CERTO,,,
1521249,False,historical_question_generate_applied_card,Das Normas Gerais de Circulação e Conduta (arts. 26 a 67 da Lei nº 9.503/1997),CERTO_ERRADO,ERRADO,,,luz alta
1521251,False,historical_question_generate_applied_card,Das Normas Gerais de Circulação e Conduta (arts. 26 a 67 da Lei nº 9.503/1997),CERTO_ERRADO,ERRADO,,,baixa; luz baixa
1521252,False,historical_question_generate_applied_card,Das Normas Gerais de Circulação e Conduta (arts. 26 a 67 da Lei nº 9.503/1997),CERTO_ERRADO,CERTO,,,sinalização
1521254,False,historical_question_generate_applied_card,Das Normas Gerais de Circulação e Conduta (arts. 26 a 67 da Lei nº 9.503/1997),CERTO_ERRADO,ERRADO,,,retenção; peso
1525659,False,historical_question_generate_applied_card,Das Normas Gerais de Circulação e Conduta (arts. 26 a 67 da Lei nº 9.503/1997),CERTO_ERRADO,CERTO,,,baixa; luz baixa
1525661,False,historical_question_generate_applied_card,Das Normas Gerais de Circulação e Conduta (arts. 26 a 67 da Lei nº 9.503/1997),CERTO_ERRADO,CERTO,,,
1525684,False,historical_question_generate_applied_card,Das Normas Gerais de Circulação e Conduta (arts. 26 a 67 da Lei nº 9.503/1997),CERTO_ERRADO,CERTO,,,baixa; luz baixa
1572188,False,historical_question_generate_applied_card,Das Normas Gerais de Circulação e Conduta (arts. 26 a 67 da Lei nº 9.503/1997),MULTIPLA_ESCOLHA,D,,,sinalização
1572189,False,historical_question_generate_applied_card,Das Normas Gerais de Circulação e Conduta (arts. 26 a 67 da Lei nº 9.503/1997),MULTIPLA_ESCOLHA,C,,,sinalização
1572190,False,historical_question_generate_applied_card,Das Normas Gerais de Circulação e Conduta (arts. 26 a 67 da Lei nº 9.503/1997),MULTIPLA_ESCOLHA,B,,,baixa; pisca-alerta; luz baixa; luz alta
1572191,False,historical_question_generate_applied_card,Das Normas Gerais de Circulação e Conduta (arts. 26 a 67 da Lei nº 9.503/1997),MULTIPLA_ESCOLHA,A,,,
1573553,False,historical_question_generate_applied_card,Das Normas Gerais de Circulação e Conduta (arts. 26 a 67 da Lei nº 9.503/1997),CERTO_ERRADO,ERRADO,,,sinalização
1573554,False,historical_question_generate_applied_card,Das Normas Gerais de Circulação e Conduta (arts. 26 a 67 da Lei nº 9.503/1997),CERTO_ERRADO,CERTO,,,
1573555,False,historical_question_generate_applied_card,Das Normas Gerais de Circulação e Conduta (arts. 26 a 67 da Lei nº 9.503/1997),CERTO_ERRADO,CERTO,,,
1573557,False,historical_question_generate_applied_card,Das Normas Gerais de Circulação e Conduta (arts. 26 a 67 da Lei nº 9.503/1997),CERTO_ERRADO,ERRADO,,,
1576569,False,historical_question_generate_applied_card,Das Normas Gerais de Circulação e Conduta (arts. 26 a 67 da Lei nº 9.503/1997),CERTO_ERRADO,C,,,
1576570,False,historical_question_generate_applied_card,Das Normas Gerais de Circulação e Conduta (arts. 26 a 67 da Lei nº 9.503/1997),CERTO_ERRADO,C,,,
1577630,False,historical_question_generate_applied_card,Das Normas Gerais de Circulação e Conduta (arts. 26 a 67 da Lei nº 9.503/1997),CERTO_ERRADO,C,,,
1577631,False,historical_question_generate_applied_card,Das Normas Gerais de Circulação e Conduta (arts. 26 a 67 da Lei nº 9.503/1997),CERTO_ERRADO,C,,,
1593282,False,historical_question_generate_applied_card,Das Normas Gerais de Circulação e Conduta (arts. 26 a 67 da Lei nº 9.503/1997),MULTIPLA_ESCOLHA,C,,,habilitação; infração; grave; multa
1611233,False,historical_question_generate_applied_card,Das Normas Gerais de Circulação e Conduta (arts. 26 a 67 da Lei nº 9.503/1997),CERTO_ERRADO,C,,,sinalização
1743674,False,historical_question_generate_applied_card,Das Normas Gerais de Circulação e Conduta (arts. 26 a 67 da Lei nº 9.503/1997),MULTIPLA_ESCOLHA,A,,,sinalização
2025453,False,historical_question_generate_applied_card,Das Normas Gerais de Circulação e Conduta (arts. 26 a 67 da Lei nº 9.503/1997),MULTIPLA_ESCOLHA,B,,,
2116736,False,historical_question_generate_applied_card,Das Normas Gerais de Circulação e Conduta (arts. 26 a 67 da Lei nº 9.503/1997),MULTIPLA_ESCOLHA,A,,,baixa; luz baixa
2465541,False,historical_question_generate_applied_card,Das Normas Gerais de Circulação e Conduta (arts. 26 a 67 da Lei nº 9.503/1997),MULTIPLA_ESCOLHA,B,,,baixa; luz baixa
2465548,False,historical_question_generate_applied_card,Das Normas Gerais de Circulação e Conduta (arts. 26 a 67 da Lei nº 9.503/1997),MULTIPLA_ESCOLHA,B,,,
28163,False,historical_question_generate_applied_card,Das Penalidades (arts. 256 a 268-A da Lei nº 9.503/1997),CERTO_ERRADO,ERRADO,,,habilitação; grave; gravíssima; multa
28164,False,historical_question_generate_applied_card,Das Penalidades (arts. 256 a 268-A da Lei nº 9.503/1997),CERTO_ERRADO,ERRADO,,,1 ano; infração; multa
118053,False,historical_question_generate_applied_card,Das Penalidades (arts. 256 a 268-A da Lei nº 9.503/1997),CERTO_ERRADO,CERTO,,,
434571,False,historical_question_generate_applied_card,Das Penalidades (arts. 256 a 268-A da Lei nº 9.503/1997),MULTIPLA_ESCOLHA,E,,,habilitação
706845,False,historical_question_generate_applied_card,Das Penalidades (arts. 256 a 268-A da Lei nº 9.503/1997),MULTIPLA_ESCOLHA,A,,,infração; grave; gravíssima
778162,False,historical_question_generate_applied_card,Das Penalidades (arts. 256 a 268-A da Lei nº 9.503/1997),CERTO_ERRADO,,,,infração; multa
778163,False,historical_question_generate_applied_card,Das Penalidades (arts. 256 a 268-A da Lei nº 9.503/1997),CERTO_ERRADO,,,,multa
778166,False,historical_question_generate_applied_card,Das Penalidades (arts. 256 a 268-A da Lei nº 9.503/1997),CERTO_ERRADO,E,,,
820248,False,historical_question_generate_applied_card,Das Penalidades (arts. 256 a 268-A da Lei nº 9.503/1997),MULTIPLA_ESCOLHA,A,,,infração; grave; gravíssima
849148,False,historical_question_generate_applied_card,Das Penalidades (arts. 256 a 268-A da Lei nº 9.503/1997),MULTIPLA_ESCOLHA,C,,,Resolução Nº 442/2013; Resolução Nº 404/2012; art. 267; infração; grave; gravíssima; multa
1402664,False,historical_question_generate_applied_card,Das Penalidades (arts. 256 a 268-A da Lei nº 9.503/1997),CERTO_ERRADO,C,,,
1402666,False,historical_question_generate_applied_card,Das Penalidades (arts. 256 a 268-A da Lei nº 9.503/1997),CERTO_ERRADO,C,,,
1402669,False,historical_question_generate_applied_card,Das Penalidades (arts. 256 a 268-A da Lei nº 9.503/1997),CERTO_ERRADO,E,,,infração
1403460,False,historical_question_generate_applied_card,Das Penalidades (arts. 256 a 268-A da Lei nº 9.503/1997),CERTO_ERRADO,CERTO,,,infração; multa; peso; dimensões
1403523,False,historical_question_generate_applied_card,Das Penalidades (arts. 256 a 268-A da Lei nº 9.503/1997),CERTO_ERRADO,E,,,infração; multa
1403528,False,historical_question_generate_applied_card,Das Penalidades (arts. 256 a 268-A da Lei nº 9.503/1997),CERTO_ERRADO,E,,,
1490437,False,historical_question_generate_applied_card,Das Penalidades (arts. 256 a 268-A da Lei nº 9.503/1997),CERTO_ERRADO,ERRADO,,,habilitação
1490438,False,historical_question_generate_applied_card,Das Penalidades (arts. 256 a 268-A da Lei nº 9.503/1997),CERTO_ERRADO,ERRADO,,,habilitação
1490440,False,historical_question_generate_applied_card,Das Penalidades (arts. 256 a 268-A da Lei nº 9.503/1997),CERTO_ERRADO,ERRADO,,,infração; grave; multa
1521297,False,historical_question_generate_applied_card,Das Penalidades (arts. 256 a 268-A da Lei nº 9.503/1997),CERTO_ERRADO,CERTO,,,infração
1521298,False,historical_question_generate_applied_card,Das Penalidades (arts. 256 a 268-A da Lei nº 9.503/1997),CERTO_ERRADO,CERTO,,,
1521300,False,historical_question_generate_applied_card,Das Penalidades (arts. 256 a 268-A da Lei nº 9.503/1997),CERTO_ERRADO,ERRADO,,,infração; gravíssima
1521302,False,historical_question_generate_applied_card,Das Penalidades (arts. 256 a 268-A da Lei nº 9.503/1997),CERTO_ERRADO,CERTO,,,infração; gravíssima
1521305,False,historical_question_generate_applied_card,Das Penalidades (arts. 256 a 268-A da Lei nº 9.503/1997),CERTO_ERRADO,ERRADO,,,
1521306,False,historical_question_generate_applied_card,Das Penalidades (arts. 256 a 268-A da Lei nº 9.503/1997),CERTO_ERRADO,ERRADO,,,multa
1521308,False,historical_question_generate_applied_card,Das Penalidades (arts. 256 a 268-A da Lei nº 9.503/1997),CERTO_ERRADO,CERTO,,,infração; multa
1521309,False,historical_question_generate_applied_card,Das Penalidades (arts. 256 a 268-A da Lei nº 9.503/1997),CERTO_ERRADO,ERRADO,,,
1521311,False,historical_question_generate_applied_card,Das Penalidades (arts. 256 a 268-A da Lei nº 9.503/1997),CERTO_ERRADO,CERTO,,,
1521313,False,historical_question_generate_applied_card,Das Penalidades (arts. 256 a 268-A da Lei nº 9.503/1997),CERTO_ERRADO,CERTO,,,
1525674,False,historical_question_generate_applied_card,Das Penalidades (arts. 256 a 268-A da Lei nº 9.503/1997),CERTO_ERRADO,ERRADO,,,
1525675,False,historical_question_generate_applied_card,Das Penalidades (arts. 256 a 268-A da Lei nº 9.503/1997),CERTO_ERRADO,ERRADO,,,infração
1525677,False,historical_question_generate_applied_card,Das Penalidades (arts. 256 a 268-A da Lei nº 9.503/1997),CERTO_ERRADO,CERTO,,,infração
1525679,False,historical_question_generate_applied_card,Das Penalidades (arts. 256 a 268-A da Lei nº 9.503/1997),CERTO_ERRADO,CERTO,,,habilitação
1525695,False,historical_question_generate_applied_card,Das Penalidades (arts. 256 a 268-A da Lei nº 9.503/1997),CERTO_ERRADO,CERTO,,,
1525701,False,historical_question_generate_applied_card,Das Penalidades (arts. 256 a 268-A da Lei nº 9.503/1997),CERTO_ERRADO,CERTO,,,gravíssima
1577043,False,historical_question_generate_applied_card,Das Penalidades (arts. 256 a 268-A da Lei nº 9.503/1997),CERTO_ERRADO,B,,,infração; multa
1577062,False,historical_question_generate_applied_card,Das Penalidades (arts. 256 a 268-A da Lei nº 9.503/1997),CERTO_ERRADO,C,,,infração; álcool
1587780,False,historical_question_generate_applied_card,Das Penalidades (arts. 256 a 268-A da Lei nº 9.503/1997),MULTIPLA_ESCOLHA,C,,,habilitação; infração; gravíssima
1820856,False,historical_question_generate_applied_card,Das Penalidades (arts. 256 a 268-A da Lei nº 9.503/1997),MULTIPLA_ESCOLHA,E,,,infração; multa
1944607,False,historical_question_generate_applied_card,Das Penalidades (arts. 256 a 268-A da Lei nº 9.503/1997),MULTIPLA_ESCOLHA,C,,,infração
1969479,False,historical_question_generate_applied_card,Das Penalidades (arts. 256 a 268-A da Lei nº 9.503/1997),MULTIPLA_ESCOLHA,E,,,art. 259; infração; gravíssima
2115679,False,historical_question_generate_applied_card,Das Penalidades (arts. 256 a 268-A da Lei nº 9.503/1997),MULTIPLA_ESCOLHA,B,,,habilitação
27870,False,historical_question_generate_applied_card,Demais Resoluções CONTRAN,MULTIPLA_ESCOLHA,,,,infração; multa; remoção
27877,False,historical_question_generate_applied_card,Demais Resoluções CONTRAN,MULTIPLA_ESCOLHA,,,,120 dias; peso
27882,False,historical_question_generate_applied_card,Demais Resoluções CONTRAN,MULTIPLA_ESCOLHA,B,,,peso
27884,False,historical_question_generate_applied_card,Demais Resoluções CONTRAN,MULTIPLA_ESCOLHA,B,,,infração; sinalização
27890,False,historical_question_generate_applied_card,Demais Resoluções CONTRAN,MULTIPLA_ESCOLHA,B,,,5%; 10%; infração; multa; remoção; peso
28220,False,historical_question_generate_applied_card,Demais Resoluções CONTRAN,CERTO_ERRADO,ERRADO,,,
28254,False,historical_question_generate_applied_card,Demais Resoluções CONTRAN,CERTO_ERRADO,ERRADO,,,infração; capacete; viseira
28261,False,historical_question_generate_applied_card,Demais Resoluções CONTRAN,CERTO_ERRADO,ERRADO,,,
300180,False,historical_question_generate_applied_card,Demais Resoluções CONTRAN,MULTIPLA_ESCOLHA,D,,,infração; multa
300181,False,historical_question_generate_applied_card,Demais Resoluções CONTRAN,MULTIPLA_ESCOLHA,C,,,peso
517988,False,historical_question_generate_applied_card,Demais Resoluções CONTRAN,MULTIPLA_ESCOLHA,D,,,infração; grave; peso; dimensões
624728,False,historical_question_generate_applied_card,Demais Resoluções CONTRAN,MULTIPLA_ESCOLHA,D,,,Resolução nº 624; art. 1º; buzina
715538,False,historical_question_generate_applied_card,Demais Resoluções CONTRAN,MULTIPLA_ESCOLHA,A,,,sinalização
778176,False,historical_question_generate_applied_card,Demais Resoluções CONTRAN,CERTO_ERRADO,A,,,
778192,False,historical_question_generate_applied_card,Demais Resoluções CONTRAN,CERTO_ERRADO,E,,,multa
807286,False,historical_question_generate_applied_card,Demais Resoluções CONTRAN,MULTIPLA_ESCOLHA,B,,,habilitação
876889,False,historical_question_generate_applied_card,Demais Resoluções CONTRAN,CERTO_ERRADO,CERTO,,,multa; sinalização
878836,False,historical_question_generate_applied_card,Demais Resoluções CONTRAN,MULTIPLA_ESCOLHA,C,,,64%; Resolução Nº 18/98
878845,False,historical_question_generate_applied_card,Demais Resoluções CONTRAN,MULTIPLA_ESCOLHA,,,,habilitação
920559,False,historical_question_generate_applied_card,Demais Resoluções CONTRAN,MULTIPLA_ESCOLHA,,,,
1119546,False,historical_question_generate_applied_card,Demais Resoluções CONTRAN,MULTIPLA_ESCOLHA,D,,,Resolução nº 624/2016; Art. 228; Art. 1; Art. 1º; infração; buzina
1191724,False,historical_question_generate_applied_card,Demais Resoluções CONTRAN,MULTIPLA_ESCOLHA,,,,habilitação
1191777,False,historical_question_generate_applied_card,Demais Resoluções CONTRAN,MULTIPLA_ESCOLHA,C,,,sinalização
1201312,False,historical_question_generate_applied_card,Demais Resoluções CONTRAN,MULTIPLA_ESCOLHA,B,,,habilitação
1213370,False,historical_question_generate_applied_card,Demais Resoluções CONTRAN,MULTIPLA_ESCOLHA,D,,,
1336584,False,historical_question_generate_applied_card,Demais Resoluções CONTRAN,MULTIPLA_ESCOLHA,C,,,Resolução N.º 382/2011; infração; multa
1371121,False,historical_question_generate_applied_card,Demais Resoluções CONTRAN,MULTIPLA_ESCOLHA,B,,,sinalização
1402573,False,historical_question_generate_applied_card,Demais Resoluções CONTRAN,CERTO_ERRADO,E,,,
1402677,False,historical_question_generate_applied_card,Demais Resoluções CONTRAN,CERTO_ERRADO,E,,,
1576693,False,historical_question_generate_applied_card,Demais Resoluções CONTRAN,CERTO_ERRADO,C,,,
1576695,False,historical_question_generate_applied_card,Demais Resoluções CONTRAN,CERTO_ERRADO,ERRADO,,,película; habilitação
1576700,False,historical_question_generate_applied_card,Demais Resoluções CONTRAN,CERTO_ERRADO,C,,,habilitação
1577040,False,historical_question_generate_applied_card,Demais Resoluções CONTRAN,CERTO_ERRADO,C,,,
1611249,False,historical_question_generate_applied_card,Demais Resoluções CONTRAN,CERTO_ERRADO,E,,,
1611264,False,historical_question_generate_applied_card,Demais Resoluções CONTRAN,CERTO_ERRADO,E,,,peso
1611265,False,historical_question_generate_applied_card,Demais Resoluções CONTRAN,CERTO_ERRADO,E,,,5 %; peso
1611266,False,historical_question_generate_applied_card,Demais Resoluções CONTRAN,CERTO_ERRADO,A,,,
1797708,False,historical_question_generate_applied_card,Demais Resoluções CONTRAN,MULTIPLA_ESCOLHA,D,,,
1865800,False,historical_question_generate_applied_card,Demais Resoluções CONTRAN,MULTIPLA_ESCOLHA,C,,,Resolução nº 701
1970088,False,historical_question_generate_applied_card,Demais Resoluções CONTRAN,MULTIPLA_ESCOLHA,D,,,5%; 10%; 13%; 15%; 17%
1971392,False,historical_question_generate_applied_card,Demais Resoluções CONTRAN,MULTIPLA_ESCOLHA,E,,,Resolução nº. 217/06; infração
1971399,False,historical_question_generate_applied_card,Demais Resoluções CONTRAN,MULTIPLA_ESCOLHA,A,,,película; refletiva; peso
2000532,False,historical_question_generate_applied_card,Demais Resoluções CONTRAN,MULTIPLA_ESCOLHA,D,,,Resolução CONTRAN Nº 233/2007
2002334,False,historical_question_generate_applied_card,Demais Resoluções CONTRAN,MULTIPLA_ESCOLHA,A,,,habilitação
2003212,False,historical_question_generate_applied_card,Demais Resoluções CONTRAN,MULTIPLA_ESCOLHA,C,,,
2003392,False,historical_question_generate_applied_card,Demais Resoluções CONTRAN,MULTIPLA_ESCOLHA,D,,,
2011766,False,historical_question_generate_applied_card,Demais Resoluções CONTRAN,MULTIPLA_ESCOLHA,,,,Resolução nº 299/2008; infração; multa
2011769,False,historical_question_generate_applied_card,Demais Resoluções CONTRAN,MULTIPLA_ESCOLHA,E,,,Resolução nº 66/1998; infração
2011880,False,historical_question_generate_applied_card,Demais Resoluções CONTRAN,MULTIPLA_ESCOLHA,,,,Resolução nº 299/2008; multa
2017207,False,historical_question_generate_applied_card,Demais Resoluções CONTRAN,MULTIPLA_ESCOLHA,,,,
2017212,False,historical_question_generate_applied_card,Demais Resoluções CONTRAN,MULTIPLA_ESCOLHA,B,,,
2066601,False,historical_question_generate_applied_card,Demais Resoluções CONTRAN,MULTIPLA_ESCOLHA,E,,,
367428,False,historical_question_generate_applied_card,Disposições Finais e Transitórias do CTB (arts. 313 a 341 da Lei nº 9.503/1997),MULTIPLA_ESCOLHA,A,,,habilitação; multa
376960,False,historical_question_generate_applied_card,Disposições Finais e Transitórias do CTB (arts. 313 a 341 da Lei nº 9.503/1997),MULTIPLA_ESCOLHA,A,,,multa; sinalização
535353,False,historical_question_generate_applied_card,Disposições Finais e Transitórias do CTB (arts. 313 a 341 da Lei nº 9.503/1997),MULTIPLA_ESCOLHA,C,,,escolares
619953,False,historical_question_generate_applied_card,Disposições Finais e Transitórias do CTB (arts. 313 a 341 da Lei nº 9.503/1997),MULTIPLA_ESCOLHA,D,,,
625999,False,historical_question_generate_applied_card,Disposições Finais e Transitórias do CTB (arts. 313 a 341 da Lei nº 9.503/1997),MULTIPLA_ESCOLHA,B,,,habilitação; infração; multa; sinalização
677913,False,historical_question_generate_applied_card,Disposições Finais e Transitórias do CTB (arts. 313 a 341 da Lei nº 9.503/1997),MULTIPLA_ESCOLHA,E,,,art. 320; multa; sinalização
713255,False,historical_question_generate_applied_card,Disposições Finais e Transitórias do CTB (arts. 313 a 341 da Lei nº 9.503/1997),MULTIPLA_ESCOLHA,B,,,multa
752155,False,historical_question_generate_applied_card,Disposições Finais e Transitórias do CTB (arts. 313 a 341 da Lei nº 9.503/1997),MULTIPLA_ESCOLHA,C,,,categoria e; habilitação
752504,False,historical_question_generate_applied_card,Disposições Finais e Transitórias do CTB (arts. 313 a 341 da Lei nº 9.503/1997),MULTIPLA_ESCOLHA,B,,,
807281,False,historical_question_generate_applied_card,Disposições Finais e Transitórias do CTB (arts. 313 a 341 da Lei nº 9.503/1997),MULTIPLA_ESCOLHA,A,,,
811058,False,historical_question_generate_applied_card,Disposições Finais e Transitórias do CTB (arts. 313 a 341 da Lei nº 9.503/1997),MULTIPLA_ESCOLHA,C,,,
844999,False,historical_question_generate_applied_card,Disposições Finais e Transitórias do CTB (arts. 313 a 341 da Lei nº 9.503/1997),MULTIPLA_ESCOLHA,B,,,habilitação; infração
874683,False,historical_question_generate_applied_card,Disposições Finais e Transitórias do CTB (arts. 313 a 341 da Lei nº 9.503/1997),CERTO_ERRADO,E,,,
876891,False,historical_question_generate_applied_card,Disposições Finais e Transitórias do CTB (arts. 313 a 341 da Lei nº 9.503/1997),CERTO_ERRADO,ERRADO,,,multa
886434,False,historical_question_generate_applied_card,Disposições Finais e Transitórias do CTB (arts. 313 a 341 da Lei nº 9.503/1997),MULTIPLA_ESCOLHA,D,,,
916839,False,historical_question_generate_applied_card,Disposições Finais e Transitórias do CTB (arts. 313 a 341 da Lei nº 9.503/1997),MULTIPLA_ESCOLHA,B,,,remoção
986288,False,historical_question_generate_applied_card,Disposições Finais e Transitórias do CTB (arts. 313 a 341 da Lei nº 9.503/1997),MULTIPLA_ESCOLHA,B,,,multa
1003981,False,historical_question_generate_applied_card,Disposições Finais e Transitórias do CTB (arts. 313 a 341 da Lei nº 9.503/1997),MULTIPLA_ESCOLHA,D,,,multa; sinalização
1090611,False,historical_question_generate_applied_card,Disposições Finais e Transitórias do CTB (arts. 313 a 341 da Lei nº 9.503/1997),MULTIPLA_ESCOLHA,A,,,180 dias; multa
1127221,False,historical_question_generate_applied_card,Disposições Finais e Transitórias do CTB (arts. 313 a 341 da Lei nº 9.503/1997),MULTIPLA_ESCOLHA,D,,,
1129590,False,historical_question_generate_applied_card,Disposições Finais e Transitórias do CTB (arts. 313 a 341 da Lei nº 9.503/1997),MULTIPLA_ESCOLHA,D,,,
1136039,False,historical_question_generate_applied_card,Disposições Finais e Transitórias do CTB (arts. 313 a 341 da Lei nº 9.503/1997),MULTIPLA_ESCOLHA,A,,,multa; sinalização
1142122,False,historical_question_generate_applied_card,Disposições Finais e Transitórias do CTB (arts. 313 a 341 da Lei nº 9.503/1997),MULTIPLA_ESCOLHA,C,,,10%; 20%; 5%; 15%; 30%; multa
1356767,False,historical_question_generate_applied_card,Disposições Finais e Transitórias do CTB (arts. 313 a 341 da Lei nº 9.503/1997),MULTIPLA_ESCOLHA,B,,,
1388875,False,historical_question_generate_applied_card,Disposições Finais e Transitórias do CTB (arts. 313 a 341 da Lei nº 9.503/1997),MULTIPLA_ESCOLHA,B,,,multa; sinalização
1563390,False,historical_question_generate_applied_card,Disposições Finais e Transitórias do CTB (arts. 313 a 341 da Lei nº 9.503/1997),MULTIPLA_ESCOLHA,E,,,habilitação; infração
1563392,False,historical_question_generate_applied_card,Disposições Finais e Transitórias do CTB (arts. 313 a 341 da Lei nº 9.503/1997),MULTIPLA_ESCOLHA,A,,,
1569974,False,historical_question_generate_applied_card,Disposições Finais e Transitórias do CTB (arts. 313 a 341 da Lei nº 9.503/1997),MULTIPLA_ESCOLHA,C,,,6 anos; 2 anos; 5 anos; 8 anos; 10 anos
1578030,False,historical_question_generate_applied_card,Disposições Finais e Transitórias do CTB (arts. 313 a 341 da Lei nº 9.503/1997),MULTIPLA_ESCOLHA,C,,,Art. 328
1593387,False,historical_question_generate_applied_card,Disposições Finais e Transitórias do CTB (arts. 313 a 341 da Lei nº 9.503/1997),MULTIPLA_ESCOLHA,B,,,
1661707,False,historical_question_generate_applied_card,Disposições Finais e Transitórias do CTB (arts. 313 a 341 da Lei nº 9.503/1997),MULTIPLA_ESCOLHA,A,,,5%; 10%; 20%; 30%; 40%; multa; sinalização
1701315,False,historical_question_generate_applied_card,Disposições Finais e Transitórias do CTB (arts. 313 a 341 da Lei nº 9.503/1997),MULTIPLA_ESCOLHA,C,,,escolares
1701322,False,historical_question_generate_applied_card,Disposições Finais e Transitórias do CTB (arts. 313 a 341 da Lei nº 9.503/1997),MULTIPLA_ESCOLHA,D,,,
1752818,False,historical_question_generate_applied_card,Disposições Finais e Transitórias do CTB (arts. 313 a 341 da Lei nº 9.503/1997),MULTIPLA_ESCOLHA,B,,,Art. 328
1962888,False,historical_question_generate_applied_card,Disposições Finais e Transitórias do CTB (arts. 313 a 341 da Lei nº 9.503/1997),MULTIPLA_ESCOLHA,C,,,
2115669,False,historical_question_generate_applied_card,Disposições Finais e Transitórias do CTB (arts. 313 a 341 da Lei nº 9.503/1997),MULTIPLA_ESCOLHA,B,,,
2143102,False,historical_question_generate_applied_card,Disposições Finais e Transitórias do CTB (arts. 313 a 341 da Lei nº 9.503/1997),MULTIPLA_ESCOLHA,A,,,
2143105,False,historical_question_generate_applied_card,Disposições Finais e Transitórias do CTB (arts. 313 a 341 da Lei nº 9.503/1997),MULTIPLA_ESCOLHA,B,,,
312774,False,historical_question_generate_applied_card,Disposições Preliminares (arts. 1º a 4º da Lei nº 9.503/1997),MULTIPLA_ESCOLHA,E,,,
624798,False,historical_question_generate_applied_card,Disposições Preliminares (arts. 1º a 4º da Lei nº 9.503/1997),MULTIPLA_ESCOLHA,D,,,
704973,False,historical_question_generate_applied_card,Disposições Preliminares (arts. 1º a 4º da Lei nº 9.503/1997),MULTIPLA_ESCOLHA,B,,,multa
712682,False,historical_question_generate_applied_card,Disposições Preliminares (arts. 1º a 4º da Lei nº 9.503/1997),MULTIPLA_ESCOLHA,B,,,
920679,False,historical_question_generate_applied_card,Disposições Preliminares (arts. 1º a 4º da Lei nº 9.503/1997),MULTIPLA_ESCOLHA,A,,,
1192765,False,historical_question_generate_applied_card,Disposições Preliminares (arts. 1º a 4º da Lei nº 9.503/1997),MULTIPLA_ESCOLHA,D,,,sinalização
1259552,False,historical_question_generate_applied_card,Disposições Preliminares (arts. 1º a 4º da Lei nº 9.503/1997),MULTIPLA_ESCOLHA,A,,,
1400755,False,historical_question_generate_applied_card,Disposições Preliminares (arts. 1º a 4º da Lei nº 9.503/1997),CERTO_ERRADO,A,,,
1402899,False,historical_question_generate_applied_card,Disposições Preliminares (arts. 1º a 4º da Lei nº 9.503/1997),CERTO_ERRADO,A,,,
1513200,False,historical_question_generate_applied_card,Disposições Preliminares (arts. 1º a 4º da Lei nº 9.503/1997),MULTIPLA_ESCOLHA,B,,,
1577114,False,historical_question_generate_applied_card,Disposições Preliminares (arts. 1º a 4º da Lei nº 9.503/1997),CERTO_ERRADO,B,,,
1820535,False,historical_question_generate_applied_card,Disposições Preliminares (arts. 1º a 4º da Lei nº 9.503/1997),MULTIPLA_ESCOLHA,B,,,
27964,False,historical_question_generate_applied_card,Do Cidadão e Educação para o Trânsito (arts 72 a 79 da Lei nº 9.503/1997),CERTO_ERRADO,ERRADO,,,10%; 35 anos; escolares
27968,False,historical_question_generate_applied_card,Do Cidadão e Educação para o Trânsito (arts 72 a 79 da Lei nº 9.503/1997),CERTO_ERRADO,CERTO,,,
363322,False,historical_question_generate_applied_card,Do Cidadão e Educação para o Trânsito (arts 72 a 79 da Lei nº 9.503/1997),MULTIPLA_ESCOLHA,D,,,20%
366868,False,historical_question_generate_applied_card,Do Cidadão e Educação para o Trânsito (arts 72 a 79 da Lei nº 9.503/1997),MULTIPLA_ESCOLHA,B,,,
542009,False,historical_question_generate_applied_card,Do Cidadão e Educação para o Trânsito (arts 72 a 79 da Lei nº 9.503/1997),MULTIPLA_ESCOLHA,,,,sinalização
707039,False,historical_question_generate_applied_card,Do Cidadão e Educação para o Trânsito (arts 72 a 79 da Lei nº 9.503/1997),CERTO_ERRADO,E,,,
707041,False,historical_question_generate_applied_card,Do Cidadão e Educação para o Trânsito (arts 72 a 79 da Lei nº 9.503/1997),CERTO_ERRADO,C,,,
1100692,False,historical_question_generate_applied_card,Do Cidadão e Educação para o Trânsito (arts 72 a 79 da Lei nº 9.503/1997),MULTIPLA_ESCOLHA,D,,,habilitação; sinalização
1401459,False,historical_question_generate_applied_card,Do Cidadão e Educação para o Trânsito (arts 72 a 79 da Lei nº 9.503/1997),CERTO_ERRADO,C,,,
1403010,False,historical_question_generate_applied_card,Do Cidadão e Educação para o Trânsito (arts 72 a 79 da Lei nº 9.503/1997),CERTO_ERRADO,C,,,
1421834,False,historical_question_generate_applied_card,Do Cidadão e Educação para o Trânsito (arts 72 a 79 da Lei nº 9.503/1997),MULTIPLA_ESCOLHA,C,,,
1563391,False,historical_question_generate_applied_card,Do Cidadão e Educação para o Trânsito (arts 72 a 79 da Lei nº 9.503/1997),MULTIPLA_ESCOLHA,C,,,escolares
1576597,False,historical_question_generate_applied_card,Do Cidadão e Educação para o Trânsito (arts 72 a 79 da Lei nº 9.503/1997),CERTO_ERRADO,ERRADO,,,
1610954,False,historical_question_generate_applied_card,Do Cidadão e Educação para o Trânsito (arts 72 a 79 da Lei nº 9.503/1997),MULTIPLA_ESCOLHA,A,,,infração; multa
2074014,False,historical_question_generate_applied_card,Do Cidadão e Educação para o Trânsito (arts 72 a 79 da Lei nº 9.503/1997),MULTIPLA_ESCOLHA,B,,,habilitação
112173,False,historical_question_generate_applied_card,Do Licenciamento (arts. 130 e 135 da Lei nº 9.503/1997),MULTIPLA_ESCOLHA,E,,,
344874,False,historical_question_generate_applied_card,Do Licenciamento (arts. 130 e 135 da Lei nº 9.503/1997),MULTIPLA_ESCOLHA,A,,,multa
823012,False,historical_question_generate_applied_card,Do Licenciamento (arts. 130 e 135 da Lei nº 9.503/1997),MULTIPLA_ESCOLHA,E,,,
848888,False,historical_question_generate_applied_card,Do Licenciamento (arts. 130 e 135 da Lei nº 9.503/1997),MULTIPLA_ESCOLHA,C,,,Art. 135
934695,False,historical_question_generate_applied_card,Do Licenciamento (arts. 130 e 135 da Lei nº 9.503/1997),MULTIPLA_ESCOLHA,,,,
1177917,False,historical_question_generate_applied_card,Do Licenciamento (arts. 130 e 135 da Lei nº 9.503/1997),MULTIPLA_ESCOLHA,E,,,grave; multa
1403545,False,historical_question_generate_applied_card,Do Licenciamento (arts. 130 e 135 da Lei nº 9.503/1997),CERTO_ERRADO,C,,,
1521261,False,historical_question_generate_applied_card,Do Licenciamento (arts. 130 e 135 da Lei nº 9.503/1997),CERTO_ERRADO,ERRADO,,,
1521262,False,historical_question_generate_applied_card,Do Licenciamento (arts. 130 e 135 da Lei nº 9.503/1997),CERTO_ERRADO,CERTO,,,
1521263,False,historical_question_generate_applied_card,Do Licenciamento (arts. 130 e 135 da Lei nº 9.503/1997),CERTO_ERRADO,CERTO,,,
1521264,False,historical_question_generate_applied_card,Do Licenciamento (arts. 130 e 135 da Lei nº 9.503/1997),CERTO_ERRADO,ERRADO,,,
1663766,False,historical_question_generate_applied_card,Do Licenciamento (arts. 130 e 135 da Lei nº 9.503/1997),CERTO_ERRADO,E,,,
2017200,False,historical_question_generate_applied_card,Do Licenciamento (arts. 130 e 135 da Lei nº 9.503/1997),MULTIPLA_ESCOLHA,E,,,multa
27929,False,historical_question_generate_applied_card,Do Processo Administrativo (arts. 280 a 290 da Lei nº 9.503/1997),CERTO_ERRADO,,,,infração; multa
28039,False,historical_question_generate_applied_card,Do Processo Administrativo (arts. 280 a 290 da Lei nº 9.503/1997),CERTO_ERRADO,,,,50%; infração; multa
333403,False,historical_question_generate_applied_card,Do Processo Administrativo (arts. 280 a 290 da Lei nº 9.503/1997),MULTIPLA_ESCOLHA,E,,,30 dias; infração
845001,False,historical_question_generate_applied_card,Do Processo Administrativo (arts. 280 a 290 da Lei nº 9.503/1997),MULTIPLA_ESCOLHA,C,,,
1169105,False,historical_question_generate_applied_card,Do Processo Administrativo (arts. 280 a 290 da Lei nº 9.503/1997),MULTIPLA_ESCOLHA,B,,,infração; multa
1198977,False,historical_question_generate_applied_card,Do Processo Administrativo (arts. 280 a 290 da Lei nº 9.503/1997),MULTIPLA_ESCOLHA,A,,,multa
1326952,False,historical_question_generate_applied_card,Do Processo Administrativo (arts. 280 a 290 da Lei nº 9.503/1997),CERTO_ERRADO,E,,,infração; multa
1327708,False,historical_question_generate_applied_card,Do Processo Administrativo (arts. 280 a 290 da Lei nº 9.503/1997),MULTIPLA_ESCOLHA,D,,,
1402575,False,historical_question_generate_applied_card,Do Processo Administrativo (arts. 280 a 290 da Lei nº 9.503/1997),CERTO_ERRADO,E,,,45 dias; infração
1402616,False,historical_question_generate_applied_card,Do Processo Administrativo (arts. 280 a 290 da Lei nº 9.503/1997),CERTO_ERRADO,E,,,infração
1402643,False,historical_question_generate_applied_card,Do Processo Administrativo (arts. 280 a 290 da Lei nº 9.503/1997),CERTO_ERRADO,E,,,infração
1402654,False,historical_question_generate_applied_card,Do Processo Administrativo (arts. 280 a 290 da Lei nº 9.503/1997),CERTO_ERRADO,C,,,
1403509,False,historical_question_generate_applied_card,Do Processo Administrativo (arts. 280 a 290 da Lei nº 9.503/1997),CERTO_ERRADO,E,,,infração; gravíssima
1403512,False,historical_question_generate_applied_card,Do Processo Administrativo (arts. 280 a 290 da Lei nº 9.503/1997),CERTO_ERRADO,E,,,infração
1403515,False,historical_question_generate_applied_card,Do Processo Administrativo (arts. 280 a 290 da Lei nº 9.503/1997),CERTO_ERRADO,E,,,infração
1403519,False,historical_question_generate_applied_card,Do Processo Administrativo (arts. 280 a 290 da Lei nº 9.503/1997),CERTO_ERRADO,,,,infração
1521317,False,historical_question_generate_applied_card,Do Processo Administrativo (arts. 280 a 290 da Lei nº 9.503/1997),CERTO_ERRADO,ERRADO,,,infração
1521319,False,historical_question_generate_applied_card,Do Processo Administrativo (arts. 280 a 290 da Lei nº 9.503/1997),CERTO_ERRADO,ERRADO,,,infração
1521320,False,historical_question_generate_applied_card,Do Processo Administrativo (arts. 280 a 290 da Lei nº 9.503/1997),CERTO_ERRADO,CERTO,,,
1521321,False,historical_question_generate_applied_card,Do Processo Administrativo (arts. 280 a 290 da Lei nº 9.503/1997),CERTO_ERRADO,ERRADO,,,50%; infração; multa
1521322,False,historical_question_generate_applied_card,Do Processo Administrativo (arts. 280 a 290 da Lei nº 9.503/1997),CERTO_ERRADO,ERRADO,,,
1521328,False,historical_question_generate_applied_card,Do Processo Administrativo (arts. 280 a 290 da Lei nº 9.503/1997),CERTO_ERRADO,CERTO,,,
1521331,False,historical_question_generate_applied_card,Do Processo Administrativo (arts. 280 a 290 da Lei nº 9.503/1997),CERTO_ERRADO,CERTO,,,infração
1525697,False,historical_question_generate_applied_card,Do Processo Administrativo (arts. 280 a 290 da Lei nº 9.503/1997),CERTO_ERRADO,CERTO,,,infração
1525699,False,historical_question_generate_applied_card,Do Processo Administrativo (arts. 280 a 290 da Lei nº 9.503/1997),CERTO_ERRADO,ERRADO,,,60%; infração; multa
1525700,False,historical_question_generate_applied_card,Do Processo Administrativo (arts. 280 a 290 da Lei nº 9.503/1997),CERTO_ERRADO,CERTO,,,infração
1576521,False,historical_question_generate_applied_card,Do Processo Administrativo (arts. 280 a 290 da Lei nº 9.503/1997),CERTO_ERRADO,E,,,infração
1576522,False,historical_question_generate_applied_card,Do Processo Administrativo (arts. 280 a 290 da Lei nº 9.503/1997),CERTO_ERRADO,E,,,infração
1576523,False,historical_question_generate_applied_card,Do Processo Administrativo (arts. 280 a 290 da Lei nº 9.503/1997),CERTO_ERRADO,E,,,infração
1576524,False,historical_question_generate_applied_card,Do Processo Administrativo (arts. 280 a 290 da Lei nº 9.503/1997),CERTO_ERRADO,E,,,infração; recusa
1576553,False,historical_question_generate_applied_card,Do Processo Administrativo (arts. 280 a 290 da Lei nº 9.503/1997),CERTO_ERRADO,E,,,infração
1576554,False,historical_question_generate_applied_card,Do Processo Administrativo (arts. 280 a 290 da Lei nº 9.503/1997),CERTO_ERRADO,E,,,infração
1576555,False,historical_question_generate_applied_card,Do Processo Administrativo (arts. 280 a 290 da Lei nº 9.503/1997),CERTO_ERRADO,E,,,infração
1576556,False,historical_question_generate_applied_card,Do Processo Administrativo (arts. 280 a 290 da Lei nº 9.503/1997),CERTO_ERRADO,E,,,infração
1576557,False,historical_question_generate_applied_card,Do Processo Administrativo (arts. 280 a 290 da Lei nº 9.503/1997),CERTO_ERRADO,C,,,infração
1577049,False,historical_question_generate_applied_card,Do Processo Administrativo (arts. 280 a 290 da Lei nº 9.503/1997),CERTO_ERRADO,E,,,infração
1577052,False,historical_question_generate_applied_card,Do Processo Administrativo (arts. 280 a 290 da Lei nº 9.503/1997),CERTO_ERRADO,E,,,
1577410,False,historical_question_generate_applied_card,Do Processo Administrativo (arts. 280 a 290 da Lei nº 9.503/1997),CERTO_ERRADO,E,,,infração
1577411,False,historical_question_generate_applied_card,Do Processo Administrativo (arts. 280 a 290 da Lei nº 9.503/1997),CERTO_ERRADO,E,,,infração
1577412,False,historical_question_generate_applied_card,Do Processo Administrativo (arts. 280 a 290 da Lei nº 9.503/1997),CERTO_ERRADO,E,,,infração
1577413,False,historical_question_generate_applied_card,Do Processo Administrativo (arts. 280 a 290 da Lei nº 9.503/1997),CERTO_ERRADO,E,,,infração
1577415,False,historical_question_generate_applied_card,Do Processo Administrativo (arts. 280 a 290 da Lei nº 9.503/1997),CERTO_ERRADO,C,,,infração
1594536,False,historical_question_generate_applied_card,Do Processo Administrativo (arts. 280 a 290 da Lei nº 9.503/1997),MULTIPLA_ESCOLHA,E,,,infração; grave; gravíssima; multa; pisca-alerta
1915275,False,historical_question_generate_applied_card,Do Processo Administrativo (arts. 280 a 290 da Lei nº 9.503/1997),MULTIPLA_ESCOLHA,B,,,
28246,False,historical_question_generate_applied_card,Do Registro de Veículos (arts. 120 e 129-B da Lei nº 9.503/1997),CERTO_ERRADO,CERTO,,,
28247,False,historical_question_generate_applied_card,Do Registro de Veículos (arts. 120 e 129-B da Lei nº 9.503/1997),CERTO_ERRADO,,,,
28248,False,historical_question_generate_applied_card,Do Registro de Veículos (arts. 120 e 129-B da Lei nº 9.503/1997),CERTO_ERRADO,CERTO,,,
28249,False,historical_question_generate_applied_card,Do Registro de Veículos (arts. 120 e 129-B da Lei nº 9.503/1997),CERTO_ERRADO,CERTO,,,multa
28250,False,historical_question_generate_applied_card,Do Registro de Veículos (arts. 120 e 129-B da Lei nº 9.503/1997),CERTO_ERRADO,ERRADO,,,15 dias
128221,False,historical_question_generate_applied_card,Do Registro de Veículos (arts. 120 e 129-B da Lei nº 9.503/1997),MULTIPLA_ESCOLHA,D,,,
300031,False,historical_question_generate_applied_card,Do Registro de Veículos (arts. 120 e 129-B da Lei nº 9.503/1997),MULTIPLA_ESCOLHA,C,,,
363326,False,historical_question_generate_applied_card,Do Registro de Veículos (arts. 120 e 129-B da Lei nº 9.503/1997),MULTIPLA_ESCOLHA,C,,,
517837,False,historical_question_generate_applied_card,Do Registro de Veículos (arts. 120 e 129-B da Lei nº 9.503/1997),MULTIPLA_ESCOLHA,A,,,
1046069,False,historical_question_generate_applied_card,Do Registro de Veículos (arts. 120 e 129-B da Lei nº 9.503/1997),MULTIPLA_ESCOLHA,C,,,Art. 123
1144064,False,historical_question_generate_applied_card,Do Registro de Veículos (arts. 120 e 129-B da Lei nº 9.503/1997),CERTO_ERRADO,E,,,baixa
1200623,False,historical_question_generate_applied_card,Do Registro de Veículos (arts. 120 e 129-B da Lei nº 9.503/1997),CERTO_ERRADO,E,,,baixa; irrecuperável
1403192,False,historical_question_generate_applied_card,Do Registro de Veículos (arts. 120 e 129-B da Lei nº 9.503/1997),CERTO_ERRADO,ERRADO,,,
1505586,False,historical_question_generate_applied_card,Do Registro de Veículos (arts. 120 e 129-B da Lei nº 9.503/1997),MULTIPLA_ESCOLHA,C,,,
1521259,False,historical_question_generate_applied_card,Do Registro de Veículos (arts. 120 e 129-B da Lei nº 9.503/1997),CERTO_ERRADO,ERRADO,,,
1521260,False,historical_question_generate_applied_card,Do Registro de Veículos (arts. 120 e 129-B da Lei nº 9.503/1997),CERTO_ERRADO,CERTO,,,
1525686,False,historical_question_generate_applied_card,Do Registro de Veículos (arts. 120 e 129-B da Lei nº 9.503/1997),CERTO_ERRADO,CERTO,,,
1574045,False,historical_question_generate_applied_card,Do Registro de Veículos (arts. 120 e 129-B da Lei nº 9.503/1997),CERTO_ERRADO,CERTO,,,
1958954,False,historical_question_generate_applied_card,Do Registro de Veículos (arts. 120 e 129-B da Lei nº 9.503/1997),MULTIPLA_ESCOLHA,C,,,60 dias; 45 dias; 30 dias; 20 dias; 15 dias
2072215,False,historical_question_generate_applied_card,Do Registro de Veículos (arts. 120 e 129-B da Lei nº 9.503/1997),MULTIPLA_ESCOLHA,A,,,
2465557,False,historical_question_generate_applied_card,Do Registro de Veículos (arts. 120 e 129-B da Lei nº 9.503/1997),MULTIPLA_ESCOLHA,C,,,categoria d; multa
27893,False,historical_question_generate_applied_card,Do Sistema Nacional de Trânsito (arts. 5º a 25 da Lei nº 9.503/1997),MULTIPLA_ESCOLHA,E,,,habilitação
27924,False,historical_question_generate_applied_card,Do Sistema Nacional de Trânsito (arts. 5º a 25 da Lei nº 9.503/1997),CERTO_ERRADO,B,,,12%; 7%; 4%; 52%; 48%; 21%; 71%; grave
28036,False,historical_question_generate_applied_card,Do Sistema Nacional de Trânsito (arts. 5º a 25 da Lei nº 9.503/1997),CERTO_ERRADO,A,,,
28066,False,historical_question_generate_applied_card,Do Sistema Nacional de Trânsito (arts. 5º a 25 da Lei nº 9.503/1997),CERTO_ERRADO,,,,
282556,False,historical_question_generate_applied_card,Do Sistema Nacional de Trânsito (arts. 5º a 25 da Lei nº 9.503/1997),MULTIPLA_ESCOLHA,B,,,
360696,False,historical_question_generate_applied_card,Do Sistema Nacional de Trânsito (arts. 5º a 25 da Lei nº 9.503/1997),CERTO_ERRADO,A,,,multa
774574,False,historical_question_generate_applied_card,Do Sistema Nacional de Trânsito (arts. 5º a 25 da Lei nº 9.503/1997),MULTIPLA_ESCOLHA,E,,,Art. 21; multa; sinalização
778170,False,historical_question_generate_applied_card,Do Sistema Nacional de Trânsito (arts. 5º a 25 da Lei nº 9.503/1997),CERTO_ERRADO,A,,,
778171,False,historical_question_generate_applied_card,Do Sistema Nacional de Trânsito (arts. 5º a 25 da Lei nº 9.503/1997),CERTO_ERRADO,B,,,
860370,False,historical_question_generate_applied_card,Do Sistema Nacional de Trânsito (arts. 5º a 25 da Lei nº 9.503/1997),MULTIPLA_ESCOLHA,D,,,
903191,False,historical_question_generate_applied_card,Do Sistema Nacional de Trânsito (arts. 5º a 25 da Lei nº 9.503/1997),MULTIPLA_ESCOLHA,B,,,infração
1018716,False,historical_question_generate_applied_card,Do Sistema Nacional de Trânsito (arts. 5º a 25 da Lei nº 9.503/1997),MULTIPLA_ESCOLHA,C,,,
1144053,False,historical_question_generate_applied_card,Do Sistema Nacional de Trânsito (arts. 5º a 25 da Lei nº 9.503/1997),CERTO_ERRADO,B,,,
1165400,False,historical_question_generate_applied_card,Do Sistema Nacional de Trânsito (arts. 5º a 25 da Lei nº 9.503/1997),MULTIPLA_ESCOLHA,A,,,
1402576,False,historical_question_generate_applied_card,Do Sistema Nacional de Trânsito (arts. 5º a 25 da Lei nº 9.503/1997),CERTO_ERRADO,A,,,
1403011,False,historical_question_generate_applied_card,Do Sistema Nacional de Trânsito (arts. 5º a 25 da Lei nº 9.503/1997),CERTO_ERRADO,A,,,
1403487,False,historical_question_generate_applied_card,Do Sistema Nacional de Trânsito (arts. 5º a 25 da Lei nº 9.503/1997),CERTO_ERRADO,A,,,
1403489,False,historical_question_generate_applied_card,Do Sistema Nacional de Trânsito (arts. 5º a 25 da Lei nº 9.503/1997),CERTO_ERRADO,A,,,
1403491,False,historical_question_generate_applied_card,Do Sistema Nacional de Trânsito (arts. 5º a 25 da Lei nº 9.503/1997),CERTO_ERRADO,B,,,
1403494,False,historical_question_generate_applied_card,Do Sistema Nacional de Trânsito (arts. 5º a 25 da Lei nº 9.503/1997),CERTO_ERRADO,A,,,
1403497,False,historical_question_generate_applied_card,Do Sistema Nacional de Trânsito (arts. 5º a 25 da Lei nº 9.503/1997),CERTO_ERRADO,B,,,
1415238,False,historical_question_generate_applied_card,Do Sistema Nacional de Trânsito (arts. 5º a 25 da Lei nº 9.503/1997),MULTIPLA_ESCOLHA,B,,,
1489560,False,historical_question_generate_applied_card,Do Sistema Nacional de Trânsito (arts. 5º a 25 da Lei nº 9.503/1997),CERTO_ERRADO,A,,,infração
1489561,False,historical_question_generate_applied_card,Do Sistema Nacional de Trânsito (arts. 5º a 25 da Lei nº 9.503/1997),CERTO_ERRADO,A,,,
1489562,False,historical_question_generate_applied_card,Do Sistema Nacional de Trânsito (arts. 5º a 25 da Lei nº 9.503/1997),CERTO_ERRADO,B,,,
1489563,False,historical_question_generate_applied_card,Do Sistema Nacional de Trânsito (arts. 5º a 25 da Lei nº 9.503/1997),CERTO_ERRADO,B,,,
1521202,False,historical_question_generate_applied_card,Do Sistema Nacional de Trânsito (arts. 5º a 25 da Lei nº 9.503/1997),CERTO_ERRADO,A,,,
1521206,False,historical_question_generate_applied_card,Do Sistema Nacional de Trânsito (arts. 5º a 25 da Lei nº 9.503/1997),CERTO_ERRADO,A,,,
1521207,False,historical_question_generate_applied_card,Do Sistema Nacional de Trânsito (arts. 5º a 25 da Lei nº 9.503/1997),CERTO_ERRADO,B,,,
1521209,False,historical_question_generate_applied_card,Do Sistema Nacional de Trânsito (arts. 5º a 25 da Lei nº 9.503/1997),CERTO_ERRADO,B,,,
1521211,False,historical_question_generate_applied_card,Do Sistema Nacional de Trânsito (arts. 5º a 25 da Lei nº 9.503/1997),CERTO_ERRADO,A,,,multa
1521216,False,historical_question_generate_applied_card,Do Sistema Nacional de Trânsito (arts. 5º a 25 da Lei nº 9.503/1997),CERTO_ERRADO,B,,,
1521220,False,historical_question_generate_applied_card,Do Sistema Nacional de Trânsito (arts. 5º a 25 da Lei nº 9.503/1997),CERTO_ERRADO,B,,,
1521225,False,historical_question_generate_applied_card,Do Sistema Nacional de Trânsito (arts. 5º a 25 da Lei nº 9.503/1997),CERTO_ERRADO,B,,,
1521226,False,historical_question_generate_applied_card,Do Sistema Nacional de Trânsito (arts. 5º a 25 da Lei nº 9.503/1997),CERTO_ERRADO,B,,,
1521227,False,historical_question_generate_applied_card,Do Sistema Nacional de Trânsito (arts. 5º a 25 da Lei nº 9.503/1997),CERTO_ERRADO,B,,,infração
1521228,False,historical_question_generate_applied_card,Do Sistema Nacional de Trânsito (arts. 5º a 25 da Lei nº 9.503/1997),CERTO_ERRADO,A,,,infração
1521230,False,historical_question_generate_applied_card,Do Sistema Nacional de Trânsito (arts. 5º a 25 da Lei nº 9.503/1997),CERTO_ERRADO,A,,,habilitação
1521232,False,historical_question_generate_applied_card,Do Sistema Nacional de Trânsito (arts. 5º a 25 da Lei nº 9.503/1997),CERTO_ERRADO,B,,,
1521233,False,historical_question_generate_applied_card,Do Sistema Nacional de Trânsito (arts. 5º a 25 da Lei nº 9.503/1997),CERTO_ERRADO,A,,,
1521234,False,historical_question_generate_applied_card,Do Sistema Nacional de Trânsito (arts. 5º a 25 da Lei nº 9.503/1997),CERTO_ERRADO,B,,,sinalização
1521237,False,historical_question_generate_applied_card,Do Sistema Nacional de Trânsito (arts. 5º a 25 da Lei nº 9.503/1997),CERTO_ERRADO,B,,,
1521238,False,historical_question_generate_applied_card,Do Sistema Nacional de Trânsito (arts. 5º a 25 da Lei nº 9.503/1997),CERTO_ERRADO,A,,,infração
1521240,False,historical_question_generate_applied_card,Do Sistema Nacional de Trânsito (arts. 5º a 25 da Lei nº 9.503/1997),CERTO_ERRADO,B,,,
1521242,False,historical_question_generate_applied_card,Do Sistema Nacional de Trânsito (arts. 5º a 25 da Lei nº 9.503/1997),CERTO_ERRADO,B,,,infração
1521243,False,historical_question_generate_applied_card,Do Sistema Nacional de Trânsito (arts. 5º a 25 da Lei nº 9.503/1997),CERTO_ERRADO,A,,,
1525650,False,historical_question_generate_applied_card,Do Sistema Nacional de Trânsito (arts. 5º a 25 da Lei nº 9.503/1997),CERTO_ERRADO,B,,,
1525651,False,historical_question_generate_applied_card,Do Sistema Nacional de Trânsito (arts. 5º a 25 da Lei nº 9.503/1997),CERTO_ERRADO,A,,,
1525653,False,historical_question_generate_applied_card,Do Sistema Nacional de Trânsito (arts. 5º a 25 da Lei nº 9.503/1997),CERTO_ERRADO,A,,,
1525654,False,historical_question_generate_applied_card,Do Sistema Nacional de Trânsito (arts. 5º a 25 da Lei nº 9.503/1997),CERTO_ERRADO,A,,,multa; remoção
1525655,False,historical_question_generate_applied_card,Do Sistema Nacional de Trânsito (arts. 5º a 25 da Lei nº 9.503/1997),CERTO_ERRADO,B,,,sinalização
1525657,False,historical_question_generate_applied_card,Do Sistema Nacional de Trânsito (arts. 5º a 25 da Lei nº 9.503/1997),CERTO_ERRADO,A,,,infração
1525681,False,historical_question_generate_applied_card,Do Sistema Nacional de Trânsito (arts. 5º a 25 da Lei nº 9.503/1997),CERTO_ERRADO,A,,,
1525682,False,historical_question_generate_applied_card,Do Sistema Nacional de Trânsito (arts. 5º a 25 da Lei nº 9.503/1997),CERTO_ERRADO,A,,,
1525691,False,historical_question_generate_applied_card,Do Sistema Nacional de Trânsito (arts. 5º a 25 da Lei nº 9.503/1997),CERTO_ERRADO,A,,,
1525692,False,historical_question_generate_applied_card,Do Sistema Nacional de Trânsito (arts. 5º a 25 da Lei nº 9.503/1997),CERTO_ERRADO,A,,,
1525693,False,historical_question_generate_applied_card,Do Sistema Nacional de Trânsito (arts. 5º a 25 da Lei nº 9.503/1997),CERTO_ERRADO,A,,,sinalização
1573549,False,historical_question_generate_applied_card,Do Sistema Nacional de Trânsito (arts. 5º a 25 da Lei nº 9.503/1997),CERTO_ERRADO,B,,,
1573550,False,historical_question_generate_applied_card,Do Sistema Nacional de Trânsito (arts. 5º a 25 da Lei nº 9.503/1997),CERTO_ERRADO,A,,,
1577045,False,historical_question_generate_applied_card,Do Sistema Nacional de Trânsito (arts. 5º a 25 da Lei nº 9.503/1997),CERTO_ERRADO,B,,,
1577108,False,historical_question_generate_applied_card,Do Sistema Nacional de Trânsito (arts. 5º a 25 da Lei nº 9.503/1997),CERTO_ERRADO,B,,,habilitação
1609842,False,historical_question_generate_applied_card,Do Sistema Nacional de Trânsito (arts. 5º a 25 da Lei nº 9.503/1997),MULTIPLA_ESCOLHA,B,,,infração
1619515,False,historical_question_generate_applied_card,Do Sistema Nacional de Trânsito (arts. 5º a 25 da Lei nº 9.503/1997),MULTIPLA_ESCOLHA,C,,,
1905644,False,historical_question_generate_applied_card,Do Sistema Nacional de Trânsito (arts. 5º a 25 da Lei nº 9.503/1997),MULTIPLA_ESCOLHA,B,,,
2450590,False,historical_question_generate_applied_card,Do Sistema Nacional de Trânsito (arts. 5º a 25 da Lei nº 9.503/1997),MULTIPLA_ESCOLHA,C,,,
27883,False,historical_question_generate_applied_card,Dos Conceitos e Definições (Anexo I da Lei nº 9.503/1997),MULTIPLA_ESCOLHA,D,,,peso
28065,False,historical_question_generate_applied_card,Dos Conceitos e Definições (Anexo I da Lei nº 9.503/1997),CERTO_ERRADO,ERRADO,,,pisca-alerta
28217,False,historical_question_generate_applied_card,Dos Conceitos e Definições (Anexo I da Lei nº 9.503/1997),CERTO_ERRADO,ERRADO,,,
554162,False,historical_question_generate_applied_card,Dos Conceitos e Definições (Anexo I da Lei nº 9.503/1997),MULTIPLA_ESCOLHA,A,,,
752272,False,historical_question_generate_applied_card,Dos Conceitos e Definições (Anexo I da Lei nº 9.503/1997),MULTIPLA_ESCOLHA,A,,,peso
911719,False,historical_question_generate_applied_card,Dos Conceitos e Definições (Anexo I da Lei nº 9.503/1997),MULTIPLA_ESCOLHA,A,,,
1256715,False,historical_question_generate_applied_card,Dos Conceitos e Definições (Anexo I da Lei nº 9.503/1997),MULTIPLA_ESCOLHA,B,,,
1295473,False,historical_question_generate_applied_card,Dos Conceitos e Definições (Anexo I da Lei nº 9.503/1997),MULTIPLA_ESCOLHA,A,,,peso
1400753,False,historical_question_generate_applied_card,Dos Conceitos e Definições (Anexo I da Lei nº 9.503/1997),CERTO_ERRADO,C,,,
1400754,False,historical_question_generate_applied_card,Dos Conceitos e Definições (Anexo I da Lei nº 9.503/1997),CERTO_ERRADO,E,,,
1441604,False,historical_question_generate_applied_card,Dos Conceitos e Definições (Anexo I da Lei nº 9.503/1997),MULTIPLA_ESCOLHA,B,,,
1492824,False,historical_question_generate_applied_card,Dos Conceitos e Definições (Anexo I da Lei nº 9.503/1997),CERTO_ERRADO,CERTO,,,
1572192,False,historical_question_generate_applied_card,Dos Conceitos e Definições (Anexo I da Lei nº 9.503/1997),MULTIPLA_ESCOLHA,B,,,
1577111,False,historical_question_generate_applied_card,Dos Conceitos e Definições (Anexo I da Lei nº 9.503/1997),CERTO_ERRADO,C,,,sinalização
1724633,False,historical_question_generate_applied_card,Dos Conceitos e Definições (Anexo I da Lei nº 9.503/1997),MULTIPLA_ESCOLHA,A,,,
1752819,False,historical_question_generate_applied_card,Dos Conceitos e Definições (Anexo I da Lei nº 9.503/1997),MULTIPLA_ESCOLHA,C,,,peso
27942,False,historical_question_generate_applied_card,Dos Pedestres e Veículos Não-Motorizados (arts. 68 a 71 da Lei nº 9.503/1997),CERTO_ERRADO,ERRADO,,,50%; sinalização
28051,False,historical_question_generate_applied_card,Dos Pedestres e Veículos Não-Motorizados (arts. 68 a 71 da Lei nº 9.503/1997),CERTO_ERRADO,ERRADO,,,infração
28053,False,historical_question_generate_applied_card,Dos Pedestres e Veículos Não-Motorizados (arts. 68 a 71 da Lei nº 9.503/1997),CERTO_ERRADO,CERTO,,,sinalização
300155,False,historical_question_generate_applied_card,Dos Pedestres e Veículos Não-Motorizados (arts. 68 a 71 da Lei nº 9.503/1997),MULTIPLA_ESCOLHA,E,,,
312779,False,historical_question_generate_applied_card,Dos Pedestres e Veículos Não-Motorizados (arts. 68 a 71 da Lei nº 9.503/1997),MULTIPLA_ESCOLHA,C,,,
1197322,False,historical_question_generate_applied_card,Dos Pedestres e Veículos Não-Motorizados (arts. 68 a 71 da Lei nº 9.503/1997),MULTIPLA_ESCOLHA,B,,,
1370017,False,historical_question_generate_applied_card,Dos Pedestres e Veículos Não-Motorizados (arts. 68 a 71 da Lei nº 9.503/1997),MULTIPLA_ESCOLHA,D,,,sinalização
1579346,False,historical_question_generate_applied_card,Dos Pedestres e Veículos Não-Motorizados (arts. 68 a 71 da Lei nº 9.503/1997),MULTIPLA_ESCOLHA,A,,,
1963256,False,historical_question_generate_applied_card,Dos Pedestres e Veículos Não-Motorizados (arts. 68 a 71 da Lei nº 9.503/1997),MULTIPLA_ESCOLHA,C,,,
2063998,False,historical_question_generate_applied_card,Dos Pedestres e Veículos Não-Motorizados (arts. 68 a 71 da Lei nº 9.503/1997),MULTIPLA_ESCOLHA,A,,,sinalização
2115683,False,historical_question_generate_applied_card,Dos Pedestres e Veículos Não-Motorizados (arts. 68 a 71 da Lei nº 9.503/1997),MULTIPLA_ESCOLHA,A,,,
27896,False,historical_question_generate_applied_card,Dos Veículos (arts. 96 a 117 da Lei nº 9.503/1997),MULTIPLA_ESCOLHA,C,,,
28069,False,historical_question_generate_applied_card,Dos Veículos (arts. 96 a 117 da Lei nº 9.503/1997),CERTO_ERRADO,CERTO,,,baixa
28102,False,historical_question_generate_applied_card,Dos Veículos (arts. 96 a 117 da Lei nº 9.503/1997),CERTO_ERRADO,ERRADO,,,álcool
28218,False,historical_question_generate_applied_card,Dos Veículos (arts. 96 a 117 da Lei nº 9.503/1997),CERTO_ERRADO,,,,
28219,False,historical_question_generate_applied_card,Dos Veículos (arts. 96 a 117 da Lei nº 9.503/1997),CERTO_ERRADO,ERRADO,,,
28244,False,historical_question_generate_applied_card,Dos Veículos (arts. 96 a 117 da Lei nº 9.503/1997),CERTO_ERRADO,CERTO,,,
403625,False,historical_question_generate_applied_card,Dos Veículos (arts. 96 a 117 da Lei nº 9.503/1997),MULTIPLA_ESCOLHA,B,,,
415845,False,historical_question_generate_applied_card,Dos Veículos (arts. 96 a 117 da Lei nº 9.503/1997),MULTIPLA_ESCOLHA,C,,,
778181,False,historical_question_generate_applied_card,Dos Veículos (arts. 96 a 117 da Lei nº 9.503/1997),CERTO_ERRADO,E,,,
933745,False,historical_question_generate_applied_card,Dos Veículos (arts. 96 a 117 da Lei nº 9.503/1997),MULTIPLA_ESCOLHA,B,,,
1018167,False,historical_question_generate_applied_card,Dos Veículos (arts. 96 a 117 da Lei nº 9.503/1997),MULTIPLA_ESCOLHA,E,,,
1032490,False,historical_question_generate_applied_card,Dos Veículos (arts. 96 a 117 da Lei nº 9.503/1997),MULTIPLA_ESCOLHA,D,,,sinalização; buzina
1042262,False,historical_question_generate_applied_card,Dos Veículos (arts. 96 a 117 da Lei nº 9.503/1997),MULTIPLA_ESCOLHA,A,,,
1144063,False,historical_question_generate_applied_card,Dos Veículos (arts. 96 a 117 da Lei nº 9.503/1997),CERTO_ERRADO,C,,,
1521255,False,historical_question_generate_applied_card,Dos Veículos (arts. 96 a 117 da Lei nº 9.503/1997),CERTO_ERRADO,CERTO,,,
1521256,False,historical_question_generate_applied_card,Dos Veículos (arts. 96 a 117 da Lei nº 9.503/1997),CERTO_ERRADO,ERRADO,,,peso; dimensões
1521257,False,historical_question_generate_applied_card,Dos Veículos (arts. 96 a 117 da Lei nº 9.503/1997),CERTO_ERRADO,CERTO,,,
1521258,False,historical_question_generate_applied_card,Dos Veículos (arts. 96 a 117 da Lei nº 9.503/1997),CERTO_ERRADO,ERRADO,,,
1531238,False,historical_question_generate_applied_card,Dos Veículos (arts. 96 a 117 da Lei nº 9.503/1997),MULTIPLA_ESCOLHA,D,,,peso
1574039,False,historical_question_generate_applied_card,Dos Veículos (arts. 96 a 117 da Lei nº 9.503/1997),CERTO_ERRADO,CERTO,,,
1574040,False,historical_question_generate_applied_card,Dos Veículos (arts. 96 a 117 da Lei nº 9.503/1997),CERTO_ERRADO,CERTO,,,
1574041,False,historical_question_generate_applied_card,Dos Veículos (arts. 96 a 117 da Lei nº 9.503/1997),CERTO_ERRADO,ERRADO,,,
1574043,False,historical_question_generate_applied_card,Dos Veículos (arts. 96 a 117 da Lei nº 9.503/1997),CERTO_ERRADO,ERRADO,,,multa
1577073,False,historical_question_generate_applied_card,Dos Veículos (arts. 96 a 117 da Lei nº 9.503/1997),CERTO_ERRADO,C,,,
1611235,False,historical_question_generate_applied_card,Dos Veículos (arts. 96 a 117 da Lei nº 9.503/1997),CERTO_ERRADO,C,,,
2004441,False,historical_question_generate_applied_card,Dos Veículos (arts. 96 a 117 da Lei nº 9.503/1997),MULTIPLA_ESCOLHA,B,,,
2066607,False,historical_question_generate_applied_card,Dos Veículos (arts. 96 a 117 da Lei nº 9.503/1997),MULTIPLA_ESCOLHA,D,,,grave
2452616,False,historical_question_generate_applied_card,Dos Veículos (arts. 96 a 117 da Lei nº 9.503/1997),MULTIPLA_ESCOLHA,C,,,
2465552,False,historical_question_generate_applied_card,Dos Veículos (arts. 96 a 117 da Lei nº 9.503/1997),MULTIPLA_ESCOLHA,B,,,retenção; sinalização
2465554,False,historical_question_generate_applied_card,Dos Veículos (arts. 96 a 117 da Lei nº 9.503/1997),MULTIPLA_ESCOLHA,C,,,
300160,False,historical_question_generate_applied_card,Dos Veículos em Circulação Internacional (arts. 118 e 119 da Lei nº 9.503/1997),MULTIPLA_ESCOLHA,A,,,multa
825154,False,historical_question_generate_applied_card,Dos Veículos em Circulação Internacional (arts. 118 e 119 da Lei nº 9.503/1997),MULTIPLA_ESCOLHA,D,,,multa
1219576,False,historical_question_generate_applied_card,Dos Veículos em Circulação Internacional (arts. 118 e 119 da Lei nº 9.503/1997),MULTIPLA_ESCOLHA,E,,,art. 119
1490466,False,historical_question_generate_applied_card,Dos Veículos em Circulação Internacional (arts. 118 e 119 da Lei nº 9.503/1997),CERTO_ERRADO,CERTO,,,multa
1701323,False,historical_question_generate_applied_card,Dos Veículos em Circulação Internacional (arts. 118 e 119 da Lei nº 9.503/1997),MULTIPLA_ESCOLHA,C,,,
1829616,False,historical_question_generate_applied_card,Dos Veículos em Circulação Internacional (arts. 118 e 119 da Lei nº 9.503/1997),MULTIPLA_ESCOLHA,E,,,
1964700,False,historical_question_generate_applied_card,Dos Veículos em Circulação Internacional (arts. 118 e 119 da Lei nº 9.503/1997),MULTIPLA_ESCOLHA,A,,,
2002416,False,historical_question_generate_applied_card,Dos Veículos em Circulação Internacional (arts. 118 e 119 da Lei nº 9.503/1997),MULTIPLA_ESCOLHA,E,,,
2115654,False,historical_question_generate_applied_card,Dos Veículos em Circulação Internacional (arts. 118 e 119 da Lei nº 9.503/1997),MULTIPLA_ESCOLHA,B,,,
28097,False,historical_question_generate_applied_card,"Engenharia de Tráfego, Operação, Fiscalização e Policiamento Ostensivo de Trânsito (arts. 91 a 95)",CERTO_ERRADO,CERTO,,,
479988,False,historical_question_generate_applied_card,"Engenharia de Tráfego, Operação, Fiscalização e Policiamento Ostensivo de Trânsito (arts. 91 a 95)",MULTIPLA_ESCOLHA,A,,,35%
714609,False,historical_question_generate_applied_card,"Engenharia de Tráfego, Operação, Fiscalização e Policiamento Ostensivo de Trânsito (arts. 91 a 95)",MULTIPLA_ESCOLHA,E,,,Art. 95; multa
754233,False,historical_question_generate_applied_card,"Engenharia de Tráfego, Operação, Fiscalização e Policiamento Ostensivo de Trânsito (arts. 91 a 95)",MULTIPLA_ESCOLHA,A,,,baixa
766974,False,historical_question_generate_applied_card,"Engenharia de Tráfego, Operação, Fiscalização e Policiamento Ostensivo de Trânsito (arts. 91 a 95)",MULTIPLA_ESCOLHA,E,,,sinalização
810496,False,historical_question_generate_applied_card,"Engenharia de Tráfego, Operação, Fiscalização e Policiamento Ostensivo de Trânsito (arts. 91 a 95)",MULTIPLA_ESCOLHA,A,,,Art. 94
811089,False,historical_question_generate_applied_card,"Engenharia de Tráfego, Operação, Fiscalização e Policiamento Ostensivo de Trânsito (arts. 91 a 95)",MULTIPLA_ESCOLHA,B,,,
920465,False,historical_question_generate_applied_card,"Engenharia de Tráfego, Operação, Fiscalização e Policiamento Ostensivo de Trânsito (arts. 91 a 95)",MULTIPLA_ESCOLHA,A,,,
1144060,False,historical_question_generate_applied_card,"Engenharia de Tráfego, Operação, Fiscalização e Policiamento Ostensivo de Trânsito (arts. 91 a 95)",CERTO_ERRADO,CERTO,,,
1829416,False,historical_question_generate_applied_card,"Engenharia de Tráfego, Operação, Fiscalização e Policiamento Ostensivo de Trânsito (arts. 91 a 95)",MULTIPLA_ESCOLHA,C,,,
2450589,False,historical_question_generate_applied_card,"Engenharia de Tráfego, Operação, Fiscalização e Policiamento Ostensivo de Trânsito (arts. 91 a 95)",MULTIPLA_ESCOLHA,A,,,sinalização
110842,False,historical_question_generate_applied_card,Gestos (Antiga Res. CONTRAN nº 160/2004),CERTO_ERRADO,ERRADO,,,
167957,False,historical_question_generate_applied_card,Gestos (Antiga Res. CONTRAN nº 160/2004),MULTIPLA_ESCOLHA,D,,,baixa
533625,False,historical_question_generate_applied_card,Gestos (Antiga Res. CONTRAN nº 160/2004),MULTIPLA_ESCOLHA,E,,,
553820,False,historical_question_generate_applied_card,Gestos (Antiga Res. CONTRAN nº 160/2004),MULTIPLA_ESCOLHA,B,,,
562129,False,historical_question_generate_applied_card,Gestos (Antiga Res. CONTRAN nº 160/2004),MULTIPLA_ESCOLHA,B,,,
748888,False,historical_question_generate_applied_card,Gestos (Antiga Res. CONTRAN nº 160/2004),MULTIPLA_ESCOLHA,D,,,
820235,False,historical_question_generate_applied_card,Gestos (Antiga Res. CONTRAN nº 160/2004),MULTIPLA_ESCOLHA,C,,,
934701,False,historical_question_generate_applied_card,Gestos (Antiga Res. CONTRAN nº 160/2004),MULTIPLA_ESCOLHA,E,,,
970016,False,historical_question_generate_applied_card,Gestos (Antiga Res. CONTRAN nº 160/2004),MULTIPLA_ESCOLHA,B,,,sinalização
971486,False,historical_question_generate_applied_card,Gestos (Antiga Res. CONTRAN nº 160/2004),MULTIPLA_ESCOLHA,C,,,
1004216,False,historical_question_generate_applied_card,Gestos (Antiga Res. CONTRAN nº 160/2004),MULTIPLA_ESCOLHA,C,,,
1070608,False,historical_question_generate_applied_card,Gestos (Antiga Res. CONTRAN nº 160/2004),MULTIPLA_ESCOLHA,A,,,
1114478,False,historical_question_generate_applied_card,Gestos (Antiga Res. CONTRAN nº 160/2004),MULTIPLA_ESCOLHA,C,,,
1143563,False,historical_question_generate_applied_card,Gestos (Antiga Res. CONTRAN nº 160/2004),MULTIPLA_ESCOLHA,A,,,
1247710,False,historical_question_generate_applied_card,Gestos (Antiga Res. CONTRAN nº 160/2004),MULTIPLA_ESCOLHA,C,,,sinalização
1259445,False,historical_question_generate_applied_card,Gestos (Antiga Res. CONTRAN nº 160/2004),MULTIPLA_ESCOLHA,C,,,
1385615,False,historical_question_generate_applied_card,Gestos (Antiga Res. CONTRAN nº 160/2004),MULTIPLA_ESCOLHA,A,,,
1476166,False,historical_question_generate_applied_card,Gestos (Antiga Res. CONTRAN nº 160/2004),MULTIPLA_ESCOLHA,A,,,
1502056,False,historical_question_generate_applied_card,Gestos (Antiga Res. CONTRAN nº 160/2004),MULTIPLA_ESCOLHA,E,,,
1635091,False,historical_question_generate_applied_card,Gestos (Antiga Res. CONTRAN nº 160/2004),MULTIPLA_ESCOLHA,E,,,sinalização
1797197,False,historical_question_generate_applied_card,Gestos (Antiga Res. CONTRAN nº 160/2004),MULTIPLA_ESCOLHA,D,,,sinalização
1875932,False,historical_question_generate_applied_card,Gestos (Antiga Res. CONTRAN nº 160/2004),MULTIPLA_ESCOLHA,A,,,
27907,False,historical_question_generate_applied_card,Lei nº 9.654/1998 - Carreira do Policial Rodoviário,MULTIPLA_ESCOLHA,,,,
335825,False,historical_question_generate_applied_card,Outros Temas da Legislação de Trânsito,MULTIPLA_ESCOLHA,C,,,
1403184,False,historical_question_generate_applied_card,Outros Temas da Legislação de Trânsito,CERTO_ERRADO,ERRADO,,,
1554673,False,historical_question_generate_applied_card,Outros Temas da Legislação de Trânsito,CERTO_ERRADO,C,,,
1874280,False,historical_question_generate_applied_card,Outros Temas da Legislação de Trânsito,MULTIPLA_ESCOLHA,D,,,50%; 29%; categoria A; categoria B; categoria C; categoria D; categoria E; habilitação
2094149,False,historical_question_generate_applied_card,Outros Temas da Legislação de Trânsito,MULTIPLA_ESCOLHA,D,,,
27876,False,historical_question_generate_applied_card,Resolução CONTRAN nº 110/2000 - Renovação do Licenciamento Anual de Veículos,MULTIPLA_ESCOLHA,,,,
305756,False,historical_question_generate_applied_card,Resolução CONTRAN nº 110/2000 - Renovação do Licenciamento Anual de Veículos,MULTIPLA_ESCOLHA,D,,,Resolução CONTRAN nº 110/2000
801649,False,historical_question_generate_applied_card,Resolução CONTRAN nº 110/2000 - Renovação do Licenciamento Anual de Veículos,MULTIPLA_ESCOLHA,C,,,Art. 1º
1503701,False,historical_question_generate_applied_card,Resolução CONTRAN nº 110/2000 - Renovação do Licenciamento Anual de Veículos,CERTO_ERRADO,ERRADO,,,Resolução Contran nº 110; Resolução CONTRAN Nº 95/99
1503702,False,historical_question_generate_applied_card,Resolução CONTRAN nº 110/2000 - Renovação do Licenciamento Anual de Veículos,CERTO_ERRADO,CERTO,,,Resolução Contran nº 110; Resolução CONTRAN Nº 95/99
1829454,False,historical_question_generate_applied_card,Resolução CONTRAN nº 110/2000 - Renovação do Licenciamento Anual de Veículos,MULTIPLA_ESCOLHA,E,,,Resolução nº 110
300141,False,historical_question_generate_applied_card,Resolução CONTRAN nº 24/1998 - Critério de Identificação de Veículos,MULTIPLA_ESCOLHA,A,,,
1403181,False,historical_question_generate_applied_card,Resolução CONTRAN nº 24/1998 - Critério de Identificação de Veículos,CERTO_ERRADO,C,,,
1503676,False,historical_question_generate_applied_card,Resolução CONTRAN nº 24/1998 - Critério de Identificação de Veículos,CERTO_ERRADO,ERRADO,,,Resolução Contran nº 24
1503677,False,historical_question_generate_applied_card,Resolução CONTRAN nº 24/1998 - Critério de Identificação de Veículos,CERTO_ERRADO,ERRADO,,,Resolução Contran nº 24
1503678,False,historical_question_generate_applied_card,Resolução CONTRAN nº 24/1998 - Critério de Identificação de Veículos,CERTO_ERRADO,CERTO,,,Resolução Contran nº 24
1503679,False,historical_question_generate_applied_card,Resolução CONTRAN nº 24/1998 - Critério de Identificação de Veículos,CERTO_ERRADO,CERTO,,,Resolução Contran nº 24
1503680,False,historical_question_generate_applied_card,Resolução CONTRAN nº 24/1998 - Critério de Identificação de Veículos,CERTO_ERRADO,ERRADO,,,Resolução Contran nº 24
1503681,False,historical_question_generate_applied_card,Resolução CONTRAN nº 24/1998 - Critério de Identificação de Veículos,CERTO_ERRADO,CERTO,,,Resolução Contran nº 24
1503682,False,historical_question_generate_applied_card,Resolução CONTRAN nº 24/1998 - Critério de Identificação de Veículos,CERTO_ERRADO,ERRADO,,,Resolução Contran nº 24; remoção
1503683,False,historical_question_generate_applied_card,Resolução CONTRAN nº 24/1998 - Critério de Identificação de Veículos,CERTO_ERRADO,ERRADO,,,Resolução Contran nº 24
1503684,False,historical_question_generate_applied_card,Resolução CONTRAN nº 24/1998 - Critério de Identificação de Veículos,CERTO_ERRADO,CERTO,,,Resolução Contran nº 24
1503686,False,historical_question_generate_applied_card,Resolução CONTRAN nº 24/1998 - Critério de Identificação de Veículos,CERTO_ERRADO,ERRADO,,,Resolução Contran nº 24
1554670,False,historical_question_generate_applied_card,Resolução CONTRAN nº 24/1998 - Critério de Identificação de Veículos,CERTO_ERRADO,E,,,
1554671,False,historical_question_generate_applied_card,Resolução CONTRAN nº 24/1998 - Critério de Identificação de Veículos,CERTO_ERRADO,E,,,
1554672,False,historical_question_generate_applied_card,Resolução CONTRAN nº 24/1998 - Critério de Identificação de Veículos,CERTO_ERRADO,E,,,
1576685,False,historical_question_generate_applied_card,Resolução CONTRAN nº 24/1998 - Critério de Identificação de Veículos,CERTO_ERRADO,ERRADO,,,
1576687,False,historical_question_generate_applied_card,Resolução CONTRAN nº 24/1998 - Critério de Identificação de Veículos,CERTO_ERRADO,E,,,
1576691,False,historical_question_generate_applied_card,Resolução CONTRAN nº 24/1998 - Critério de Identificação de Veículos,CERTO_ERRADO,C,,,
1577722,False,historical_question_generate_applied_card,Resolução CONTRAN nº 24/1998 - Critério de Identificação de Veículos,CERTO_ERRADO,CERTO,,,
1577723,False,historical_question_generate_applied_card,Resolução CONTRAN nº 24/1998 - Critério de Identificação de Veículos,CERTO_ERRADO,E,,,
1577724,False,historical_question_generate_applied_card,Resolução CONTRAN nº 24/1998 - Critério de Identificação de Veículos,CERTO_ERRADO,E,,,
1577725,False,historical_question_generate_applied_card,Resolução CONTRAN nº 24/1998 - Critério de Identificação de Veículos,CERTO_ERRADO,C,,,
1577726,False,historical_question_generate_applied_card,Resolução CONTRAN nº 24/1998 - Critério de Identificação de Veículos,CERTO_ERRADO,C,,,
1691910,False,historical_question_generate_applied_card,Resolução CONTRAN nº 24/1998 - Critério de Identificação de Veículos,MULTIPLA_ESCOLHA,A,,,
1961491,False,historical_question_generate_applied_card,Resolução CONTRAN nº 24/1998 - Critério de Identificação de Veículos,MULTIPLA_ESCOLHA,B,,,
28255,False,historical_question_generate_applied_card,Resolução CONTRAN nº 26/1998 - Transporte de carga em veículo de transporte de passageiros,CERTO_ERRADO,ERRADO,,,
548684,False,historical_question_generate_applied_card,Resolução CONTRAN nº 26/1998 - Transporte de carga em veículo de transporte de passageiros,CERTO_ERRADO,ERRADO,,,
551201,False,historical_question_generate_applied_card,Resolução CONTRAN nº 26/1998 - Transporte de carga em veículo de transporte de passageiros,CERTO_ERRADO,E,,,
300169,False,historical_question_generate_applied_card,Resolução CONTRAN nº 300/2008 - Proc. Adm. de Exames Pós-Condenação por Crime de Trânsito e Outros,MULTIPLA_ESCOLHA,,,,
916970,False,historical_question_generate_applied_card,Resolução CONTRAN nº 300/2008 - Proc. Adm. de Exames Pós-Condenação por Crime de Trânsito e Outros,MULTIPLA_ESCOLHA,A,,,
1277056,False,historical_question_generate_applied_card,Resolução CONTRAN nº 300/2008 - Proc. Adm. de Exames Pós-Condenação por Crime de Trânsito e Outros,MULTIPLA_ESCOLHA,D,,,Resolução CONTRAN Nº 300/2008; Art.3º; habilitação; sinalização
1609823,False,historical_question_generate_applied_card,Resolução CONTRAN nº 300/2008 - Proc. Adm. de Exames Pós-Condenação por Crime de Trânsito e Outros,MULTIPLA_ESCOLHA,E,,,habilitação
2000533,False,historical_question_generate_applied_card,Resolução CONTRAN nº 300/2008 - Proc. Adm. de Exames Pós-Condenação por Crime de Trânsito e Outros,MULTIPLA_ESCOLHA,A,,,Resolução CONTRAN nº 300/2008
2011764,False,historical_question_generate_applied_card,Resolução CONTRAN nº 300/2008 - Proc. Adm. de Exames Pós-Condenação por Crime de Trânsito e Outros,MULTIPLA_ESCOLHA,,,,Resolução nº 300/2008; grave
2011765,False,historical_question_generate_applied_card,Resolução CONTRAN nº 300/2008 - Proc. Adm. de Exames Pós-Condenação por Crime de Trânsito e Outros,MULTIPLA_ESCOLHA,,,,grave
2011882,False,historical_question_generate_applied_card,Resolução CONTRAN nº 300/2008 - Proc. Adm. de Exames Pós-Condenação por Crime de Trânsito e Outros,MULTIPLA_ESCOLHA,,,,Resolução nº 300/2008; grave
2178174,False,historical_question_generate_applied_card,Resolução CONTRAN nº 300/2008 - Proc. Adm. de Exames Pós-Condenação por Crime de Trânsito e Outros,CERTO_ERRADO,CERTO,,,Resolução Contran nº 300/2008; grave
2178179,False,historical_question_generate_applied_card,Resolução CONTRAN nº 300/2008 - Proc. Adm. de Exames Pós-Condenação por Crime de Trânsito e Outros,CERTO_ERRADO,CERTO,,,Resolução Contran nº 300/2008; habilitação; grave
2178196,False,historical_question_generate_applied_card,Resolução CONTRAN nº 300/2008 - Proc. Adm. de Exames Pós-Condenação por Crime de Trânsito e Outros,CERTO_ERRADO,CERTO,,,Resolução Contran nº 300/2008; habilitação; grave
2178202,False,historical_question_generate_applied_card,Resolução CONTRAN nº 300/2008 - Proc. Adm. de Exames Pós-Condenação por Crime de Trânsito e Outros,CERTO_ERRADO,CERTO,,,Resolução Contran nº 300/2008; grave
2178247,False,historical_question_generate_applied_card,Resolução CONTRAN nº 300/2008 - Proc. Adm. de Exames Pós-Condenação por Crime de Trânsito e Outros,CERTO_ERRADO,ERRADO,,,Resolução Contran nº 300/2008; grave
2178253,False,historical_question_generate_applied_card,Resolução CONTRAN nº 300/2008 - Proc. Adm. de Exames Pós-Condenação por Crime de Trânsito e Outros,CERTO_ERRADO,CERTO,,,Resolução Contran nº 300/2008; habilitação; grave
2178254,False,historical_question_generate_applied_card,Resolução CONTRAN nº 300/2008 - Proc. Adm. de Exames Pós-Condenação por Crime de Trânsito e Outros,CERTO_ERRADO,CERTO,,,Resolução Contran nº 300/2008; habilitação; grave
2178255,False,historical_question_generate_applied_card,Resolução CONTRAN nº 300/2008 - Proc. Adm. de Exames Pós-Condenação por Crime de Trânsito e Outros,CERTO_ERRADO,CERTO,,,Resolução Contran nº 300/2008; habilitação; grave
2178259,False,historical_question_generate_applied_card,Resolução CONTRAN nº 300/2008 - Proc. Adm. de Exames Pós-Condenação por Crime de Trânsito e Outros,CERTO_ERRADO,ERRADO,,,Resolução Contran nº 300/2008; grave
2178260,False,historical_question_generate_applied_card,Resolução CONTRAN nº 300/2008 - Proc. Adm. de Exames Pós-Condenação por Crime de Trânsito e Outros,CERTO_ERRADO,CERTO,,,Resolução Contran nº 300/2008; grave
2178261,False,historical_question_generate_applied_card,Resolução CONTRAN nº 300/2008 - Proc. Adm. de Exames Pós-Condenação por Crime de Trânsito e Outros,CERTO_ERRADO,ERRADO,,,Resolução Contran nº 300/2008; grave
2178262,False,historical_question_generate_applied_card,Resolução CONTRAN nº 300/2008 - Proc. Adm. de Exames Pós-Condenação por Crime de Trânsito e Outros,CERTO_ERRADO,CERTO,,,Resolução Contran nº 300/2008; grave
2143096,False,historical_question_generate_applied_card,Resolução CONTRAN nº 351/2010 - Procedimentos para Veiculação de Mensagens Educativas de Trânsito,MULTIPLA_ESCOLHA,A,,,
27873,False,historical_question_generate_applied_card,Resolução CONTRAN nº 36/1998 - Sinalização de Advertência para os veículos Estiverem Imobilizados,MULTIPLA_ESCOLHA,C,,,sinalização; pisca-alerta
28256,False,historical_question_generate_applied_card,Resolução CONTRAN nº 36/1998 - Sinalização de Advertência para os veículos Estiverem Imobilizados,CERTO_ERRADO,ERRADO,,,sinalização
209024,False,historical_question_generate_applied_card,Resolução CONTRAN nº 36/1998 - Sinalização de Advertência para os veículos Estiverem Imobilizados,MULTIPLA_ESCOLHA,E,,,Resolução Contran n.º 36/1998; pisca-alerta
435031,False,historical_question_generate_applied_card,Resolução CONTRAN nº 36/1998 - Sinalização de Advertência para os veículos Estiverem Imobilizados,MULTIPLA_ESCOLHA,D,,,sinalização; pisca-alerta
545330,False,historical_question_generate_applied_card,Resolução CONTRAN nº 36/1998 - Sinalização de Advertência para os veículos Estiverem Imobilizados,MULTIPLA_ESCOLHA,D,,,sinalização; pisca-alerta
934708,False,historical_question_generate_applied_card,Resolução CONTRAN nº 36/1998 - Sinalização de Advertência para os veículos Estiverem Imobilizados,MULTIPLA_ESCOLHA,D,,,sinalização
1052424,False,historical_question_generate_applied_card,Resolução CONTRAN nº 36/1998 - Sinalização de Advertência para os veículos Estiverem Imobilizados,CERTO_ERRADO,E,,,sinalização
1071621,False,historical_question_generate_applied_card,Resolução CONTRAN nº 36/1998 - Sinalização de Advertência para os veículos Estiverem Imobilizados,MULTIPLA_ESCOLHA,E,,,sinalização
1255308,False,historical_question_generate_applied_card,Resolução CONTRAN nº 36/1998 - Sinalização de Advertência para os veículos Estiverem Imobilizados,MULTIPLA_ESCOLHA,E,,,Resolução nº 36; sinalização
1314253,False,historical_question_generate_applied_card,Resolução CONTRAN nº 36/1998 - Sinalização de Advertência para os veículos Estiverem Imobilizados,MULTIPLA_ESCOLHA,C,,,pisca-alerta; buzina
1503687,False,historical_question_generate_applied_card,Resolução CONTRAN nº 36/1998 - Sinalização de Advertência para os veículos Estiverem Imobilizados,CERTO_ERRADO,ERRADO,,,Resolução Contran nº 36; sinalização; pisca-alerta
1503688,False,historical_question_generate_applied_card,Resolução CONTRAN nº 36/1998 - Sinalização de Advertência para os veículos Estiverem Imobilizados,CERTO_ERRADO,CERTO,,,Resolução Contran nº 36; sinalização; pisca-alerta
28257,False,historical_question_generate_applied_card,Resolução CONTRAN nº 432/2013 - Consumo de Álcool ou de Outra Substância Psicoativa,CERTO_ERRADO,CERTO,,,
28258,False,historical_question_generate_applied_card,Resolução CONTRAN nº 432/2013 - Consumo de Álcool ou de Outra Substância Psicoativa,CERTO_ERRADO,,,,
205370,False,historical_question_generate_applied_card,Resolução CONTRAN nº 432/2013 - Consumo de Álcool ou de Outra Substância Psicoativa,MULTIPLA_ESCOLHA,C,,,Resolução n.º 432/2013; art. 165; infração; álcool
424415,False,historical_question_generate_applied_card,Resolução CONTRAN nº 432/2013 - Consumo de Álcool ou de Outra Substância Psicoativa,MULTIPLA_ESCOLHA,A,,,álcool
434218,False,historical_question_generate_applied_card,Resolução CONTRAN nº 432/2013 - Consumo de Álcool ou de Outra Substância Psicoativa,MULTIPLA_ESCOLHA,C,,,álcool
549773,False,historical_question_generate_applied_card,Resolução CONTRAN nº 432/2013 - Consumo de Álcool ou de Outra Substância Psicoativa,MULTIPLA_ESCOLHA,C,,,Resolução nº 432/13; álcool
849149,False,historical_question_generate_applied_card,Resolução CONTRAN nº 432/2013 - Consumo de Álcool ou de Outra Substância Psicoativa,MULTIPLA_ESCOLHA,E,,,álcool
886443,False,historical_question_generate_applied_card,Resolução CONTRAN nº 432/2013 - Consumo de Álcool ou de Outra Substância Psicoativa,MULTIPLA_ESCOLHA,E,,,8%; álcool
1046070,False,historical_question_generate_applied_card,Resolução CONTRAN nº 432/2013 - Consumo de Álcool ou de Outra Substância Psicoativa,MULTIPLA_ESCOLHA,C,,,habilitação; infração; grave; gravíssima; multa; retenção; álcool
1403534,False,historical_question_generate_applied_card,Resolução CONTRAN nº 432/2013 - Consumo de Álcool ou de Outra Substância Psicoativa,CERTO_ERRADO,C,,,
1508724,False,historical_question_generate_applied_card,Resolução CONTRAN nº 432/2013 - Consumo de Álcool ou de Outra Substância Psicoativa,CERTO_ERRADO,ERRADO,,,Resolução Contran nº 432; álcool
1508725,False,historical_question_generate_applied_card,Resolução CONTRAN nº 432/2013 - Consumo de Álcool ou de Outra Substância Psicoativa,CERTO_ERRADO,CERTO,,,Resolução Contran nº 432; álcool
1508730,False,historical_question_generate_applied_card,Resolução CONTRAN nº 432/2013 - Consumo de Álcool ou de Outra Substância Psicoativa,CERTO_ERRADO,CERTO,,,Resolução Contran nº 432; álcool
1508732,False,historical_question_generate_applied_card,Resolução CONTRAN nº 432/2013 - Consumo de Álcool ou de Outra Substância Psicoativa,CERTO_ERRADO,ERRADO,,,Resolução Contran nº 432; álcool
1508734,False,historical_question_generate_applied_card,Resolução CONTRAN nº 432/2013 - Consumo de Álcool ou de Outra Substância Psicoativa,CERTO_ERRADO,ERRADO,,,Resolução Contran nº 432; álcool
1508738,False,historical_question_generate_applied_card,Resolução CONTRAN nº 432/2013 - Consumo de Álcool ou de Outra Substância Psicoativa,CERTO_ERRADO,CERTO,,,Resolução Contran nº 432; álcool
1508740,False,historical_question_generate_applied_card,Resolução CONTRAN nº 432/2013 - Consumo de Álcool ou de Outra Substância Psicoativa,CERTO_ERRADO,ERRADO,,,Resolução Contran nº 432; álcool
1508742,False,historical_question_generate_applied_card,Resolução CONTRAN nº 432/2013 - Consumo de Álcool ou de Outra Substância Psicoativa,CERTO_ERRADO,ERRADO,,,Resolução Contran nº 432; álcool
1508743,False,historical_question_generate_applied_card,Resolução CONTRAN nº 432/2013 - Consumo de Álcool ou de Outra Substância Psicoativa,CERTO_ERRADO,CERTO,,,Resolução Contran nº 432; álcool
1508757,False,historical_question_generate_applied_card,Resolução CONTRAN nº 432/2013 - Consumo de Álcool ou de Outra Substância Psicoativa,CERTO_ERRADO,ERRADO,,,Resolução Contran nº 432; art. 165; infração; álcool
1508760,False,historical_question_generate_applied_card,Resolução CONTRAN nº 432/2013 - Consumo de Álcool ou de Outra Substância Psicoativa,CERTO_ERRADO,CERTO,,,Resolução Contran nº 432; art. 306; álcool
1508763,False,historical_question_generate_applied_card,Resolução CONTRAN nº 432/2013 - Consumo de Álcool ou de Outra Substância Psicoativa,CERTO_ERRADO,CERTO,,,Resolução Contran nº 432; álcool
1508765,False,historical_question_generate_applied_card,Resolução CONTRAN nº 432/2013 - Consumo de Álcool ou de Outra Substância Psicoativa,CERTO_ERRADO,ERRADO,,,Resolução Contran nº 432; álcool
1508767,False,historical_question_generate_applied_card,Resolução CONTRAN nº 432/2013 - Consumo de Álcool ou de Outra Substância Psicoativa,CERTO_ERRADO,CERTO,,,Resolução Contran nº 432; infração; álcool
1508770,False,historical_question_generate_applied_card,Resolução CONTRAN nº 432/2013 - Consumo de Álcool ou de Outra Substância Psicoativa,CERTO_ERRADO,CERTO,,,Resolução Contran nº 432; infração; álcool
1508771,False,historical_question_generate_applied_card,Resolução CONTRAN nº 432/2013 - Consumo de Álcool ou de Outra Substância Psicoativa,CERTO_ERRADO,ERRADO,,,Resolução Contran nº 432; álcool
1508775,False,historical_question_generate_applied_card,Resolução CONTRAN nº 432/2013 - Consumo de Álcool ou de Outra Substância Psicoativa,CERTO_ERRADO,ERRADO,,,Resolução Contran nº 432; habilitação; infração; álcool
1508776,False,historical_question_generate_applied_card,Resolução CONTRAN nº 432/2013 - Consumo de Álcool ou de Outra Substância Psicoativa,CERTO_ERRADO,ERRADO,,,Resolução Contran nº 432; habilitação; infração; multa; álcool
1508778,False,historical_question_generate_applied_card,Resolução CONTRAN nº 432/2013 - Consumo de Álcool ou de Outra Substância Psicoativa,CERTO_ERRADO,CERTO,,,Resolução Contran nº 432; álcool
1531241,False,historical_question_generate_applied_card,Resolução CONTRAN nº 432/2013 - Consumo de Álcool ou de Outra Substância Psicoativa,MULTIPLA_ESCOLHA,C,,,álcool
1576558,False,historical_question_generate_applied_card,Resolução CONTRAN nº 432/2013 - Consumo de Álcool ou de Outra Substância Psicoativa,CERTO_ERRADO,C,,,
1577617,False,historical_question_generate_applied_card,Resolução CONTRAN nº 432/2013 - Consumo de Álcool ou de Outra Substância Psicoativa,CERTO_ERRADO,C,,,
1829458,False,historical_question_generate_applied_card,Resolução CONTRAN nº 432/2013 - Consumo de Álcool ou de Outra Substância Psicoativa,MULTIPLA_ESCOLHA,E,,,Resolução nº 432; habilitação; infração
1969143,False,historical_question_generate_applied_card,Resolução CONTRAN nº 432/2013 - Consumo de Álcool ou de Outra Substância Psicoativa,MULTIPLA_ESCOLHA,B,,,Art. 165; art. 5; art. 165; art. 3º; art. 306; infração; álcool; recusa
254766,False,historical_question_generate_applied_card,Resolução CONTRAN nº 508/2014 - Requisitos de Segurança para a Circulação de Veículo de Carga,CERTO_ERRADO,ERRADO,,,sinalização
624731,False,historical_question_generate_applied_card,Resolução CONTRAN nº 508/2014 - Requisitos de Segurança para a Circulação de Veículo de Carga,MULTIPLA_ESCOLHA,C,,,Resolução nº 508/2014
626008,False,historical_question_generate_applied_card,Resolução CONTRAN nº 508/2014 - Requisitos de Segurança para a Circulação de Veículo de Carga,MULTIPLA_ESCOLHA,C,,,Resolução nº 508/2014; Art. 1º
816628,False,historical_question_generate_applied_card,Resolução CONTRAN nº 508/2014 - Requisitos de Segurança para a Circulação de Veículo de Carga,MULTIPLA_ESCOLHA,A,,,peso; dimensões
1415330,False,historical_question_generate_applied_card,Resolução CONTRAN nº 508/2014 - Requisitos de Segurança para a Circulação de Veículo de Carga,MULTIPLA_ESCOLHA,E,,,24 anos; categoria B; habilitação
1510575,False,historical_question_generate_applied_card,Resolução CONTRAN nº 508/2014 - Requisitos de Segurança para a Circulação de Veículo de Carga,CERTO_ERRADO,ERRADO,,,Resolução Contran nº 508
1510576,False,historical_question_generate_applied_card,Resolução CONTRAN nº 508/2014 - Requisitos de Segurança para a Circulação de Veículo de Carga,CERTO_ERRADO,ERRADO,,,Resolução Contran nº 508
1510577,False,historical_question_generate_applied_card,Resolução CONTRAN nº 508/2014 - Requisitos de Segurança para a Circulação de Veículo de Carga,CERTO_ERRADO,CERTO,,,Resolução Contran nº 508
1510579,False,historical_question_generate_applied_card,Resolução CONTRAN nº 508/2014 - Requisitos de Segurança para a Circulação de Veículo de Carga,CERTO_ERRADO,CERTO,,,Resolução Contran nº 508
1510580,False,historical_question_generate_applied_card,Resolução CONTRAN nº 508/2014 - Requisitos de Segurança para a Circulação de Veículo de Carga,CERTO_ERRADO,ERRADO,,,Resolução Contran nº 508
1510581,False,historical_question_generate_applied_card,Resolução CONTRAN nº 508/2014 - Requisitos de Segurança para a Circulação de Veículo de Carga,CERTO_ERRADO,CERTO,,,Resolução Contran nº 508
1510582,False,historical_question_generate_applied_card,Resolução CONTRAN nº 508/2014 - Requisitos de Segurança para a Circulação de Veículo de Carga,CERTO_ERRADO,ERRADO,,,Resolução Contran nº 508
1510583,False,historical_question_generate_applied_card,Resolução CONTRAN nº 508/2014 - Requisitos de Segurança para a Circulação de Veículo de Carga,CERTO_ERRADO,CERTO,,,Resolução Contran nº 508
1510584,False,historical_question_generate_applied_card,Resolução CONTRAN nº 508/2014 - Requisitos de Segurança para a Circulação de Veículo de Carga,CERTO_ERRADO,ERRADO,,,Resolução Contran nº 508
1510585,False,historical_question_generate_applied_card,Resolução CONTRAN nº 508/2014 - Requisitos de Segurança para a Circulação de Veículo de Carga,CERTO_ERRADO,ERRADO,,,categoria B; Resolução Contran nº 508; peso
1510587,False,historical_question_generate_applied_card,Resolução CONTRAN nº 508/2014 - Requisitos de Segurança para a Circulação de Veículo de Carga,CERTO_ERRADO,CERTO,,,categoria C; Resolução Contran nº 508; peso
1510589,False,historical_question_generate_applied_card,Resolução CONTRAN nº 508/2014 - Requisitos de Segurança para a Circulação de Veículo de Carga,CERTO_ERRADO,A,,,Resolução Contran nº 508
1510590,False,historical_question_generate_applied_card,Resolução CONTRAN nº 508/2014 - Requisitos de Segurança para a Circulação de Veículo de Carga,CERTO_ERRADO,CERTO,,,Resolução Contran nº 508
1510591,False,historical_question_generate_applied_card,Resolução CONTRAN nº 508/2014 - Requisitos de Segurança para a Circulação de Veículo de Carga,CERTO_ERRADO,CERTO,,,Resolução Contran nº 508
1510594,False,historical_question_generate_applied_card,Resolução CONTRAN nº 508/2014 - Requisitos de Segurança para a Circulação de Veículo de Carga,CERTO_ERRADO,ERRADO,,,Resolução Contran nº 508
1577995,False,historical_question_generate_applied_card,Resolução CONTRAN nº 508/2014 - Requisitos de Segurança para a Circulação de Veículo de Carga,MULTIPLA_ESCOLHA,D,,,
1609824,False,historical_question_generate_applied_card,Resolução CONTRAN nº 508/2014 - Requisitos de Segurança para a Circulação de Veículo de Carga,MULTIPLA_ESCOLHA,A,,,categoria d; Art. 8º; art. 6º; habilitação
1611248,False,historical_question_generate_applied_card,Resolução CONTRAN nº 508/2014 - Requisitos de Segurança para a Circulação de Veículo de Carga,CERTO_ERRADO,E,,,
480657,False,historical_question_generate_applied_card,Resolução CONTRAN nº 514/2014 - Política Nacional de Trânsito,MULTIPLA_ESCOLHA,C,,,
855084,False,historical_question_generate_applied_card,Resolução CONTRAN nº 514/2014 - Política Nacional de Trânsito,MULTIPLA_ESCOLHA,A,,,Resolução Nº 514/2014
1701320,False,historical_question_generate_applied_card,Resolução CONTRAN nº 514/2014 - Política Nacional de Trânsito,MULTIPLA_ESCOLHA,A,,,Resolução nº 514/14; multa; sinalização
2102625,False,historical_question_generate_applied_card,Resolução CONTRAN nº 514/2014 - Política Nacional de Trânsito,MULTIPLA_ESCOLHA,C,,,Resolução Contran nº 514/2014
1515755,False,historical_question_generate_applied_card,Resolução CONTRAN nº 525/2015 - Fiscalização do Tempo de Direção Profissional,CERTO_ERRADO,ERRADO,,,Resolução Contran nº 525
1515756,False,historical_question_generate_applied_card,Resolução CONTRAN nº 525/2015 - Fiscalização do Tempo de Direção Profissional,CERTO_ERRADO,CERTO,,,Resolução Contran nº 525
1515757,False,historical_question_generate_applied_card,Resolução CONTRAN nº 525/2015 - Fiscalização do Tempo de Direção Profissional,CERTO_ERRADO,CERTO,,,Resolução Contran nº 525
1515758,False,historical_question_generate_applied_card,Resolução CONTRAN nº 525/2015 - Fiscalização do Tempo de Direção Profissional,CERTO_ERRADO,CERTO,,,Resolução Contran nº 525
1515759,False,historical_question_generate_applied_card,Resolução CONTRAN nº 525/2015 - Fiscalização do Tempo de Direção Profissional,CERTO_ERRADO,ERRADO,,,Resolução Contran nº 525
1515760,False,historical_question_generate_applied_card,Resolução CONTRAN nº 525/2015 - Fiscalização do Tempo de Direção Profissional,CERTO_ERRADO,CERTO,,,Resolução Contran nº 525; retenção
1515762,False,historical_question_generate_applied_card,Resolução CONTRAN nº 525/2015 - Fiscalização do Tempo de Direção Profissional,CERTO_ERRADO,CERTO,,,Resolução Contran nº 525
1611260,False,historical_question_generate_applied_card,Resolução CONTRAN nº 525/2015 - Fiscalização do Tempo de Direção Profissional,CERTO_ERRADO,C,,,
1611261,False,historical_question_generate_applied_card,Resolução CONTRAN nº 525/2015 - Fiscalização do Tempo de Direção Profissional,CERTO_ERRADO,E,,,peso
1611262,False,historical_question_generate_applied_card,Resolução CONTRAN nº 525/2015 - Fiscalização do Tempo de Direção Profissional,CERTO_ERRADO,E,,,
624729,False,historical_question_generate_applied_card,Resolução CONTRAN nº 573/2015 - Quadriciclos,MULTIPLA_ESCOLHA,A,,,7 anos; Resolução nº 573/2015; dimensões
624730,False,historical_question_generate_applied_card,"Resolução CONTRAN nº 623/2016 - Remoção, Custódia e Leilão de Veículos Removidos e Recolhidos",MULTIPLA_ESCOLHA,D,,,Resolução nº 623/2016; remoção; recusa
624732,False,historical_question_generate_applied_card,"Resolução CONTRAN nº 623/2016 - Remoção, Custódia e Leilão de Veículos Removidos e Recolhidos",MULTIPLA_ESCOLHA,B,,,Resolução nº 623/2016; art. 271; infração; retenção; remoção
624803,False,historical_question_generate_applied_card,"Resolução CONTRAN nº 623/2016 - Remoção, Custódia e Leilão de Veículos Removidos e Recolhidos",MULTIPLA_ESCOLHA,D,,,Resolução nº 623/2016; remoção
916949,False,historical_question_generate_applied_card,"Resolução CONTRAN nº 623/2016 - Remoção, Custódia e Leilão de Veículos Removidos e Recolhidos",MULTIPLA_ESCOLHA,E,,,
1336596,False,historical_question_generate_applied_card,"Resolução CONTRAN nº 623/2016 - Remoção, Custódia e Leilão de Veículos Removidos e Recolhidos",MULTIPLA_ESCOLHA,C,,,Resolução N.º 623/2016; remoção
2179880,False,historical_question_generate_applied_card,"Resolução CONTRAN nº 623/2016 - Remoção, Custódia e Leilão de Veículos Removidos e Recolhidos",CERTO_ERRADO,ERRADO,,,Resolução CONTRAN nº 623/2016; retenção; remoção
2179881,False,historical_question_generate_applied_card,"Resolução CONTRAN nº 623/2016 - Remoção, Custódia e Leilão de Veículos Removidos e Recolhidos",CERTO_ERRADO,CERTO,,,Resolução CONTRAN nº 623/2016; remoção
2179882,False,historical_question_generate_applied_card,"Resolução CONTRAN nº 623/2016 - Remoção, Custódia e Leilão de Veículos Removidos e Recolhidos",CERTO_ERRADO,CERTO,,,Resolução CONTRAN nº 623/2016; remoção
2179883,False,historical_question_generate_applied_card,"Resolução CONTRAN nº 623/2016 - Remoção, Custódia e Leilão de Veículos Removidos e Recolhidos",CERTO_ERRADO,ERRADO,,,Resolução CONTRAN nº 623/2016; remoção
2179884,False,historical_question_generate_applied_card,"Resolução CONTRAN nº 623/2016 - Remoção, Custódia e Leilão de Veículos Removidos e Recolhidos",CERTO_ERRADO,ERRADO,,,Resolução CONTRAN nº 623/2016; remoção
2179885,False,historical_question_generate_applied_card,"Resolução CONTRAN nº 623/2016 - Remoção, Custódia e Leilão de Veículos Removidos e Recolhidos",CERTO_ERRADO,CERTO,,,Resolução CONTRAN nº 623/2016; remoção
2179886,False,historical_question_generate_applied_card,"Resolução CONTRAN nº 623/2016 - Remoção, Custódia e Leilão de Veículos Removidos e Recolhidos",CERTO_ERRADO,CERTO,,,Resolução CONTRAN nº 623/2016; remoção
2179887,False,historical_question_generate_applied_card,"Resolução CONTRAN nº 623/2016 - Remoção, Custódia e Leilão de Veículos Removidos e Recolhidos",CERTO_ERRADO,CERTO,,,Resolução CONTRAN nº 623/2016; remoção
2179888,False,historical_question_generate_applied_card,"Resolução CONTRAN nº 623/2016 - Remoção, Custódia e Leilão de Veículos Removidos e Recolhidos",CERTO_ERRADO,CERTO,,,Resolução CONTRAN nº 623/2016; remoção
2179889,False,historical_question_generate_applied_card,"Resolução CONTRAN nº 623/2016 - Remoção, Custódia e Leilão de Veículos Removidos e Recolhidos",CERTO_ERRADO,CERTO,,,Resolução CONTRAN nº 623/2016; multa; remoção
2179890,False,historical_question_generate_applied_card,"Resolução CONTRAN nº 623/2016 - Remoção, Custódia e Leilão de Veículos Removidos e Recolhidos",CERTO_ERRADO,CERTO,,,Resolução CONTRAN nº 623/2016; remoção
2179891,False,historical_question_generate_applied_card,"Resolução CONTRAN nº 623/2016 - Remoção, Custódia e Leilão de Veículos Removidos e Recolhidos",CERTO_ERRADO,CERTO,,,Resolução CONTRAN nº 623/2016; remoção
2179892,False,historical_question_generate_applied_card,"Resolução CONTRAN nº 623/2016 - Remoção, Custódia e Leilão de Veículos Removidos e Recolhidos",CERTO_ERRADO,CERTO,,,Resolução CONTRAN nº 623/2016; remoção
2179893,False,historical_question_generate_applied_card,"Resolução CONTRAN nº 623/2016 - Remoção, Custódia e Leilão de Veículos Removidos e Recolhidos",CERTO_ERRADO,ERRADO,,,Resolução CONTRAN nº 623/2016; remoção
2179894,False,historical_question_generate_applied_card,"Resolução CONTRAN nº 623/2016 - Remoção, Custódia e Leilão de Veículos Removidos e Recolhidos",CERTO_ERRADO,CERTO,,,Resolução CONTRAN nº 623/2016; remoção
2179895,False,historical_question_generate_applied_card,"Resolução CONTRAN nº 623/2016 - Remoção, Custódia e Leilão de Veículos Removidos e Recolhidos",CERTO_ERRADO,CERTO,,,Resolução CONTRAN nº 623/2016; remoção
2179896,False,historical_question_generate_applied_card,"Resolução CONTRAN nº 623/2016 - Remoção, Custódia e Leilão de Veículos Removidos e Recolhidos",CERTO_ERRADO,CERTO,,,Resolução CONTRAN nº 623/2016; remoção
2179897,False,historical_question_generate_applied_card,"Resolução CONTRAN nº 623/2016 - Remoção, Custódia e Leilão de Veículos Removidos e Recolhidos",CERTO_ERRADO,CERTO,,,Resolução CONTRAN nº 623/2016; remoção
2179898,False,historical_question_generate_applied_card,"Resolução CONTRAN nº 623/2016 - Remoção, Custódia e Leilão de Veículos Removidos e Recolhidos",CERTO_ERRADO,ERRADO,,,Resolução CONTRAN nº 623/2016; remoção
2179899,False,historical_question_generate_applied_card,"Resolução CONTRAN nº 623/2016 - Remoção, Custódia e Leilão de Veículos Removidos e Recolhidos",CERTO_ERRADO,CERTO,,,Resolução CONTRAN nº 623/2016; remoção
2179900,False,historical_question_generate_applied_card,"Resolução CONTRAN nº 623/2016 - Remoção, Custódia e Leilão de Veículos Removidos e Recolhidos",CERTO_ERRADO,CERTO,,,Resolução CONTRAN nº 623/2016; remoção
2179901,False,historical_question_generate_applied_card,"Resolução CONTRAN nº 623/2016 - Remoção, Custódia e Leilão de Veículos Removidos e Recolhidos",CERTO_ERRADO,CERTO,,,Resolução CONTRAN nº 623/2016; remoção
2179902,False,historical_question_generate_applied_card,"Resolução CONTRAN nº 623/2016 - Remoção, Custódia e Leilão de Veículos Removidos e Recolhidos",CERTO_ERRADO,CERTO,,,Resolução CONTRAN nº 623/2016; remoção
2179903,False,historical_question_generate_applied_card,"Resolução CONTRAN nº 623/2016 - Remoção, Custódia e Leilão de Veículos Removidos e Recolhidos",CERTO_ERRADO,CERTO,,,Resolução CONTRAN nº 623/2016; remoção
2179904,False,historical_question_generate_applied_card,"Resolução CONTRAN nº 623/2016 - Remoção, Custódia e Leilão de Veículos Removidos e Recolhidos",CERTO_ERRADO,CERTO,,,Resolução CONTRAN nº 623/2016; remoção
2179905,False,historical_question_generate_applied_card,"Resolução CONTRAN nº 623/2016 - Remoção, Custódia e Leilão de Veículos Removidos e Recolhidos",CERTO_ERRADO,ERRADO,,,Resolução CONTRAN nº 623/2016; remoção
2179906,False,historical_question_generate_applied_card,"Resolução CONTRAN nº 623/2016 - Remoção, Custódia e Leilão de Veículos Removidos e Recolhidos",CERTO_ERRADO,CERTO,,,Resolução CONTRAN nº 623/2016; remoção
2179907,False,historical_question_generate_applied_card,"Resolução CONTRAN nº 623/2016 - Remoção, Custódia e Leilão de Veículos Removidos e Recolhidos",CERTO_ERRADO,ERRADO,,,Resolução CONTRAN nº 623/2016; remoção
2179908,False,historical_question_generate_applied_card,"Resolução CONTRAN nº 623/2016 - Remoção, Custódia e Leilão de Veículos Removidos e Recolhidos",CERTO_ERRADO,CERTO,,,Resolução CONTRAN nº 623/2016; remoção
2179909,False,historical_question_generate_applied_card,"Resolução CONTRAN nº 623/2016 - Remoção, Custódia e Leilão de Veículos Removidos e Recolhidos",CERTO_ERRADO,CERTO,,,Resolução CONTRAN nº 623/2016; remoção
2179910,False,historical_question_generate_applied_card,"Resolução CONTRAN nº 623/2016 - Remoção, Custódia e Leilão de Veículos Removidos e Recolhidos",CERTO_ERRADO,ERRADO,,,Resolução CONTRAN nº 623/2016; remoção
807287,False,historical_question_generate_applied_card,Resolução CONTRAN nº 723/2018 - Processo de suspensão e cassação do direito de dirigir,MULTIPLA_ESCOLHA,D,,,Resolução nº. 723/2018; habilitação
816636,False,historical_question_generate_applied_card,Resolução CONTRAN nº 723/2018 - Processo de suspensão e cassação do direito de dirigir,MULTIPLA_ESCOLHA,C,,,resolução nº. 723/2018; habilitação; infração
876892,False,historical_question_generate_applied_card,Resolução CONTRAN nº 723/2018 - Processo de suspensão e cassação do direito de dirigir,CERTO_ERRADO,ERRADO,,,
1403522,False,historical_question_generate_applied_card,Resolução CONTRAN nº 723/2018 - Processo de suspensão e cassação do direito de dirigir,CERTO_ERRADO,CERTO,,,habilitação
1501056,False,historical_question_generate_applied_card,Resolução CONTRAN nº 723/2018 - Processo de suspensão e cassação do direito de dirigir,MULTIPLA_ESCOLHA,B,,,art. 165; habilitação; infração; álcool
2179857,False,historical_question_generate_applied_card,Resolução CONTRAN nº 723/2018 - Processo de suspensão e cassação do direito de dirigir,CERTO_ERRADO,ERRADO,,,Resolução CONTRAN nº 723/2018
2179862,False,historical_question_generate_applied_card,Resolução CONTRAN nº 723/2018 - Processo de suspensão e cassação do direito de dirigir,CERTO_ERRADO,CERTO,,,Resolução CONTRAN nº 723/2018; art. 259; infração
2179865,False,historical_question_generate_applied_card,Resolução CONTRAN nº 723/2018 - Processo de suspensão e cassação do direito de dirigir,CERTO_ERRADO,CERTO,,,Resolução CONTRAN nº 723/2018; habilitação; infração; multa
2179867,False,historical_question_generate_applied_card,Resolução CONTRAN nº 723/2018 - Processo de suspensão e cassação do direito de dirigir,CERTO_ERRADO,ERRADO,,,Resolução CONTRAN nº 723/2018
2179868,False,historical_question_generate_applied_card,Resolução CONTRAN nº 723/2018 - Processo de suspensão e cassação do direito de dirigir,CERTO_ERRADO,ERRADO,,,Resolução CONTRAN nº 723/2018; infração
2179869,False,historical_question_generate_applied_card,Resolução CONTRAN nº 723/2018 - Processo de suspensão e cassação do direito de dirigir,CERTO_ERRADO,CERTO,,,Resolução CONTRAN nº 723/2018
2179870,False,historical_question_generate_applied_card,Resolução CONTRAN nº 723/2018 - Processo de suspensão e cassação do direito de dirigir,CERTO_ERRADO,CERTO,,,Resolução CONTRAN nº 723/2018; habilitação
2179871,False,historical_question_generate_applied_card,Resolução CONTRAN nº 723/2018 - Processo de suspensão e cassação do direito de dirigir,CERTO_ERRADO,CERTO,,,Resolução CONTRAN nº 723/2018; habilitação
2179872,False,historical_question_generate_applied_card,Resolução CONTRAN nº 723/2018 - Processo de suspensão e cassação do direito de dirigir,CERTO_ERRADO,ERRADO,,,Resolução CONTRAN nº 723/2018; habilitação
2179873,False,historical_question_generate_applied_card,Resolução CONTRAN nº 723/2018 - Processo de suspensão e cassação do direito de dirigir,CERTO_ERRADO,CERTO,,,Resolução CONTRAN nº 723/2018; habilitação
2179875,False,historical_question_generate_applied_card,Resolução CONTRAN nº 723/2018 - Processo de suspensão e cassação do direito de dirigir,CERTO_ERRADO,ERRADO,,,Resolução CONTRAN nº 723/2018; habilitação
2179876,False,historical_question_generate_applied_card,Resolução CONTRAN nº 723/2018 - Processo de suspensão e cassação do direito de dirigir,CERTO_ERRADO,CERTO,,,Resolução CONTRAN nº 723/2018; habilitação
2179877,False,historical_question_generate_applied_card,Resolução CONTRAN nº 723/2018 - Processo de suspensão e cassação do direito de dirigir,CERTO_ERRADO,ERRADO,,,Resolução CONTRAN nº 723/2018
2179879,False,historical_question_generate_applied_card,Resolução CONTRAN nº 723/2018 - Processo de suspensão e cassação do direito de dirigir,CERTO_ERRADO,ERRADO,,,Resolução CONTRAN nº 723/2018
299529,False,historical_question_generate_applied_card,Resolução CONTRAN nº 735/2018 - Requisitos de Segurança Necessários à Circulação de CTV e CTVP,MULTIPLA_ESCOLHA,E,,,
778182,False,historical_question_generate_applied_card,Resolução CONTRAN nº 735/2018 - Requisitos de Segurança Necessários à Circulação de CTV e CTVP,CERTO_ERRADO,C,,,infração
1290961,False,historical_question_generate_applied_card,Resolução CONTRAN nº 735/2018 - Requisitos de Segurança Necessários à Circulação de CTV e CTVP,MULTIPLA_ESCOLHA,A,,,Resolução nº 735/2018
1515891,False,historical_question_generate_applied_card,Resolução CONTRAN nº 735/2018 - Requisitos de Segurança Necessários à Circulação de CTV e CTVP,CERTO_ERRADO,CERTO,,,Resolução Contran nº 735
1515894,False,historical_question_generate_applied_card,Resolução CONTRAN nº 735/2018 - Requisitos de Segurança Necessários à Circulação de CTV e CTVP,CERTO_ERRADO,CERTO,,,Resolução Contran nº 735
1515895,False,historical_question_generate_applied_card,Resolução CONTRAN nº 735/2018 - Requisitos de Segurança Necessários à Circulação de CTV e CTVP,CERTO_ERRADO,CERTO,,,Resolução Contran nº 735
1515896,False,historical_question_generate_applied_card,Resolução CONTRAN nº 735/2018 - Requisitos de Segurança Necessários à Circulação de CTV e CTVP,CERTO_ERRADO,ERRADO,,,Resolução Contran nº 735
1515897,False,historical_question_generate_applied_card,Resolução CONTRAN nº 735/2018 - Requisitos de Segurança Necessários à Circulação de CTV e CTVP,CERTO_ERRADO,ERRADO,,,Resolução Contran nº 735
1515898,False,historical_question_generate_applied_card,Resolução CONTRAN nº 735/2018 - Requisitos de Segurança Necessários à Circulação de CTV e CTVP,CERTO_ERRADO,ERRADO,,,Resolução Contran nº 735; sinalização
1515899,False,historical_question_generate_applied_card,Resolução CONTRAN nº 735/2018 - Requisitos de Segurança Necessários à Circulação de CTV e CTVP,CERTO_ERRADO,ERRADO,,,Resolução Contran nº 735
1515900,False,historical_question_generate_applied_card,Resolução CONTRAN nº 735/2018 - Requisitos de Segurança Necessários à Circulação de CTV e CTVP,CERTO_ERRADO,ERRADO,,,Resolução Contran nº 735
1515901,False,historical_question_generate_applied_card,Resolução CONTRAN nº 735/2018 - Requisitos de Segurança Necessários à Circulação de CTV e CTVP,CERTO_ERRADO,CERTO,,,Resolução Contran nº 735
1515902,False,historical_question_generate_applied_card,Resolução CONTRAN nº 735/2018 - Requisitos de Segurança Necessários à Circulação de CTV e CTVP,CERTO_ERRADO,ERRADO,,,Resolução Contran nº 735
27885,False,historical_question_generate_applied_card,Resolução CONTRAN nº 789/2020 - Formação de Condutores de Veículos Automotores e Elétricos,MULTIPLA_ESCOLHA,,,,categoria B; habilitação; infração; multa
921203,False,historical_question_generate_applied_card,Resolução CONTRAN nº 789/2020 - Formação de Condutores de Veículos Automotores e Elétricos,MULTIPLA_ESCOLHA,E,,,grave; sinalização
1403547,False,historical_question_generate_applied_card,Resolução CONTRAN nº 789/2020 - Formação de Condutores de Veículos Automotores e Elétricos,CERTO_ERRADO,ERRADO,,,
1403553,False,historical_question_generate_applied_card,Resolução CONTRAN nº 789/2020 - Formação de Condutores de Veículos Automotores e Elétricos,CERTO_ERRADO,C,,,
1490487,False,historical_question_generate_applied_card,Resolução CONTRAN nº 789/2020 - Formação de Condutores de Veículos Automotores e Elétricos,CERTO_ERRADO,CERTO,,,habilitação
1525627,False,historical_question_generate_applied_card,Resolução CONTRAN nº 789/2020 - Formação de Condutores de Veículos Automotores e Elétricos,CERTO_ERRADO,CERTO,,,
1525629,False,historical_question_generate_applied_card,Resolução CONTRAN nº 789/2020 - Formação de Condutores de Veículos Automotores e Elétricos,CERTO_ERRADO,ERRADO,,,
1525631,False,historical_question_generate_applied_card,Resolução CONTRAN nº 789/2020 - Formação de Condutores de Veículos Automotores e Elétricos,CERTO_ERRADO,ERRADO,,,habilitação
1525632,False,historical_question_generate_applied_card,Resolução CONTRAN nº 789/2020 - Formação de Condutores de Veículos Automotores e Elétricos,CERTO_ERRADO,ERRADO,,,categoria A
1525633,False,historical_question_generate_applied_card,Resolução CONTRAN nº 789/2020 - Formação de Condutores de Veículos Automotores e Elétricos,CERTO_ERRADO,CERTO,,,categoria A; habilitação
1525634,False,historical_question_generate_applied_card,Resolução CONTRAN nº 789/2020 - Formação de Condutores de Veículos Automotores e Elétricos,CERTO_ERRADO,CERTO,,,categoria B; categoria A; peso
1525637,False,historical_question_generate_applied_card,Resolução CONTRAN nº 789/2020 - Formação de Condutores de Veículos Automotores e Elétricos,CERTO_ERRADO,CERTO,,,categoria B; peso
1525639,False,historical_question_generate_applied_card,Resolução CONTRAN nº 789/2020 - Formação de Condutores de Veículos Automotores e Elétricos,CERTO_ERRADO,ERRADO,,,categoria B; categoria A
1525641,False,historical_question_generate_applied_card,Resolução CONTRAN nº 789/2020 - Formação de Condutores de Veículos Automotores e Elétricos,CERTO_ERRADO,CERTO,,,categoria C; habilitação
1525642,False,historical_question_generate_applied_card,Resolução CONTRAN nº 789/2020 - Formação de Condutores de Veículos Automotores e Elétricos,CERTO_ERRADO,ERRADO,,,categoria C; habilitação; peso
1525643,False,historical_question_generate_applied_card,Resolução CONTRAN nº 789/2020 - Formação de Condutores de Veículos Automotores e Elétricos,CERTO_ERRADO,CERTO,,,categoria B; categoria C
1525644,False,historical_question_generate_applied_card,Resolução CONTRAN nº 789/2020 - Formação de Condutores de Veículos Automotores e Elétricos,CERTO_ERRADO,CERTO,,,
1525645,False,historical_question_generate_applied_card,Resolução CONTRAN nº 789/2020 - Formação de Condutores de Veículos Automotores e Elétricos,CERTO_ERRADO,ERRADO,,,categoria C; habilitação; escolares
1525647,False,historical_question_generate_applied_card,Resolução CONTRAN nº 789/2020 - Formação de Condutores de Veículos Automotores e Elétricos,CERTO_ERRADO,CERTO,,,categoria E; habilitação
1525648,False,historical_question_generate_applied_card,Resolução CONTRAN nº 789/2020 - Formação de Condutores de Veículos Automotores e Elétricos,CERTO_ERRADO,ERRADO,,,categoria D; habilitação; peso
1746316,False,historical_question_generate_applied_card,Resolução CONTRAN nº 789/2020 - Formação de Condutores de Veículos Automotores e Elétricos,MULTIPLA_ESCOLHA,A,,,21 anos; 19 anos; 25 anos; 18 anos; 23 anos
1768092,False,historical_question_generate_applied_card,Resolução CONTRAN nº 789/2020 - Formação de Condutores de Veículos Automotores e Elétricos,MULTIPLA_ESCOLHA,A,,,65 anos; 5 anos; Resolução nº 789
2002333,False,historical_question_generate_applied_card,Resolução CONTRAN nº 789/2020 - Formação de Condutores de Veículos Automotores e Elétricos,MULTIPLA_ESCOLHA,D,,,habilitação
2004445,False,historical_question_generate_applied_card,Resolução CONTRAN nº 789/2020 - Formação de Condutores de Veículos Automotores e Elétricos,MULTIPLA_ESCOLHA,C,,,18 anos; Categoria B; habilitação
2004452,False,historical_question_generate_applied_card,Resolução CONTRAN nº 789/2020 - Formação de Condutores de Veículos Automotores e Elétricos,MULTIPLA_ESCOLHA,E,,,
2072183,False,historical_question_generate_applied_card,Resolução CONTRAN nº 789/2020 - Formação de Condutores de Veículos Automotores e Elétricos,MULTIPLA_ESCOLHA,B,,,
2072187,False,historical_question_generate_applied_card,Resolução CONTRAN nº 789/2020 - Formação de Condutores de Veículos Automotores e Elétricos,MULTIPLA_ESCOLHA,A,,,habilitação
174559,False,historical_question_generate_applied_card,Resolução CONTRAN nº 798/2020 - Fiscalização de Velocidade,MULTIPLA_ESCOLHA,D,,,
491978,False,historical_question_generate_applied_card,Resolução CONTRAN nº 798/2020 - Fiscalização de Velocidade,MULTIPLA_ESCOLHA,D,,,sinalização
778175,False,historical_question_generate_applied_card,Resolução CONTRAN nº 798/2020 - Fiscalização de Velocidade,CERTO_ERRADO,E,,,
875381,False,historical_question_generate_applied_card,Resolução CONTRAN nº 798/2020 - Fiscalização de Velocidade,CERTO_ERRADO,C,,,infração
1402892,False,historical_question_generate_applied_card,Resolução CONTRAN nº 798/2020 - Fiscalização de Velocidade,CERTO_ERRADO,C,,,
1402895,False,historical_question_generate_applied_card,Resolução CONTRAN nº 798/2020 - Fiscalização de Velocidade,CERTO_ERRADO,C,,,
1515926,False,historical_question_generate_applied_card,Resolução CONTRAN nº 798/2020 - Fiscalização de Velocidade,CERTO_ERRADO,CERTO,,,Resolução Contran nº 798; infração
1515928,False,historical_question_generate_applied_card,Resolução CONTRAN nº 798/2020 - Fiscalização de Velocidade,CERTO_ERRADO,ERRADO,,,Resolução Contran nº 798
1515929,False,historical_question_generate_applied_card,Resolução CONTRAN nº 798/2020 - Fiscalização de Velocidade,CERTO_ERRADO,CERTO,,,Resolução Contran nº 798
1515930,False,historical_question_generate_applied_card,Resolução CONTRAN nº 798/2020 - Fiscalização de Velocidade,CERTO_ERRADO,CERTO,,,Resolução Contran nº 798
1515932,False,historical_question_generate_applied_card,Resolução CONTRAN nº 798/2020 - Fiscalização de Velocidade,CERTO_ERRADO,ERRADO,,,Resolução Contran nº 798
1515933,False,historical_question_generate_applied_card,Resolução CONTRAN nº 798/2020 - Fiscalização de Velocidade,CERTO_ERRADO,ERRADO,,,Resolução Contran nº 798
1515934,False,historical_question_generate_applied_card,Resolução CONTRAN nº 798/2020 - Fiscalização de Velocidade,CERTO_ERRADO,ERRADO,,,Resolução Contran nº 798
1515935,False,historical_question_generate_applied_card,Resolução CONTRAN nº 798/2020 - Fiscalização de Velocidade,CERTO_ERRADO,CERTO,,,Resolução Contran nº 798; sinalização
1515936,False,historical_question_generate_applied_card,Resolução CONTRAN nº 798/2020 - Fiscalização de Velocidade,CERTO_ERRADO,ERRADO,,,Resolução Contran nº 798; sinalização
1515937,False,historical_question_generate_applied_card,Resolução CONTRAN nº 798/2020 - Fiscalização de Velocidade,CERTO_ERRADO,ERRADO,,,Resolução Contran nº 798
1515938,False,historical_question_generate_applied_card,Resolução CONTRAN nº 798/2020 - Fiscalização de Velocidade,CERTO_ERRADO,CERTO,,,Resolução Contran nº 798; sinalização
1515939,False,historical_question_generate_applied_card,Resolução CONTRAN nº 798/2020 - Fiscalização de Velocidade,CERTO_ERRADO,CERTO,,,Resolução Contran nº 798; peso
1611243,False,historical_question_generate_applied_card,Resolução CONTRAN nº 798/2020 - Fiscalização de Velocidade,CERTO_ERRADO,C,,,
1515958,False,historical_question_generate_applied_card,Resolução CONTRAN nº 809/2020 - CRLV-e e ATPV-e,CERTO_ERRADO,ERRADO,,,Resolução Contran nº 809
1515959,False,historical_question_generate_applied_card,Resolução CONTRAN nº 809/2020 - CRLV-e e ATPV-e,CERTO_ERRADO,CERTO,,,Resolução Contran nº 809
1515960,False,historical_question_generate_applied_card,Resolução CONTRAN nº 809/2020 - CRLV-e e ATPV-e,CERTO_ERRADO,ERRADO,,,Resolução Contran nº 809
1515961,False,historical_question_generate_applied_card,Resolução CONTRAN nº 809/2020 - CRLV-e e ATPV-e,CERTO_ERRADO,ERRADO,,,Resolução Contran nº 809
1515962,False,historical_question_generate_applied_card,Resolução CONTRAN nº 809/2020 - CRLV-e e ATPV-e,CERTO_ERRADO,CERTO,,,Resolução Contran nº 809
1515964,False,historical_question_generate_applied_card,Resolução CONTRAN nº 809/2020 - CRLV-e e ATPV-e,CERTO_ERRADO,CERTO,,,Resolução Contran nº 809
1515965,False,historical_question_generate_applied_card,Resolução CONTRAN nº 809/2020 - CRLV-e e ATPV-e,CERTO_ERRADO,ERRADO,,,Resolução Contran nº 809
1515966,False,historical_question_generate_applied_card,Resolução CONTRAN nº 809/2020 - CRLV-e e ATPV-e,CERTO_ERRADO,ERRADO,,,Resolução Contran nº 809
1515967,False,historical_question_generate_applied_card,Resolução CONTRAN nº 809/2020 - CRLV-e e ATPV-e,CERTO_ERRADO,CERTO,,,Resolução Contran nº 809
1515968,False,historical_question_generate_applied_card,Resolução CONTRAN nº 809/2020 - CRLV-e e ATPV-e,CERTO_ERRADO,ERRADO,,,Resolução Contran nº 809
1515969,False,historical_question_generate_applied_card,Resolução CONTRAN nº 809/2020 - CRLV-e e ATPV-e,CERTO_ERRADO,ERRADO,,,Resolução Contran nº 809
1515971,False,historical_question_generate_applied_card,Resolução CONTRAN nº 809/2020 - CRLV-e e ATPV-e,CERTO_ERRADO,CERTO,,,Resolução Contran nº 809
1515972,False,historical_question_generate_applied_card,Resolução CONTRAN nº 809/2020 - CRLV-e e ATPV-e,CERTO_ERRADO,ERRADO,,,Resolução Contran nº 809
1515974,False,historical_question_generate_applied_card,Resolução CONTRAN nº 809/2020 - CRLV-e e ATPV-e,CERTO_ERRADO,CERTO,,,Resolução Contran nº 809
1611241,False,historical_question_generate_applied_card,Resolução CONTRAN nº 809/2020 - CRLV-e e ATPV-e,CERTO_ERRADO,E,,,
1672917,False,historical_question_generate_applied_card,Resolução CONTRAN nº 809/2020 - CRLV-e e ATPV-e,MULTIPLA_ESCOLHA,,,,
1515977,False,historical_question_generate_applied_card,Resolução CONTRAN nº 810/2020 - Classificação de Danos de Veículos Envolvidos em Acidentes e Outros,CERTO_ERRADO,ERRADO,,,Resolução Contran nº 810; baixa
1515981,False,historical_question_generate_applied_card,Resolução CONTRAN nº 810/2020 - Classificação de Danos de Veículos Envolvidos em Acidentes e Outros,CERTO_ERRADO,ERRADO,,,Resolução Contran nº 810; baixa
1515983,False,historical_question_generate_applied_card,Resolução CONTRAN nº 810/2020 - Classificação de Danos de Veículos Envolvidos em Acidentes e Outros,CERTO_ERRADO,ERRADO,,,Resolução Contran nº 810; baixa
1515985,False,historical_question_generate_applied_card,Resolução CONTRAN nº 810/2020 - Classificação de Danos de Veículos Envolvidos em Acidentes e Outros,CERTO_ERRADO,CERTO,,,Resolução Contran nº 810; baixa; remoção
1515988,False,historical_question_generate_applied_card,Resolução CONTRAN nº 810/2020 - Classificação de Danos de Veículos Envolvidos em Acidentes e Outros,CERTO_ERRADO,ERRADO,,,Resolução Contran nº 810; baixa
1515990,False,historical_question_generate_applied_card,Resolução CONTRAN nº 810/2020 - Classificação de Danos de Veículos Envolvidos em Acidentes e Outros,CERTO_ERRADO,CERTO,,,Resolução Contran nº 810; baixa
1515992,False,historical_question_generate_applied_card,Resolução CONTRAN nº 810/2020 - Classificação de Danos de Veículos Envolvidos em Acidentes e Outros,CERTO_ERRADO,ERRADO,,,Resolução Contran nº 810; baixa
1515993,False,historical_question_generate_applied_card,Resolução CONTRAN nº 810/2020 - Classificação de Danos de Veículos Envolvidos em Acidentes e Outros,CERTO_ERRADO,CERTO,,,Resolução Contran nº 810; baixa
1515995,False,historical_question_generate_applied_card,Resolução CONTRAN nº 810/2020 - Classificação de Danos de Veículos Envolvidos em Acidentes e Outros,CERTO_ERRADO,ERRADO,,,Resolução Contran nº 810; baixa; irrecuperável
1515996,False,historical_question_generate_applied_card,Resolução CONTRAN nº 810/2020 - Classificação de Danos de Veículos Envolvidos em Acidentes e Outros,CERTO_ERRADO,ERRADO,,,Resolução Contran nº 810; baixa
1515997,False,historical_question_generate_applied_card,Resolução CONTRAN nº 810/2020 - Classificação de Danos de Veículos Envolvidos em Acidentes e Outros,CERTO_ERRADO,CERTO,,,Resolução Contran nº 810; baixa
1516000,False,historical_question_generate_applied_card,Resolução CONTRAN nº 810/2020 - Classificação de Danos de Veículos Envolvidos em Acidentes e Outros,CERTO_ERRADO,CERTO,,,Resolução Contran nº 810; baixa
1516002,False,historical_question_generate_applied_card,Resolução CONTRAN nº 810/2020 - Classificação de Danos de Veículos Envolvidos em Acidentes e Outros,CERTO_ERRADO,CERTO,,,Resolução Contran nº 810; baixa
1516004,False,historical_question_generate_applied_card,Resolução CONTRAN nº 810/2020 - Classificação de Danos de Veículos Envolvidos em Acidentes e Outros,CERTO_ERRADO,ERRADO,,,Resolução Contran nº 810; baixa
1516006,False,historical_question_generate_applied_card,Resolução CONTRAN nº 810/2020 - Classificação de Danos de Veículos Envolvidos em Acidentes e Outros,CERTO_ERRADO,CERTO,,,Resolução Contran nº 810; baixa
1516007,False,historical_question_generate_applied_card,Resolução CONTRAN nº 810/2020 - Classificação de Danos de Veículos Envolvidos em Acidentes e Outros,CERTO_ERRADO,CERTO,,,Resolução Contran nº 810; baixa
933746,False,historical_question_generate_applied_card,Resolução CONTRAN nº 819/2021 - Transporte de Crianças em Veículos,MULTIPLA_ESCOLHA,D,,,
1746334,False,historical_question_generate_applied_card,Resolução CONTRAN nº 819/2021 - Transporte de Crianças em Veículos,MULTIPLA_ESCOLHA,B,,,4 anos; 7 anos; 8 anos; 1 ano; Art. 96; infração; gravíssima; multa
1944606,False,historical_question_generate_applied_card,Resolução CONTRAN nº 819/2021 - Transporte de Crianças em Veículos,MULTIPLA_ESCOLHA,E,,,retenção; peso
2072219,False,historical_question_generate_applied_card,Resolução CONTRAN nº 819/2021 - Transporte de Crianças em Veículos,MULTIPLA_ESCOLHA,A,,,1 ano; 3 anos; 2 anos; retenção
1611247,False,historical_question_generate_applied_card,Resolução CONTRAN nº 870/2021 - Plano Nacional de Redução de Mortes e Lesões no Trânsito (PNATRANS),CERTO_ERRADO,E,,,
2178269,False,historical_question_generate_applied_card,Resolução CONTRAN nº 870/2021 - Plano Nacional de Redução de Mortes e Lesões no Trânsito (PNATRANS),CERTO_ERRADO,CERTO,,,Resolução CONTRAN nº 870
2178270,False,historical_question_generate_applied_card,Resolução CONTRAN nº 870/2021 - Plano Nacional de Redução de Mortes e Lesões no Trânsito (PNATRANS),CERTO_ERRADO,ERRADO,,,Resolução CONTRAN nº 870; grave
2178271,False,historical_question_generate_applied_card,Resolução CONTRAN nº 870/2021 - Plano Nacional de Redução de Mortes e Lesões no Trânsito (PNATRANS),CERTO_ERRADO,CERTO,,,Resolução CONTRAN nº 870
2178272,False,historical_question_generate_applied_card,Resolução CONTRAN nº 870/2021 - Plano Nacional de Redução de Mortes e Lesões no Trânsito (PNATRANS),CERTO_ERRADO,CERTO,,,Resolução CONTRAN nº 870
2178273,False,historical_question_generate_applied_card,Resolução CONTRAN nº 870/2021 - Plano Nacional de Redução de Mortes e Lesões no Trânsito (PNATRANS),CERTO_ERRADO,ERRADO,,,Resolução CONTRAN nº 870
2178274,False,historical_question_generate_applied_card,Resolução CONTRAN nº 870/2021 - Plano Nacional de Redução de Mortes e Lesões no Trânsito (PNATRANS),CERTO_ERRADO,ERRADO,,,Resolução CONTRAN nº 870; infração
2178275,False,historical_question_generate_applied_card,Resolução CONTRAN nº 870/2021 - Plano Nacional de Redução de Mortes e Lesões no Trânsito (PNATRANS),CERTO_ERRADO,CERTO,,,Resolução CONTRAN nº 870
2178276,False,historical_question_generate_applied_card,Resolução CONTRAN nº 870/2021 - Plano Nacional de Redução de Mortes e Lesões no Trânsito (PNATRANS),CERTO_ERRADO,ERRADO,,,1%; Resolução CONTRAN nº 870
2178277,False,historical_question_generate_applied_card,Resolução CONTRAN nº 870/2021 - Plano Nacional de Redução de Mortes e Lesões no Trânsito (PNATRANS),CERTO_ERRADO,CERTO,,,Resolução CONTRAN nº 870
2178278,False,historical_question_generate_applied_card,Resolução CONTRAN nº 870/2021 - Plano Nacional de Redução de Mortes e Lesões no Trânsito (PNATRANS),CERTO_ERRADO,ERRADO,,,Resolução CONTRAN nº 870
2178279,False,historical_question_generate_applied_card,Resolução CONTRAN nº 870/2021 - Plano Nacional de Redução de Mortes e Lesões no Trânsito (PNATRANS),CERTO_ERRADO,ERRADO,,,Resolução CONTRAN nº 870
1504279,False,historical_question_generate_applied_card,Resolução CONTRAN nº 882/2021 - Limites de Peso e Dimensões que Transitem por Vias Terrestres,CERTO_ERRADO,ERRADO,,,Resolução Contran nº 211
916953,False,historical_question_generate_applied_card,Resolução CONTRAN nº 918/2022 - Procedimentos para Aplicação de Multas por Infrações,MULTIPLA_ESCOLHA,A,,,5%; 1%; multa
1403525,False,historical_question_generate_applied_card,Resolução CONTRAN nº 918/2022 - Procedimentos para Aplicação de Multas por Infrações,CERTO_ERRADO,C,,,habilitação; infração; multa
2002332,False,historical_question_generate_applied_card,"Resolução CONTRAN nº 927/2022 - Exame de Aptidão, Avaliação Psicológica e Credenciamento",MULTIPLA_ESCOLHA,D,,,
2072218,False,historical_question_generate_applied_card,"Resolução CONTRAN nº 927/2022 - Exame de Aptidão, Avaliação Psicológica e Credenciamento",MULTIPLA_ESCOLHA,B,,,art. 299
916968,False,historical_question_generate_applied_card,Resolução CONTRAN nº 941/2022 - Prestação dos Serviços de Vistoria Veicular,MULTIPLA_ESCOLHA,B,,,
1577991,False,historical_question_generate_applied_card,Resolução CONTRAN nº 941/2022 - Prestação dos Serviços de Vistoria Veicular,MULTIPLA_ESCOLHA,E,,,
2178263,False,historical_question_generate_applied_card,Resolução CONTRAN nº 941/2022 - Prestação dos Serviços de Vistoria Veicular,CERTO_ERRADO,CERTO,,,Resolução CONTRAN nº 941/2022; infração
2178264,False,historical_question_generate_applied_card,Resolução CONTRAN nº 941/2022 - Prestação dos Serviços de Vistoria Veicular,CERTO_ERRADO,ERRADO,,,Resolução CONTRAN nº 941/2022
2178265,False,historical_question_generate_applied_card,Resolução CONTRAN nº 941/2022 - Prestação dos Serviços de Vistoria Veicular,CERTO_ERRADO,ERRADO,,,Resolução CONTRAN nº 941/2022
2178266,False,historical_question_generate_applied_card,Resolução CONTRAN nº 941/2022 - Prestação dos Serviços de Vistoria Veicular,CERTO_ERRADO,CERTO,,,Resolução CONTRAN nº 941/2022
2178267,False,historical_question_generate_applied_card,Resolução CONTRAN nº 941/2022 - Prestação dos Serviços de Vistoria Veicular,CERTO_ERRADO,CERTO,,,Resolução CONTRAN nº 941/2022
2178268,False,historical_question_generate_applied_card,Resolução CONTRAN nº 941/2022 - Prestação dos Serviços de Vistoria Veicular,CERTO_ERRADO,CERTO,,,Resolução CONTRAN nº 941/2022
2179911,False,historical_question_generate_applied_card,Resolução CONTRAN nº 941/2022 - Prestação dos Serviços de Vistoria Veicular,CERTO_ERRADO,CERTO,,,Resolução CONTRAN nº 941/2022; habilitação
2179912,False,historical_question_generate_applied_card,Resolução CONTRAN nº 941/2022 - Prestação dos Serviços de Vistoria Veicular,CERTO_ERRADO,ERRADO,,,Resolução CONTRAN nº 941/2022
2179913,False,historical_question_generate_applied_card,Resolução CONTRAN nº 941/2022 - Prestação dos Serviços de Vistoria Veicular,CERTO_ERRADO,CERTO,,,Resolução CONTRAN nº 941/2022
2179914,False,historical_question_generate_applied_card,Resolução CONTRAN nº 941/2022 - Prestação dos Serviços de Vistoria Veicular,CERTO_ERRADO,ERRADO,,,Resolução CONTRAN nº 941/2022
2179915,False,historical_question_generate_applied_card,Resolução CONTRAN nº 941/2022 - Prestação dos Serviços de Vistoria Veicular,CERTO_ERRADO,CERTO,,,Resolução CONTRAN nº 941/2022; peso
2179916,False,historical_question_generate_applied_card,Resolução CONTRAN nº 941/2022 - Prestação dos Serviços de Vistoria Veicular,CERTO_ERRADO,ERRADO,,,Resolução CONTRAN nº 941/2022
2179917,False,historical_question_generate_applied_card,Resolução CONTRAN nº 941/2022 - Prestação dos Serviços de Vistoria Veicular,CERTO_ERRADO,CERTO,,,Resolução CONTRAN nº 941/2022
2179918,False,historical_question_generate_applied_card,Resolução CONTRAN nº 941/2022 - Prestação dos Serviços de Vistoria Veicular,CERTO_ERRADO,ERRADO,,,Resolução CONTRAN nº 941/2022
2179919,False,historical_question_generate_applied_card,Resolução CONTRAN nº 941/2022 - Prestação dos Serviços de Vistoria Veicular,CERTO_ERRADO,CERTO,,,Resolução CONTRAN nº 941/2022
2187893,False,historical_question_generate_applied_card,Resolução CONTRAN nº 941/2022 - Prestação dos Serviços de Vistoria Veicular,CERTO_ERRADO,CERTO,,,90 dias; Resolução CONTRAN nº 941/2022; habilitação; infração
2187894,False,historical_question_generate_applied_card,Resolução CONTRAN nº 941/2022 - Prestação dos Serviços de Vistoria Veicular,CERTO_ERRADO,ERRADO,,,Resolução CONTRAN nº 941/2022
2187895,False,historical_question_generate_applied_card,Resolução CONTRAN nº 941/2022 - Prestação dos Serviços de Vistoria Veicular,CERTO_ERRADO,CERTO,,,Resolução CONTRAN nº 941/2022; infração
2187896,False,historical_question_generate_applied_card,Resolução CONTRAN nº 941/2022 - Prestação dos Serviços de Vistoria Veicular,CERTO_ERRADO,ERRADO,,,Resolução CONTRAN nº 941/2022
1971356,False,historical_question_generate_applied_card,Resolução CONTRAN nº 957/2022 - Requisitos para Registro e Licenciamento de Veículo de Coleção,MULTIPLA_ESCOLHA,C,,,20 anos; 25 anos; 30 anos; 40 anos; 45 anos
2178140,False,historical_question_generate_applied_card,Resolução CONTRAN nº 957/2022 - Requisitos para Registro e Licenciamento de Veículo de Coleção,CERTO_ERRADO,ERRADO,,,Resolução Contran nº 957/2022
2178141,False,historical_question_generate_applied_card,Resolução CONTRAN nº 957/2022 - Requisitos para Registro e Licenciamento de Veículo de Coleção,CERTO_ERRADO,ERRADO,,,Resolução Contran nº 957/2022
2178142,False,historical_question_generate_applied_card,Resolução CONTRAN nº 957/2022 - Requisitos para Registro e Licenciamento de Veículo de Coleção,CERTO_ERRADO,CERTO,,,Resolução Contran nº 957/2022
2178143,False,historical_question_generate_applied_card,Resolução CONTRAN nº 957/2022 - Requisitos para Registro e Licenciamento de Veículo de Coleção,CERTO_ERRADO,CERTO,,,Resolução Contran nº 957/2022
2178144,False,historical_question_generate_applied_card,Resolução CONTRAN nº 957/2022 - Requisitos para Registro e Licenciamento de Veículo de Coleção,CERTO_ERRADO,CERTO,,,Resolução Contran nº 957/2022
2178145,False,historical_question_generate_applied_card,Resolução CONTRAN nº 957/2022 - Requisitos para Registro e Licenciamento de Veículo de Coleção,CERTO_ERRADO,CERTO,,,Resolução Contran nº 957/2022
2178146,False,historical_question_generate_applied_card,Resolução CONTRAN nº 957/2022 - Requisitos para Registro e Licenciamento de Veículo de Coleção,CERTO_ERRADO,CERTO,,,Resolução Contran nº 957/2022
2178147,False,historical_question_generate_applied_card,Resolução CONTRAN nº 957/2022 - Requisitos para Registro e Licenciamento de Veículo de Coleção,CERTO_ERRADO,CERTO,,,Resolução Contran nº 957/2022
2178148,False,historical_question_generate_applied_card,Resolução CONTRAN nº 957/2022 - Requisitos para Registro e Licenciamento de Veículo de Coleção,CERTO_ERRADO,ERRADO,,,Resolução Contran nº 957/2022
2178149,False,historical_question_generate_applied_card,Resolução CONTRAN nº 957/2022 - Requisitos para Registro e Licenciamento de Veículo de Coleção,CERTO_ERRADO,CERTO,,,Resolução Contran nº 957/2022
2178150,False,historical_question_generate_applied_card,Resolução CONTRAN nº 957/2022 - Requisitos para Registro e Licenciamento de Veículo de Coleção,CERTO_ERRADO,ERRADO,,,Resolução Contran nº 957/2022
2178151,False,historical_question_generate_applied_card,Resolução CONTRAN nº 957/2022 - Requisitos para Registro e Licenciamento de Veículo de Coleção,CERTO_ERRADO,CERTO,,,Resolução Contran nº 957/2022
2178152,False,historical_question_generate_applied_card,Resolução CONTRAN nº 957/2022 - Requisitos para Registro e Licenciamento de Veículo de Coleção,CERTO_ERRADO,CERTO,,,Resolução Contran nº 957/2022
2178159,False,historical_question_generate_applied_card,Resolução CONTRAN nº 957/2022 - Requisitos para Registro e Licenciamento de Veículo de Coleção,CERTO_ERRADO,ERRADO,,,Resolução Contran nº 957/2022
2178171,False,historical_question_generate_applied_card,Resolução CONTRAN nº 957/2022 - Requisitos para Registro e Licenciamento de Veículo de Coleção,CERTO_ERRADO,CERTO,,,Resolução Contran nº 957/2022
2178172,False,historical_question_generate_applied_card,Resolução CONTRAN nº 957/2022 - Requisitos para Registro e Licenciamento de Veículo de Coleção,CERTO_ERRADO,ERRADO,,,Resolução Contran nº 957/2022
2178173,False,historical_question_generate_applied_card,Resolução CONTRAN nº 957/2022 - Requisitos para Registro e Licenciamento de Veículo de Coleção,CERTO_ERRADO,CERTO,,,Resolução Contran nº 957/2022
2178175,False,historical_question_generate_applied_card,Resolução CONTRAN nº 957/2022 - Requisitos para Registro e Licenciamento de Veículo de Coleção,CERTO_ERRADO,CERTO,,,Resolução Contran nº 957/2022
2178177,False,historical_question_generate_applied_card,Resolução CONTRAN nº 957/2022 - Requisitos para Registro e Licenciamento de Veículo de Coleção,CERTO_ERRADO,CERTO,,,90 dias; Resolução Contran nº 957/2022
2178180,False,historical_question_generate_applied_card,Resolução CONTRAN nº 957/2022 - Requisitos para Registro e Licenciamento de Veículo de Coleção,CERTO_ERRADO,ERRADO,,,Resolução Contran nº 957/2022
2178181,False,historical_question_generate_applied_card,Resolução CONTRAN nº 957/2022 - Requisitos para Registro e Licenciamento de Veículo de Coleção,CERTO_ERRADO,CERTO,,,Resolução Contran nº 957/2022
2002325,False,historical_question_generate_applied_card,Resolução CONTRAN nº 967/2022 - Critérios para a Baixa do Registro de Veículos,MULTIPLA_ESCOLHA,E,,,baixa
2178115,False,historical_question_generate_applied_card,Resolução CONTRAN nº 967/2022 - Critérios para a Baixa do Registro de Veículos,CERTO_ERRADO,CERTO,,,Resolução Contran nº 967/2022; baixa; irrecuperável
2178116,False,historical_question_generate_applied_card,Resolução CONTRAN nº 967/2022 - Critérios para a Baixa do Registro de Veículos,CERTO_ERRADO,CERTO,,,Resolução Contran nº 967/2022; baixa
2178133,False,historical_question_generate_applied_card,Resolução CONTRAN nº 967/2022 - Critérios para a Baixa do Registro de Veículos,CERTO_ERRADO,ERRADO,,,Resolução Contran nº 967/2022; baixa
2178134,False,historical_question_generate_applied_card,Resolução CONTRAN nº 967/2022 - Critérios para a Baixa do Registro de Veículos,CERTO_ERRADO,CERTO,,,Resolução Contran nº 967/2022; baixa
2178135,False,historical_question_generate_applied_card,Resolução CONTRAN nº 967/2022 - Critérios para a Baixa do Registro de Veículos,CERTO_ERRADO,ERRADO,,,Resolução Contran nº 967/2022; baixa
2178136,False,historical_question_generate_applied_card,Resolução CONTRAN nº 967/2022 - Critérios para a Baixa do Registro de Veículos,CERTO_ERRADO,CERTO,,,Resolução Contran nº 967/2022; baixa
2178137,False,historical_question_generate_applied_card,Resolução CONTRAN nº 967/2022 - Critérios para a Baixa do Registro de Veículos,CERTO_ERRADO,CERTO,,,Resolução Contran nº 967/2022; baixa
2178138,False,historical_question_generate_applied_card,Resolução CONTRAN nº 967/2022 - Critérios para a Baixa do Registro de Veículos,CERTO_ERRADO,ERRADO,,,Resolução Contran nº 967/2022; baixa; multa
2178139,False,historical_question_generate_applied_card,Resolução CONTRAN nº 967/2022 - Critérios para a Baixa do Registro de Veículos,CERTO_ERRADO,CERTO,,,Resolução Contran nº 967/2022; baixa
1971389,False,historical_question_generate_applied_card,Resolução CONTRAN nº 969/2022 - Sistema de Placas de Identificação de Veículos (PIV),MULTIPLA_ESCOLHA,D,,,
1994537,False,historical_question_generate_applied_card,Resolução CONTRAN nº 969/2022 - Sistema de Placas de Identificação de Veículos (PIV),MULTIPLA_ESCOLHA,C,,,
2178225,False,historical_question_generate_applied_card,Resolução CONTRAN nº 969/2022 - Sistema de Placas de Identificação de Veículos (PIV),CERTO_ERRADO,ERRADO,,,Resolução CONTRAN nº 969/2022
2178226,False,historical_question_generate_applied_card,Resolução CONTRAN nº 969/2022 - Sistema de Placas de Identificação de Veículos (PIV),CERTO_ERRADO,CERTO,,,Resolução CONTRAN nº 969/2022
2178227,False,historical_question_generate_applied_card,Resolução CONTRAN nº 969/2022 - Sistema de Placas de Identificação de Veículos (PIV),CERTO_ERRADO,CERTO,,,Resolução CONTRAN nº 969/2022
2178228,False,historical_question_generate_applied_card,Resolução CONTRAN nº 969/2022 - Sistema de Placas de Identificação de Veículos (PIV),CERTO_ERRADO,CERTO,,,Resolução CONTRAN nº 969/2022; habilitação
2178230,False,historical_question_generate_applied_card,Resolução CONTRAN nº 969/2022 - Sistema de Placas de Identificação de Veículos (PIV),CERTO_ERRADO,CERTO,,,Resolução CONTRAN nº 969/2022
2178231,False,historical_question_generate_applied_card,Resolução CONTRAN nº 969/2022 - Sistema de Placas de Identificação de Veículos (PIV),CERTO_ERRADO,CERTO,,,Resolução CONTRAN nº 969/2022
2178233,False,historical_question_generate_applied_card,Resolução CONTRAN nº 969/2022 - Sistema de Placas de Identificação de Veículos (PIV),CERTO_ERRADO,CERTO,,,Resolução CONTRAN nº 969/2022
2178234,False,historical_question_generate_applied_card,Resolução CONTRAN nº 969/2022 - Sistema de Placas de Identificação de Veículos (PIV),CERTO_ERRADO,ERRADO,,,Resolução CONTRAN nº 969/2022
2178235,False,historical_question_generate_applied_card,Resolução CONTRAN nº 969/2022 - Sistema de Placas de Identificação de Veículos (PIV),CERTO_ERRADO,ERRADO,,,Resolução CONTRAN nº 969/2022
2178236,False,historical_question_generate_applied_card,Resolução CONTRAN nº 969/2022 - Sistema de Placas de Identificação de Veículos (PIV),CERTO_ERRADO,CERTO,,,Resolução CONTRAN nº 969/2022
2178237,False,historical_question_generate_applied_card,Resolução CONTRAN nº 969/2022 - Sistema de Placas de Identificação de Veículos (PIV),CERTO_ERRADO,ERRADO,,,Resolução CONTRAN nº 969/2022
2178238,False,historical_question_generate_applied_card,Resolução CONTRAN nº 969/2022 - Sistema de Placas de Identificação de Veículos (PIV),CERTO_ERRADO,ERRADO,,,Resolução CONTRAN nº 969/2022
2178239,False,historical_question_generate_applied_card,Resolução CONTRAN nº 969/2022 - Sistema de Placas de Identificação de Veículos (PIV),CERTO_ERRADO,ERRADO,,,Resolução CONTRAN nº 969/2022
2178240,False,historical_question_generate_applied_card,Resolução CONTRAN nº 969/2022 - Sistema de Placas de Identificação de Veículos (PIV),CERTO_ERRADO,CERTO,,,Resolução CONTRAN nº 969/2022
2178242,False,historical_question_generate_applied_card,Resolução CONTRAN nº 969/2022 - Sistema de Placas de Identificação de Veículos (PIV),CERTO_ERRADO,CERTO,,,Resolução CONTRAN nº 969/2022
2178244,False,historical_question_generate_applied_card,Resolução CONTRAN nº 969/2022 - Sistema de Placas de Identificação de Veículos (PIV),CERTO_ERRADO,CERTO,,,Resolução CONTRAN nº 969/2022
2178246,False,historical_question_generate_applied_card,Resolução CONTRAN nº 969/2022 - Sistema de Placas de Identificação de Veículos (PIV),CERTO_ERRADO,ERRADO,,,Resolução CONTRAN nº 969/2022; infração
2178249,False,historical_question_generate_applied_card,Resolução CONTRAN nº 969/2022 - Sistema de Placas de Identificação de Veículos (PIV),CERTO_ERRADO,CERTO,,,Resolução CONTRAN nº 969/2022; multa
2178250,False,historical_question_generate_applied_card,Resolução CONTRAN nº 969/2022 - Sistema de Placas de Identificação de Veículos (PIV),CERTO_ERRADO,CERTO,,,Resolução CONTRAN nº 969/2022; baixa
2178251,False,historical_question_generate_applied_card,Resolução CONTRAN nº 969/2022 - Sistema de Placas de Identificação de Veículos (PIV),CERTO_ERRADO,ERRADO,,,Resolução CONTRAN nº 969/2022; multa
2178252,False,historical_question_generate_applied_card,Resolução CONTRAN nº 969/2022 - Sistema de Placas de Identificação de Veículos (PIV),CERTO_ERRADO,CERTO,,,Resolução CONTRAN nº 969/2022
2178256,False,historical_question_generate_applied_card,Resolução CONTRAN nº 969/2022 - Sistema de Placas de Identificação de Veículos (PIV),CERTO_ERRADO,CERTO,,,Resolução CONTRAN nº 969/2022
2178257,False,historical_question_generate_applied_card,Resolução CONTRAN nº 969/2022 - Sistema de Placas de Identificação de Veículos (PIV),CERTO_ERRADO,ERRADO,,,Resolução CONTRAN nº 969/2022
2465723,False,historical_question_generate_applied_card,Resolução CONTRAN nº 973/2022 - Institui o Regulamento de Sinalização Viária,MULTIPLA_ESCOLHA,A,,,sinalização
332619,False,historical_question_generate_applied_card,Resolução CONTRAN nº 985/2022 - Manual Brasileiro de Fiscalização de Trânsito,MULTIPLA_ESCOLHA,D,,,infração; grave; gravíssima; multa; peso
333419,False,historical_question_generate_applied_card,Resolução CONTRAN nº 985/2022 - Manual Brasileiro de Fiscalização de Trânsito,MULTIPLA_ESCOLHA,E,,,art. 202; art. 193; art. 220; art. 201; infração
517809,False,historical_question_generate_applied_card,Resolução CONTRAN nº 985/2022 - Manual Brasileiro de Fiscalização de Trânsito,MULTIPLA_ESCOLHA,D,,,infração
752509,False,historical_question_generate_applied_card,Resolução CONTRAN nº 985/2022 - Manual Brasileiro de Fiscalização de Trânsito,MULTIPLA_ESCOLHA,A,,,retenção; remoção
801655,False,historical_question_generate_applied_card,Resolução CONTRAN nº 985/2022 - Manual Brasileiro de Fiscalização de Trânsito,MULTIPLA_ESCOLHA,C,,,habilitação; infração; multa; peso
801665,False,historical_question_generate_applied_card,Resolução CONTRAN nº 985/2022 - Manual Brasileiro de Fiscalização de Trânsito,MULTIPLA_ESCOLHA,B,,,
801666,False,historical_question_generate_applied_card,Resolução CONTRAN nº 985/2022 - Manual Brasileiro de Fiscalização de Trânsito,MULTIPLA_ESCOLHA,B,,,
801667,False,historical_question_generate_applied_card,Resolução CONTRAN nº 985/2022 - Manual Brasileiro de Fiscalização de Trânsito,MULTIPLA_ESCOLHA,C,,,habilitação; infração
912589,False,historical_question_generate_applied_card,Resolução CONTRAN nº 985/2022 - Manual Brasileiro de Fiscalização de Trânsito,MULTIPLA_ESCOLHA,A,,,habilitação; infração; multa; peso
912591,False,historical_question_generate_applied_card,Resolução CONTRAN nº 985/2022 - Manual Brasileiro de Fiscalização de Trânsito,MULTIPLA_ESCOLHA,E,,,infração; multa; sinalização
937721,False,historical_question_generate_applied_card,Resolução CONTRAN nº 985/2022 - Manual Brasileiro de Fiscalização de Trânsito,MULTIPLA_ESCOLHA,A,,,infração; sinalização
937722,False,historical_question_generate_applied_card,Resolução CONTRAN nº 985/2022 - Manual Brasileiro de Fiscalização de Trânsito,MULTIPLA_ESCOLHA,D,,,infração
937723,False,historical_question_generate_applied_card,Resolução CONTRAN nº 985/2022 - Manual Brasileiro de Fiscalização de Trânsito,MULTIPLA_ESCOLHA,C,,,art. 202; art. 193; art. 266; art. 220; art. 201; infração; grave
952629,False,historical_question_generate_applied_card,Resolução CONTRAN nº 985/2022 - Manual Brasileiro de Fiscalização de Trânsito,MULTIPLA_ESCOLHA,E,,,
1071277,False,historical_question_generate_applied_card,Resolução CONTRAN nº 985/2022 - Manual Brasileiro de Fiscalização de Trânsito,MULTIPLA_ESCOLHA,A,,,Resolução nº 371/2010; infração; sinalização
1071279,False,historical_question_generate_applied_card,Resolução CONTRAN nº 985/2022 - Manual Brasileiro de Fiscalização de Trânsito,MULTIPLA_ESCOLHA,E,,,Resolução nº 371/2010
1071281,False,historical_question_generate_applied_card,Resolução CONTRAN nº 985/2022 - Manual Brasileiro de Fiscalização de Trânsito,MULTIPLA_ESCOLHA,A,,,Resolução nº 371/2010; retenção; remoção
1122245,False,historical_question_generate_applied_card,Resolução CONTRAN nº 985/2022 - Manual Brasileiro de Fiscalização de Trânsito,MULTIPLA_ESCOLHA,E,,,infração
1226656,False,historical_question_generate_applied_card,Resolução CONTRAN nº 985/2022 - Manual Brasileiro de Fiscalização de Trânsito,MULTIPLA_ESCOLHA,A,,,
1226675,False,historical_question_generate_applied_card,Resolução CONTRAN nº 985/2022 - Manual Brasileiro de Fiscalização de Trânsito,MULTIPLA_ESCOLHA,B,,,RESOLUÇÃO Nº 371/2010; habilitação; infração; multa; peso
1402617,False,historical_question_generate_applied_card,Resolução CONTRAN nº 985/2022 - Manual Brasileiro de Fiscalização de Trânsito,CERTO_ERRADO,C,,,infração
1438922,False,historical_question_generate_applied_card,Resolução CONTRAN nº 985/2022 - Manual Brasileiro de Fiscalização de Trânsito,MULTIPLA_ESCOLHA,D,,,
1515793,False,historical_question_generate_applied_card,Resolução CONTRAN nº 985/2022 - Manual Brasileiro de Fiscalização de Trânsito,CERTO_ERRADO,ERRADO,,,Resolução Contran nº 985/2022; infração
1515829,False,historical_question_generate_applied_card,Resolução CONTRAN nº 985/2022 - Manual Brasileiro de Fiscalização de Trânsito,CERTO_ERRADO,ERRADO,,,Resolução Contran nº 985/2022; infração
1515831,False,historical_question_generate_applied_card,Resolução CONTRAN nº 985/2022 - Manual Brasileiro de Fiscalização de Trânsito,CERTO_ERRADO,CERTO,,,Resolução Contran nº 985/2022; grave; gravíssima
1515837,False,historical_question_generate_applied_card,Resolução CONTRAN nº 985/2022 - Manual Brasileiro de Fiscalização de Trânsito,CERTO_ERRADO,ERRADO,,,Resolução Contran nº 985/2022; habilitação; infração
1515839,False,historical_question_generate_applied_card,Resolução CONTRAN nº 985/2022 - Manual Brasileiro de Fiscalização de Trânsito,CERTO_ERRADO,ERRADO,,,Resolução Contran nº 985/2022; infração
1515842,False,historical_question_generate_applied_card,Resolução CONTRAN nº 985/2022 - Manual Brasileiro de Fiscalização de Trânsito,CERTO_ERRADO,CERTO,,,Resolução Contran nº 985/2022; infração
1515844,False,historical_question_generate_applied_card,Resolução CONTRAN nº 985/2022 - Manual Brasileiro de Fiscalização de Trânsito,CERTO_ERRADO,ERRADO,,,Resolução Contran nº 985/2022; infração
1515846,False,historical_question_generate_applied_card,Resolução CONTRAN nº 985/2022 - Manual Brasileiro de Fiscalização de Trânsito,CERTO_ERRADO,ERRADO,,,Resolução Contran nº 985/2022
1515849,False,historical_question_generate_applied_card,Resolução CONTRAN nº 985/2022 - Manual Brasileiro de Fiscalização de Trânsito,CERTO_ERRADO,ERRADO,,,Resolução Contran nº 985/2022; infração; retenção
1515851,False,historical_question_generate_applied_card,Resolução CONTRAN nº 985/2022 - Manual Brasileiro de Fiscalização de Trânsito,CERTO_ERRADO,CERTO,,,Resolução Contran nº 985/2022
1515853,False,historical_question_generate_applied_card,Resolução CONTRAN nº 985/2022 - Manual Brasileiro de Fiscalização de Trânsito,CERTO_ERRADO,ERRADO,,,Resolução Contran nº 985/2022; habilitação
1515855,False,historical_question_generate_applied_card,Resolução CONTRAN nº 985/2022 - Manual Brasileiro de Fiscalização de Trânsito,CERTO_ERRADO,ERRADO,,,Resolução Contran nº 985/2022; habilitação
1515856,False,historical_question_generate_applied_card,Resolução CONTRAN nº 985/2022 - Manual Brasileiro de Fiscalização de Trânsito,CERTO_ERRADO,ERRADO,,,Resolução Contran nº 985/2022; habilitação
1515857,False,historical_question_generate_applied_card,Resolução CONTRAN nº 985/2022 - Manual Brasileiro de Fiscalização de Trânsito,CERTO_ERRADO,CERTO,,,Resolução Contran nº 985/2022
1515858,False,historical_question_generate_applied_card,Resolução CONTRAN nº 985/2022 - Manual Brasileiro de Fiscalização de Trânsito,CERTO_ERRADO,ERRADO,,,Resolução Contran nº 985/2022; infração; sinalização
1515859,False,historical_question_generate_applied_card,Resolução CONTRAN nº 985/2022 - Manual Brasileiro de Fiscalização de Trânsito,CERTO_ERRADO,CERTO,,,Resolução Contran nº 985/2022
1515861,False,historical_question_generate_applied_card,Resolução CONTRAN nº 985/2022 - Manual Brasileiro de Fiscalização de Trânsito,CERTO_ERRADO,ERRADO,,,Resolução Contran nº 985/2022
1699254,False,historical_question_generate_applied_card,Resolução CONTRAN nº 985/2022 - Manual Brasileiro de Fiscalização de Trânsito,MULTIPLA_ESCOLHA,A,,,resolução nº 371; infração
1699255,False,historical_question_generate_applied_card,Resolução CONTRAN nº 985/2022 - Manual Brasileiro de Fiscalização de Trânsito,MULTIPLA_ESCOLHA,B,,,resolução nº 561; habilitação; infração; capacete; luz alta
1871016,False,historical_question_generate_applied_card,Resolução CONTRAN nº 985/2022 - Manual Brasileiro de Fiscalização de Trânsito,MULTIPLA_ESCOLHA,B,,,infração; grave; sinalização
1492830,False,historical_question_generate_applied_card,Resolução CONTRAN nº 993/2023 - Equipamentos Obrigatórios para a Frota de Veículos em Circulação,CERTO_ERRADO,ERRADO,,,infração; grave; multa; retenção
1198,False,historical_question_generate_applied_card,Sinais Sonoros (Antiga Res. CONTRAN 160/2004),MULTIPLA_ESCOLHA,D,,,
42756,False,historical_question_generate_applied_card,Sinais Sonoros (Antiga Res. CONTRAN 160/2004),MULTIPLA_ESCOLHA,A,,,
70221,False,historical_question_generate_applied_card,Sinais Sonoros (Antiga Res. CONTRAN 160/2004),CERTO_ERRADO,ERRADO,,,sinalização
111483,False,historical_question_generate_applied_card,Sinais Sonoros (Antiga Res. CONTRAN 160/2004),MULTIPLA_ESCOLHA,A,,,
117768,False,historical_question_generate_applied_card,Sinais Sonoros (Antiga Res. CONTRAN 160/2004),MULTIPLA_ESCOLHA,D,,,
125870,False,historical_question_generate_applied_card,Sinais Sonoros (Antiga Res. CONTRAN 160/2004),MULTIPLA_ESCOLHA,D,,,
133826,False,historical_question_generate_applied_card,Sinais Sonoros (Antiga Res. CONTRAN 160/2004),MULTIPLA_ESCOLHA,B,,,
167958,False,historical_question_generate_applied_card,Sinais Sonoros (Antiga Res. CONTRAN 160/2004),MULTIPLA_ESCOLHA,D,,,
276008,False,historical_question_generate_applied_card,Sinais Sonoros (Antiga Res. CONTRAN 160/2004),MULTIPLA_ESCOLHA,E,,,
397262,False,historical_question_generate_applied_card,Sinais Sonoros (Antiga Res. CONTRAN 160/2004),MULTIPLA_ESCOLHA,D,,,
427886,False,historical_question_generate_applied_card,Sinais Sonoros (Antiga Res. CONTRAN 160/2004),MULTIPLA_ESCOLHA,,,,
471765,False,historical_question_generate_applied_card,Sinais Sonoros (Antiga Res. CONTRAN 160/2004),CERTO_ERRADO,,,,
477776,False,historical_question_generate_applied_card,Sinais Sonoros (Antiga Res. CONTRAN 160/2004),MULTIPLA_ESCOLHA,A,,,sinalização
478651,False,historical_question_generate_applied_card,Sinais Sonoros (Antiga Res. CONTRAN 160/2004),MULTIPLA_ESCOLHA,E,,,
508650,False,historical_question_generate_applied_card,Sinais Sonoros (Antiga Res. CONTRAN 160/2004),MULTIPLA_ESCOLHA,,,,
524661,False,historical_question_generate_applied_card,Sinais Sonoros (Antiga Res. CONTRAN 160/2004),MULTIPLA_ESCOLHA,C,,,
553791,False,historical_question_generate_applied_card,Sinais Sonoros (Antiga Res. CONTRAN 160/2004),MULTIPLA_ESCOLHA,C,,,
554133,False,historical_question_generate_applied_card,Sinais Sonoros (Antiga Res. CONTRAN 160/2004),MULTIPLA_ESCOLHA,D,,,
562128,False,historical_question_generate_applied_card,Sinais Sonoros (Antiga Res. CONTRAN 160/2004),MULTIPLA_ESCOLHA,D,,,
574706,False,historical_question_generate_applied_card,Sinais Sonoros (Antiga Res. CONTRAN 160/2004),MULTIPLA_ESCOLHA,,,,
579333,False,historical_question_generate_applied_card,Sinais Sonoros (Antiga Res. CONTRAN 160/2004),MULTIPLA_ESCOLHA,A,,,
587477,False,historical_question_generate_applied_card,Sinais Sonoros (Antiga Res. CONTRAN 160/2004),MULTIPLA_ESCOLHA,D,,,
589271,False,historical_question_generate_applied_card,Sinais Sonoros (Antiga Res. CONTRAN 160/2004),MULTIPLA_ESCOLHA,E,,,
719641,False,historical_question_generate_applied_card,Sinais Sonoros (Antiga Res. CONTRAN 160/2004),MULTIPLA_ESCOLHA,A,,,
721762,False,historical_question_generate_applied_card,Sinais Sonoros (Antiga Res. CONTRAN 160/2004),MULTIPLA_ESCOLHA,B,,,
747977,False,historical_question_generate_applied_card,Sinais Sonoros (Antiga Res. CONTRAN 160/2004),MULTIPLA_ESCOLHA,B,,,
805913,False,historical_question_generate_applied_card,Sinais Sonoros (Antiga Res. CONTRAN 160/2004),MULTIPLA_ESCOLHA,A,,,
827394,False,historical_question_generate_applied_card,Sinais Sonoros (Antiga Res. CONTRAN 160/2004),MULTIPLA_ESCOLHA,E,,,
842808,False,historical_question_generate_applied_card,Sinais Sonoros (Antiga Res. CONTRAN 160/2004),MULTIPLA_ESCOLHA,D,,,
858112,False,historical_question_generate_applied_card,Sinais Sonoros (Antiga Res. CONTRAN 160/2004),MULTIPLA_ESCOLHA,C,,,
875610,False,historical_question_generate_applied_card,Sinais Sonoros (Antiga Res. CONTRAN 160/2004),CERTO_ERRADO,CERTO,,,
920663,False,historical_question_generate_applied_card,Sinais Sonoros (Antiga Res. CONTRAN 160/2004),MULTIPLA_ESCOLHA,B,,,
924389,False,historical_question_generate_applied_card,Sinais Sonoros (Antiga Res. CONTRAN 160/2004),MULTIPLA_ESCOLHA,E,,,
935306,False,historical_question_generate_applied_card,Sinais Sonoros (Antiga Res. CONTRAN 160/2004),MULTIPLA_ESCOLHA,E,,,sinalização
937080,False,historical_question_generate_applied_card,Sinais Sonoros (Antiga Res. CONTRAN 160/2004),MULTIPLA_ESCOLHA,A,,,sinalização
945299,False,historical_question_generate_applied_card,Sinais Sonoros (Antiga Res. CONTRAN 160/2004),MULTIPLA_ESCOLHA,C,,,
956949,False,historical_question_generate_applied_card,Sinais Sonoros (Antiga Res. CONTRAN 160/2004),MULTIPLA_ESCOLHA,,,,sinalização
962912,False,historical_question_generate_applied_card,Sinais Sonoros (Antiga Res. CONTRAN 160/2004),MULTIPLA_ESCOLHA,D,,,
969920,False,historical_question_generate_applied_card,Sinais Sonoros (Antiga Res. CONTRAN 160/2004),MULTIPLA_ESCOLHA,B,,,sinalização
971478,False,historical_question_generate_applied_card,Sinais Sonoros (Antiga Res. CONTRAN 160/2004),MULTIPLA_ESCOLHA,A,,,
996104,False,historical_question_generate_applied_card,Sinais Sonoros (Antiga Res. CONTRAN 160/2004),MULTIPLA_ESCOLHA,B,,,
999524,False,historical_question_generate_applied_card,Sinais Sonoros (Antiga Res. CONTRAN 160/2004),MULTIPLA_ESCOLHA,D,,,
1007987,False,historical_question_generate_applied_card,Sinais Sonoros (Antiga Res. CONTRAN 160/2004),MULTIPLA_ESCOLHA,C,,,
1071288,False,historical_question_generate_applied_card,Sinais Sonoros (Antiga Res. CONTRAN 160/2004),MULTIPLA_ESCOLHA,D,,,Resolução nº 160/2004
1075358,False,historical_question_generate_applied_card,Sinais Sonoros (Antiga Res. CONTRAN 160/2004),MULTIPLA_ESCOLHA,D,,,
1112237,False,historical_question_generate_applied_card,Sinais Sonoros (Antiga Res. CONTRAN 160/2004),MULTIPLA_ESCOLHA,B,,,
1113757,False,historical_question_generate_applied_card,Sinais Sonoros (Antiga Res. CONTRAN 160/2004),MULTIPLA_ESCOLHA,B,,,
1113767,False,historical_question_generate_applied_card,Sinais Sonoros (Antiga Res. CONTRAN 160/2004),MULTIPLA_ESCOLHA,,,,
1142115,False,historical_question_generate_applied_card,Sinais Sonoros (Antiga Res. CONTRAN 160/2004),MULTIPLA_ESCOLHA,A,,,
1143564,False,historical_question_generate_applied_card,Sinais Sonoros (Antiga Res. CONTRAN 160/2004),MULTIPLA_ESCOLHA,B,,,
1164788,False,historical_question_generate_applied_card,Sinais Sonoros (Antiga Res. CONTRAN 160/2004),MULTIPLA_ESCOLHA,A,,,
1174051,False,historical_question_generate_applied_card,Sinais Sonoros (Antiga Res. CONTRAN 160/2004),MULTIPLA_ESCOLHA,,,,
1177931,False,historical_question_generate_applied_card,Sinais Sonoros (Antiga Res. CONTRAN 160/2004),MULTIPLA_ESCOLHA,A,,,sinalização
1185436,False,historical_question_generate_applied_card,Sinais Sonoros (Antiga Res. CONTRAN 160/2004),MULTIPLA_ESCOLHA,A,,,
1214826,False,historical_question_generate_applied_card,Sinais Sonoros (Antiga Res. CONTRAN 160/2004),MULTIPLA_ESCOLHA,E,,,sinalização
1289172,False,historical_question_generate_applied_card,Sinais Sonoros (Antiga Res. CONTRAN 160/2004),MULTIPLA_ESCOLHA,C,,,
1327679,False,historical_question_generate_applied_card,Sinais Sonoros (Antiga Res. CONTRAN 160/2004),MULTIPLA_ESCOLHA,C,,,sinalização
1331182,False,historical_question_generate_applied_card,Sinais Sonoros (Antiga Res. CONTRAN 160/2004),MULTIPLA_ESCOLHA,,,,
1333484,False,historical_question_generate_applied_card,Sinais Sonoros (Antiga Res. CONTRAN 160/2004),MULTIPLA_ESCOLHA,C,,,
1382675,False,historical_question_generate_applied_card,Sinais Sonoros (Antiga Res. CONTRAN 160/2004),MULTIPLA_ESCOLHA,C,,,
1388728,False,historical_question_generate_applied_card,Sinais Sonoros (Antiga Res. CONTRAN 160/2004),MULTIPLA_ESCOLHA,B,,,
1401698,False,historical_question_generate_applied_card,Sinais Sonoros (Antiga Res. CONTRAN 160/2004),MULTIPLA_ESCOLHA,A,,,
1448219,False,historical_question_generate_applied_card,Sinais Sonoros (Antiga Res. CONTRAN 160/2004),MULTIPLA_ESCOLHA,,,,
1517571,False,historical_question_generate_applied_card,Sinais Sonoros (Antiga Res. CONTRAN 160/2004),MULTIPLA_ESCOLHA,,,,
1520235,False,historical_question_generate_applied_card,Sinais Sonoros (Antiga Res. CONTRAN 160/2004),MULTIPLA_ESCOLHA,C,,,sinalização
1520267,False,historical_question_generate_applied_card,Sinais Sonoros (Antiga Res. CONTRAN 160/2004),MULTIPLA_ESCOLHA,D,,,
1521147,False,historical_question_generate_applied_card,Sinais Sonoros (Antiga Res. CONTRAN 160/2004),MULTIPLA_ESCOLHA,A,,,
1527879,False,historical_question_generate_applied_card,Sinais Sonoros (Antiga Res. CONTRAN 160/2004),MULTIPLA_ESCOLHA,A,,,
1553763,False,historical_question_generate_applied_card,Sinais Sonoros (Antiga Res. CONTRAN 160/2004),MULTIPLA_ESCOLHA,A,,,
1561718,False,historical_question_generate_applied_card,Sinais Sonoros (Antiga Res. CONTRAN 160/2004),MULTIPLA_ESCOLHA,E,,,
1564655,False,historical_question_generate_applied_card,Sinais Sonoros (Antiga Res. CONTRAN 160/2004),MULTIPLA_ESCOLHA,E,,,
1583781,False,historical_question_generate_applied_card,Sinais Sonoros (Antiga Res. CONTRAN 160/2004),CERTO_ERRADO,C,,,sinalização
1587789,False,historical_question_generate_applied_card,Sinais Sonoros (Antiga Res. CONTRAN 160/2004),MULTIPLA_ESCOLHA,B,,,
1661722,False,historical_question_generate_applied_card,Sinais Sonoros (Antiga Res. CONTRAN 160/2004),MULTIPLA_ESCOLHA,C,,,
1680495,False,historical_question_generate_applied_card,Sinais Sonoros (Antiga Res. CONTRAN 160/2004),MULTIPLA_ESCOLHA,,,,
1691258,False,historical_question_generate_applied_card,Sinais Sonoros (Antiga Res. CONTRAN 160/2004),MULTIPLA_ESCOLHA,,,,Resolução n.160; sinalização
1693791,False,historical_question_generate_applied_card,Sinais Sonoros (Antiga Res. CONTRAN 160/2004),MULTIPLA_ESCOLHA,A,,,sinalização
1752354,False,historical_question_generate_applied_card,Sinais Sonoros (Antiga Res. CONTRAN 160/2004),MULTIPLA_ESCOLHA,,,,
1752826,False,historical_question_generate_applied_card,Sinais Sonoros (Antiga Res. CONTRAN 160/2004),MULTIPLA_ESCOLHA,B,,,sinalização
1761978,False,historical_question_generate_applied_card,Sinais Sonoros (Antiga Res. CONTRAN 160/2004),MULTIPLA_ESCOLHA,A,,,
1807759,False,historical_question_generate_applied_card,Sinais Sonoros (Antiga Res. CONTRAN 160/2004),MULTIPLA_ESCOLHA,A,,,
1875913,False,historical_question_generate_applied_card,Sinais Sonoros (Antiga Res. CONTRAN 160/2004),MULTIPLA_ESCOLHA,A,,,sinalização
1958980,False,historical_question_generate_applied_card,Sinais Sonoros (Antiga Res. CONTRAN 160/2004),MULTIPLA_ESCOLHA,,,,sinalização
2034876,False,historical_question_generate_applied_card,Sinais Sonoros (Antiga Res. CONTRAN 160/2004),MULTIPLA_ESCOLHA,A,,,infração; multa; buzina
2076708,False,historical_question_generate_applied_card,Sinais Sonoros (Antiga Res. CONTRAN 160/2004),MULTIPLA_ESCOLHA,A,,,buzina
2093549,False,historical_question_generate_applied_card,Sinais Sonoros (Antiga Res. CONTRAN 160/2004),MULTIPLA_ESCOLHA,A,,,sinalização
2163079,False,historical_question_generate_applied_card,Sinais Sonoros (Antiga Res. CONTRAN 160/2004),MULTIPLA_ESCOLHA,,,,
2184631,False,historical_question_generate_applied_card,Sinais Sonoros (Antiga Res. CONTRAN 160/2004),MULTIPLA_ESCOLHA,C,,,
27878,False,historical_question_generate_applied_card,Tópicos Mesclados de Sinalização de Trânsito,MULTIPLA_ESCOLHA,,,,sinalização
42754,False,historical_question_generate_applied_card,Tópicos Mesclados de Sinalização de Trânsito,MULTIPLA_ESCOLHA,D,,,sinalização
128302,False,historical_question_generate_applied_card,Tópicos Mesclados de Sinalização de Trânsito,MULTIPLA_ESCOLHA,B,,,sinalização
194065,False,historical_question_generate_applied_card,Tópicos Mesclados de Sinalização de Trânsito,MULTIPLA_ESCOLHA,C,,,sinalização
408945,False,historical_question_generate_applied_card,Tópicos Mesclados de Sinalização de Trânsito,MULTIPLA_ESCOLHA,D,,,
434976,False,historical_question_generate_applied_card,Tópicos Mesclados de Sinalização de Trânsito,MULTIPLA_ESCOLHA,C,,,sinalização
437136,False,historical_question_generate_applied_card,Tópicos Mesclados de Sinalização de Trânsito,MULTIPLA_ESCOLHA,C,,,infração; sinalização
480672,False,historical_question_generate_applied_card,Tópicos Mesclados de Sinalização de Trânsito,MULTIPLA_ESCOLHA,A,,,sinalização
533626,False,historical_question_generate_applied_card,Tópicos Mesclados de Sinalização de Trânsito,MULTIPLA_ESCOLHA,D,,,sinalização
548536,False,historical_question_generate_applied_card,Tópicos Mesclados de Sinalização de Trânsito,MULTIPLA_ESCOLHA,A,,,sinalização
579331,False,historical_question_generate_applied_card,Tópicos Mesclados de Sinalização de Trânsito,MULTIPLA_ESCOLHA,C,,,sinalização
723300,False,historical_question_generate_applied_card,Tópicos Mesclados de Sinalização de Trânsito,MULTIPLA_ESCOLHA,B,,,sinalização
845010,False,historical_question_generate_applied_card,Tópicos Mesclados de Sinalização de Trânsito,MULTIPLA_ESCOLHA,D,,,infração; sinalização
910888,False,historical_question_generate_applied_card,Tópicos Mesclados de Sinalização de Trânsito,MULTIPLA_ESCOLHA,B,,,sinalização
966257,False,historical_question_generate_applied_card,Tópicos Mesclados de Sinalização de Trânsito,MULTIPLA_ESCOLHA,E,,,peso; sinalização
972078,False,historical_question_generate_applied_card,Tópicos Mesclados de Sinalização de Trânsito,MULTIPLA_ESCOLHA,A,,,peso
1076022,False,historical_question_generate_applied_card,Tópicos Mesclados de Sinalização de Trânsito,MULTIPLA_ESCOLHA,,,,sinalização
1123008,False,historical_question_generate_applied_card,Tópicos Mesclados de Sinalização de Trânsito,MULTIPLA_ESCOLHA,B,,,
1161963,False,historical_question_generate_applied_card,Tópicos Mesclados de Sinalização de Trânsito,MULTIPLA_ESCOLHA,D,,,
1213371,False,historical_question_generate_applied_card,Tópicos Mesclados de Sinalização de Trânsito,MULTIPLA_ESCOLHA,B,,,sinalização
1295333,False,historical_question_generate_applied_card,Tópicos Mesclados de Sinalização de Trânsito,MULTIPLA_ESCOLHA,B,,,sinalização
1388885,False,historical_question_generate_applied_card,Tópicos Mesclados de Sinalização de Trânsito,MULTIPLA_ESCOLHA,A,,,sinalização
533489,False,historical_question_generate_applied_card,Tópicos Mesclados do CTB (Lei nº 9.503/1997),MULTIPLA_ESCOLHA,C,,,categoria E; baixa; irrecuperável; habilitação; escolares
713248,False,historical_question_generate_applied_card,Tópicos Mesclados do CTB (Lei nº 9.503/1997),MULTIPLA_ESCOLHA,,,,1 ano; infração; grave; multa
851792,False,historical_question_generate_applied_card,Tópicos Mesclados do CTB (Lei nº 9.503/1997),MULTIPLA_ESCOLHA,A,,,infração
860380,False,historical_question_generate_applied_card,Tópicos Mesclados do CTB (Lei nº 9.503/1997),MULTIPLA_ESCOLHA,A,,,
945312,False,historical_question_generate_applied_card,Tópicos Mesclados do CTB (Lei nº 9.503/1997),MULTIPLA_ESCOLHA,A,,,
1102632,False,historical_question_generate_applied_card,Tópicos Mesclados do CTB (Lei nº 9.503/1997),MULTIPLA_ESCOLHA,,,,infração; grave
1144065,False,historical_question_generate_applied_card,Tópicos Mesclados do CTB (Lei nº 9.503/1997),CERTO_ERRADO,E,,,categoria C; categoria B; habilitação; infração
1362457,False,historical_question_generate_applied_card,Tópicos Mesclados do CTB (Lei nº 9.503/1997),MULTIPLA_ESCOLHA,A,,,remoção
1374559,False,historical_question_generate_applied_card,Tópicos Mesclados do CTB (Lei nº 9.503/1997),MULTIPLA_ESCOLHA,D,,,
1379437,False,historical_question_generate_applied_card,Tópicos Mesclados do CTB (Lei nº 9.503/1997),MULTIPLA_ESCOLHA,B,,,infração; grave; multa
2096303,False,historical_question_generate_applied_card,Tópicos Mesclados do CTB (Lei nº 9.503/1997),MULTIPLA_ESCOLHA,D,,,sinalização
27911,False,historical_question_generate_applied_card,Volume I - Sinalização Vertical de Regulamentação (Anexo I da Res. CONTRAN nº 973/2022),CERTO_ERRADO,ERRADO,,,
28234,False,historical_question_generate_applied_card,Volume I - Sinalização Vertical de Regulamentação (Anexo I da Res. CONTRAN nº 973/2022),CERTO_ERRADO,ERRADO,,,infração; sinalização
28235,False,historical_question_generate_applied_card,Volume I - Sinalização Vertical de Regulamentação (Anexo I da Res. CONTRAN nº 973/2022),CERTO_ERRADO,ERRADO,,,sinalização
28237,False,historical_question_generate_applied_card,Volume I - Sinalização Vertical de Regulamentação (Anexo I da Res. CONTRAN nº 973/2022),CERTO_ERRADO,ERRADO,,,sinalização
165801,False,historical_question_generate_applied_card,Volume I - Sinalização Vertical de Regulamentação (Anexo I da Res. CONTRAN nº 973/2022),CERTO_ERRADO,ERRADO,,,sinalização
332965,False,historical_question_generate_applied_card,Volume I - Sinalização Vertical de Regulamentação (Anexo I da Res. CONTRAN nº 973/2022),MULTIPLA_ESCOLHA,B,,,infração; sinalização
466463,False,historical_question_generate_applied_card,Volume I - Sinalização Vertical de Regulamentação (Anexo I da Res. CONTRAN nº 973/2022),MULTIPLA_ESCOLHA,A,,,sinalização
477803,False,historical_question_generate_applied_card,Volume I - Sinalização Vertical de Regulamentação (Anexo I da Res. CONTRAN nº 973/2022),MULTIPLA_ESCOLHA,D,,,infração
478216,False,historical_question_generate_applied_card,Volume I - Sinalização Vertical de Regulamentação (Anexo I da Res. CONTRAN nº 973/2022),MULTIPLA_ESCOLHA,C,,,sinalização
478683,False,historical_question_generate_applied_card,Volume I - Sinalização Vertical de Regulamentação (Anexo I da Res. CONTRAN nº 973/2022),MULTIPLA_ESCOLHA,A,,,
480677,False,historical_question_generate_applied_card,Volume I - Sinalização Vertical de Regulamentação (Anexo I da Res. CONTRAN nº 973/2022),MULTIPLA_ESCOLHA,D,,,categoria d; sinalização
485161,False,historical_question_generate_applied_card,Volume I - Sinalização Vertical de Regulamentação (Anexo I da Res. CONTRAN nº 973/2022),MULTIPLA_ESCOLHA,B,,,sinalização
524673,False,historical_question_generate_applied_card,Volume I - Sinalização Vertical de Regulamentação (Anexo I da Res. CONTRAN nº 973/2022),MULTIPLA_ESCOLHA,C,,,
529271,False,historical_question_generate_applied_card,Volume I - Sinalização Vertical de Regulamentação (Anexo I da Res. CONTRAN nº 973/2022),MULTIPLA_ESCOLHA,C,,,
533622,False,historical_question_generate_applied_card,Volume I - Sinalização Vertical de Regulamentação (Anexo I da Res. CONTRAN nº 973/2022),MULTIPLA_ESCOLHA,B,,,
537863,False,historical_question_generate_applied_card,Volume I - Sinalização Vertical de Regulamentação (Anexo I da Res. CONTRAN nº 973/2022),MULTIPLA_ESCOLHA,C,,,peso
579339,False,historical_question_generate_applied_card,Volume I - Sinalização Vertical de Regulamentação (Anexo I da Res. CONTRAN nº 973/2022),MULTIPLA_ESCOLHA,B,,,sinalização
622660,False,historical_question_generate_applied_card,Volume I - Sinalização Vertical de Regulamentação (Anexo I da Res. CONTRAN nº 973/2022),MULTIPLA_ESCOLHA,B,,,sinalização
714601,False,historical_question_generate_applied_card,Volume I - Sinalização Vertical de Regulamentação (Anexo I da Res. CONTRAN nº 973/2022),MULTIPLA_ESCOLHA,D,,,sinalização
718610,False,historical_question_generate_applied_card,Volume I - Sinalização Vertical de Regulamentação (Anexo I da Res. CONTRAN nº 973/2022),MULTIPLA_ESCOLHA,C,,,sinalização
810485,False,historical_question_generate_applied_card,Volume I - Sinalização Vertical de Regulamentação (Anexo I da Res. CONTRAN nº 973/2022),MULTIPLA_ESCOLHA,D,,,sinalização
833820,False,historical_question_generate_applied_card,Volume I - Sinalização Vertical de Regulamentação (Anexo I da Res. CONTRAN nº 973/2022),MULTIPLA_ESCOLHA,D,,,sinalização
869560,False,historical_question_generate_applied_card,Volume I - Sinalização Vertical de Regulamentação (Anexo I da Res. CONTRAN nº 973/2022),MULTIPLA_ESCOLHA,D,,,
903212,False,historical_question_generate_applied_card,Volume I - Sinalização Vertical de Regulamentação (Anexo I da Res. CONTRAN nº 973/2022),MULTIPLA_ESCOLHA,D,,,sinalização
933706,False,historical_question_generate_applied_card,Volume I - Sinalização Vertical de Regulamentação (Anexo I da Res. CONTRAN nº 973/2022),MULTIPLA_ESCOLHA,E,,,infração; sinalização
996089,False,historical_question_generate_applied_card,Volume I - Sinalização Vertical de Regulamentação (Anexo I da Res. CONTRAN nº 973/2022),MULTIPLA_ESCOLHA,D,,,
1018162,False,historical_question_generate_applied_card,Volume I - Sinalização Vertical de Regulamentação (Anexo I da Res. CONTRAN nº 973/2022),MULTIPLA_ESCOLHA,E,,,sinalização
1033810,False,historical_question_generate_applied_card,Volume I - Sinalização Vertical de Regulamentação (Anexo I da Res. CONTRAN nº 973/2022),MULTIPLA_ESCOLHA,C,,,
1037974,False,historical_question_generate_applied_card,Volume I - Sinalização Vertical de Regulamentação (Anexo I da Res. CONTRAN nº 973/2022),MULTIPLA_ESCOLHA,B,,,sinalização
1112404,False,historical_question_generate_applied_card,Volume I - Sinalização Vertical de Regulamentação (Anexo I da Res. CONTRAN nº 973/2022),MULTIPLA_ESCOLHA,B,,,
1149419,False,historical_question_generate_applied_card,Volume I - Sinalização Vertical de Regulamentação (Anexo I da Res. CONTRAN nº 973/2022),MULTIPLA_ESCOLHA,A,,,
1155213,False,historical_question_generate_applied_card,Volume I - Sinalização Vertical de Regulamentação (Anexo I da Res. CONTRAN nº 973/2022),MULTIPLA_ESCOLHA,C,,,infração; grave; gravíssima
1164782,False,historical_question_generate_applied_card,Volume I - Sinalização Vertical de Regulamentação (Anexo I da Res. CONTRAN nº 973/2022),MULTIPLA_ESCOLHA,E,,,peso
1185918,False,historical_question_generate_applied_card,Volume I - Sinalização Vertical de Regulamentação (Anexo I da Res. CONTRAN nº 973/2022),MULTIPLA_ESCOLHA,D,,,
1198965,False,historical_question_generate_applied_card,Volume I - Sinalização Vertical de Regulamentação (Anexo I da Res. CONTRAN nº 973/2022),MULTIPLA_ESCOLHA,D,,,dimensões
1247731,False,historical_question_generate_applied_card,Volume I - Sinalização Vertical de Regulamentação (Anexo I da Res. CONTRAN nº 973/2022),MULTIPLA_ESCOLHA,D,,,
1259558,False,historical_question_generate_applied_card,Volume I - Sinalização Vertical de Regulamentação (Anexo I da Res. CONTRAN nº 973/2022),MULTIPLA_ESCOLHA,C,,,
1270455,False,historical_question_generate_applied_card,Volume I - Sinalização Vertical de Regulamentação (Anexo I da Res. CONTRAN nº 973/2022),MULTIPLA_ESCOLHA,A,,,
1375128,False,historical_question_generate_applied_card,Volume I - Sinalização Vertical de Regulamentação (Anexo I da Res. CONTRAN nº 973/2022),MULTIPLA_ESCOLHA,A,,,
1393502,False,historical_question_generate_applied_card,Volume I - Sinalização Vertical de Regulamentação (Anexo I da Res. CONTRAN nº 973/2022),MULTIPLA_ESCOLHA,B,,,
1414364,False,historical_question_generate_applied_card,Volume I - Sinalização Vertical de Regulamentação (Anexo I da Res. CONTRAN nº 973/2022),MULTIPLA_ESCOLHA,C,,,sinalização
1481232,False,historical_question_generate_applied_card,Volume I - Sinalização Vertical de Regulamentação (Anexo I da Res. CONTRAN nº 973/2022),MULTIPLA_ESCOLHA,,,,peso; sinalização
1509943,False,historical_question_generate_applied_card,Volume I - Sinalização Vertical de Regulamentação (Anexo I da Res. CONTRAN nº 973/2022),MULTIPLA_ESCOLHA,D,,,
1530004,False,historical_question_generate_applied_card,Volume I - Sinalização Vertical de Regulamentação (Anexo I da Res. CONTRAN nº 973/2022),MULTIPLA_ESCOLHA,A,,,refletiva; peso; sinalização
1537021,False,historical_question_generate_applied_card,Volume I - Sinalização Vertical de Regulamentação (Anexo I da Res. CONTRAN nº 973/2022),MULTIPLA_ESCOLHA,B,,,
1572195,False,historical_question_generate_applied_card,Volume I - Sinalização Vertical de Regulamentação (Anexo I da Res. CONTRAN nº 973/2022),MULTIPLA_ESCOLHA,B,,,sinalização
1579334,False,historical_question_generate_applied_card,Volume I - Sinalização Vertical de Regulamentação (Anexo I da Res. CONTRAN nº 973/2022),MULTIPLA_ESCOLHA,A,,,
1620658,False,historical_question_generate_applied_card,Volume I - Sinalização Vertical de Regulamentação (Anexo I da Res. CONTRAN nº 973/2022),MULTIPLA_ESCOLHA,B,,,infração; peso
1702087,False,historical_question_generate_applied_card,Volume I - Sinalização Vertical de Regulamentação (Anexo I da Res. CONTRAN nº 973/2022),MULTIPLA_ESCOLHA,D,,,sinalização
1727621,False,historical_question_generate_applied_card,Volume I - Sinalização Vertical de Regulamentação (Anexo I da Res. CONTRAN nº 973/2022),MULTIPLA_ESCOLHA,B,,,
1728357,False,historical_question_generate_applied_card,Volume I - Sinalização Vertical de Regulamentação (Anexo I da Res. CONTRAN nº 973/2022),MULTIPLA_ESCOLHA,D,,,
1797177,False,historical_question_generate_applied_card,Volume I - Sinalização Vertical de Regulamentação (Anexo I da Res. CONTRAN nº 973/2022),MULTIPLA_ESCOLHA,C,,,sinalização
1871017,False,historical_question_generate_applied_card,Volume I - Sinalização Vertical de Regulamentação (Anexo I da Res. CONTRAN nº 973/2022),MULTIPLA_ESCOLHA,D,,,
1895737,False,historical_question_generate_applied_card,Volume I - Sinalização Vertical de Regulamentação (Anexo I da Res. CONTRAN nº 973/2022),MULTIPLA_ESCOLHA,C,,,infração; sinalização
2003190,False,historical_question_generate_applied_card,Volume I - Sinalização Vertical de Regulamentação (Anexo I da Res. CONTRAN nº 973/2022),MULTIPLA_ESCOLHA,A,,,sinalização
2033972,False,historical_question_generate_applied_card,Volume I - Sinalização Vertical de Regulamentação (Anexo I da Res. CONTRAN nº 973/2022),MULTIPLA_ESCOLHA,E,,,sinalização
2072028,False,historical_question_generate_applied_card,Volume I - Sinalização Vertical de Regulamentação (Anexo I da Res. CONTRAN nº 973/2022),MULTIPLA_ESCOLHA,D,,,sinalização
2465728,False,historical_question_generate_applied_card,Volume I - Sinalização Vertical de Regulamentação (Anexo I da Res. CONTRAN nº 973/2022),MULTIPLA_ESCOLHA,D,,,sinalização
27879,False,historical_question_generate_applied_card,Volume II - Sinalização Vertical de Advertência (Anexo II da Res. CONTRAN nº 973/2022),MULTIPLA_ESCOLHA,B,,,sinalização
28080,False,historical_question_generate_applied_card,Volume II - Sinalização Vertical de Advertência (Anexo II da Res. CONTRAN nº 973/2022),CERTO_ERRADO,E,,,
28085,False,historical_question_generate_applied_card,Volume II - Sinalização Vertical de Advertência (Anexo II da Res. CONTRAN nº 973/2022),CERTO_ERRADO,ERRADO,,,
28086,False,historical_question_generate_applied_card,Volume II - Sinalização Vertical de Advertência (Anexo II da Res. CONTRAN nº 973/2022),CERTO_ERRADO,CERTO,,,
28236,False,historical_question_generate_applied_card,Volume II - Sinalização Vertical de Advertência (Anexo II da Res. CONTRAN nº 973/2022),CERTO_ERRADO,ERRADO,,,sinalização
240916,False,historical_question_generate_applied_card,Volume II - Sinalização Vertical de Advertência (Anexo II da Res. CONTRAN nº 973/2022),MULTIPLA_ESCOLHA,C,,,sinalização
259704,False,historical_question_generate_applied_card,Volume II - Sinalização Vertical de Advertência (Anexo II da Res. CONTRAN nº 973/2022),MULTIPLA_ESCOLHA,,,,sinalização
285099,False,historical_question_generate_applied_card,Volume II - Sinalização Vertical de Advertência (Anexo II da Res. CONTRAN nº 973/2022),MULTIPLA_ESCOLHA,A,,,
304039,False,historical_question_generate_applied_card,Volume II - Sinalização Vertical de Advertência (Anexo II da Res. CONTRAN nº 973/2022),CERTO_ERRADO,CERTO,,,sinalização
344510,False,historical_question_generate_applied_card,Volume II - Sinalização Vertical de Advertência (Anexo II da Res. CONTRAN nº 973/2022),MULTIPLA_ESCOLHA,A,,,
533490,False,historical_question_generate_applied_card,Volume II - Sinalização Vertical de Advertência (Anexo II da Res. CONTRAN nº 973/2022),MULTIPLA_ESCOLHA,A,,,sinalização
537865,False,historical_question_generate_applied_card,Volume II - Sinalização Vertical de Advertência (Anexo II da Res. CONTRAN nº 973/2022),MULTIPLA_ESCOLHA,D,,,
537866,False,historical_question_generate_applied_card,Volume II - Sinalização Vertical de Advertência (Anexo II da Res. CONTRAN nº 973/2022),MULTIPLA_ESCOLHA,B,,,
581930,False,historical_question_generate_applied_card,Volume II - Sinalização Vertical de Advertência (Anexo II da Res. CONTRAN nº 973/2022),MULTIPLA_ESCOLHA,D,,,sinalização
587482,False,historical_question_generate_applied_card,Volume II - Sinalização Vertical de Advertência (Anexo II da Res. CONTRAN nº 973/2022),MULTIPLA_ESCOLHA,B,,,
628875,False,historical_question_generate_applied_card,Volume II - Sinalização Vertical de Advertência (Anexo II da Res. CONTRAN nº 973/2022),MULTIPLA_ESCOLHA,C,,,
703856,False,historical_question_generate_applied_card,Volume II - Sinalização Vertical de Advertência (Anexo II da Res. CONTRAN nº 973/2022),MULTIPLA_ESCOLHA,C,,,
709693,False,historical_question_generate_applied_card,Volume II - Sinalização Vertical de Advertência (Anexo II da Res. CONTRAN nº 973/2022),MULTIPLA_ESCOLHA,D,,,sinalização
748887,False,historical_question_generate_applied_card,Volume II - Sinalização Vertical de Advertência (Anexo II da Res. CONTRAN nº 973/2022),MULTIPLA_ESCOLHA,B,,,
778321,False,historical_question_generate_applied_card,Volume II - Sinalização Vertical de Advertência (Anexo II da Res. CONTRAN nº 973/2022),MULTIPLA_ESCOLHA,D,,,
778323,False,historical_question_generate_applied_card,Volume II - Sinalização Vertical de Advertência (Anexo II da Res. CONTRAN nº 973/2022),MULTIPLA_ESCOLHA,D,,,
810704,False,historical_question_generate_applied_card,Volume II - Sinalização Vertical de Advertência (Anexo II da Res. CONTRAN nº 973/2022),MULTIPLA_ESCOLHA,A,,,sinalização
810726,False,historical_question_generate_applied_card,Volume II - Sinalização Vertical de Advertência (Anexo II da Res. CONTRAN nº 973/2022),MULTIPLA_ESCOLHA,E,,,sinalização
842776,False,historical_question_generate_applied_card,Volume II - Sinalização Vertical de Advertência (Anexo II da Res. CONTRAN nº 973/2022),MULTIPLA_ESCOLHA,D,,,
847936,False,historical_question_generate_applied_card,Volume II - Sinalização Vertical de Advertência (Anexo II da Res. CONTRAN nº 973/2022),MULTIPLA_ESCOLHA,C,,,sinalização
881705,False,historical_question_generate_applied_card,Volume II - Sinalização Vertical de Advertência (Anexo II da Res. CONTRAN nº 973/2022),MULTIPLA_ESCOLHA,C,,,sinalização
903229,False,historical_question_generate_applied_card,Volume II - Sinalização Vertical de Advertência (Anexo II da Res. CONTRAN nº 973/2022),MULTIPLA_ESCOLHA,B,,,sinalização
912950,False,historical_question_generate_applied_card,Volume II - Sinalização Vertical de Advertência (Anexo II da Res. CONTRAN nº 973/2022),MULTIPLA_ESCOLHA,B,,,sinalização
953775,False,historical_question_generate_applied_card,Volume II - Sinalização Vertical de Advertência (Anexo II da Res. CONTRAN nº 973/2022),MULTIPLA_ESCOLHA,A,,,sinalização
966261,False,historical_question_generate_applied_card,Volume II - Sinalização Vertical de Advertência (Anexo II da Res. CONTRAN nº 973/2022),MULTIPLA_ESCOLHA,D,,,sinalização
1001269,False,historical_question_generate_applied_card,Volume II - Sinalização Vertical de Advertência (Anexo II da Res. CONTRAN nº 973/2022),MULTIPLA_ESCOLHA,C,,,peso; sinalização
1022160,False,historical_question_generate_applied_card,Volume II - Sinalização Vertical de Advertência (Anexo II da Res. CONTRAN nº 973/2022),MULTIPLA_ESCOLHA,C,,,
1031794,False,historical_question_generate_applied_card,Volume II - Sinalização Vertical de Advertência (Anexo II da Res. CONTRAN nº 973/2022),MULTIPLA_ESCOLHA,B,,,sinalização
1070621,False,historical_question_generate_applied_card,Volume II - Sinalização Vertical de Advertência (Anexo II da Res. CONTRAN nº 973/2022),MULTIPLA_ESCOLHA,A,,,sinalização
1071622,False,historical_question_generate_applied_card,Volume II - Sinalização Vertical de Advertência (Anexo II da Res. CONTRAN nº 973/2022),MULTIPLA_ESCOLHA,A,,,
1083087,False,historical_question_generate_applied_card,Volume II - Sinalização Vertical de Advertência (Anexo II da Res. CONTRAN nº 973/2022),MULTIPLA_ESCOLHA,D,,,sinalização
1112408,False,historical_question_generate_applied_card,Volume II - Sinalização Vertical de Advertência (Anexo II da Res. CONTRAN nº 973/2022),MULTIPLA_ESCOLHA,A,,,sinalização
1129769,False,historical_question_generate_applied_card,Volume II - Sinalização Vertical de Advertência (Anexo II da Res. CONTRAN nº 973/2022),MULTIPLA_ESCOLHA,C,,,
1142091,False,historical_question_generate_applied_card,Volume II - Sinalização Vertical de Advertência (Anexo II da Res. CONTRAN nº 973/2022),MULTIPLA_ESCOLHA,D,,,Resolução nº 243/07; sinalização
1142178,False,historical_question_generate_applied_card,Volume II - Sinalização Vertical de Advertência (Anexo II da Res. CONTRAN nº 973/2022),MULTIPLA_ESCOLHA,D,,,
1185887,False,historical_question_generate_applied_card,Volume II - Sinalização Vertical de Advertência (Anexo II da Res. CONTRAN nº 973/2022),MULTIPLA_ESCOLHA,B,,,
1213380,False,historical_question_generate_applied_card,Volume II - Sinalização Vertical de Advertência (Anexo II da Res. CONTRAN nº 973/2022),MULTIPLA_ESCOLHA,D,,,peso
1247730,False,historical_question_generate_applied_card,Volume II - Sinalização Vertical de Advertência (Anexo II da Res. CONTRAN nº 973/2022),MULTIPLA_ESCOLHA,D,,,sinalização
1286515,False,historical_question_generate_applied_card,Volume II - Sinalização Vertical de Advertência (Anexo II da Res. CONTRAN nº 973/2022),MULTIPLA_ESCOLHA,B,,,sinalização
1295481,False,historical_question_generate_applied_card,Volume II - Sinalização Vertical de Advertência (Anexo II da Res. CONTRAN nº 973/2022),MULTIPLA_ESCOLHA,D,,,sinalização
1345837,False,historical_question_generate_applied_card,Volume II - Sinalização Vertical de Advertência (Anexo II da Res. CONTRAN nº 973/2022),MULTIPLA_ESCOLHA,E,,,sinalização
1375105,False,historical_question_generate_applied_card,Volume II - Sinalização Vertical de Advertência (Anexo II da Res. CONTRAN nº 973/2022),MULTIPLA_ESCOLHA,C,,,sinalização
1375126,False,historical_question_generate_applied_card,Volume II - Sinalização Vertical de Advertência (Anexo II da Res. CONTRAN nº 973/2022),MULTIPLA_ESCOLHA,A,,,
1415319,False,historical_question_generate_applied_card,Volume II - Sinalização Vertical de Advertência (Anexo II da Res. CONTRAN nº 973/2022),MULTIPLA_ESCOLHA,D,,,sinalização
1572196,False,historical_question_generate_applied_card,Volume II - Sinalização Vertical de Advertência (Anexo II da Res. CONTRAN nº 973/2022),MULTIPLA_ESCOLHA,,,,sinalização
1572411,False,historical_question_generate_applied_card,Volume II - Sinalização Vertical de Advertência (Anexo II da Res. CONTRAN nº 973/2022),MULTIPLA_ESCOLHA,,,,sinalização
1579297,False,historical_question_generate_applied_card,Volume II - Sinalização Vertical de Advertência (Anexo II da Res. CONTRAN nº 973/2022),MULTIPLA_ESCOLHA,B,,,
1583871,False,historical_question_generate_applied_card,Volume II - Sinalização Vertical de Advertência (Anexo II da Res. CONTRAN nº 973/2022),CERTO_ERRADO,CERTO,,,sinalização
1724674,False,historical_question_generate_applied_card,Volume II - Sinalização Vertical de Advertência (Anexo II da Res. CONTRAN nº 973/2022),MULTIPLA_ESCOLHA,D,,,sinalização
1758675,False,historical_question_generate_applied_card,Volume II - Sinalização Vertical de Advertência (Anexo II da Res. CONTRAN nº 973/2022),CERTO_ERRADO,E,,,sinalização
2002433,False,historical_question_generate_applied_card,Volume II - Sinalização Vertical de Advertência (Anexo II da Res. CONTRAN nº 973/2022),MULTIPLA_ESCOLHA,A,,,sinalização
2004448,False,historical_question_generate_applied_card,Volume II - Sinalização Vertical de Advertência (Anexo II da Res. CONTRAN nº 973/2022),MULTIPLA_ESCOLHA,E,,,Resolução CONTRAN nº 243/07; sinalização
2024922,False,historical_question_generate_applied_card,Volume II - Sinalização Vertical de Advertência (Anexo II da Res. CONTRAN nº 973/2022),MULTIPLA_ESCOLHA,A,,,sinalização
2465729,False,historical_question_generate_applied_card,Volume II - Sinalização Vertical de Advertência (Anexo II da Res. CONTRAN nº 973/2022),MULTIPLA_ESCOLHA,C,,,sinalização
2465733,False,historical_question_generate_applied_card,Volume II - Sinalização Vertical de Advertência (Anexo II da Res. CONTRAN nº 973/2022),MULTIPLA_ESCOLHA,,,,sinalização
2465739,False,historical_question_generate_applied_card,Volume II - Sinalização Vertical de Advertência (Anexo II da Res. CONTRAN nº 973/2022),MULTIPLA_ESCOLHA,C,,,
112170,False,historical_question_generate_applied_card,Volume III - Sinalização Vertical de Indicação (Anexo III da Res. CONTRAN nº 973/2022),MULTIPLA_ESCOLHA,D,,,
129771,False,historical_question_generate_applied_card,Volume III - Sinalização Vertical de Indicação (Anexo III da Res. CONTRAN nº 973/2022),MULTIPLA_ESCOLHA,D,,,sinalização
129772,False,historical_question_generate_applied_card,Volume III - Sinalização Vertical de Indicação (Anexo III da Res. CONTRAN nº 973/2022),MULTIPLA_ESCOLHA,E,,,sinalização
133828,False,historical_question_generate_applied_card,Volume III - Sinalização Vertical de Indicação (Anexo III da Res. CONTRAN nº 973/2022),MULTIPLA_ESCOLHA,B,,,
167960,False,historical_question_generate_applied_card,Volume III - Sinalização Vertical de Indicação (Anexo III da Res. CONTRAN nº 973/2022),MULTIPLA_ESCOLHA,B,,,sinalização
168022,False,historical_question_generate_applied_card,Volume III - Sinalização Vertical de Indicação (Anexo III da Res. CONTRAN nº 973/2022),MULTIPLA_ESCOLHA,E,,,sinalização
174605,False,historical_question_generate_applied_card,Volume III - Sinalização Vertical de Indicação (Anexo III da Res. CONTRAN nº 973/2022),MULTIPLA_ESCOLHA,E,,,sinalização
177562,False,historical_question_generate_applied_card,Volume III - Sinalização Vertical de Indicação (Anexo III da Res. CONTRAN nº 973/2022),MULTIPLA_ESCOLHA,E,,,
285098,False,historical_question_generate_applied_card,Volume III - Sinalização Vertical de Indicação (Anexo III da Res. CONTRAN nº 973/2022),MULTIPLA_ESCOLHA,D,,,
285101,False,historical_question_generate_applied_card,Volume III - Sinalização Vertical de Indicação (Anexo III da Res. CONTRAN nº 973/2022),MULTIPLA_ESCOLHA,D,,,
285102,False,historical_question_generate_applied_card,Volume III - Sinalização Vertical de Indicação (Anexo III da Res. CONTRAN nº 973/2022),MULTIPLA_ESCOLHA,B,,,
305799,False,historical_question_generate_applied_card,Volume III - Sinalização Vertical de Indicação (Anexo III da Res. CONTRAN nº 973/2022),MULTIPLA_ESCOLHA,B,,,sinalização
329579,False,historical_question_generate_applied_card,Volume III - Sinalização Vertical de Indicação (Anexo III da Res. CONTRAN nº 973/2022),MULTIPLA_ESCOLHA,D,,,
333307,False,historical_question_generate_applied_card,Volume III - Sinalização Vertical de Indicação (Anexo III da Res. CONTRAN nº 973/2022),MULTIPLA_ESCOLHA,B,,,
333310,False,historical_question_generate_applied_card,Volume III - Sinalização Vertical de Indicação (Anexo III da Res. CONTRAN nº 973/2022),MULTIPLA_ESCOLHA,A,,,
333329,False,historical_question_generate_applied_card,Volume III - Sinalização Vertical de Indicação (Anexo III da Res. CONTRAN nº 973/2022),MULTIPLA_ESCOLHA,,,,
333333,False,historical_question_generate_applied_card,Volume III - Sinalização Vertical de Indicação (Anexo III da Res. CONTRAN nº 973/2022),MULTIPLA_ESCOLHA,,,,
333342,False,historical_question_generate_applied_card,Volume III - Sinalização Vertical de Indicação (Anexo III da Res. CONTRAN nº 973/2022),MULTIPLA_ESCOLHA,,,,
333346,False,historical_question_generate_applied_card,Volume III - Sinalização Vertical de Indicação (Anexo III da Res. CONTRAN nº 973/2022),MULTIPLA_ESCOLHA,,,,
345726,False,historical_question_generate_applied_card,Volume III - Sinalização Vertical de Indicação (Anexo III da Res. CONTRAN nº 973/2022),MULTIPLA_ESCOLHA,D,,,sinalização
346119,False,historical_question_generate_applied_card,Volume III - Sinalização Vertical de Indicação (Anexo III da Res. CONTRAN nº 973/2022),MULTIPLA_ESCOLHA,B,,,
346120,False,historical_question_generate_applied_card,Volume III - Sinalização Vertical de Indicação (Anexo III da Res. CONTRAN nº 973/2022),MULTIPLA_ESCOLHA,D,,,
397259,False,historical_question_generate_applied_card,Volume III - Sinalização Vertical de Indicação (Anexo III da Res. CONTRAN nº 973/2022),MULTIPLA_ESCOLHA,B,,,
403629,False,historical_question_generate_applied_card,Volume III - Sinalização Vertical de Indicação (Anexo III da Res. CONTRAN nº 973/2022),MULTIPLA_ESCOLHA,B,,,
408947,False,historical_question_generate_applied_card,Volume III - Sinalização Vertical de Indicação (Anexo III da Res. CONTRAN nº 973/2022),MULTIPLA_ESCOLHA,D,,,habilitação; multa
490740,False,historical_question_generate_applied_card,Volume III - Sinalização Vertical de Indicação (Anexo III da Res. CONTRAN nº 973/2022),MULTIPLA_ESCOLHA,C,,,sinalização
491974,False,historical_question_generate_applied_card,Volume III - Sinalização Vertical de Indicação (Anexo III da Res. CONTRAN nº 973/2022),MULTIPLA_ESCOLHA,A,,,sinalização
508881,False,historical_question_generate_applied_card,Volume III - Sinalização Vertical de Indicação (Anexo III da Res. CONTRAN nº 973/2022),MULTIPLA_ESCOLHA,C,,,
589276,False,historical_question_generate_applied_card,Volume III - Sinalização Vertical de Indicação (Anexo III da Res. CONTRAN nº 973/2022),MULTIPLA_ESCOLHA,C,,,sinalização
589281,False,historical_question_generate_applied_card,Volume III - Sinalização Vertical de Indicação (Anexo III da Res. CONTRAN nº 973/2022),MULTIPLA_ESCOLHA,A,,,sinalização
721768,False,historical_question_generate_applied_card,Volume III - Sinalização Vertical de Indicação (Anexo III da Res. CONTRAN nº 973/2022),MULTIPLA_ESCOLHA,B,,,sinalização
746213,False,historical_question_generate_applied_card,Volume III - Sinalização Vertical de Indicação (Anexo III da Res. CONTRAN nº 973/2022),MULTIPLA_ESCOLHA,A,,,sinalização
805898,False,historical_question_generate_applied_card,Volume III - Sinalização Vertical de Indicação (Anexo III da Res. CONTRAN nº 973/2022),MULTIPLA_ESCOLHA,D,,,sinalização
808942,False,historical_question_generate_applied_card,Volume III - Sinalização Vertical de Indicação (Anexo III da Res. CONTRAN nº 973/2022),MULTIPLA_ESCOLHA,,,,retenção; sinalização
810699,False,historical_question_generate_applied_card,Volume III - Sinalização Vertical de Indicação (Anexo III da Res. CONTRAN nº 973/2022),MULTIPLA_ESCOLHA,D,,,sinalização
810718,False,historical_question_generate_applied_card,Volume III - Sinalização Vertical de Indicação (Anexo III da Res. CONTRAN nº 973/2022),MULTIPLA_ESCOLHA,A,,,sinalização
827393,False,historical_question_generate_applied_card,Volume III - Sinalização Vertical de Indicação (Anexo III da Res. CONTRAN nº 973/2022),MULTIPLA_ESCOLHA,A,,,
848902,False,historical_question_generate_applied_card,Volume III - Sinalização Vertical de Indicação (Anexo III da Res. CONTRAN nº 973/2022),MULTIPLA_ESCOLHA,A,,,
931287,False,historical_question_generate_applied_card,Volume III - Sinalização Vertical de Indicação (Anexo III da Res. CONTRAN nº 973/2022),MULTIPLA_ESCOLHA,C,,,
937085,False,historical_question_generate_applied_card,Volume III - Sinalização Vertical de Indicação (Anexo III da Res. CONTRAN nº 973/2022),MULTIPLA_ESCOLHA,,,,multa; sinalização
996086,False,historical_question_generate_applied_card,Volume III - Sinalização Vertical de Indicação (Anexo III da Res. CONTRAN nº 973/2022),MULTIPLA_ESCOLHA,B,,,
1031797,False,historical_question_generate_applied_card,Volume III - Sinalização Vertical de Indicação (Anexo III da Res. CONTRAN nº 973/2022),MULTIPLA_ESCOLHA,B,,,
1119608,False,historical_question_generate_applied_card,Volume III - Sinalização Vertical de Indicação (Anexo III da Res. CONTRAN nº 973/2022),MULTIPLA_ESCOLHA,,,,infração; sinalização
1122195,False,historical_question_generate_applied_card,Volume III - Sinalização Vertical de Indicação (Anexo III da Res. CONTRAN nº 973/2022),MULTIPLA_ESCOLHA,E,,,sinalização
1142083,False,historical_question_generate_applied_card,Volume III - Sinalização Vertical de Indicação (Anexo III da Res. CONTRAN nº 973/2022),MULTIPLA_ESCOLHA,C,,,
1151035,False,historical_question_generate_applied_card,Volume III - Sinalização Vertical de Indicação (Anexo III da Res. CONTRAN nº 973/2022),MULTIPLA_ESCOLHA,,,,
1259896,False,historical_question_generate_applied_card,Volume III - Sinalização Vertical de Indicação (Anexo III da Res. CONTRAN nº 973/2022),MULTIPLA_ESCOLHA,,,,
1273551,False,historical_question_generate_applied_card,Volume III - Sinalização Vertical de Indicação (Anexo III da Res. CONTRAN nº 973/2022),MULTIPLA_ESCOLHA,B,,,Resolução nº 486/2014
1284143,False,historical_question_generate_applied_card,Volume III - Sinalização Vertical de Indicação (Anexo III da Res. CONTRAN nº 973/2022),MULTIPLA_ESCOLHA,C,,,Resolução nº 486/2014; dimensões
1327710,False,historical_question_generate_applied_card,Volume III - Sinalização Vertical de Indicação (Anexo III da Res. CONTRAN nº 973/2022),MULTIPLA_ESCOLHA,C,,,
1394132,False,historical_question_generate_applied_card,Volume III - Sinalização Vertical de Indicação (Anexo III da Res. CONTRAN nº 973/2022),MULTIPLA_ESCOLHA,B,,,
1394485,False,historical_question_generate_applied_card,Volume III - Sinalização Vertical de Indicação (Anexo III da Res. CONTRAN nº 973/2022),MULTIPLA_ESCOLHA,A,,,
1431386,False,historical_question_generate_applied_card,Volume III - Sinalização Vertical de Indicação (Anexo III da Res. CONTRAN nº 973/2022),MULTIPLA_ESCOLHA,A,,,sinalização
1440741,False,historical_question_generate_applied_card,Volume III - Sinalização Vertical de Indicação (Anexo III da Res. CONTRAN nº 973/2022),MULTIPLA_ESCOLHA,A,,,
1499379,False,historical_question_generate_applied_card,Volume III - Sinalização Vertical de Indicação (Anexo III da Res. CONTRAN nº 973/2022),MULTIPLA_ESCOLHA,E,,,
1499380,False,historical_question_generate_applied_card,Volume III - Sinalização Vertical de Indicação (Anexo III da Res. CONTRAN nº 973/2022),MULTIPLA_ESCOLHA,D,,,Categoria d; sinalização
1499382,False,historical_question_generate_applied_card,Volume III - Sinalização Vertical de Indicação (Anexo III da Res. CONTRAN nº 973/2022),MULTIPLA_ESCOLHA,B,,,sinalização
1499383,False,historical_question_generate_applied_card,Volume III - Sinalização Vertical de Indicação (Anexo III da Res. CONTRAN nº 973/2022),MULTIPLA_ESCOLHA,E,,,sinalização
1517570,False,historical_question_generate_applied_card,Volume III - Sinalização Vertical de Indicação (Anexo III da Res. CONTRAN nº 973/2022),MULTIPLA_ESCOLHA,,,,
1520767,False,historical_question_generate_applied_card,Volume III - Sinalização Vertical de Indicação (Anexo III da Res. CONTRAN nº 973/2022),MULTIPLA_ESCOLHA,A,,,sinalização
1523485,False,historical_question_generate_applied_card,Volume III - Sinalização Vertical de Indicação (Anexo III da Res. CONTRAN nº 973/2022),MULTIPLA_ESCOLHA,B,,,
1569975,False,historical_question_generate_applied_card,Volume III - Sinalização Vertical de Indicação (Anexo III da Res. CONTRAN nº 973/2022),MULTIPLA_ESCOLHA,E,,,sinalização
1583379,False,historical_question_generate_applied_card,Volume III - Sinalização Vertical de Indicação (Anexo III da Res. CONTRAN nº 973/2022),MULTIPLA_ESCOLHA,,,,sinalização
1583782,False,historical_question_generate_applied_card,Volume III - Sinalização Vertical de Indicação (Anexo III da Res. CONTRAN nº 973/2022),CERTO_ERRADO,C,,,sinalização
1661711,False,historical_question_generate_applied_card,Volume III - Sinalização Vertical de Indicação (Anexo III da Res. CONTRAN nº 973/2022),MULTIPLA_ESCOLHA,D,,,sinalização
1665704,False,historical_question_generate_applied_card,Volume III - Sinalização Vertical de Indicação (Anexo III da Res. CONTRAN nº 973/2022),MULTIPLA_ESCOLHA,,,,
1665744,False,historical_question_generate_applied_card,Volume III - Sinalização Vertical de Indicação (Anexo III da Res. CONTRAN nº 973/2022),MULTIPLA_ESCOLHA,B,,,
1666835,False,historical_question_generate_applied_card,Volume III - Sinalização Vertical de Indicação (Anexo III da Res. CONTRAN nº 973/2022),MULTIPLA_ESCOLHA,,,,
1666837,False,historical_question_generate_applied_card,Volume III - Sinalização Vertical de Indicação (Anexo III da Res. CONTRAN nº 973/2022),MULTIPLA_ESCOLHA,,,,sinalização
1695480,False,historical_question_generate_applied_card,Volume III - Sinalização Vertical de Indicação (Anexo III da Res. CONTRAN nº 973/2022),MULTIPLA_ESCOLHA,D,,,
1699956,False,historical_question_generate_applied_card,Volume III - Sinalização Vertical de Indicação (Anexo III da Res. CONTRAN nº 973/2022),MULTIPLA_ESCOLHA,C,,,infração; sinalização
1728276,False,historical_question_generate_applied_card,Volume III - Sinalização Vertical de Indicação (Anexo III da Res. CONTRAN nº 973/2022),MULTIPLA_ESCOLHA,B,,,sinalização
1761968,False,historical_question_generate_applied_card,Volume III - Sinalização Vertical de Indicação (Anexo III da Res. CONTRAN nº 973/2022),MULTIPLA_ESCOLHA,B,,,
1874440,False,historical_question_generate_applied_card,Volume III - Sinalização Vertical de Indicação (Anexo III da Res. CONTRAN nº 973/2022),MULTIPLA_ESCOLHA,,,,peso
1913806,False,historical_question_generate_applied_card,Volume III - Sinalização Vertical de Indicação (Anexo III da Res. CONTRAN nº 973/2022),MULTIPLA_ESCOLHA,B,,,sinalização
1944858,False,historical_question_generate_applied_card,Volume III - Sinalização Vertical de Indicação (Anexo III da Res. CONTRAN nº 973/2022),MULTIPLA_ESCOLHA,C,,,
1961488,False,historical_question_generate_applied_card,Volume III - Sinalização Vertical de Indicação (Anexo III da Res. CONTRAN nº 973/2022),MULTIPLA_ESCOLHA,A,,,sinalização
1974469,False,historical_question_generate_applied_card,Volume III - Sinalização Vertical de Indicação (Anexo III da Res. CONTRAN nº 973/2022),MULTIPLA_ESCOLHA,D,,,
1974471,False,historical_question_generate_applied_card,Volume III - Sinalização Vertical de Indicação (Anexo III da Res. CONTRAN nº 973/2022),MULTIPLA_ESCOLHA,C,,,
2024910,False,historical_question_generate_applied_card,Volume III - Sinalização Vertical de Indicação (Anexo III da Res. CONTRAN nº 973/2022),MULTIPLA_ESCOLHA,B,,,sinalização
2025451,False,historical_question_generate_applied_card,Volume III - Sinalização Vertical de Indicação (Anexo III da Res. CONTRAN nº 973/2022),MULTIPLA_ESCOLHA,B,,,sinalização
2028483,False,historical_question_generate_applied_card,Volume III - Sinalização Vertical de Indicação (Anexo III da Res. CONTRAN nº 973/2022),MULTIPLA_ESCOLHA,A,,,Resolução CONTRAN nº 486/2014; sinalização
2036393,False,historical_question_generate_applied_card,Volume III - Sinalização Vertical de Indicação (Anexo III da Res. CONTRAN nº 973/2022),MULTIPLA_ESCOLHA,D,,,sinalização
2066618,False,historical_question_generate_applied_card,Volume III - Sinalização Vertical de Indicação (Anexo III da Res. CONTRAN nº 973/2022),MULTIPLA_ESCOLHA,C,,,
2136561,False,historical_question_generate_applied_card,Volume III - Sinalização Vertical de Indicação (Anexo III da Res. CONTRAN nº 973/2022),MULTIPLA_ESCOLHA,,,,
2137823,False,historical_question_generate_applied_card,Volume III - Sinalização Vertical de Indicação (Anexo III da Res. CONTRAN nº 973/2022),MULTIPLA_ESCOLHA,,,,
2147572,False,historical_question_generate_applied_card,Volume III - Sinalização Vertical de Indicação (Anexo III da Res. CONTRAN nº 973/2022),MULTIPLA_ESCOLHA,B,,,
2147825,False,historical_question_generate_applied_card,Volume III - Sinalização Vertical de Indicação (Anexo III da Res. CONTRAN nº 973/2022),MULTIPLA_ESCOLHA,B,,,sinalização
2154401,False,historical_question_generate_applied_card,Volume III - Sinalização Vertical de Indicação (Anexo III da Res. CONTRAN nº 973/2022),MULTIPLA_ESCOLHA,B,,,sinalização
2163089,False,historical_question_generate_applied_card,Volume III - Sinalização Vertical de Indicação (Anexo III da Res. CONTRAN nº 973/2022),MULTIPLA_ESCOLHA,,,,sinalização
2187510,False,historical_question_generate_applied_card,Volume III - Sinalização Vertical de Indicação (Anexo III da Res. CONTRAN nº 973/2022),MULTIPLA_ESCOLHA,C,,,sinalização
2195781,False,historical_question_generate_applied_card,Volume III - Sinalização Vertical de Indicação (Anexo III da Res. CONTRAN nº 973/2022),CERTO_ERRADO,E,,,sinalização
27880,False,historical_question_generate_applied_card,Volume IV - Sinalização Horizontal (Anexo IV da Res. CONTRAN nº 973/2022),MULTIPLA_ESCOLHA,E,,,retenção; sinalização
70219,False,historical_question_generate_applied_card,Volume IV - Sinalização Horizontal (Anexo IV da Res. CONTRAN nº 973/2022),CERTO_ERRADO,ERRADO,,,sinalização
117771,False,historical_question_generate_applied_card,Volume IV - Sinalização Horizontal (Anexo IV da Res. CONTRAN nº 973/2022),MULTIPLA_ESCOLHA,C,,,sinalização
119766,False,historical_question_generate_applied_card,Volume IV - Sinalização Horizontal (Anexo IV da Res. CONTRAN nº 973/2022),MULTIPLA_ESCOLHA,E,,,sinalização
167959,False,historical_question_generate_applied_card,Volume IV - Sinalização Horizontal (Anexo IV da Res. CONTRAN nº 973/2022),MULTIPLA_ESCOLHA,A,,,sinalização
168027,False,historical_question_generate_applied_card,Volume IV - Sinalização Horizontal (Anexo IV da Res. CONTRAN nº 973/2022),MULTIPLA_ESCOLHA,E,,,sinalização
246695,False,historical_question_generate_applied_card,Volume IV - Sinalização Horizontal (Anexo IV da Res. CONTRAN nº 973/2022),MULTIPLA_ESCOLHA,C,,,retenção; sinalização
379437,False,historical_question_generate_applied_card,Volume IV - Sinalização Horizontal (Anexo IV da Res. CONTRAN nº 973/2022),MULTIPLA_ESCOLHA,C,,,sinalização
448917,False,historical_question_generate_applied_card,Volume IV - Sinalização Horizontal (Anexo IV da Res. CONTRAN nº 973/2022),CERTO_ERRADO,E,,,sinalização
449284,False,historical_question_generate_applied_card,Volume IV - Sinalização Horizontal (Anexo IV da Res. CONTRAN nº 973/2022),MULTIPLA_ESCOLHA,A,,,sinalização
480683,False,historical_question_generate_applied_card,Volume IV - Sinalização Horizontal (Anexo IV da Res. CONTRAN nº 973/2022),MULTIPLA_ESCOLHA,C,,,infração; retenção; sinalização
543451,False,historical_question_generate_applied_card,Volume IV - Sinalização Horizontal (Anexo IV da Res. CONTRAN nº 973/2022),MULTIPLA_ESCOLHA,E,,,sinalização
596261,False,historical_question_generate_applied_card,Volume IV - Sinalização Horizontal (Anexo IV da Res. CONTRAN nº 973/2022),MULTIPLA_ESCOLHA,D,,,Resolução nº 236; sinalização
596277,False,historical_question_generate_applied_card,Volume IV - Sinalização Horizontal (Anexo IV da Res. CONTRAN nº 973/2022),MULTIPLA_ESCOLHA,,,,sinalização
673197,False,historical_question_generate_applied_card,Volume IV - Sinalização Horizontal (Anexo IV da Res. CONTRAN nº 973/2022),MULTIPLA_ESCOLHA,A,,,
805909,False,historical_question_generate_applied_card,Volume IV - Sinalização Horizontal (Anexo IV da Res. CONTRAN nº 973/2022),MULTIPLA_ESCOLHA,C,,,sinalização
823616,False,historical_question_generate_applied_card,Volume IV - Sinalização Horizontal (Anexo IV da Res. CONTRAN nº 973/2022),MULTIPLA_ESCOLHA,D,,,sinalização
827388,False,historical_question_generate_applied_card,Volume IV - Sinalização Horizontal (Anexo IV da Res. CONTRAN nº 973/2022),MULTIPLA_ESCOLHA,D,,,
858500,False,historical_question_generate_applied_card,Volume IV - Sinalização Horizontal (Anexo IV da Res. CONTRAN nº 973/2022),MULTIPLA_ESCOLHA,A,,,sinalização
886451,False,historical_question_generate_applied_card,Volume IV - Sinalização Horizontal (Anexo IV da Res. CONTRAN nº 973/2022),MULTIPLA_ESCOLHA,C,,,
948618,False,historical_question_generate_applied_card,Volume IV - Sinalização Horizontal (Anexo IV da Res. CONTRAN nº 973/2022),MULTIPLA_ESCOLHA,C,,,Resolução nº 236; sinalização
1018940,False,historical_question_generate_applied_card,Volume IV - Sinalização Horizontal (Anexo IV da Res. CONTRAN nº 973/2022),MULTIPLA_ESCOLHA,B,,,sinalização
1069411,False,historical_question_generate_applied_card,Volume IV - Sinalização Horizontal (Anexo IV da Res. CONTRAN nº 973/2022),MULTIPLA_ESCOLHA,A,,,sinalização
1136038,False,historical_question_generate_applied_card,Volume IV - Sinalização Horizontal (Anexo IV da Res. CONTRAN nº 973/2022),MULTIPLA_ESCOLHA,C,,,sinalização
1191738,False,historical_question_generate_applied_card,Volume IV - Sinalização Horizontal (Anexo IV da Res. CONTRAN nº 973/2022),MULTIPLA_ESCOLHA,C,,,sinalização
1213387,False,historical_question_generate_applied_card,Volume IV - Sinalização Horizontal (Anexo IV da Res. CONTRAN nº 973/2022),MULTIPLA_ESCOLHA,B,,,retenção
1213398,False,historical_question_generate_applied_card,Volume IV - Sinalização Horizontal (Anexo IV da Res. CONTRAN nº 973/2022),MULTIPLA_ESCOLHA,C,,,sinalização
1405025,False,historical_question_generate_applied_card,Volume IV - Sinalização Horizontal (Anexo IV da Res. CONTRAN nº 973/2022),MULTIPLA_ESCOLHA,B,,,sinalização
1440740,False,historical_question_generate_applied_card,Volume IV - Sinalização Horizontal (Anexo IV da Res. CONTRAN nº 973/2022),MULTIPLA_ESCOLHA,D,,,
1502066,False,historical_question_generate_applied_card,Volume IV - Sinalização Horizontal (Anexo IV da Res. CONTRAN nº 973/2022),MULTIPLA_ESCOLHA,B,,,retenção; sinalização
1511471,False,historical_question_generate_applied_card,Volume IV - Sinalização Horizontal (Anexo IV da Res. CONTRAN nº 973/2022),MULTIPLA_ESCOLHA,A,,,sinalização
1550165,False,historical_question_generate_applied_card,Volume IV - Sinalização Horizontal (Anexo IV da Res. CONTRAN nº 973/2022),MULTIPLA_ESCOLHA,C,,,sinalização
1572197,False,historical_question_generate_applied_card,Volume IV - Sinalização Horizontal (Anexo IV da Res. CONTRAN nº 973/2022),MULTIPLA_ESCOLHA,,,,infração; multa; sinalização
1572198,False,historical_question_generate_applied_card,Volume IV - Sinalização Horizontal (Anexo IV da Res. CONTRAN nº 973/2022),MULTIPLA_ESCOLHA,,,,sinalização
1583784,False,historical_question_generate_applied_card,Volume IV - Sinalização Horizontal (Anexo IV da Res. CONTRAN nº 973/2022),CERTO_ERRADO,E,,,infração; sinalização
1594543,False,historical_question_generate_applied_card,Volume IV - Sinalização Horizontal (Anexo IV da Res. CONTRAN nº 973/2022),MULTIPLA_ESCOLHA,B,,,sinalização
1797176,False,historical_question_generate_applied_card,Volume IV - Sinalização Horizontal (Anexo IV da Res. CONTRAN nº 973/2022),MULTIPLA_ESCOLHA,D,,,sinalização
1797524,False,historical_question_generate_applied_card,Volume IV - Sinalização Horizontal (Anexo IV da Res. CONTRAN nº 973/2022),MULTIPLA_ESCOLHA,D,,,sinalização
1875942,False,historical_question_generate_applied_card,Volume IV - Sinalização Horizontal (Anexo IV da Res. CONTRAN nº 973/2022),MULTIPLA_ESCOLHA,C,,,sinalização
2000538,False,historical_question_generate_applied_card,Volume IV - Sinalização Horizontal (Anexo IV da Res. CONTRAN nº 973/2022),MULTIPLA_ESCOLHA,A,,,sinalização
2023764,False,historical_question_generate_applied_card,Volume IV - Sinalização Horizontal (Anexo IV da Res. CONTRAN nº 973/2022),MULTIPLA_ESCOLHA,A,,,sinalização
2024983,False,historical_question_generate_applied_card,Volume IV - Sinalização Horizontal (Anexo IV da Res. CONTRAN nº 973/2022),MULTIPLA_ESCOLHA,D,,,
2063916,False,historical_question_generate_applied_card,Volume IV - Sinalização Horizontal (Anexo IV da Res. CONTRAN nº 973/2022),MULTIPLA_ESCOLHA,A,,,sinalização
2465736,False,historical_question_generate_applied_card,Volume IV - Sinalização Horizontal (Anexo IV da Res. CONTRAN nº 973/2022),MULTIPLA_ESCOLHA,A,,,sinalização
345734,False,historical_question_generate_applied_card,Volume V - Sinalização Semafórica (Anexo V da Res. CONTRAN nº 973/2022),MULTIPLA_ESCOLHA,A,,,sinalização
466479,False,historical_question_generate_applied_card,Volume V - Sinalização Semafórica (Anexo V da Res. CONTRAN nº 973/2022),MULTIPLA_ESCOLHA,A,,,sinalização
479991,False,historical_question_generate_applied_card,Volume V - Sinalização Semafórica (Anexo V da Res. CONTRAN nº 973/2022),MULTIPLA_ESCOLHA,B,,,sinalização
611795,False,historical_question_generate_applied_card,Volume V - Sinalização Semafórica (Anexo V da Res. CONTRAN nº 973/2022),CERTO_ERRADO,ERRADO,,,sinalização
683038,False,historical_question_generate_applied_card,Volume V - Sinalização Semafórica (Anexo V da Res. CONTRAN nº 973/2022),MULTIPLA_ESCOLHA,D,,,
858503,False,historical_question_generate_applied_card,Volume V - Sinalização Semafórica (Anexo V da Res. CONTRAN nº 973/2022),MULTIPLA_ESCOLHA,A,,,sinalização
1031795,False,historical_question_generate_applied_card,Volume V - Sinalização Semafórica (Anexo V da Res. CONTRAN nº 973/2022),MULTIPLA_ESCOLHA,D,,,sinalização
1031796,False,historical_question_generate_applied_card,Volume V - Sinalização Semafórica (Anexo V da Res. CONTRAN nº 973/2022),MULTIPLA_ESCOLHA,A,,,sinalização
1069410,False,historical_question_generate_applied_card,Volume V - Sinalização Semafórica (Anexo V da Res. CONTRAN nº 973/2022),MULTIPLA_ESCOLHA,C,,,sinalização
1113825,False,historical_question_generate_applied_card,Volume V - Sinalização Semafórica (Anexo V da Res. CONTRAN nº 973/2022),MULTIPLA_ESCOLHA,B,,,sinalização
1113827,False,historical_question_generate_applied_card,Volume V - Sinalização Semafórica (Anexo V da Res. CONTRAN nº 973/2022),MULTIPLA_ESCOLHA,A,,,retenção; remoção; sinalização
1190811,False,historical_question_generate_applied_card,Volume V - Sinalização Semafórica (Anexo V da Res. CONTRAN nº 973/2022),MULTIPLA_ESCOLHA,E,,,sinalização
1191744,False,historical_question_generate_applied_card,Volume V - Sinalização Semafórica (Anexo V da Res. CONTRAN nº 973/2022),MULTIPLA_ESCOLHA,D,,,sinalização
1272887,False,historical_question_generate_applied_card,Volume V - Sinalização Semafórica (Anexo V da Res. CONTRAN nº 973/2022),MULTIPLA_ESCOLHA,E,,,Resolução no 483/2014; sinalização
1332918,False,historical_question_generate_applied_card,Volume V - Sinalização Semafórica (Anexo V da Res. CONTRAN nº 973/2022),MULTIPLA_ESCOLHA,D,,,sinalização
1520768,False,historical_question_generate_applied_card,Volume V - Sinalização Semafórica (Anexo V da Res. CONTRAN nº 973/2022),MULTIPLA_ESCOLHA,D,,,
1616260,False,historical_question_generate_applied_card,Volume V - Sinalização Semafórica (Anexo V da Res. CONTRAN nº 973/2022),MULTIPLA_ESCOLHA,C,,,sinalização
1619474,False,historical_question_generate_applied_card,Volume V - Sinalização Semafórica (Anexo V da Res. CONTRAN nº 973/2022),MULTIPLA_ESCOLHA,E,,,retenção; sinalização
1619504,False,historical_question_generate_applied_card,Volume V - Sinalização Semafórica (Anexo V da Res. CONTRAN nº 973/2022),MULTIPLA_ESCOLHA,D,,,baixa; sinalização
1619516,False,historical_question_generate_applied_card,Volume V - Sinalização Semafórica (Anexo V da Res. CONTRAN nº 973/2022),MULTIPLA_ESCOLHA,A,,,sinalização
2063920,False,historical_question_generate_applied_card,Volume V - Sinalização Semafórica (Anexo V da Res. CONTRAN nº 973/2022),MULTIPLA_ESCOLHA,A,,,sinalização
2465546,False,historical_question_generate_applied_card,Volume V - Sinalização Semafórica (Anexo V da Res. CONTRAN nº 973/2022),MULTIPLA_ESCOLHA,C,,,sinalização
1199,False,historical_question_generate_applied_card,Volume VI - Dispositivos Auxiliares (Anexo VI da Res. CONTRAN nº 973/2022),MULTIPLA_ESCOLHA,A,,,
28089,False,historical_question_generate_applied_card,Volume VI - Dispositivos Auxiliares (Anexo VI da Res. CONTRAN nº 973/2022),CERTO_ERRADO,,,,
133825,False,historical_question_generate_applied_card,Volume VI - Dispositivos Auxiliares (Anexo VI da Res. CONTRAN nº 973/2022),MULTIPLA_ESCOLHA,A,,,sinalização
345736,False,historical_question_generate_applied_card,Volume VI - Dispositivos Auxiliares (Anexo VI da Res. CONTRAN nº 973/2022),MULTIPLA_ESCOLHA,A,,,
490533,False,historical_question_generate_applied_card,Volume VI - Dispositivos Auxiliares (Anexo VI da Res. CONTRAN nº 973/2022),MULTIPLA_ESCOLHA,C,,,retenção
563127,False,historical_question_generate_applied_card,Volume VI - Dispositivos Auxiliares (Anexo VI da Res. CONTRAN nº 973/2022),CERTO_ERRADO,C,,,
714604,False,historical_question_generate_applied_card,Volume VI - Dispositivos Auxiliares (Anexo VI da Res. CONTRAN nº 973/2022),MULTIPLA_ESCOLHA,E,,,sinalização
857286,False,historical_question_generate_applied_card,Volume VI - Dispositivos Auxiliares (Anexo VI da Res. CONTRAN nº 973/2022),MULTIPLA_ESCOLHA,C,,,sinalização
1083089,False,historical_question_generate_applied_card,Volume VI - Dispositivos Auxiliares (Anexo VI da Res. CONTRAN nº 973/2022),MULTIPLA_ESCOLHA,C,,,sinalização
1112407,False,historical_question_generate_applied_card,Volume VI - Dispositivos Auxiliares (Anexo VI da Res. CONTRAN nº 973/2022),MULTIPLA_ESCOLHA,C,,,
1112409,False,historical_question_generate_applied_card,Volume VI - Dispositivos Auxiliares (Anexo VI da Res. CONTRAN nº 973/2022),MULTIPLA_ESCOLHA,D,,,sinalização
1149460,False,historical_question_generate_applied_card,Volume VI - Dispositivos Auxiliares (Anexo VI da Res. CONTRAN nº 973/2022),MULTIPLA_ESCOLHA,C,,,sinalização
1149841,False,historical_question_generate_applied_card,Volume VI - Dispositivos Auxiliares (Anexo VI da Res. CONTRAN nº 973/2022),MULTIPLA_ESCOLHA,D,,,sinalização
1212285,False,historical_question_generate_applied_card,Volume VI - Dispositivos Auxiliares (Anexo VI da Res. CONTRAN nº 973/2022),MULTIPLA_ESCOLHA,E,,,retenção; sinalização
1217255,False,historical_question_generate_applied_card,Volume VI - Dispositivos Auxiliares (Anexo VI da Res. CONTRAN nº 973/2022),MULTIPLA_ESCOLHA,C,,,sinalização
1440747,False,historical_question_generate_applied_card,Volume VI - Dispositivos Auxiliares (Anexo VI da Res. CONTRAN nº 973/2022),MULTIPLA_ESCOLHA,D,,,sinalização
1516068,False,historical_question_generate_applied_card,Volume VI - Dispositivos Auxiliares (Anexo VI da Res. CONTRAN nº 973/2022),MULTIPLA_ESCOLHA,D,,,Resolução nº 690/2017; sinalização
1702074,False,historical_question_generate_applied_card,Volume VI - Dispositivos Auxiliares (Anexo VI da Res. CONTRAN nº 973/2022),MULTIPLA_ESCOLHA,B,,,sinalização
1735612,False,historical_question_generate_applied_card,Volume VI - Dispositivos Auxiliares (Anexo VI da Res. CONTRAN nº 973/2022),MULTIPLA_ESCOLHA,D,,,
2063923,False,historical_question_generate_applied_card,Volume VI - Dispositivos Auxiliares (Anexo VI da Res. CONTRAN nº 973/2022),MULTIPLA_ESCOLHA,D,,,sinalização
2072030,False,historical_question_generate_applied_card,Volume VI - Dispositivos Auxiliares (Anexo VI da Res. CONTRAN nº 973/2022),MULTIPLA_ESCOLHA,C,,,
931300,False,historical_question_generate_applied_card,Volume VII - Sinalização Temporária (Anexo VII da Res. CONTRAN nº 973/2022),MULTIPLA_ESCOLHA,B,,,sinalização
1871021,False,historical_question_generate_applied_card,Volume VII - Sinalização Temporária (Anexo VII da Res. CONTRAN nº 973/2022),MULTIPLA_ESCOLHA,B,,,sinalização
