question_id,assunto,card_key,link_type,precision,reason
1502065,Da Condução de Escolares e de Moto-Frete (arts. 136 a 139-B da Lei nº 9.503/1997),ctb_escolares,specific_high_precision,comment_or_subject_evidence_only,Vínculo por assunto + termos do enunciado/alternativas/comentário. Exibir como card principal somente se importador aceitar score e revisão. Termos fortes não apareceram no enunciado/alternativas; não exibir automaticamente no modo Estudar agora.
28106,Da Habilitação (arts. 140 a 160 da Lei nº 9.503/1997),ctb_documentos_cnh_porte,specific_high_precision,comment_or_subject_evidence_only,Vínculo por assunto + termos do enunciado/alternativas/comentário. Exibir como card principal somente se importador aceitar score e revisão. Termos fortes não apareceram no enunciado/alternativas; não exibir automaticamente no modo Estudar agora.
28107,Da Habilitação (arts. 140 a 160 da Lei nº 9.503/1997),ctb_documentos_cnh_porte,specific_high_precision,ambiguous_top_candidate,Vínculo por assunto + termos do enunciado/alternativas/comentário. Exibir como card principal somente se importador aceitar score e revisão.
28109,Da Habilitação (arts. 140 a 160 da Lei nº 9.503/1997),subject_overview::da-habilitacao-arts-140-a-160-da-lei-n-9-503-1997,subject_overview_fallback,downgraded_weak_evidence,Vínculo específico rebaixado: a evidência era genérica/fraca. Exibir apenas panorama do assunto até revisão humana.
28212,Da Habilitação (arts. 140 a 160 da Lei nº 9.503/1997),ctb_documentos_cnh_porte,specific_high_precision,ambiguous_top_candidate,Vínculo por assunto + termos do enunciado/alternativas/comentário. Exibir como card principal somente se importador aceitar score e revisão.
28215,Da Habilitação (arts. 140 a 160 da Lei nº 9.503/1997),ctb_documentos_cnh_porte,specific_high_precision,ambiguous_top_candidate,Vínculo por assunto + termos do enunciado/alternativas/comentário. Exibir como card principal somente se importador aceitar score e revisão.
303964,Da Habilitação (arts. 140 a 160 da Lei nº 9.503/1997),ctb_habilitacao_categorias,specific_high_precision,comment_or_subject_evidence_only,Vínculo por assunto + termos do enunciado/alternativas/comentário. Exibir como card principal somente se importador aceitar score e revisão. Termos fortes não apareceram no enunciado/alternativas; não exibir automaticamente no modo Estudar agora.
363330,Da Habilitação (arts. 140 a 160 da Lei nº 9.503/1997),ctb_habilitacao_categorias,specific_high_precision,ambiguous_top_candidate,Vínculo por assunto + termos do enunciado/alternativas/comentário. Exibir como card principal somente se importador aceitar score e revisão.
840840,Da Habilitação (arts. 140 a 160 da Lei nº 9.503/1997),ctb_habilitacao_permissao_pontos,specific_high_precision,comment_or_subject_evidence_only,Vínculo por assunto + termos do enunciado/alternativas/comentário. Exibir como card principal somente se importador aceitar score e revisão. Termos fortes não apareceram no enunciado/alternativas; não exibir automaticamente no modo Estudar agora.
1028949,Da Habilitação (arts. 140 a 160 da Lei nº 9.503/1997),subject_overview::da-habilitacao-arts-140-a-160-da-lei-n-9-503-1997,subject_overview_fallback,downgraded_weak_evidence,Vínculo específico rebaixado: a evidência era genérica/fraca. Exibir apenas panorama do assunto até revisão humana.
1326075,Da Habilitação (arts. 140 a 160 da Lei nº 9.503/1997),contran_789_1020_formacao_condutores,specific_high_precision,ambiguous_top_candidate,Vínculo por assunto + termos do enunciado/alternativas/comentário. Exibir como card principal somente se importador aceitar score e revisão.
1490474,Da Habilitação (arts. 140 a 160 da Lei nº 9.503/1997),ctb_habilitacao_categorias,specific_high_precision,ambiguous_top_candidate,Vínculo por assunto + termos do enunciado/alternativas/comentário. Exibir como card principal somente se importador aceitar score e revisão.
1490477,Da Habilitação (arts. 140 a 160 da Lei nº 9.503/1997),ctb_habilitacao_categorias,specific_high_precision,ambiguous_top_candidate,Vínculo por assunto + termos do enunciado/alternativas/comentário. Exibir como card principal somente se importador aceitar score e revisão.
1521266,Da Habilitação (arts. 140 a 160 da Lei nº 9.503/1997),ctb_habilitacao_categorias,specific_high_precision,comment_or_subject_evidence_only,Vínculo por assunto + termos do enunciado/alternativas/comentário. Exibir como card principal somente se importador aceitar score e revisão. Termos fortes não apareceram no enunciado/alternativas; não exibir automaticamente no modo Estudar agora.
1521269,Da Habilitação (arts. 140 a 160 da Lei nº 9.503/1997),ctb_habilitacao_curso_reciclagem,specific_high_precision,ambiguous_top_candidate,Vínculo por assunto + termos do enunciado/alternativas/comentário. Exibir como card principal somente se importador aceitar score e revisão.
1521272,Da Habilitação (arts. 140 a 160 da Lei nº 9.503/1997),ctb_habilitacao_categorias,specific_high_precision,comment_or_subject_evidence_only,Vínculo por assunto + termos do enunciado/alternativas/comentário. Exibir como card principal somente se importador aceitar score e revisão. Termos fortes não apareceram no enunciado/alternativas; não exibir automaticamente no modo Estudar agora.
1521275,Da Habilitação (arts. 140 a 160 da Lei nº 9.503/1997),ctb_documentos_cnh_porte,specific_high_precision,comment_or_subject_evidence_only,Vínculo por assunto + termos do enunciado/alternativas/comentário. Exibir como card principal somente se importador aceitar score e revisão. Termos fortes não apareceram no enunciado/alternativas; não exibir automaticamente no modo Estudar agora.
1573565,Da Habilitação (arts. 140 a 160 da Lei nº 9.503/1997),subject_overview::da-habilitacao-arts-140-a-160-da-lei-n-9-503-1997,subject_overview_fallback,fallback_by_assunto,"Sem evidência suficiente para microcard específico. Exibir apenas como panorama do assunto, nunca como regra que resolve a questão."
1611239,Da Habilitação (arts. 140 a 160 da Lei nº 9.503/1997),ctb_documentos_cnh_porte,specific_high_precision,comment_or_subject_evidence_only,Vínculo por assunto + termos do enunciado/alternativas/comentário. Exibir como card principal somente se importador aceitar score e revisão. Termos fortes não apareceram no enunciado/alternativas; não exibir automaticamente no modo Estudar agora.
840156,Da Sinalização de Trânsito (arts. 80 a 90 da Lei nº 9.503/1997),subject_overview::da-sinalizacao-de-transito-arts-80-a-90-da-lei-n-9-503-1997,subject_overview_fallback,downgraded_weak_evidence,Vínculo específico rebaixado: a evidência era genérica/fraca. Exibir apenas panorama do assunto até revisão humana.
936377,Da Sinalização de Trânsito (arts. 80 a 90 da Lei nº 9.503/1997),subject_overview::da-sinalizacao-de-transito-arts-80-a-90-da-lei-n-9-503-1997,subject_overview_fallback,downgraded_weak_evidence,Vínculo específico rebaixado: a evidência era genérica/fraca. Exibir apenas panorama do assunto até revisão humana.
1028276,Da Sinalização de Trânsito (arts. 80 a 90 da Lei nº 9.503/1997),subject_overview::da-sinalizacao-de-transito-arts-80-a-90-da-lei-n-9-503-1997,subject_overview_fallback,downgraded_weak_evidence,Vínculo específico rebaixado: a evidência era genérica/fraca. Exibir apenas panorama do assunto até revisão humana.
1572193,Da Sinalização de Trânsito (arts. 80 a 90 da Lei nº 9.503/1997),ctb_sinalizacao_ordem_prevalencia,specific_high_precision,ambiguous_top_candidate,Vínculo por assunto + termos do enunciado/alternativas/comentário. Exibir como card principal somente se importador aceitar score e revisão.
1573559,Da Sinalização de Trânsito (arts. 80 a 90 da Lei nº 9.503/1997),subject_overview::da-sinalizacao-de-transito-arts-80-a-90-da-lei-n-9-503-1997,subject_overview_fallback,downgraded_weak_evidence,Vínculo específico rebaixado: a evidência era genérica/fraca. Exibir apenas panorama do assunto até revisão humana.
1573561,Da Sinalização de Trânsito (arts. 80 a 90 da Lei nº 9.503/1997),subject_overview::da-sinalizacao-de-transito-arts-80-a-90-da-lei-n-9-503-1997,subject_overview_fallback,downgraded_weak_evidence,Vínculo específico rebaixado: a evidência era genérica/fraca. Exibir apenas panorama do assunto até revisão humana.
1743707,Da Sinalização de Trânsito (arts. 80 a 90 da Lei nº 9.503/1997),contran_973_sinais_sonoros_gestos,specific_high_precision,comment_or_subject_evidence_only,Vínculo por assunto + termos do enunciado/alternativas/comentário. Exibir como card principal somente se importador aceitar score e revisão. Termos fortes não apareceram no enunciado/alternativas; não exibir automaticamente no modo Estudar agora.
2450588,Da Sinalização de Trânsito (arts. 80 a 90 da Lei nº 9.503/1997),subject_overview::da-sinalizacao-de-transito-arts-80-a-90-da-lei-n-9-503-1997,subject_overview_fallback,downgraded_weak_evidence,Vínculo específico rebaixado: a evidência era genérica/fraca. Exibir apenas panorama do assunto até revisão humana.
27898,Das Infrações (arts. 161 a 255 da Lei nº 9.503/1997),subject_overview::das-infracoes-arts-161-a-255-da-lei-n-9-503-1997,subject_overview_fallback,downgraded_weak_evidence,Vínculo específico rebaixado: a evidência era genérica/fraca. Exibir apenas panorama do assunto até revisão humana.
27969,Das Infrações (arts. 161 a 255 da Lei nº 9.503/1997),subject_overview::das-infracoes-arts-161-a-255-da-lei-n-9-503-1997,subject_overview_fallback,downgraded_weak_evidence,Vínculo específico rebaixado: a evidência era genérica/fraca. Exibir apenas panorama do assunto até revisão humana.
27984,Das Infrações (arts. 161 a 255 da Lei nº 9.503/1997),subject_overview::das-infracoes-arts-161-a-255-da-lei-n-9-503-1997,subject_overview_fallback,downgraded_weak_evidence,Vínculo específico rebaixado: a evidência era genérica/fraca. Exibir apenas panorama do assunto até revisão humana.
28037,Das Infrações (arts. 161 a 255 da Lei nº 9.503/1997),ctb_medidas_retencao_remocao_recolhimento,specific_high_precision,ambiguous_top_candidate,Vínculo por assunto + termos do enunciado/alternativas/comentário. Exibir como card principal somente se importador aceitar score e revisão.
28052,Das Infrações (arts. 161 a 255 da Lei nº 9.503/1997),ctb_pontuacao_infracoes,specific_high_precision,ambiguous_top_candidate,Vínculo por assunto + termos do enunciado/alternativas/comentário. Exibir como card principal somente se importador aceitar score e revisão.
28060,Das Infrações (arts. 161 a 255 da Lei nº 9.503/1997),subject_overview::das-infracoes-arts-161-a-255-da-lei-n-9-503-1997,subject_overview_fallback,downgraded_weak_evidence,Vínculo específico rebaixado: a evidência era genérica/fraca. Exibir apenas panorama do assunto até revisão humana.
28061,Das Infrações (arts. 161 a 255 da Lei nº 9.503/1997),subject_overview::das-infracoes-arts-161-a-255-da-lei-n-9-503-1997,subject_overview_fallback,downgraded_weak_evidence,Vínculo específico rebaixado: a evidência era genérica/fraca. Exibir apenas panorama do assunto até revisão humana.
28062,Das Infrações (arts. 161 a 255 da Lei nº 9.503/1997),subject_overview::das-infracoes-arts-161-a-255-da-lei-n-9-503-1997,subject_overview_fallback,downgraded_weak_evidence,Vínculo específico rebaixado: a evidência era genérica/fraca. Exibir apenas panorama do assunto até revisão humana.
28067,Das Infrações (arts. 161 a 255 da Lei nº 9.503/1997),ctb_infracoes_estacionamento_parada,specific_high_precision,ambiguous_top_candidate,Vínculo por assunto + termos do enunciado/alternativas/comentário. Exibir como card principal somente se importador aceitar score e revisão.
28100,Das Infrações (arts. 161 a 255 da Lei nº 9.503/1997),subject_overview::das-infracoes-arts-161-a-255-da-lei-n-9-503-1997,subject_overview_fallback,downgraded_weak_evidence,Vínculo específico rebaixado: a evidência era genérica/fraca. Exibir apenas panorama do assunto até revisão humana.
28105,Das Infrações (arts. 161 a 255 da Lei nº 9.503/1997),subject_overview::das-infracoes-arts-161-a-255-da-lei-n-9-503-1997,subject_overview_fallback,downgraded_weak_evidence,Vínculo específico rebaixado: a evidência era genérica/fraca. Exibir apenas panorama do assunto até revisão humana.
28166,Das Infrações (arts. 161 a 255 da Lei nº 9.503/1997),subject_overview::das-infracoes-arts-161-a-255-da-lei-n-9-503-1997,subject_overview_fallback,downgraded_weak_evidence,Vínculo específico rebaixado: a evidência era genérica/fraca. Exibir apenas panorama do assunto até revisão humana.
304046,Das Infrações (arts. 161 a 255 da Lei nº 9.503/1997),subject_overview::das-infracoes-arts-161-a-255-da-lei-n-9-503-1997,subject_overview_fallback,downgraded_weak_evidence,Vínculo específico rebaixado: a evidência era genérica/fraca. Exibir apenas panorama do assunto até revisão humana.
590555,Das Infrações (arts. 161 a 255 da Lei nº 9.503/1997),ctb_infracoes_cinto_celular,specific_high_precision,ambiguous_top_candidate,Vínculo por assunto + termos do enunciado/alternativas/comentário. Exibir como card principal somente se importador aceitar score e revisão.
778160,Das Infrações (arts. 161 a 255 da Lei nº 9.503/1997),subject_overview::das-infracoes-arts-161-a-255-da-lei-n-9-503-1997,subject_overview_fallback,downgraded_weak_evidence,Vínculo específico rebaixado: a evidência era genérica/fraca. Exibir apenas panorama do assunto até revisão humana.
778164,Das Infrações (arts. 161 a 255 da Lei nº 9.503/1997),ctb_infracoes_estacionamento_parada,specific_high_precision,ambiguous_top_candidate,Vínculo por assunto + termos do enunciado/alternativas/comentário. Exibir como card principal somente se importador aceitar score e revisão.
778165,Das Infrações (arts. 161 a 255 da Lei nº 9.503/1997),subject_overview::das-infracoes-arts-161-a-255-da-lei-n-9-503-1997,subject_overview_fallback,downgraded_weak_evidence,Vínculo específico rebaixado: a evidência era genérica/fraca. Exibir apenas panorama do assunto até revisão humana.
778167,Das Infrações (arts. 161 a 255 da Lei nº 9.503/1997),ctb_licenciamento_crlv_digital,specific_high_precision,ambiguous_top_candidate,Vínculo por assunto + termos do enunciado/alternativas/comentário. Exibir como card principal somente se importador aceitar score e revisão.
931278,Das Infrações (arts. 161 a 255 da Lei nº 9.503/1997),subject_overview::das-infracoes-arts-161-a-255-da-lei-n-9-503-1997,subject_overview_fallback,downgraded_weak_evidence,Vínculo específico rebaixado: a evidência era genérica/fraca. Exibir apenas panorama do assunto até revisão humana.
933737,Das Infrações (arts. 161 a 255 da Lei nº 9.503/1997),ctb_infracoes_velocidade,specific_high_precision,ambiguous_top_candidate,Vínculo por assunto + termos do enunciado/alternativas/comentário. Exibir como card principal somente se importador aceitar score e revisão.
1144059,Das Infrações (arts. 161 a 255 da Lei nº 9.503/1997),subject_overview::das-infracoes-arts-161-a-255-da-lei-n-9-503-1997,subject_overview_fallback,downgraded_weak_evidence,Vínculo específico rebaixado: a evidência era genérica/fraca. Exibir apenas panorama do assunto até revisão humana.
1144068,Das Infrações (arts. 161 a 255 da Lei nº 9.503/1997),ctb_pontuacao_infracoes,specific_high_precision,ambiguous_top_candidate,Vínculo por assunto + termos do enunciado/alternativas/comentário. Exibir como card principal somente se importador aceitar score e revisão.
1402630,Das Infrações (arts. 161 a 255 da Lei nº 9.503/1997),ctb_infracoes_documentos_licenciamento,specific_high_precision,ambiguous_top_candidate,Vínculo por assunto + termos do enunciado/alternativas/comentário. Exibir como card principal somente se importador aceitar score e revisão.
1402637,Das Infrações (arts. 161 a 255 da Lei nº 9.503/1997),ctb_infracoes_documentos_licenciamento,specific_high_precision,ambiguous_top_candidate,Vínculo por assunto + termos do enunciado/alternativas/comentário. Exibir como card principal somente se importador aceitar score e revisão.
1403542,Das Infrações (arts. 161 a 255 da Lei nº 9.503/1997),ctb_medidas_retencao_remocao_recolhimento,specific_high_precision,ambiguous_top_candidate,Vínculo por assunto + termos do enunciado/alternativas/comentário. Exibir como card principal somente se importador aceitar score e revisão.
1490471,Das Infrações (arts. 161 a 255 da Lei nº 9.503/1997),ctb_alcool_recusa,specific_high_precision,comment_or_subject_evidence_only,Vínculo por assunto + termos do enunciado/alternativas/comentário. Exibir como card principal somente se importador aceitar score e revisão. Termos fortes não apareceram no enunciado/alternativas; não exibir automaticamente no modo Estudar agora.
1492683,Das Infrações (arts. 161 a 255 da Lei nº 9.503/1997),ctb_infracoes_documentos_licenciamento,specific_high_precision,ambiguous_top_candidate,Vínculo por assunto + termos do enunciado/alternativas/comentário. Exibir como card principal somente se importador aceitar score e revisão.
1492688,Das Infrações (arts. 161 a 255 da Lei nº 9.503/1997),subject_overview::das-infracoes-arts-161-a-255-da-lei-n-9-503-1997,subject_overview_fallback,downgraded_weak_evidence,Vínculo específico rebaixado: a evidência era genérica/fraca. Exibir apenas panorama do assunto até revisão humana.
1492697,Das Infrações (arts. 161 a 255 da Lei nº 9.503/1997),ctb_alcool_recusa,specific_high_precision,ambiguous_top_candidate,Vínculo por assunto + termos do enunciado/alternativas/comentário. Exibir como card principal somente se importador aceitar score e revisão.
1492790,Das Infrações (arts. 161 a 255 da Lei nº 9.503/1997),subject_overview::das-infracoes-arts-161-a-255-da-lei-n-9-503-1997,subject_overview_fallback,downgraded_weak_evidence,Vínculo específico rebaixado: a evidência era genérica/fraca. Exibir apenas panorama do assunto até revisão humana.
1492804,Das Infrações (arts. 161 a 255 da Lei nº 9.503/1997),subject_overview::das-infracoes-arts-161-a-255-da-lei-n-9-503-1997,subject_overview_fallback,downgraded_weak_evidence,Vínculo específico rebaixado: a evidência era genérica/fraca. Exibir apenas panorama do assunto até revisão humana.
1492815,Das Infrações (arts. 161 a 255 da Lei nº 9.503/1997),ctb_pontuacao_infracoes,specific_high_precision,ambiguous_top_candidate,Vínculo por assunto + termos do enunciado/alternativas/comentário. Exibir como card principal somente se importador aceitar score e revisão.
1492836,Das Infrações (arts. 161 a 255 da Lei nº 9.503/1997),subject_overview::das-infracoes-arts-161-a-255-da-lei-n-9-503-1997,subject_overview_fallback,downgraded_weak_evidence,Vínculo específico rebaixado: a evidência era genérica/fraca. Exibir apenas panorama do assunto até revisão humana.
1492839,Das Infrações (arts. 161 a 255 da Lei nº 9.503/1997),subject_overview::das-infracoes-arts-161-a-255-da-lei-n-9-503-1997,subject_overview_fallback,downgraded_weak_evidence,Vínculo específico rebaixado: a evidência era genérica/fraca. Exibir apenas panorama do assunto até revisão humana.
1492845,Das Infrações (arts. 161 a 255 da Lei nº 9.503/1997),subject_overview::das-infracoes-arts-161-a-255-da-lei-n-9-503-1997,subject_overview_fallback,downgraded_weak_evidence,Vínculo específico rebaixado: a evidência era genérica/fraca. Exibir apenas panorama do assunto até revisão humana.
1492849,Das Infrações (arts. 161 a 255 da Lei nº 9.503/1997),subject_overview::das-infracoes-arts-161-a-255-da-lei-n-9-503-1997,subject_overview_fallback,downgraded_weak_evidence,Vínculo específico rebaixado: a evidência era genérica/fraca. Exibir apenas panorama do assunto até revisão humana.
1521281,Das Infrações (arts. 161 a 255 da Lei nº 9.503/1997),subject_overview::das-infracoes-arts-161-a-255-da-lei-n-9-503-1997,subject_overview_fallback,downgraded_weak_evidence,Vínculo específico rebaixado: a evidência era genérica/fraca. Exibir apenas panorama do assunto até revisão humana.
1521282,Das Infrações (arts. 161 a 255 da Lei nº 9.503/1997),subject_overview::das-infracoes-arts-161-a-255-da-lei-n-9-503-1997,subject_overview_fallback,downgraded_weak_evidence,Vínculo específico rebaixado: a evidência era genérica/fraca. Exibir apenas panorama do assunto até revisão humana.
1521283,Das Infrações (arts. 161 a 255 da Lei nº 9.503/1997),subject_overview::das-infracoes-arts-161-a-255-da-lei-n-9-503-1997,subject_overview_fallback,downgraded_weak_evidence,Vínculo específico rebaixado: a evidência era genérica/fraca. Exibir apenas panorama do assunto até revisão humana.
1521285,Das Infrações (arts. 161 a 255 da Lei nº 9.503/1997),subject_overview::das-infracoes-arts-161-a-255-da-lei-n-9-503-1997,subject_overview_fallback,downgraded_weak_evidence,Vínculo específico rebaixado: a evidência era genérica/fraca. Exibir apenas panorama do assunto até revisão humana.
1521290,Das Infrações (arts. 161 a 255 da Lei nº 9.503/1997),subject_overview::das-infracoes-arts-161-a-255-da-lei-n-9-503-1997,subject_overview_fallback,downgraded_weak_evidence,Vínculo específico rebaixado: a evidência era genérica/fraca. Exibir apenas panorama do assunto até revisão humana.
1521291,Das Infrações (arts. 161 a 255 da Lei nº 9.503/1997),subject_overview::das-infracoes-arts-161-a-255-da-lei-n-9-503-1997,subject_overview_fallback,downgraded_weak_evidence,Vínculo específico rebaixado: a evidência era genérica/fraca. Exibir apenas panorama do assunto até revisão humana.
1521294,Das Infrações (arts. 161 a 255 da Lei nº 9.503/1997),subject_overview::das-infracoes-arts-161-a-255-da-lei-n-9-503-1997,subject_overview_fallback,downgraded_weak_evidence,Vínculo específico rebaixado: a evidência era genérica/fraca. Exibir apenas panorama do assunto até revisão humana.
1521295,Das Infrações (arts. 161 a 255 da Lei nº 9.503/1997),subject_overview::das-infracoes-arts-161-a-255-da-lei-n-9-503-1997,subject_overview_fallback,downgraded_weak_evidence,Vínculo específico rebaixado: a evidência era genérica/fraca. Exibir apenas panorama do assunto até revisão humana.
1525663,Das Infrações (arts. 161 a 255 da Lei nº 9.503/1997),subject_overview::das-infracoes-arts-161-a-255-da-lei-n-9-503-1997,subject_overview_fallback,downgraded_weak_evidence,Vínculo específico rebaixado: a evidência era genérica/fraca. Exibir apenas panorama do assunto até revisão humana.
1525665,Das Infrações (arts. 161 a 255 da Lei nº 9.503/1997),subject_overview::das-infracoes-arts-161-a-255-da-lei-n-9-503-1997,subject_overview_fallback,downgraded_weak_evidence,Vínculo específico rebaixado: a evidência era genérica/fraca. Exibir apenas panorama do assunto até revisão humana.
1525667,Das Infrações (arts. 161 a 255 da Lei nº 9.503/1997),subject_overview::das-infracoes-arts-161-a-255-da-lei-n-9-503-1997,subject_overview_fallback,downgraded_weak_evidence,Vínculo específico rebaixado: a evidência era genérica/fraca. Exibir apenas panorama do assunto até revisão humana.
1525670,Das Infrações (arts. 161 a 255 da Lei nº 9.503/1997),subject_overview::das-infracoes-arts-161-a-255-da-lei-n-9-503-1997,subject_overview_fallback,downgraded_weak_evidence,Vínculo específico rebaixado: a evidência era genérica/fraca. Exibir apenas panorama do assunto até revisão humana.
1525673,Das Infrações (arts. 161 a 255 da Lei nº 9.503/1997),subject_overview::das-infracoes-arts-161-a-255-da-lei-n-9-503-1997,subject_overview_fallback,downgraded_weak_evidence,Vínculo específico rebaixado: a evidência era genérica/fraca. Exibir apenas panorama do assunto até revisão humana.
1525690,Das Infrações (arts. 161 a 255 da Lei nº 9.503/1997),subject_overview::das-infracoes-arts-161-a-255-da-lei-n-9-503-1997,subject_overview_fallback,downgraded_weak_evidence,Vínculo específico rebaixado: a evidência era genérica/fraca. Exibir apenas panorama do assunto até revisão humana.
1574050,Das Infrações (arts. 161 a 255 da Lei nº 9.503/1997),ctb_infracoes_cinto_celular,specific_high_precision,ambiguous_top_candidate,Vínculo por assunto + termos do enunciado/alternativas/comentário. Exibir como card principal somente se importador aceitar score e revisão.
1574051,Das Infrações (arts. 161 a 255 da Lei nº 9.503/1997),subject_overview::das-infracoes-arts-161-a-255-da-lei-n-9-503-1997,subject_overview_fallback,downgraded_weak_evidence,Vínculo específico rebaixado: a evidência era genérica/fraca. Exibir apenas panorama do assunto até revisão humana.
1576568,Das Infrações (arts. 161 a 255 da Lei nº 9.503/1997),subject_overview::das-infracoes-arts-161-a-255-da-lei-n-9-503-1997,subject_overview_fallback,downgraded_weak_evidence,Vínculo específico rebaixado: a evidência era genérica/fraca. Exibir apenas panorama do assunto até revisão humana.
1577058,Das Infrações (arts. 161 a 255 da Lei nº 9.503/1997),subject_overview::das-infracoes-arts-161-a-255-da-lei-n-9-503-1997,subject_overview_fallback,downgraded_weak_evidence,Vínculo específico rebaixado: a evidência era genérica/fraca. Exibir apenas panorama do assunto até revisão humana.
1602595,Das Infrações (arts. 161 a 255 da Lei nº 9.503/1997),subject_overview::das-infracoes-arts-161-a-255-da-lei-n-9-503-1997,subject_overview_fallback,downgraded_weak_evidence,Vínculo específico rebaixado: a evidência era genérica/fraca. Exibir apenas panorama do assunto até revisão humana.
1611236,Das Infrações (arts. 161 a 255 da Lei nº 9.503/1997),ctb_pontuacao_infracoes,specific_high_precision,ambiguous_top_candidate,Vínculo por assunto + termos do enunciado/alternativas/comentário. Exibir como card principal somente se importador aceitar score e revisão.
1611246,Das Infrações (arts. 161 a 255 da Lei nº 9.503/1997),ctb_infracoes_velocidade,specific_high_precision,comment_or_subject_evidence_only,Vínculo por assunto + termos do enunciado/alternativas/comentário. Exibir como card principal somente se importador aceitar score e revisão. Termos fortes não apareceram no enunciado/alternativas; não exibir automaticamente no modo Estudar agora.
1865795,Das Infrações (arts. 161 a 255 da Lei nº 9.503/1997),ctb_pontuacao_infracoes,specific_high_precision,ambiguous_top_candidate,Vínculo por assunto + termos do enunciado/alternativas/comentário. Exibir como card principal somente se importador aceitar score e revisão.
2018313,Das Infrações (arts. 161 a 255 da Lei nº 9.503/1997),subject_overview::das-infracoes-arts-161-a-255-da-lei-n-9-503-1997,subject_overview_fallback,downgraded_weak_evidence,Vínculo específico rebaixado: a evidência era genérica/fraca. Exibir apenas panorama do assunto até revisão humana.
2465573,Das Infrações (arts. 161 a 255 da Lei nº 9.503/1997),subject_overview::das-infracoes-arts-161-a-255-da-lei-n-9-503-1997,subject_overview_fallback,downgraded_weak_evidence,Vínculo específico rebaixado: a evidência era genérica/fraca. Exibir apenas panorama do assunto até revisão humana.
434577,Das Medidas Administrativas (arts. 269 a 279 da Lei nº 9.503/1997),subject_overview::das-medidas-administrativas-arts-269-a-279-da-lei-n-9-503-1997,subject_overview_fallback,downgraded_weak_evidence,Vínculo específico rebaixado: a evidência era genérica/fraca. Exibir apenas panorama do assunto até revisão humana.
778172,Das Medidas Administrativas (arts. 269 a 279 da Lei nº 9.503/1997),subject_overview::das-medidas-administrativas-arts-269-a-279-da-lei-n-9-503-1997,subject_overview_fallback,downgraded_weak_evidence,Vínculo específico rebaixado: a evidência era genérica/fraca. Exibir apenas panorama do assunto até revisão humana.
820236,Das Medidas Administrativas (arts. 269 a 279 da Lei nº 9.503/1997),ctb_penalidades_medidas,specific_high_precision,ambiguous_top_candidate,Vínculo por assunto + termos do enunciado/alternativas/comentário. Exibir como card principal somente se importador aceitar score e revisão.
1402658,Das Medidas Administrativas (arts. 269 a 279 da Lei nº 9.503/1997),ctb_medidas_retencao_remocao_recolhimento,specific_high_precision,ambiguous_top_candidate,Vínculo por assunto + termos do enunciado/alternativas/comentário. Exibir como card principal somente se importador aceitar score e revisão.
1403077,Das Medidas Administrativas (arts. 269 a 279 da Lei nº 9.503/1997),subject_overview::das-medidas-administrativas-arts-269-a-279-da-lei-n-9-503-1997,subject_overview_fallback,downgraded_weak_evidence,Vínculo específico rebaixado: a evidência era genérica/fraca. Exibir apenas panorama do assunto até revisão humana.
1403531,Das Medidas Administrativas (arts. 269 a 279 da Lei nº 9.503/1997),subject_overview::das-medidas-administrativas-arts-269-a-279-da-lei-n-9-503-1997,subject_overview_fallback,fallback_by_assunto,"Sem evidência suficiente para microcard específico. Exibir apenas como panorama do assunto, nunca como regra que resolve a questão."
1403540,Das Medidas Administrativas (arts. 269 a 279 da Lei nº 9.503/1997),ctb_penalidades_medidas,specific_high_precision,ambiguous_top_candidate,Vínculo por assunto + termos do enunciado/alternativas/comentário. Exibir como card principal somente se importador aceitar score e revisão.
1576559,Das Medidas Administrativas (arts. 269 a 279 da Lei nº 9.503/1997),subject_overview::das-medidas-administrativas-arts-269-a-279-da-lei-n-9-503-1997,subject_overview_fallback,downgraded_weak_evidence,Vínculo específico rebaixado: a evidência era genérica/fraca. Exibir apenas panorama do assunto até revisão humana.
1576561,Das Medidas Administrativas (arts. 269 a 279 da Lei nº 9.503/1997),ctb_medidas_retencao_remocao_recolhimento,specific_high_precision,ambiguous_top_candidate,Vínculo por assunto + termos do enunciado/alternativas/comentário. Exibir como card principal somente se importador aceitar score e revisão.
1576562,Das Medidas Administrativas (arts. 269 a 279 da Lei nº 9.503/1997),subject_overview::das-medidas-administrativas-arts-269-a-279-da-lei-n-9-503-1997,subject_overview_fallback,downgraded_weak_evidence,Vínculo específico rebaixado: a evidência era genérica/fraca. Exibir apenas panorama do assunto até revisão humana.
1576567,Das Medidas Administrativas (arts. 269 a 279 da Lei nº 9.503/1997),ctb_penalidades_medidas,specific_high_precision,ambiguous_top_candidate,Vínculo por assunto + termos do enunciado/alternativas/comentário. Exibir como card principal somente se importador aceitar score e revisão.
1577047,Das Medidas Administrativas (arts. 269 a 279 da Lei nº 9.503/1997),subject_overview::das-medidas-administrativas-arts-269-a-279-da-lei-n-9-503-1997,subject_overview_fallback,downgraded_weak_evidence,Vínculo específico rebaixado: a evidência era genérica/fraca. Exibir apenas panorama do assunto até revisão humana.
1577060,Das Medidas Administrativas (arts. 269 a 279 da Lei nº 9.503/1997),subject_overview::das-medidas-administrativas-arts-269-a-279-da-lei-n-9-503-1997,subject_overview_fallback,downgraded_weak_evidence,Vínculo específico rebaixado: a evidência era genérica/fraca. Exibir apenas panorama do assunto até revisão humana.
1577070,Das Medidas Administrativas (arts. 269 a 279 da Lei nº 9.503/1997),subject_overview::das-medidas-administrativas-arts-269-a-279-da-lei-n-9-503-1997,subject_overview_fallback,downgraded_weak_evidence,Vínculo específico rebaixado: a evidência era genérica/fraca. Exibir apenas panorama do assunto até revisão humana.
1577618,Das Medidas Administrativas (arts. 269 a 279 da Lei nº 9.503/1997),subject_overview::das-medidas-administrativas-arts-269-a-279-da-lei-n-9-503-1997,subject_overview_fallback,downgraded_weak_evidence,Vínculo específico rebaixado: a evidência era genérica/fraca. Exibir apenas panorama do assunto até revisão humana.
1577621,Das Medidas Administrativas (arts. 269 a 279 da Lei nº 9.503/1997),ctb_medidas_retencao_remocao_recolhimento,specific_high_precision,ambiguous_top_candidate,Vínculo por assunto + termos do enunciado/alternativas/comentário. Exibir como card principal somente se importador aceitar score e revisão.
1577622,Das Medidas Administrativas (arts. 269 a 279 da Lei nº 9.503/1997),subject_overview::das-medidas-administrativas-arts-269-a-279-da-lei-n-9-503-1997,subject_overview_fallback,downgraded_weak_evidence,Vínculo específico rebaixado: a evidência era genérica/fraca. Exibir apenas panorama do assunto até revisão humana.
1577628,Das Medidas Administrativas (arts. 269 a 279 da Lei nº 9.503/1997),ctb_penalidades_medidas,specific_high_precision,ambiguous_top_candidate,Vínculo por assunto + termos do enunciado/alternativas/comentário. Exibir como card principal somente se importador aceitar score e revisão.
1875939,Das Medidas Administrativas (arts. 269 a 279 da Lei nº 9.503/1997),subject_overview::das-medidas-administrativas-arts-269-a-279-da-lei-n-9-503-1997,subject_overview_fallback,fallback_by_assunto,"Sem evidência suficiente para microcard específico. Exibir apenas como panorama do assunto, nunca como regra que resolve a questão."
1969419,Das Medidas Administrativas (arts. 269 a 279 da Lei nº 9.503/1997),ctb_penalidades_medidas,specific_high_precision,ambiguous_top_candidate,Vínculo por assunto + termos do enunciado/alternativas/comentário. Exibir como card principal somente se importador aceitar score e revisão.
27960,Das Normas Gerais de Circulação e Conduta (arts. 26 a 67 da Lei nº 9.503/1997),subject_overview::das-normas-gerais-de-circulacao-e-conduta-arts-26-a-67-da-lei-n-9-503-1997,subject_overview_fallback,fallback_by_assunto,"Sem evidência suficiente para microcard específico. Exibir apenas como panorama do assunto, nunca como regra que resolve a questão."
27961,Das Normas Gerais de Circulação e Conduta (arts. 26 a 67 da Lei nº 9.503/1997),subject_overview::das-normas-gerais-de-circulacao-e-conduta-arts-26-a-67-da-lei-n-9-503-1997,subject_overview_fallback,fallback_by_assunto,"Sem evidência suficiente para microcard específico. Exibir apenas como panorama do assunto, nunca como regra que resolve a questão."
28050,Das Normas Gerais de Circulação e Conduta (arts. 26 a 67 da Lei nº 9.503/1997),ctb_normas_circulacao_ultrapassagem_esquerda,specific_high_precision,comment_or_subject_evidence_only,Vínculo por assunto + termos do enunciado/alternativas/comentário. Exibir como card principal somente se importador aceitar score e revisão. Termos fortes não apareceram no enunciado/alternativas; não exibir automaticamente no modo Estudar agora.
28090,Das Normas Gerais de Circulação e Conduta (arts. 26 a 67 da Lei nº 9.503/1997),subject_overview::das-normas-gerais-de-circulacao-e-conduta-arts-26-a-67-da-lei-n-9-503-1997,subject_overview_fallback,fallback_by_assunto,"Sem evidência suficiente para microcard específico. Exibir apenas como panorama do assunto, nunca como regra que resolve a questão."
28091,Das Normas Gerais de Circulação e Conduta (arts. 26 a 67 da Lei nº 9.503/1997),subject_overview::das-normas-gerais-de-circulacao-e-conduta-arts-26-a-67-da-lei-n-9-503-1997,subject_overview_fallback,fallback_by_assunto,"Sem evidência suficiente para microcard específico. Exibir apenas como panorama do assunto, nunca como regra que resolve a questão."
28225,Das Normas Gerais de Circulação e Conduta (arts. 26 a 67 da Lei nº 9.503/1997),subject_overview::das-normas-gerais-de-circulacao-e-conduta-arts-26-a-67-da-lei-n-9-503-1997,subject_overview_fallback,fallback_by_assunto,"Sem evidência suficiente para microcard específico. Exibir apenas como panorama do assunto, nunca como regra que resolve a questão."
28228,Das Normas Gerais de Circulação e Conduta (arts. 26 a 67 da Lei nº 9.503/1997),subject_overview::das-normas-gerais-de-circulacao-e-conduta-arts-26-a-67-da-lei-n-9-503-1997,subject_overview_fallback,fallback_by_assunto,"Sem evidência suficiente para microcard específico. Exibir apenas como panorama do assunto, nunca como regra que resolve a questão."
28229,Das Normas Gerais de Circulação e Conduta (arts. 26 a 67 da Lei nº 9.503/1997),subject_overview::das-normas-gerais-de-circulacao-e-conduta-arts-26-a-67-da-lei-n-9-503-1997,subject_overview_fallback,fallback_by_assunto,"Sem evidência suficiente para microcard específico. Exibir apenas como panorama do assunto, nunca como regra que resolve a questão."
28231,Das Normas Gerais de Circulação e Conduta (arts. 26 a 67 da Lei nº 9.503/1997),subject_overview::das-normas-gerais-de-circulacao-e-conduta-arts-26-a-67-da-lei-n-9-503-1997,subject_overview_fallback,fallback_by_assunto,"Sem evidência suficiente para microcard específico. Exibir apenas como panorama do assunto, nunca como regra que resolve a questão."
28238,Das Normas Gerais de Circulação e Conduta (arts. 26 a 67 da Lei nº 9.503/1997),subject_overview::das-normas-gerais-de-circulacao-e-conduta-arts-26-a-67-da-lei-n-9-503-1997,subject_overview_fallback,fallback_by_assunto,"Sem evidência suficiente para microcard específico. Exibir apenas como panorama do assunto, nunca como regra que resolve a questão."
28239,Das Normas Gerais de Circulação e Conduta (arts. 26 a 67 da Lei nº 9.503/1997),subject_overview::das-normas-gerais-de-circulacao-e-conduta-arts-26-a-67-da-lei-n-9-503-1997,subject_overview_fallback,fallback_by_assunto,"Sem evidência suficiente para microcard específico. Exibir apenas como panorama do assunto, nunca como regra que resolve a questão."
28240,Das Normas Gerais de Circulação e Conduta (arts. 26 a 67 da Lei nº 9.503/1997),ctb_normas_circulacao_distancia_seguranca,specific_high_precision,comment_or_subject_evidence_only,Vínculo por assunto + termos do enunciado/alternativas/comentário. Exibir como card principal somente se importador aceitar score e revisão. Termos fortes não apareceram no enunciado/alternativas; não exibir automaticamente no modo Estudar agora.
28241,Das Normas Gerais de Circulação e Conduta (arts. 26 a 67 da Lei nº 9.503/1997),subject_overview::das-normas-gerais-de-circulacao-e-conduta-arts-26-a-67-da-lei-n-9-503-1997,subject_overview_fallback,fallback_by_assunto,"Sem evidência suficiente para microcard específico. Exibir apenas como panorama do assunto, nunca como regra que resolve a questão."
28242,Das Normas Gerais de Circulação e Conduta (arts. 26 a 67 da Lei nº 9.503/1997),subject_overview::das-normas-gerais-de-circulacao-e-conduta-arts-26-a-67-da-lei-n-9-503-1997,subject_overview_fallback,fallback_by_assunto,"Sem evidência suficiente para microcard específico. Exibir apenas como panorama do assunto, nunca como regra que resolve a questão."
778168,Das Normas Gerais de Circulação e Conduta (arts. 26 a 67 da Lei nº 9.503/1997),subject_overview::das-normas-gerais-de-circulacao-e-conduta-arts-26-a-67-da-lei-n-9-503-1997,subject_overview_fallback,fallback_by_assunto,"Sem evidência suficiente para microcard específico. Exibir apenas como panorama do assunto, nunca como regra que resolve a questão."
931568,Das Normas Gerais de Circulação e Conduta (arts. 26 a 67 da Lei nº 9.503/1997),subject_overview::das-normas-gerais-de-circulacao-e-conduta-arts-26-a-67-da-lei-n-9-503-1997,subject_overview_fallback,fallback_by_assunto,"Sem evidência suficiente para microcard específico. Exibir apenas como panorama do assunto, nunca como regra que resolve a questão."
1002866,Das Normas Gerais de Circulação e Conduta (arts. 26 a 67 da Lei nº 9.503/1997),subject_overview::das-normas-gerais-de-circulacao-e-conduta-arts-26-a-67-da-lei-n-9-503-1997,subject_overview_fallback,fallback_by_assunto,"Sem evidência suficiente para microcard específico. Exibir apenas como panorama do assunto, nunca como regra que resolve a questão."
1024879,Das Normas Gerais de Circulação e Conduta (arts. 26 a 67 da Lei nº 9.503/1997),ctb_normas_circulacao_emergencia,specific_high_precision,ambiguous_top_candidate,Vínculo por assunto + termos do enunciado/alternativas/comentário. Exibir como card principal somente se importador aceitar score e revisão.
1144054,Das Normas Gerais de Circulação e Conduta (arts. 26 a 67 da Lei nº 9.503/1997),subject_overview::das-normas-gerais-de-circulacao-e-conduta-arts-26-a-67-da-lei-n-9-503-1997,subject_overview_fallback,fallback_by_assunto,"Sem evidência suficiente para microcard específico. Exibir apenas como panorama do assunto, nunca como regra que resolve a questão."
1484853,Das Normas Gerais de Circulação e Conduta (arts. 26 a 67 da Lei nº 9.503/1997),subject_overview::das-normas-gerais-de-circulacao-e-conduta-arts-26-a-67-da-lei-n-9-503-1997,subject_overview_fallback,fallback_by_assunto,"Sem evidência suficiente para microcard específico. Exibir apenas como panorama do assunto, nunca como regra que resolve a questão."
1489564,Das Normas Gerais de Circulação e Conduta (arts. 26 a 67 da Lei nº 9.503/1997),subject_overview::das-normas-gerais-de-circulacao-e-conduta-arts-26-a-67-da-lei-n-9-503-1997,subject_overview_fallback,fallback_by_assunto,"Sem evidência suficiente para microcard específico. Exibir apenas como panorama do assunto, nunca como regra que resolve a questão."
1489565,Das Normas Gerais de Circulação e Conduta (arts. 26 a 67 da Lei nº 9.503/1997),subject_overview::das-normas-gerais-de-circulacao-e-conduta-arts-26-a-67-da-lei-n-9-503-1997,subject_overview_fallback,fallback_by_assunto,"Sem evidência suficiente para microcard específico. Exibir apenas como panorama do assunto, nunca como regra que resolve a questão."
1489566,Das Normas Gerais de Circulação e Conduta (arts. 26 a 67 da Lei nº 9.503/1997),subject_overview::das-normas-gerais-de-circulacao-e-conduta-arts-26-a-67-da-lei-n-9-503-1997,subject_overview_fallback,fallback_by_assunto,"Sem evidência suficiente para microcard específico. Exibir apenas como panorama do assunto, nunca como regra que resolve a questão."
1489567,Das Normas Gerais de Circulação e Conduta (arts. 26 a 67 da Lei nº 9.503/1997),subject_overview::das-normas-gerais-de-circulacao-e-conduta-arts-26-a-67-da-lei-n-9-503-1997,subject_overview_fallback,fallback_by_assunto,"Sem evidência suficiente para microcard específico. Exibir apenas como panorama do assunto, nunca como regra que resolve a questão."
1490436,Das Normas Gerais de Circulação e Conduta (arts. 26 a 67 da Lei nº 9.503/1997),subject_overview::das-normas-gerais-de-circulacao-e-conduta-arts-26-a-67-da-lei-n-9-503-1997,subject_overview_fallback,fallback_by_assunto,"Sem evidência suficiente para microcard específico. Exibir apenas como panorama do assunto, nunca como regra que resolve a questão."
1490459,Das Normas Gerais de Circulação e Conduta (arts. 26 a 67 da Lei nº 9.503/1997),subject_overview::das-normas-gerais-de-circulacao-e-conduta-arts-26-a-67-da-lei-n-9-503-1997,subject_overview_fallback,fallback_by_assunto,"Sem evidência suficiente para microcard específico. Exibir apenas como panorama do assunto, nunca como regra que resolve a questão."
1490461,Das Normas Gerais de Circulação e Conduta (arts. 26 a 67 da Lei nº 9.503/1997),subject_overview::das-normas-gerais-de-circulacao-e-conduta-arts-26-a-67-da-lei-n-9-503-1997,subject_overview_fallback,fallback_by_assunto,"Sem evidência suficiente para microcard específico. Exibir apenas como panorama do assunto, nunca como regra que resolve a questão."
1490464,Das Normas Gerais de Circulação e Conduta (arts. 26 a 67 da Lei nº 9.503/1997),subject_overview::das-normas-gerais-de-circulacao-e-conduta-arts-26-a-67-da-lei-n-9-503-1997,subject_overview_fallback,fallback_by_assunto,"Sem evidência suficiente para microcard específico. Exibir apenas como panorama do assunto, nunca como regra que resolve a questão."
1490478,Das Normas Gerais de Circulação e Conduta (arts. 26 a 67 da Lei nº 9.503/1997),subject_overview::das-normas-gerais-de-circulacao-e-conduta-arts-26-a-67-da-lei-n-9-503-1997,subject_overview_fallback,fallback_by_assunto,"Sem evidência suficiente para microcard específico. Exibir apenas como panorama do assunto, nunca como regra que resolve a questão."
1490482,Das Normas Gerais de Circulação e Conduta (arts. 26 a 67 da Lei nº 9.503/1997),subject_overview::das-normas-gerais-de-circulacao-e-conduta-arts-26-a-67-da-lei-n-9-503-1997,subject_overview_fallback,fallback_by_assunto,"Sem evidência suficiente para microcard específico. Exibir apenas como panorama do assunto, nunca como regra que resolve a questão."
1490483,Das Normas Gerais de Circulação e Conduta (arts. 26 a 67 da Lei nº 9.503/1997),subject_overview::das-normas-gerais-de-circulacao-e-conduta-arts-26-a-67-da-lei-n-9-503-1997,subject_overview_fallback,fallback_by_assunto,"Sem evidência suficiente para microcard específico. Exibir apenas como panorama do assunto, nunca como regra que resolve a questão."
1490484,Das Normas Gerais de Circulação e Conduta (arts. 26 a 67 da Lei nº 9.503/1997),subject_overview::das-normas-gerais-de-circulacao-e-conduta-arts-26-a-67-da-lei-n-9-503-1997,subject_overview_fallback,fallback_by_assunto,"Sem evidência suficiente para microcard específico. Exibir apenas como panorama do assunto, nunca como regra que resolve a questão."
1521252,Das Normas Gerais de Circulação e Conduta (arts. 26 a 67 da Lei nº 9.503/1997),subject_overview::das-normas-gerais-de-circulacao-e-conduta-arts-26-a-67-da-lei-n-9-503-1997,subject_overview_fallback,fallback_by_assunto,"Sem evidência suficiente para microcard específico. Exibir apenas como panorama do assunto, nunca como regra que resolve a questão."
1521254,Das Normas Gerais de Circulação e Conduta (arts. 26 a 67 da Lei nº 9.503/1997),subject_overview::das-normas-gerais-de-circulacao-e-conduta-arts-26-a-67-da-lei-n-9-503-1997,subject_overview_fallback,fallback_by_assunto,"Sem evidência suficiente para microcard específico. Exibir apenas como panorama do assunto, nunca como regra que resolve a questão."
1525661,Das Normas Gerais de Circulação e Conduta (arts. 26 a 67 da Lei nº 9.503/1997),subject_overview::das-normas-gerais-de-circulacao-e-conduta-arts-26-a-67-da-lei-n-9-503-1997,subject_overview_fallback,fallback_by_assunto,"Sem evidência suficiente para microcard específico. Exibir apenas como panorama do assunto, nunca como regra que resolve a questão."
1572188,Das Normas Gerais de Circulação e Conduta (arts. 26 a 67 da Lei nº 9.503/1997),ctb_normas_circulacao_ultrapassagem_esquerda,specific_high_precision,comment_or_subject_evidence_only,Vínculo por assunto + termos do enunciado/alternativas/comentário. Exibir como card principal somente se importador aceitar score e revisão. Termos fortes não apareceram no enunciado/alternativas; não exibir automaticamente no modo Estudar agora.
1572191,Das Normas Gerais de Circulação e Conduta (arts. 26 a 67 da Lei nº 9.503/1997),subject_overview::das-normas-gerais-de-circulacao-e-conduta-arts-26-a-67-da-lei-n-9-503-1997,subject_overview_fallback,fallback_by_assunto,"Sem evidência suficiente para microcard específico. Exibir apenas como panorama do assunto, nunca como regra que resolve a questão."
1573553,Das Normas Gerais de Circulação e Conduta (arts. 26 a 67 da Lei nº 9.503/1997),subject_overview::das-normas-gerais-de-circulacao-e-conduta-arts-26-a-67-da-lei-n-9-503-1997,subject_overview_fallback,fallback_by_assunto,"Sem evidência suficiente para microcard específico. Exibir apenas como panorama do assunto, nunca como regra que resolve a questão."
1573555,Das Normas Gerais de Circulação e Conduta (arts. 26 a 67 da Lei nº 9.503/1997),subject_overview::das-normas-gerais-de-circulacao-e-conduta-arts-26-a-67-da-lei-n-9-503-1997,subject_overview_fallback,fallback_by_assunto,"Sem evidência suficiente para microcard específico. Exibir apenas como panorama do assunto, nunca como regra que resolve a questão."
1573557,Das Normas Gerais de Circulação e Conduta (arts. 26 a 67 da Lei nº 9.503/1997),subject_overview::das-normas-gerais-de-circulacao-e-conduta-arts-26-a-67-da-lei-n-9-503-1997,subject_overview_fallback,fallback_by_assunto,"Sem evidência suficiente para microcard específico. Exibir apenas como panorama do assunto, nunca como regra que resolve a questão."
1576570,Das Normas Gerais de Circulação e Conduta (arts. 26 a 67 da Lei nº 9.503/1997),ctb_normas_circulacao_ultrapassagem_esquerda,specific_high_precision,comment_or_subject_evidence_only,Vínculo por assunto + termos do enunciado/alternativas/comentário. Exibir como card principal somente se importador aceitar score e revisão. Termos fortes não apareceram no enunciado/alternativas; não exibir automaticamente no modo Estudar agora.
1577631,Das Normas Gerais de Circulação e Conduta (arts. 26 a 67 da Lei nº 9.503/1997),ctb_normas_circulacao_ultrapassagem_esquerda,specific_high_precision,comment_or_subject_evidence_only,Vínculo por assunto + termos do enunciado/alternativas/comentário. Exibir como card principal somente se importador aceitar score e revisão. Termos fortes não apareceram no enunciado/alternativas; não exibir automaticamente no modo Estudar agora.
1611233,Das Normas Gerais de Circulação e Conduta (arts. 26 a 67 da Lei nº 9.503/1997),subject_overview::das-normas-gerais-de-circulacao-e-conduta-arts-26-a-67-da-lei-n-9-503-1997,subject_overview_fallback,fallback_by_assunto,"Sem evidência suficiente para microcard específico. Exibir apenas como panorama do assunto, nunca como regra que resolve a questão."
2465548,Das Normas Gerais de Circulação e Conduta (arts. 26 a 67 da Lei nº 9.503/1997),subject_overview::das-normas-gerais-de-circulacao-e-conduta-arts-26-a-67-da-lei-n-9-503-1997,subject_overview_fallback,fallback_by_assunto,"Sem evidência suficiente para microcard específico. Exibir apenas como panorama do assunto, nunca como regra que resolve a questão."
28163,Das Penalidades (arts. 256 a 268-A da Lei nº 9.503/1997),ctb_penalidades_suspensao_cassacao,specific_high_precision,comment_or_subject_evidence_only,Vínculo por assunto + termos do enunciado/alternativas/comentário. Exibir como card principal somente se importador aceitar score e revisão. Termos fortes não apareceram no enunciado/alternativas; não exibir automaticamente no modo Estudar agora.
434571,Das Penalidades (arts. 256 a 268-A da Lei nº 9.503/1997),ctb_penalidades_suspensao_cassacao,specific_high_precision,comment_or_subject_evidence_only,Vínculo por assunto + termos do enunciado/alternativas/comentário. Exibir como card principal somente se importador aceitar score e revisão. Termos fortes não apareceram no enunciado/alternativas; não exibir automaticamente no modo Estudar agora.
706845,Das Penalidades (arts. 256 a 268-A da Lei nº 9.503/1997),subject_overview::das-penalidades-arts-256-a-268-a-da-lei-n-9-503-1997,subject_overview_fallback,downgraded_weak_evidence,Vínculo específico rebaixado: a evidência era genérica/fraca. Exibir apenas panorama do assunto até revisão humana.
778162,Das Penalidades (arts. 256 a 268-A da Lei nº 9.503/1997),ctb_penalidades_medidas,specific_high_precision,comment_or_subject_evidence_only,Vínculo por assunto + termos do enunciado/alternativas/comentário. Exibir como card principal somente se importador aceitar score e revisão. Termos fortes não apareceram no enunciado/alternativas; não exibir automaticamente no modo Estudar agora.
778163,Das Penalidades (arts. 256 a 268-A da Lei nº 9.503/1997),subject_overview::das-penalidades-arts-256-a-268-a-da-lei-n-9-503-1997,subject_overview_fallback,downgraded_weak_evidence,Vínculo específico rebaixado: a evidência era genérica/fraca. Exibir apenas panorama do assunto até revisão humana.
820248,Das Penalidades (arts. 256 a 268-A da Lei nº 9.503/1997),subject_overview::das-penalidades-arts-256-a-268-a-da-lei-n-9-503-1997,subject_overview_fallback,downgraded_weak_evidence,Vínculo específico rebaixado: a evidência era genérica/fraca. Exibir apenas panorama do assunto até revisão humana.
1402666,Das Penalidades (arts. 256 a 268-A da Lei nº 9.503/1997),ctb_penalidades_suspensao_cassacao,specific_high_precision,comment_or_subject_evidence_only,Vínculo por assunto + termos do enunciado/alternativas/comentário. Exibir como card principal somente se importador aceitar score e revisão. Termos fortes não apareceram no enunciado/alternativas; não exibir automaticamente no modo Estudar agora.
1403460,Das Penalidades (arts. 256 a 268-A da Lei nº 9.503/1997),subject_overview::das-penalidades-arts-256-a-268-a-da-lei-n-9-503-1997,subject_overview_fallback,downgraded_weak_evidence,Vínculo específico rebaixado: a evidência era genérica/fraca. Exibir apenas panorama do assunto até revisão humana.
1521297,Das Penalidades (arts. 256 a 268-A da Lei nº 9.503/1997),subject_overview::das-penalidades-arts-256-a-268-a-da-lei-n-9-503-1997,subject_overview_fallback,downgraded_weak_evidence,Vínculo específico rebaixado: a evidência era genérica/fraca. Exibir apenas panorama do assunto até revisão humana.
1521305,Das Penalidades (arts. 256 a 268-A da Lei nº 9.503/1997),subject_overview::das-penalidades-arts-256-a-268-a-da-lei-n-9-503-1997,subject_overview_fallback,downgraded_weak_evidence,Vínculo específico rebaixado: a evidência era genérica/fraca. Exibir apenas panorama do assunto até revisão humana.
1521309,Das Penalidades (arts. 256 a 268-A da Lei nº 9.503/1997),subject_overview::das-penalidades-arts-256-a-268-a-da-lei-n-9-503-1997,subject_overview_fallback,downgraded_weak_evidence,Vínculo específico rebaixado: a evidência era genérica/fraca. Exibir apenas panorama do assunto até revisão humana.
1521313,Das Penalidades (arts. 256 a 268-A da Lei nº 9.503/1997),subject_overview::das-penalidades-arts-256-a-268-a-da-lei-n-9-503-1997,subject_overview_fallback,downgraded_weak_evidence,Vínculo específico rebaixado: a evidência era genérica/fraca. Exibir apenas panorama do assunto até revisão humana.
1525674,Das Penalidades (arts. 256 a 268-A da Lei nº 9.503/1997),subject_overview::das-penalidades-arts-256-a-268-a-da-lei-n-9-503-1997,subject_overview_fallback,downgraded_weak_evidence,Vínculo específico rebaixado: a evidência era genérica/fraca. Exibir apenas panorama do assunto até revisão humana.
1525675,Das Penalidades (arts. 256 a 268-A da Lei nº 9.503/1997),subject_overview::das-penalidades-arts-256-a-268-a-da-lei-n-9-503-1997,subject_overview_fallback,downgraded_weak_evidence,Vínculo específico rebaixado: a evidência era genérica/fraca. Exibir apenas panorama do assunto até revisão humana.
1525677,Das Penalidades (arts. 256 a 268-A da Lei nº 9.503/1997),ctb_penalidades_suspensao_cassacao,specific_high_precision,comment_or_subject_evidence_only,Vínculo por assunto + termos do enunciado/alternativas/comentário. Exibir como card principal somente se importador aceitar score e revisão. Termos fortes não apareceram no enunciado/alternativas; não exibir automaticamente no modo Estudar agora.
1525679,Das Penalidades (arts. 256 a 268-A da Lei nº 9.503/1997),ctb_penalidades_suspensao_cassacao,specific_high_precision,comment_or_subject_evidence_only,Vínculo por assunto + termos do enunciado/alternativas/comentário. Exibir como card principal somente se importador aceitar score e revisão. Termos fortes não apareceram no enunciado/alternativas; não exibir automaticamente no modo Estudar agora.
1525695,Das Penalidades (arts. 256 a 268-A da Lei nº 9.503/1997),subject_overview::das-penalidades-arts-256-a-268-a-da-lei-n-9-503-1997,subject_overview_fallback,downgraded_weak_evidence,Vínculo específico rebaixado: a evidência era genérica/fraca. Exibir apenas panorama do assunto até revisão humana.
1577043,Das Penalidades (arts. 256 a 268-A da Lei nº 9.503/1997),ctb_penalidades_reincidencia,specific_high_precision,ambiguous_top_candidate,Vínculo por assunto + termos do enunciado/alternativas/comentário. Exibir como card principal somente se importador aceitar score e revisão.
1587780,Das Penalidades (arts. 256 a 268-A da Lei nº 9.503/1997),subject_overview::das-penalidades-arts-256-a-268-a-da-lei-n-9-503-1997,subject_overview_fallback,downgraded_weak_evidence,Vínculo específico rebaixado: a evidência era genérica/fraca. Exibir apenas panorama do assunto até revisão humana.
1944607,Das Penalidades (arts. 256 a 268-A da Lei nº 9.503/1997),subject_overview::das-penalidades-arts-256-a-268-a-da-lei-n-9-503-1997,subject_overview_fallback,downgraded_weak_evidence,Vínculo específico rebaixado: a evidência era genérica/fraca. Exibir apenas panorama do assunto até revisão humana.
27870,Demais Resoluções CONTRAN,contran_945_amarracao_carga,specific_high_precision,ambiguous_top_candidate,Vínculo por assunto + termos do enunciado/alternativas/comentário. Exibir como card principal somente se importador aceitar score e revisão.
27877,Demais Resoluções CONTRAN,contran_945_amarracao_carga,specific_high_precision,ambiguous_top_candidate,Vínculo por assunto + termos do enunciado/alternativas/comentário. Exibir como card principal somente se importador aceitar score e revisão.
27886,Demais Resoluções CONTRAN,ctb_licenciamento_crlv_digital,specific_high_precision,ambiguous_top_candidate,Vínculo por assunto + termos do enunciado/alternativas/comentário. Exibir como card principal somente se importador aceitar score e revisão.
27890,Demais Resoluções CONTRAN,contran_916_modificacoes_veiculares,specific_high_precision,ambiguous_top_candidate,Vínculo por assunto + termos do enunciado/alternativas/comentário. Exibir como card principal somente se importador aceitar score e revisão.
28220,Demais Resoluções CONTRAN,contran_916_modificacoes_veiculares,specific_high_precision,comment_or_subject_evidence_only,Vínculo por assunto + termos do enunciado/alternativas/comentário. Exibir como card principal somente se importador aceitar score e revisão. Termos fortes não apareceram no enunciado/alternativas; não exibir automaticamente no modo Estudar agora.
517988,Demais Resoluções CONTRAN,contran_945_amarracao_carga,specific_high_precision,comment_or_subject_evidence_only,Vínculo por assunto + termos do enunciado/alternativas/comentário. Exibir como card principal somente se importador aceitar score e revisão. Termos fortes não apareceram no enunciado/alternativas; não exibir automaticamente no modo Estudar agora.
624737,Demais Resoluções CONTRAN,contran_940_capacete_viseira_oculos,specific_high_precision,ambiguous_top_candidate,Vínculo por assunto + termos do enunciado/alternativas/comentário. Exibir como card principal somente se importador aceitar score e revisão.
624802,Demais Resoluções CONTRAN,ctb_documentos_cnh_porte,specific_high_precision,ambiguous_top_candidate,Vínculo por assunto + termos do enunciado/alternativas/comentário. Exibir como card principal somente se importador aceitar score e revisão.
778176,Demais Resoluções CONTRAN,contran_916_modificacoes_veiculares,specific_high_precision,comment_or_subject_evidence_only,Vínculo por assunto + termos do enunciado/alternativas/comentário. Exibir como card principal somente se importador aceitar score e revisão. Termos fortes não apareceram no enunciado/alternativas; não exibir automaticamente no modo Estudar agora.
778177,Demais Resoluções CONTRAN,contran_955_carga_externa,specific_high_precision,ambiguous_top_candidate,Vínculo por assunto + termos do enunciado/alternativas/comentário. Exibir como card principal somente se importador aceitar score e revisão.
778188,Demais Resoluções CONTRAN,contran_943_motofrete_mototaxi_requisitos,specific_high_precision,comment_or_subject_evidence_only,Vínculo por assunto + termos do enunciado/alternativas/comentário. Exibir como card principal somente se importador aceitar score e revisão. Termos fortes não apareceram no enunciado/alternativas; não exibir automaticamente no modo Estudar agora.
778192,Demais Resoluções CONTRAN,subject_overview::demais-resolucoes-contran,subject_overview_fallback,fallback_by_assunto,"Sem evidência suficiente para microcard específico. Exibir apenas como panorama do assunto, nunca como regra que resolve a questão."
805508,Demais Resoluções CONTRAN,ctb_documentos_cnh_porte,specific_high_precision,ambiguous_top_candidate,Vínculo por assunto + termos do enunciado/alternativas/comentário. Exibir como card principal somente se importador aceitar score e revisão.
920559,Demais Resoluções CONTRAN,ctb_documentos_cnh_porte,specific_high_precision,ambiguous_top_candidate,Vínculo por assunto + termos do enunciado/alternativas/comentário. Exibir como card principal somente se importador aceitar score e revisão.
986274,Demais Resoluções CONTRAN,contran_916_modificacoes_veiculares,specific_high_precision,ambiguous_top_candidate,Vínculo por assunto + termos do enunciado/alternativas/comentário. Exibir como card principal somente se importador aceitar score e revisão.
1119572,Demais Resoluções CONTRAN,contran_945_amarracao_carga,specific_high_precision,ambiguous_top_candidate,Vínculo por assunto + termos do enunciado/alternativas/comentário. Exibir como card principal somente se importador aceitar score e revisão.
1213370,Demais Resoluções CONTRAN,contran_916_modificacoes_veiculares,specific_high_precision,comment_or_subject_evidence_only,Vínculo por assunto + termos do enunciado/alternativas/comentário. Exibir como card principal somente se importador aceitar score e revisão. Termos fortes não apareceram no enunciado/alternativas; não exibir automaticamente no modo Estudar agora.
1295470,Demais Resoluções CONTRAN,contran_970_luzes_veiculares,specific_high_precision,ambiguous_top_candidate,Vínculo por assunto + termos do enunciado/alternativas/comentário. Exibir como card principal somente se importador aceitar score e revisão.
1402573,Demais Resoluções CONTRAN,subject_overview::demais-resolucoes-contran,subject_overview_fallback,fallback_by_assunto,"Sem evidência suficiente para microcard específico. Exibir apenas como panorama do assunto, nunca como regra que resolve a questão."
1402677,Demais Resoluções CONTRAN,contran_945_amarracao_carga,specific_high_precision,comment_or_subject_evidence_only,Vínculo por assunto + termos do enunciado/alternativas/comentário. Exibir como card principal somente se importador aceitar score e revisão. Termos fortes não apareceram no enunciado/alternativas; não exibir automaticamente no modo Estudar agora.
1473815,Demais Resoluções CONTRAN,contran_916_modificacoes_veiculares,specific_high_precision,comment_or_subject_evidence_only,Vínculo por assunto + termos do enunciado/alternativas/comentário. Exibir como card principal somente se importador aceitar score e revisão. Termos fortes não apareceram no enunciado/alternativas; não exibir automaticamente no modo Estudar agora.
1498075,Demais Resoluções CONTRAN,contran_916_modificacoes_veiculares,specific_high_precision,comment_or_subject_evidence_only,Vínculo por assunto + termos do enunciado/alternativas/comentário. Exibir como card principal somente se importador aceitar score e revisão. Termos fortes não apareceram no enunciado/alternativas; não exibir automaticamente no modo Estudar agora.
1498081,Demais Resoluções CONTRAN,contran_916_modificacoes_veiculares,specific_high_precision,comment_or_subject_evidence_only,Vínculo por assunto + termos do enunciado/alternativas/comentário. Exibir como card principal somente se importador aceitar score e revisão. Termos fortes não apareceram no enunciado/alternativas; não exibir automaticamente no modo Estudar agora.
1498085,Demais Resoluções CONTRAN,subject_overview::demais-resolucoes-contran,subject_overview_fallback,fallback_by_assunto,"Sem evidência suficiente para microcard específico. Exibir apenas como panorama do assunto, nunca como regra que resolve a questão."
1498087,Demais Resoluções CONTRAN,contran_916_modificacoes_veiculares,specific_high_precision,comment_or_subject_evidence_only,Vínculo por assunto + termos do enunciado/alternativas/comentário. Exibir como card principal somente se importador aceitar score e revisão. Termos fortes não apareceram no enunciado/alternativas; não exibir automaticamente no modo Estudar agora.
1508607,Demais Resoluções CONTRAN,contran_945_amarracao_carga,specific_high_precision,ambiguous_top_candidate,Vínculo por assunto + termos do enunciado/alternativas/comentário. Exibir como card principal somente se importador aceitar score e revisão.
1508608,Demais Resoluções CONTRAN,contran_955_carga_externa,specific_high_precision,ambiguous_top_candidate,Vínculo por assunto + termos do enunciado/alternativas/comentário. Exibir como card principal somente se importador aceitar score e revisão.
1508610,Demais Resoluções CONTRAN,contran_955_carga_externa,specific_high_precision,ambiguous_top_candidate,Vínculo por assunto + termos do enunciado/alternativas/comentário. Exibir como card principal somente se importador aceitar score e revisão.
1508615,Demais Resoluções CONTRAN,contran_955_carga_externa,specific_high_precision,ambiguous_top_candidate,Vínculo por assunto + termos do enunciado/alternativas/comentário. Exibir como card principal somente se importador aceitar score e revisão.
1508616,Demais Resoluções CONTRAN,contran_955_carga_externa,specific_high_precision,ambiguous_top_candidate,Vínculo por assunto + termos do enunciado/alternativas/comentário. Exibir como card principal somente se importador aceitar score e revisão.
1508618,Demais Resoluções CONTRAN,contran_955_carga_externa,specific_high_precision,ambiguous_top_candidate,Vínculo por assunto + termos do enunciado/alternativas/comentário. Exibir como card principal somente se importador aceitar score e revisão.
1508622,Demais Resoluções CONTRAN,contran_955_carga_externa,specific_high_precision,ambiguous_top_candidate,Vínculo por assunto + termos do enunciado/alternativas/comentário. Exibir como card principal somente se importador aceitar score e revisão.
1508625,Demais Resoluções CONTRAN,contran_955_carga_externa,specific_high_precision,ambiguous_top_candidate,Vínculo por assunto + termos do enunciado/alternativas/comentário. Exibir como card principal somente se importador aceitar score e revisão.
1508628,Demais Resoluções CONTRAN,ctb_veiculos_classificacao_especie_categoria,specific_high_precision,ambiguous_top_candidate,Vínculo por assunto + termos do enunciado/alternativas/comentário. Exibir como card principal somente se importador aceitar score e revisão.
1508629,Demais Resoluções CONTRAN,contran_955_carga_externa,specific_high_precision,ambiguous_top_candidate,Vínculo por assunto + termos do enunciado/alternativas/comentário. Exibir como card principal somente se importador aceitar score e revisão.
1508665,Demais Resoluções CONTRAN,contran_1020_condutor_estrangeiro,specific_high_precision,ambiguous_top_candidate,Vínculo por assunto + termos do enunciado/alternativas/comentário. Exibir como card principal somente se importador aceitar score e revisão.
1508666,Demais Resoluções CONTRAN,contran_916_modificacoes_veiculares,specific_high_precision,ambiguous_top_candidate,Vínculo por assunto + termos do enunciado/alternativas/comentário. Exibir como card principal somente se importador aceitar score e revisão.
1508670,Demais Resoluções CONTRAN,contran_916_modificacoes_veiculares,specific_high_precision,ambiguous_top_candidate,Vínculo por assunto + termos do enunciado/alternativas/comentário. Exibir como card principal somente se importador aceitar score e revisão.
1508677,Demais Resoluções CONTRAN,contran_916_modificacoes_veiculares,specific_high_precision,ambiguous_top_candidate,Vínculo por assunto + termos do enunciado/alternativas/comentário. Exibir como card principal somente se importador aceitar score e revisão.
1508679,Demais Resoluções CONTRAN,contran_916_modificacoes_veiculares,specific_high_precision,ambiguous_top_candidate,Vínculo por assunto + termos do enunciado/alternativas/comentário. Exibir como card principal somente se importador aceitar score e revisão.
1508790,Demais Resoluções CONTRAN,contran_945_amarracao_carga,specific_high_precision,ambiguous_top_candidate,Vínculo por assunto + termos do enunciado/alternativas/comentário. Exibir como card principal somente se importador aceitar score e revisão.
1508791,Demais Resoluções CONTRAN,contran_945_amarracao_carga,specific_high_precision,ambiguous_top_candidate,Vínculo por assunto + termos do enunciado/alternativas/comentário. Exibir como card principal somente se importador aceitar score e revisão.
1508793,Demais Resoluções CONTRAN,contran_945_amarracao_carga,specific_high_precision,ambiguous_top_candidate,Vínculo por assunto + termos do enunciado/alternativas/comentário. Exibir como card principal somente se importador aceitar score e revisão.
1508796,Demais Resoluções CONTRAN,contran_945_amarracao_carga,specific_high_precision,ambiguous_top_candidate,Vínculo por assunto + termos do enunciado/alternativas/comentário. Exibir como card principal somente se importador aceitar score e revisão.
1508799,Demais Resoluções CONTRAN,contran_945_amarracao_carga,specific_high_precision,ambiguous_top_candidate,Vínculo por assunto + termos do enunciado/alternativas/comentário. Exibir como card principal somente se importador aceitar score e revisão.
1508801,Demais Resoluções CONTRAN,contran_945_amarracao_carga,specific_high_precision,ambiguous_top_candidate,Vínculo por assunto + termos do enunciado/alternativas/comentário. Exibir como card principal somente se importador aceitar score e revisão.
1508806,Demais Resoluções CONTRAN,contran_945_amarracao_carga,specific_high_precision,ambiguous_top_candidate,Vínculo por assunto + termos do enunciado/alternativas/comentário. Exibir como card principal somente se importador aceitar score e revisão.
1515880,Demais Resoluções CONTRAN,contran_970_luzes_veiculares,specific_high_precision,ambiguous_top_candidate,Vínculo por assunto + termos do enunciado/alternativas/comentário. Exibir como card principal somente se importador aceitar score e revisão.
1515882,Demais Resoluções CONTRAN,contran_916_modificacoes_veiculares,specific_high_precision,ambiguous_top_candidate,Vínculo por assunto + termos do enunciado/alternativas/comentário. Exibir como card principal somente se importador aceitar score e revisão.
1515883,Demais Resoluções CONTRAN,contran_970_luzes_veiculares,specific_high_precision,ambiguous_top_candidate,Vínculo por assunto + termos do enunciado/alternativas/comentário. Exibir como card principal somente se importador aceitar score e revisão.
1515886,Demais Resoluções CONTRAN,contran_916_modificacoes_veiculares,specific_high_precision,ambiguous_top_candidate,Vínculo por assunto + termos do enunciado/alternativas/comentário. Exibir como card principal somente se importador aceitar score e revisão.
1515889,Demais Resoluções CONTRAN,contran_970_luzes_veiculares,specific_high_precision,ambiguous_top_candidate,Vínculo por assunto + termos do enunciado/alternativas/comentário. Exibir como card principal somente se importador aceitar score e revisão.
1576695,Demais Resoluções CONTRAN,contran_916_modificacoes_veiculares,specific_high_precision,comment_or_subject_evidence_only,Vínculo por assunto + termos do enunciado/alternativas/comentário. Exibir como card principal somente se importador aceitar score e revisão. Termos fortes não apareceram no enunciado/alternativas; não exibir automaticamente no modo Estudar agora.
1577976,Demais Resoluções CONTRAN,contran_916_modificacoes_veiculares,specific_high_precision,ambiguous_top_candidate,Vínculo por assunto + termos do enunciado/alternativas/comentário. Exibir como card principal somente se importador aceitar score e revisão.
1611252,Demais Resoluções CONTRAN,contran_916_modificacoes_veiculares,specific_high_precision,comment_or_subject_evidence_only,Vínculo por assunto + termos do enunciado/alternativas/comentário. Exibir como card principal somente se importador aceitar score e revisão. Termos fortes não apareceram no enunciado/alternativas; não exibir automaticamente no modo Estudar agora.
1611255,Demais Resoluções CONTRAN,contran_916_modificacoes_veiculares,specific_high_precision,comment_or_subject_evidence_only,Vínculo por assunto + termos do enunciado/alternativas/comentário. Exibir como card principal somente se importador aceitar score e revisão. Termos fortes não apareceram no enunciado/alternativas; não exibir automaticamente no modo Estudar agora.
1611263,Demais Resoluções CONTRAN,ctb_snt_competencias_municipio_estado_uniao,specific_medium_precision,comment_or_subject_evidence_only,Vínculo por assunto + termos do enunciado/alternativas/comentário. Exibir como card principal somente se importador aceitar score e revisão. Termos fortes não apareceram no enunciado/alternativas; não exibir automaticamente no modo Estudar agora.
1611264,Demais Resoluções CONTRAN,contran_945_amarracao_carga,specific_high_precision,ambiguous_top_candidate,Vínculo por assunto + termos do enunciado/alternativas/comentário. Exibir como card principal somente se importador aceitar score e revisão.
1611265,Demais Resoluções CONTRAN,contran_945_amarracao_carga,specific_high_precision,comment_or_subject_evidence_only,Vínculo por assunto + termos do enunciado/alternativas/comentário. Exibir como card principal somente se importador aceitar score e revisão. Termos fortes não apareceram no enunciado/alternativas; não exibir automaticamente no modo Estudar agora.
1970088,Demais Resoluções CONTRAN,subject_overview::demais-resolucoes-contran,subject_overview_fallback,fallback_by_assunto,"Sem evidência suficiente para microcard específico. Exibir apenas como panorama do assunto, nunca como regra que resolve a questão."
2002334,Demais Resoluções CONTRAN,contran_916_modificacoes_veiculares,specific_high_precision,comment_or_subject_evidence_only,Vínculo por assunto + termos do enunciado/alternativas/comentário. Exibir como card principal somente se importador aceitar score e revisão. Termos fortes não apareceram no enunciado/alternativas; não exibir automaticamente no modo Estudar agora.
2003212,Demais Resoluções CONTRAN,contran_916_modificacoes_veiculares,specific_high_precision,comment_or_subject_evidence_only,Vínculo por assunto + termos do enunciado/alternativas/comentário. Exibir como card principal somente se importador aceitar score e revisão. Termos fortes não apareceram no enunciado/alternativas; não exibir automaticamente no modo Estudar agora.
2011769,Demais Resoluções CONTRAN,contran_916_modificacoes_veiculares,specific_high_precision,comment_or_subject_evidence_only,Vínculo por assunto + termos do enunciado/alternativas/comentário. Exibir como card principal somente se importador aceitar score e revisão. Termos fortes não apareceram no enunciado/alternativas; não exibir automaticamente no modo Estudar agora.
2017207,Demais Resoluções CONTRAN,ctb_documentos_cnh_porte,specific_high_precision,ambiguous_top_candidate,Vínculo por assunto + termos do enunciado/alternativas/comentário. Exibir como card principal somente se importador aceitar score e revisão.
254757,Disposições Finais e Transitórias do CTB (arts. 313 a 341 da Lei nº 9.503/1997),subject_overview::disposicoes-finais-e-transitorias-do-ctb-arts-313-a-341-da-lei-n-9-503-1997,subject_overview_fallback,fallback_by_assunto,"Sem evidência suficiente para microcard específico. Exibir apenas como panorama do assunto, nunca como regra que resolve a questão."
300182,Disposições Finais e Transitórias do CTB (arts. 313 a 341 da Lei nº 9.503/1997),subject_overview::disposicoes-finais-e-transitorias-do-ctb-arts-313-a-341-da-lei-n-9-503-1997,subject_overview_fallback,fallback_by_assunto,"Sem evidência suficiente para microcard específico. Exibir apenas como panorama do assunto, nunca como regra que resolve a questão."
367428,Disposições Finais e Transitórias do CTB (arts. 313 a 341 da Lei nº 9.503/1997),subject_overview::disposicoes-finais-e-transitorias-do-ctb-arts-313-a-341-da-lei-n-9-503-1997,subject_overview_fallback,fallback_by_assunto,"Sem evidência suficiente para microcard específico. Exibir apenas como panorama do assunto, nunca como regra que resolve a questão."
376960,Disposições Finais e Transitórias do CTB (arts. 313 a 341 da Lei nº 9.503/1997),subject_overview::disposicoes-finais-e-transitorias-do-ctb-arts-313-a-341-da-lei-n-9-503-1997,subject_overview_fallback,fallback_by_assunto,"Sem evidência suficiente para microcard específico. Exibir apenas como panorama do assunto, nunca como regra que resolve a questão."
619953,Disposições Finais e Transitórias do CTB (arts. 313 a 341 da Lei nº 9.503/1997),subject_overview::disposicoes-finais-e-transitorias-do-ctb-arts-313-a-341-da-lei-n-9-503-1997,subject_overview_fallback,fallback_by_assunto,"Sem evidência suficiente para microcard específico. Exibir apenas como panorama do assunto, nunca como regra que resolve a questão."
625999,Disposições Finais e Transitórias do CTB (arts. 313 a 341 da Lei nº 9.503/1997),subject_overview::disposicoes-finais-e-transitorias-do-ctb-arts-313-a-341-da-lei-n-9-503-1997,subject_overview_fallback,fallback_by_assunto,"Sem evidência suficiente para microcard específico. Exibir apenas como panorama do assunto, nunca como regra que resolve a questão."
677913,Disposições Finais e Transitórias do CTB (arts. 313 a 341 da Lei nº 9.503/1997),subject_overview::disposicoes-finais-e-transitorias-do-ctb-arts-313-a-341-da-lei-n-9-503-1997,subject_overview_fallback,fallback_by_assunto,"Sem evidência suficiente para microcard específico. Exibir apenas como panorama do assunto, nunca como regra que resolve a questão."
713255,Disposições Finais e Transitórias do CTB (arts. 313 a 341 da Lei nº 9.503/1997),subject_overview::disposicoes-finais-e-transitorias-do-ctb-arts-313-a-341-da-lei-n-9-503-1997,subject_overview_fallback,downgraded_weak_evidence,Vínculo específico rebaixado: a evidência era genérica/fraca. Exibir apenas panorama do assunto até revisão humana.
752504,Disposições Finais e Transitórias do CTB (arts. 313 a 341 da Lei nº 9.503/1997),subject_overview::disposicoes-finais-e-transitorias-do-ctb-arts-313-a-341-da-lei-n-9-503-1997,subject_overview_fallback,fallback_by_assunto,"Sem evidência suficiente para microcard específico. Exibir apenas como panorama do assunto, nunca como regra que resolve a questão."
807281,Disposições Finais e Transitórias do CTB (arts. 313 a 341 da Lei nº 9.503/1997),subject_overview::disposicoes-finais-e-transitorias-do-ctb-arts-313-a-341-da-lei-n-9-503-1997,subject_overview_fallback,fallback_by_assunto,"Sem evidência suficiente para microcard específico. Exibir apenas como panorama do assunto, nunca como regra que resolve a questão."
811058,Disposições Finais e Transitórias do CTB (arts. 313 a 341 da Lei nº 9.503/1997),subject_overview::disposicoes-finais-e-transitorias-do-ctb-arts-313-a-341-da-lei-n-9-503-1997,subject_overview_fallback,fallback_by_assunto,"Sem evidência suficiente para microcard específico. Exibir apenas como panorama do assunto, nunca como regra que resolve a questão."
844999,Disposições Finais e Transitórias do CTB (arts. 313 a 341 da Lei nº 9.503/1997),subject_overview::disposicoes-finais-e-transitorias-do-ctb-arts-313-a-341-da-lei-n-9-503-1997,subject_overview_fallback,fallback_by_assunto,"Sem evidência suficiente para microcard específico. Exibir apenas como panorama do assunto, nunca como regra que resolve a questão."
876891,Disposições Finais e Transitórias do CTB (arts. 313 a 341 da Lei nº 9.503/1997),subject_overview::disposicoes-finais-e-transitorias-do-ctb-arts-313-a-341-da-lei-n-9-503-1997,subject_overview_fallback,fallback_by_assunto,"Sem evidência suficiente para microcard específico. Exibir apenas como panorama do assunto, nunca como regra que resolve a questão."
886433,Disposições Finais e Transitórias do CTB (arts. 313 a 341 da Lei nº 9.503/1997),subject_overview::disposicoes-finais-e-transitorias-do-ctb-arts-313-a-341-da-lei-n-9-503-1997,subject_overview_fallback,fallback_by_assunto,"Sem evidência suficiente para microcard específico. Exibir apenas como panorama do assunto, nunca como regra que resolve a questão."
886434,Disposições Finais e Transitórias do CTB (arts. 313 a 341 da Lei nº 9.503/1997),subject_overview::disposicoes-finais-e-transitorias-do-ctb-arts-313-a-341-da-lei-n-9-503-1997,subject_overview_fallback,fallback_by_assunto,"Sem evidência suficiente para microcard específico. Exibir apenas como panorama do assunto, nunca como regra que resolve a questão."
916839,Disposições Finais e Transitórias do CTB (arts. 313 a 341 da Lei nº 9.503/1997),subject_overview::disposicoes-finais-e-transitorias-do-ctb-arts-313-a-341-da-lei-n-9-503-1997,subject_overview_fallback,fallback_by_assunto,"Sem evidência suficiente para microcard específico. Exibir apenas como panorama do assunto, nunca como regra que resolve a questão."
986288,Disposições Finais e Transitórias do CTB (arts. 313 a 341 da Lei nº 9.503/1997),subject_overview::disposicoes-finais-e-transitorias-do-ctb-arts-313-a-341-da-lei-n-9-503-1997,subject_overview_fallback,fallback_by_assunto,"Sem evidência suficiente para microcard específico. Exibir apenas como panorama do assunto, nunca como regra que resolve a questão."
1003981,Disposições Finais e Transitórias do CTB (arts. 313 a 341 da Lei nº 9.503/1997),subject_overview::disposicoes-finais-e-transitorias-do-ctb-arts-313-a-341-da-lei-n-9-503-1997,subject_overview_fallback,fallback_by_assunto,"Sem evidência suficiente para microcard específico. Exibir apenas como panorama do assunto, nunca como regra que resolve a questão."
1090611,Disposições Finais e Transitórias do CTB (arts. 313 a 341 da Lei nº 9.503/1997),subject_overview::disposicoes-finais-e-transitorias-do-ctb-arts-313-a-341-da-lei-n-9-503-1997,subject_overview_fallback,fallback_by_assunto,"Sem evidência suficiente para microcard específico. Exibir apenas como panorama do assunto, nunca como regra que resolve a questão."
1127221,Disposições Finais e Transitórias do CTB (arts. 313 a 341 da Lei nº 9.503/1997),subject_overview::disposicoes-finais-e-transitorias-do-ctb-arts-313-a-341-da-lei-n-9-503-1997,subject_overview_fallback,fallback_by_assunto,"Sem evidência suficiente para microcard específico. Exibir apenas como panorama do assunto, nunca como regra que resolve a questão."
1129590,Disposições Finais e Transitórias do CTB (arts. 313 a 341 da Lei nº 9.503/1997),subject_overview::disposicoes-finais-e-transitorias-do-ctb-arts-313-a-341-da-lei-n-9-503-1997,subject_overview_fallback,fallback_by_assunto,"Sem evidência suficiente para microcard específico. Exibir apenas como panorama do assunto, nunca como regra que resolve a questão."
1136039,Disposições Finais e Transitórias do CTB (arts. 313 a 341 da Lei nº 9.503/1997),subject_overview::disposicoes-finais-e-transitorias-do-ctb-arts-313-a-341-da-lei-n-9-503-1997,subject_overview_fallback,fallback_by_assunto,"Sem evidência suficiente para microcard específico. Exibir apenas como panorama do assunto, nunca como regra que resolve a questão."
1142122,Disposições Finais e Transitórias do CTB (arts. 313 a 341 da Lei nº 9.503/1997),subject_overview::disposicoes-finais-e-transitorias-do-ctb-arts-313-a-341-da-lei-n-9-503-1997,subject_overview_fallback,fallback_by_assunto,"Sem evidência suficiente para microcard específico. Exibir apenas como panorama do assunto, nunca como regra que resolve a questão."
1356767,Disposições Finais e Transitórias do CTB (arts. 313 a 341 da Lei nº 9.503/1997),subject_overview::disposicoes-finais-e-transitorias-do-ctb-arts-313-a-341-da-lei-n-9-503-1997,subject_overview_fallback,fallback_by_assunto,"Sem evidência suficiente para microcard específico. Exibir apenas como panorama do assunto, nunca como regra que resolve a questão."
1388875,Disposições Finais e Transitórias do CTB (arts. 313 a 341 da Lei nº 9.503/1997),subject_overview::disposicoes-finais-e-transitorias-do-ctb-arts-313-a-341-da-lei-n-9-503-1997,subject_overview_fallback,fallback_by_assunto,"Sem evidência suficiente para microcard específico. Exibir apenas como panorama do assunto, nunca como regra que resolve a questão."
1563390,Disposições Finais e Transitórias do CTB (arts. 313 a 341 da Lei nº 9.503/1997),subject_overview::disposicoes-finais-e-transitorias-do-ctb-arts-313-a-341-da-lei-n-9-503-1997,subject_overview_fallback,fallback_by_assunto,"Sem evidência suficiente para microcard específico. Exibir apenas como panorama do assunto, nunca como regra que resolve a questão."
1563392,Disposições Finais e Transitórias do CTB (arts. 313 a 341 da Lei nº 9.503/1997),subject_overview::disposicoes-finais-e-transitorias-do-ctb-arts-313-a-341-da-lei-n-9-503-1997,subject_overview_fallback,fallback_by_assunto,"Sem evidência suficiente para microcard específico. Exibir apenas como panorama do assunto, nunca como regra que resolve a questão."
1578030,Disposições Finais e Transitórias do CTB (arts. 313 a 341 da Lei nº 9.503/1997),subject_overview::disposicoes-finais-e-transitorias-do-ctb-arts-313-a-341-da-lei-n-9-503-1997,subject_overview_fallback,fallback_by_assunto,"Sem evidência suficiente para microcard específico. Exibir apenas como panorama do assunto, nunca como regra que resolve a questão."
1593387,Disposições Finais e Transitórias do CTB (arts. 313 a 341 da Lei nº 9.503/1997),subject_overview::disposicoes-finais-e-transitorias-do-ctb-arts-313-a-341-da-lei-n-9-503-1997,subject_overview_fallback,fallback_by_assunto,"Sem evidência suficiente para microcard específico. Exibir apenas como panorama do assunto, nunca como regra que resolve a questão."
1661707,Disposições Finais e Transitórias do CTB (arts. 313 a 341 da Lei nº 9.503/1997),subject_overview::disposicoes-finais-e-transitorias-do-ctb-arts-313-a-341-da-lei-n-9-503-1997,subject_overview_fallback,fallback_by_assunto,"Sem evidência suficiente para microcard específico. Exibir apenas como panorama do assunto, nunca como regra que resolve a questão."
1701315,Disposições Finais e Transitórias do CTB (arts. 313 a 341 da Lei nº 9.503/1997),subject_overview::disposicoes-finais-e-transitorias-do-ctb-arts-313-a-341-da-lei-n-9-503-1997,subject_overview_fallback,fallback_by_assunto,"Sem evidência suficiente para microcard específico. Exibir apenas como panorama do assunto, nunca como regra que resolve a questão."
1701322,Disposições Finais e Transitórias do CTB (arts. 313 a 341 da Lei nº 9.503/1997),subject_overview::disposicoes-finais-e-transitorias-do-ctb-arts-313-a-341-da-lei-n-9-503-1997,subject_overview_fallback,fallback_by_assunto,"Sem evidência suficiente para microcard específico. Exibir apenas como panorama do assunto, nunca como regra que resolve a questão."
1752818,Disposições Finais e Transitórias do CTB (arts. 313 a 341 da Lei nº 9.503/1997),subject_overview::disposicoes-finais-e-transitorias-do-ctb-arts-313-a-341-da-lei-n-9-503-1997,subject_overview_fallback,fallback_by_assunto,"Sem evidência suficiente para microcard específico. Exibir apenas como panorama do assunto, nunca como regra que resolve a questão."
1962888,Disposições Finais e Transitórias do CTB (arts. 313 a 341 da Lei nº 9.503/1997),subject_overview::disposicoes-finais-e-transitorias-do-ctb-arts-313-a-341-da-lei-n-9-503-1997,subject_overview_fallback,fallback_by_assunto,"Sem evidência suficiente para microcard específico. Exibir apenas como panorama do assunto, nunca como regra que resolve a questão."
2115669,Disposições Finais e Transitórias do CTB (arts. 313 a 341 da Lei nº 9.503/1997),subject_overview::disposicoes-finais-e-transitorias-do-ctb-arts-313-a-341-da-lei-n-9-503-1997,subject_overview_fallback,fallback_by_assunto,"Sem evidência suficiente para microcard específico. Exibir apenas como panorama do assunto, nunca como regra que resolve a questão."
2143102,Disposições Finais e Transitórias do CTB (arts. 313 a 341 da Lei nº 9.503/1997),subject_overview::disposicoes-finais-e-transitorias-do-ctb-arts-313-a-341-da-lei-n-9-503-1997,subject_overview_fallback,fallback_by_assunto,"Sem evidência suficiente para microcard específico. Exibir apenas como panorama do assunto, nunca como regra que resolve a questão."
2143105,Disposições Finais e Transitórias do CTB (arts. 313 a 341 da Lei nº 9.503/1997),ctb_snt_competencias_municipio_estado_uniao,specific_medium_precision,comment_or_subject_evidence_only,Vínculo por assunto + termos do enunciado/alternativas/comentário. Exibir como card principal somente se importador aceitar score e revisão. Termos fortes não apareceram no enunciado/alternativas; não exibir automaticamente no modo Estudar agora.
312774,Disposições Preliminares (arts. 1º a 4º da Lei nº 9.503/1997),subject_overview::disposicoes-preliminares-arts-1-a-4-da-lei-n-9-503-1997,subject_overview_fallback,fallback_by_assunto,"Sem evidência suficiente para microcard específico. Exibir apenas como panorama do assunto, nunca como regra que resolve a questão."
624798,Disposições Preliminares (arts. 1º a 4º da Lei nº 9.503/1997),subject_overview::disposicoes-preliminares-arts-1-a-4-da-lei-n-9-503-1997,subject_overview_fallback,downgraded_weak_evidence,Vínculo específico rebaixado: a evidência era genérica/fraca. Exibir apenas panorama do assunto até revisão humana.
704973,Disposições Preliminares (arts. 1º a 4º da Lei nº 9.503/1997),subject_overview::disposicoes-preliminares-arts-1-a-4-da-lei-n-9-503-1997,subject_overview_fallback,fallback_by_assunto,"Sem evidência suficiente para microcard específico. Exibir apenas como panorama do assunto, nunca como regra que resolve a questão."
712682,Disposições Preliminares (arts. 1º a 4º da Lei nº 9.503/1997),subject_overview::disposicoes-preliminares-arts-1-a-4-da-lei-n-9-503-1997,subject_overview_fallback,downgraded_weak_evidence,Vínculo específico rebaixado: a evidência era genérica/fraca. Exibir apenas panorama do assunto até revisão humana.
920679,Disposições Preliminares (arts. 1º a 4º da Lei nº 9.503/1997),subject_overview::disposicoes-preliminares-arts-1-a-4-da-lei-n-9-503-1997,subject_overview_fallback,downgraded_weak_evidence,Vínculo específico rebaixado: a evidência era genérica/fraca. Exibir apenas panorama do assunto até revisão humana.
1192765,Disposições Preliminares (arts. 1º a 4º da Lei nº 9.503/1997),subject_overview::disposicoes-preliminares-arts-1-a-4-da-lei-n-9-503-1997,subject_overview_fallback,downgraded_weak_evidence,Vínculo específico rebaixado: a evidência era genérica/fraca. Exibir apenas panorama do assunto até revisão humana.
1259552,Disposições Preliminares (arts. 1º a 4º da Lei nº 9.503/1997),subject_overview::disposicoes-preliminares-arts-1-a-4-da-lei-n-9-503-1997,subject_overview_fallback,fallback_by_assunto,"Sem evidência suficiente para microcard específico. Exibir apenas como panorama do assunto, nunca como regra que resolve a questão."
1400755,Disposições Preliminares (arts. 1º a 4º da Lei nº 9.503/1997),ctb_anexo_i_conceitos_basicos,specific_high_precision,ambiguous_top_candidate,Vínculo por assunto + termos do enunciado/alternativas/comentário. Exibir como card principal somente se importador aceitar score e revisão.
1402899,Disposições Preliminares (arts. 1º a 4º da Lei nº 9.503/1997),subject_overview::disposicoes-preliminares-arts-1-a-4-da-lei-n-9-503-1997,subject_overview_fallback,fallback_by_assunto,"Sem evidência suficiente para microcard específico. Exibir apenas como panorama do assunto, nunca como regra que resolve a questão."
1513200,Disposições Preliminares (arts. 1º a 4º da Lei nº 9.503/1997),subject_overview::disposicoes-preliminares-arts-1-a-4-da-lei-n-9-503-1997,subject_overview_fallback,downgraded_weak_evidence,Vínculo específico rebaixado: a evidência era genérica/fraca. Exibir apenas panorama do assunto até revisão humana.
1577114,Disposições Preliminares (arts. 1º a 4º da Lei nº 9.503/1997),subject_overview::disposicoes-preliminares-arts-1-a-4-da-lei-n-9-503-1997,subject_overview_fallback,fallback_by_assunto,"Sem evidência suficiente para microcard específico. Exibir apenas como panorama do assunto, nunca como regra que resolve a questão."
1820535,Disposições Preliminares (arts. 1º a 4º da Lei nº 9.503/1997),subject_overview::disposicoes-preliminares-arts-1-a-4-da-lei-n-9-503-1997,subject_overview_fallback,fallback_by_assunto,"Sem evidência suficiente para microcard específico. Exibir apenas como panorama do assunto, nunca como regra que resolve a questão."
542009,Do Cidadão e Educação para o Trânsito (arts 72 a 79 da Lei nº 9.503/1997),subject_overview::do-cidadao-e-educacao-para-o-transito-arts-72-a-79-da-lei-n-9-503-1997,subject_overview_fallback,fallback_by_assunto,"Sem evidência suficiente para microcard específico. Exibir apenas como panorama do assunto, nunca como regra que resolve a questão."
707039,Do Cidadão e Educação para o Trânsito (arts 72 a 79 da Lei nº 9.503/1997),ctb_snt_competencias_municipio_estado_uniao,specific_medium_precision,comment_or_subject_evidence_only,Vínculo por assunto + termos do enunciado/alternativas/comentário. Exibir como card principal somente se importador aceitar score e revisão. Termos fortes não apareceram no enunciado/alternativas; não exibir automaticamente no modo Estudar agora.
1100692,Do Cidadão e Educação para o Trânsito (arts 72 a 79 da Lei nº 9.503/1997),subject_overview::do-cidadao-e-educacao-para-o-transito-arts-72-a-79-da-lei-n-9-503-1997,subject_overview_fallback,fallback_by_assunto,"Sem evidência suficiente para microcard específico. Exibir apenas como panorama do assunto, nunca como regra que resolve a questão."
1401459,Do Cidadão e Educação para o Trânsito (arts 72 a 79 da Lei nº 9.503/1997),ctb_snt_competencias_municipio_estado_uniao,specific_medium_precision,comment_or_subject_evidence_only,Vínculo por assunto + termos do enunciado/alternativas/comentário. Exibir como card principal somente se importador aceitar score e revisão. Termos fortes não apareceram no enunciado/alternativas; não exibir automaticamente no modo Estudar agora.
1403010,Do Cidadão e Educação para o Trânsito (arts 72 a 79 da Lei nº 9.503/1997),ctb_snt_competencias_municipio_estado_uniao,specific_high_precision,comment_or_subject_evidence_only,Vínculo por assunto + termos do enunciado/alternativas/comentário. Exibir como card principal somente se importador aceitar score e revisão. Termos fortes não apareceram no enunciado/alternativas; não exibir automaticamente no modo Estudar agora.
1576597,Do Cidadão e Educação para o Trânsito (arts 72 a 79 da Lei nº 9.503/1997),subject_overview::do-cidadao-e-educacao-para-o-transito-arts-72-a-79-da-lei-n-9-503-1997,subject_overview_fallback,fallback_by_assunto,"Sem evidência suficiente para microcard específico. Exibir apenas como panorama do assunto, nunca como regra que resolve a questão."
1610954,Do Cidadão e Educação para o Trânsito (arts 72 a 79 da Lei nº 9.503/1997),subject_overview::do-cidadao-e-educacao-para-o-transito-arts-72-a-79-da-lei-n-9-503-1997,subject_overview_fallback,fallback_by_assunto,"Sem evidência suficiente para microcard específico. Exibir apenas como panorama do assunto, nunca como regra que resolve a questão."
2074014,Do Cidadão e Educação para o Trânsito (arts 72 a 79 da Lei nº 9.503/1997),subject_overview::do-cidadao-e-educacao-para-o-transito-arts-72-a-79-da-lei-n-9-503-1997,subject_overview_fallback,fallback_by_assunto,"Sem evidência suficiente para microcard específico. Exibir apenas como panorama do assunto, nunca como regra que resolve a questão."
112173,Do Licenciamento (arts. 130 e 135 da Lei nº 9.503/1997),ctb_licenciamento_crlv_digital,specific_high_precision,ambiguous_top_candidate,Vínculo por assunto + termos do enunciado/alternativas/comentário. Exibir como card principal somente se importador aceitar score e revisão.
344874,Do Licenciamento (arts. 130 e 135 da Lei nº 9.503/1997),ctb_documentos_crlv_porte,specific_high_precision,ambiguous_top_candidate,Vínculo por assunto + termos do enunciado/alternativas/comentário. Exibir como card principal somente se importador aceitar score e revisão.
823012,Do Licenciamento (arts. 130 e 135 da Lei nº 9.503/1997),ctb_documentos_crlv_porte,specific_high_precision,ambiguous_top_candidate,Vínculo por assunto + termos do enunciado/alternativas/comentário. Exibir como card principal somente se importador aceitar score e revisão.
848888,Do Licenciamento (arts. 130 e 135 da Lei nº 9.503/1997),subject_overview::do-licenciamento-arts-130-e-135-da-lei-n-9-503-1997,subject_overview_fallback,downgraded_weak_evidence,Vínculo específico rebaixado: a evidência era genérica/fraca. Exibir apenas panorama do assunto até revisão humana.
1521262,Do Licenciamento (arts. 130 e 135 da Lei nº 9.503/1997),subject_overview::do-licenciamento-arts-130-e-135-da-lei-n-9-503-1997,subject_overview_fallback,downgraded_weak_evidence,Vínculo específico rebaixado: a evidência era genérica/fraca. Exibir apenas panorama do assunto até revisão humana.
1521263,Do Licenciamento (arts. 130 e 135 da Lei nº 9.503/1997),subject_overview::do-licenciamento-arts-130-e-135-da-lei-n-9-503-1997,subject_overview_fallback,downgraded_weak_evidence,Vínculo específico rebaixado: a evidência era genérica/fraca. Exibir apenas panorama do assunto até revisão humana.
1521264,Do Licenciamento (arts. 130 e 135 da Lei nº 9.503/1997),subject_overview::do-licenciamento-arts-130-e-135-da-lei-n-9-503-1997,subject_overview_fallback,downgraded_weak_evidence,Vínculo específico rebaixado: a evidência era genérica/fraca. Exibir apenas panorama do assunto até revisão humana.
2017200,Do Licenciamento (arts. 130 e 135 da Lei nº 9.503/1997),ctb_documentos_crlv_porte,specific_high_precision,ambiguous_top_candidate,Vínculo por assunto + termos do enunciado/alternativas/comentário. Exibir como card principal somente se importador aceitar score e revisão.
2074210,Do Licenciamento (arts. 130 e 135 da Lei nº 9.503/1997),ctb_documentos_crlv_porte,specific_high_precision,ambiguous_top_candidate,Vínculo por assunto + termos do enunciado/alternativas/comentário. Exibir como card principal somente se importador aceitar score e revisão.
28039,Do Processo Administrativo (arts. 280 a 290 da Lei nº 9.503/1997),ctb_processo_recurso_jari_cetran,specific_high_precision,ambiguous_top_candidate,Vínculo por assunto + termos do enunciado/alternativas/comentário. Exibir como card principal somente se importador aceitar score e revisão.
1402654,Do Processo Administrativo (arts. 280 a 290 da Lei nº 9.503/1997),ctb_processo_ait,specific_high_precision,ambiguous_top_candidate,Vínculo por assunto + termos do enunciado/alternativas/comentário. Exibir como card principal somente se importador aceitar score e revisão.
1403512,Do Processo Administrativo (arts. 280 a 290 da Lei nº 9.503/1997),subject_overview::do-processo-administrativo-arts-280-a-290-da-lei-n-9-503-1997,subject_overview_fallback,fallback_by_assunto,"Sem evidência suficiente para microcard específico. Exibir apenas como panorama do assunto, nunca como regra que resolve a questão."
1403519,Do Processo Administrativo (arts. 280 a 290 da Lei nº 9.503/1997),ctb_processo_ait,specific_high_precision,ambiguous_top_candidate,Vínculo por assunto + termos do enunciado/alternativas/comentário. Exibir como card principal somente se importador aceitar score e revisão.
1576554,Do Processo Administrativo (arts. 280 a 290 da Lei nº 9.503/1997),ctb_processo_ait,specific_high_precision,ambiguous_top_candidate,Vínculo por assunto + termos do enunciado/alternativas/comentário. Exibir como card principal somente se importador aceitar score e revisão.
1577411,Do Processo Administrativo (arts. 280 a 290 da Lei nº 9.503/1997),ctb_processo_recurso_jari_cetran,specific_high_precision,ambiguous_top_candidate,Vínculo por assunto + termos do enunciado/alternativas/comentário. Exibir como card principal somente se importador aceitar score e revisão.
1577413,Do Processo Administrativo (arts. 280 a 290 da Lei nº 9.503/1997),ctb_processo_ait,specific_high_precision,ambiguous_top_candidate,Vínculo por assunto + termos do enunciado/alternativas/comentário. Exibir como card principal somente se importador aceitar score e revisão.
128221,Do Registro de Veículos (arts. 120 e 129-B da Lei nº 9.503/1997),subject_overview::do-registro-de-veiculos-arts-120-e-129-b-da-lei-n-9-503-1997,subject_overview_fallback,downgraded_weak_evidence,Vínculo específico rebaixado: a evidência era genérica/fraca. Exibir apenas panorama do assunto até revisão humana.
517837,Do Registro de Veículos (arts. 120 e 129-B da Lei nº 9.503/1997),subject_overview::do-registro-de-veiculos-arts-120-e-129-b-da-lei-n-9-503-1997,subject_overview_fallback,downgraded_weak_evidence,Vínculo específico rebaixado: a evidência era genérica/fraca. Exibir apenas panorama do assunto até revisão humana.
1144064,Do Registro de Veículos (arts. 120 e 129-B da Lei nº 9.503/1997),ctb_licenciamento_crlv_digital,specific_high_precision,ambiguous_top_candidate,Vínculo por assunto + termos do enunciado/alternativas/comentário. Exibir como card principal somente se importador aceitar score e revisão.
1200623,Do Registro de Veículos (arts. 120 e 129-B da Lei nº 9.503/1997),subject_overview::do-registro-de-veiculos-arts-120-e-129-b-da-lei-n-9-503-1997,subject_overview_fallback,downgraded_weak_evidence,Vínculo específico rebaixado: a evidência era genérica/fraca. Exibir apenas panorama do assunto até revisão humana.
1403192,Do Registro de Veículos (arts. 120 e 129-B da Lei nº 9.503/1997),subject_overview::do-registro-de-veiculos-arts-120-e-129-b-da-lei-n-9-503-1997,subject_overview_fallback,downgraded_weak_evidence,Vínculo específico rebaixado: a evidência era genérica/fraca. Exibir apenas panorama do assunto até revisão humana.
1505586,Do Registro de Veículos (arts. 120 e 129-B da Lei nº 9.503/1997),subject_overview::do-registro-de-veiculos-arts-120-e-129-b-da-lei-n-9-503-1997,subject_overview_fallback,downgraded_weak_evidence,Vínculo específico rebaixado: a evidência era genérica/fraca. Exibir apenas panorama do assunto até revisão humana.
1574045,Do Registro de Veículos (arts. 120 e 129-B da Lei nº 9.503/1997),subject_overview::do-registro-de-veiculos-arts-120-e-129-b-da-lei-n-9-503-1997,subject_overview_fallback,downgraded_weak_evidence,Vínculo específico rebaixado: a evidência era genérica/fraca. Exibir apenas panorama do assunto até revisão humana.
360696,Do Sistema Nacional de Trânsito (arts. 5º a 25 da Lei nº 9.503/1997),ctb_snt_competencias_municipio_estado_uniao,specific_medium_precision,comment_or_subject_evidence_only,Vínculo por assunto + termos do enunciado/alternativas/comentário. Exibir como card principal somente se importador aceitar score e revisão. Termos fortes não apareceram no enunciado/alternativas; não exibir automaticamente no modo Estudar agora.
1521211,Do Sistema Nacional de Trânsito (arts. 5º a 25 da Lei nº 9.503/1997),subject_overview::do-sistema-nacional-de-transito-arts-5-a-25-da-lei-n-9-503-1997,subject_overview_fallback,downgraded_weak_evidence,Vínculo específico rebaixado: a evidência era genérica/fraca. Exibir apenas panorama do assunto até revisão humana.
1521216,Do Sistema Nacional de Trânsito (arts. 5º a 25 da Lei nº 9.503/1997),subject_overview::do-sistema-nacional-de-transito-arts-5-a-25-da-lei-n-9-503-1997,subject_overview_fallback,downgraded_weak_evidence,Vínculo específico rebaixado: a evidência era genérica/fraca. Exibir apenas panorama do assunto até revisão humana.
1521220,Do Sistema Nacional de Trânsito (arts. 5º a 25 da Lei nº 9.503/1997),subject_overview::do-sistema-nacional-de-transito-arts-5-a-25-da-lei-n-9-503-1997,subject_overview_fallback,downgraded_weak_evidence,Vínculo específico rebaixado: a evidência era genérica/fraca. Exibir apenas panorama do assunto até revisão humana.
1525653,Do Sistema Nacional de Trânsito (arts. 5º a 25 da Lei nº 9.503/1997),subject_overview::do-sistema-nacional-de-transito-arts-5-a-25-da-lei-n-9-503-1997,subject_overview_fallback,fallback_by_assunto,"Sem evidência suficiente para microcard específico. Exibir apenas como panorama do assunto, nunca como regra que resolve a questão."
1573550,Do Sistema Nacional de Trânsito (arts. 5º a 25 da Lei nº 9.503/1997),subject_overview::do-sistema-nacional-de-transito-arts-5-a-25-da-lei-n-9-503-1997,subject_overview_fallback,fallback_by_assunto,"Sem evidência suficiente para microcard específico. Exibir apenas como panorama do assunto, nunca como regra que resolve a questão."
1577108,Do Sistema Nacional de Trânsito (arts. 5º a 25 da Lei nº 9.503/1997),ctb_snt_competencias_municipio_estado_uniao,specific_high_precision,comment_or_subject_evidence_only,Vínculo por assunto + termos do enunciado/alternativas/comentário. Exibir como card principal somente se importador aceitar score e revisão. Termos fortes não apareceram no enunciado/alternativas; não exibir automaticamente no modo Estudar agora.
1609842,Do Sistema Nacional de Trânsito (arts. 5º a 25 da Lei nº 9.503/1997),ctb_prf_competencias,specific_high_precision,ambiguous_top_candidate,Vínculo por assunto + termos do enunciado/alternativas/comentário. Exibir como card principal somente se importador aceitar score e revisão.
1619515,Do Sistema Nacional de Trânsito (arts. 5º a 25 da Lei nº 9.503/1997),ctb_snt_competencias_municipio_estado_uniao,specific_high_precision,ambiguous_top_candidate,Vínculo por assunto + termos do enunciado/alternativas/comentário. Exibir como card principal somente se importador aceitar score e revisão.
1905644,Do Sistema Nacional de Trânsito (arts. 5º a 25 da Lei nº 9.503/1997),ctb_veiculos_classificacao_especie_categoria,specific_high_precision,comment_or_subject_evidence_only,Vínculo por assunto + termos do enunciado/alternativas/comentário. Exibir como card principal somente se importador aceitar score e revisão. Termos fortes não apareceram no enunciado/alternativas; não exibir automaticamente no modo Estudar agora.
1295473,Dos Conceitos e Definições (Anexo I da Lei nº 9.503/1997),ctb_conceitos_anexo_i,specific_high_precision,ambiguous_top_candidate,Vínculo por assunto + termos do enunciado/alternativas/comentário. Exibir como card principal somente se importador aceitar score e revisão.
1400753,Dos Conceitos e Definições (Anexo I da Lei nº 9.503/1997),ctb_anexo_i_conceitos_basicos,specific_high_precision,ambiguous_top_candidate,Vínculo por assunto + termos do enunciado/alternativas/comentário. Exibir como card principal somente se importador aceitar score e revisão.
1577111,Dos Conceitos e Definições (Anexo I da Lei nº 9.503/1997),ctb_conceitos_anexo_i,specific_high_precision,ambiguous_top_candidate,Vínculo por assunto + termos do enunciado/alternativas/comentário. Exibir como card principal somente se importador aceitar score e revisão.
1724633,Dos Conceitos e Definições (Anexo I da Lei nº 9.503/1997),ctb_conceitos_anexo_i,specific_high_precision,ambiguous_top_candidate,Vínculo por assunto + termos do enunciado/alternativas/comentário. Exibir como card principal somente se importador aceitar score e revisão.
2063998,Dos Pedestres e Veículos Não-Motorizados (arts. 68 a 71 da Lei nº 9.503/1997),ctb_pedestres_prioridade,specific_high_precision,ambiguous_top_candidate,Vínculo por assunto + termos do enunciado/alternativas/comentário. Exibir como card principal somente se importador aceitar score e revisão.
27896,Dos Veículos (arts. 96 a 117 da Lei nº 9.503/1997),subject_overview::dos-veiculos-arts-96-a-117-da-lei-n-9-503-1997,subject_overview_fallback,fallback_by_assunto,"Sem evidência suficiente para microcard específico. Exibir apenas como panorama do assunto, nunca como regra que resolve a questão."
28069,Dos Veículos (arts. 96 a 117 da Lei nº 9.503/1997),contran_967_baixa_sinistro,specific_high_precision,ambiguous_top_candidate,Vínculo por assunto + termos do enunciado/alternativas/comentário. Exibir como card principal somente se importador aceitar score e revisão.
28102,Dos Veículos (arts. 96 a 117 da Lei nº 9.503/1997),ctb_veiculos_classificacao_especie_categoria,specific_high_precision,comment_or_subject_evidence_only,Vínculo por assunto + termos do enunciado/alternativas/comentário. Exibir como card principal somente se importador aceitar score e revisão. Termos fortes não apareceram no enunciado/alternativas; não exibir automaticamente no modo Estudar agora.
28218,Dos Veículos (arts. 96 a 117 da Lei nº 9.503/1997),subject_overview::dos-veiculos-arts-96-a-117-da-lei-n-9-503-1997,subject_overview_fallback,downgraded_weak_evidence,Vínculo específico rebaixado: a evidência era genérica/fraca. Exibir apenas panorama do assunto até revisão humana.
28219,Dos Veículos (arts. 96 a 117 da Lei nº 9.503/1997),subject_overview::dos-veiculos-arts-96-a-117-da-lei-n-9-503-1997,subject_overview_fallback,downgraded_weak_evidence,Vínculo específico rebaixado: a evidência era genérica/fraca. Exibir apenas panorama do assunto até revisão humana.
415845,Dos Veículos (arts. 96 a 117 da Lei nº 9.503/1997),subject_overview::dos-veiculos-arts-96-a-117-da-lei-n-9-503-1997,subject_overview_fallback,downgraded_weak_evidence,Vínculo específico rebaixado: a evidência era genérica/fraca. Exibir apenas panorama do assunto até revisão humana.
778181,Dos Veículos (arts. 96 a 117 da Lei nº 9.503/1997),ctb_veiculos_classificacao_especie_categoria,specific_high_precision,comment_or_subject_evidence_only,Vínculo por assunto + termos do enunciado/alternativas/comentário. Exibir como card principal somente se importador aceitar score e revisão. Termos fortes não apareceram no enunciado/alternativas; não exibir automaticamente no modo Estudar agora.
1032490,Dos Veículos (arts. 96 a 117 da Lei nº 9.503/1997),subject_overview::dos-veiculos-arts-96-a-117-da-lei-n-9-503-1997,subject_overview_fallback,downgraded_weak_evidence,Vínculo específico rebaixado: a evidência era genérica/fraca. Exibir apenas panorama do assunto até revisão humana.
1521257,Dos Veículos (arts. 96 a 117 da Lei nº 9.503/1997),ctb_veiculos_classificacao_especie_categoria,specific_high_precision,comment_or_subject_evidence_only,Vínculo por assunto + termos do enunciado/alternativas/comentário. Exibir como card principal somente se importador aceitar score e revisão. Termos fortes não apareceram no enunciado/alternativas; não exibir automaticamente no modo Estudar agora.
1521258,Dos Veículos (arts. 96 a 117 da Lei nº 9.503/1997),subject_overview::dos-veiculos-arts-96-a-117-da-lei-n-9-503-1997,subject_overview_fallback,fallback_by_assunto,"Sem evidência suficiente para microcard específico. Exibir apenas como panorama do assunto, nunca como regra que resolve a questão."
1574039,Dos Veículos (arts. 96 a 117 da Lei nº 9.503/1997),ctb_veiculos_classificacao_especie_categoria,specific_high_precision,comment_or_subject_evidence_only,Vínculo por assunto + termos do enunciado/alternativas/comentário. Exibir como card principal somente se importador aceitar score e revisão. Termos fortes não apareceram no enunciado/alternativas; não exibir automaticamente no modo Estudar agora.
1574040,Dos Veículos (arts. 96 a 117 da Lei nº 9.503/1997),subject_overview::dos-veiculos-arts-96-a-117-da-lei-n-9-503-1997,subject_overview_fallback,fallback_by_assunto,"Sem evidência suficiente para microcard específico. Exibir apenas como panorama do assunto, nunca como regra que resolve a questão."
1611235,Dos Veículos (arts. 96 a 117 da Lei nº 9.503/1997),subject_overview::dos-veiculos-arts-96-a-117-da-lei-n-9-503-1997,subject_overview_fallback,fallback_by_assunto,"Sem evidência suficiente para microcard específico. Exibir apenas como panorama do assunto, nunca como regra que resolve a questão."
2004441,Dos Veículos (arts. 96 a 117 da Lei nº 9.503/1997),ctb_veiculos_classificacao_especie_categoria,specific_high_precision,comment_or_subject_evidence_only,Vínculo por assunto + termos do enunciado/alternativas/comentário. Exibir como card principal somente se importador aceitar score e revisão. Termos fortes não apareceram no enunciado/alternativas; não exibir automaticamente no modo Estudar agora.
2066607,Dos Veículos (arts. 96 a 117 da Lei nº 9.503/1997),subject_overview::dos-veiculos-arts-96-a-117-da-lei-n-9-503-1997,subject_overview_fallback,downgraded_weak_evidence,Vínculo específico rebaixado: a evidência era genérica/fraca. Exibir apenas panorama do assunto até revisão humana.
2465554,Dos Veículos (arts. 96 a 117 da Lei nº 9.503/1997),subject_overview::dos-veiculos-arts-96-a-117-da-lei-n-9-503-1997,subject_overview_fallback,fallback_by_assunto,"Sem evidência suficiente para microcard específico. Exibir apenas como panorama do assunto, nunca como regra que resolve a questão."
300160,Dos Veículos em Circulação Internacional (arts. 118 e 119 da Lei nº 9.503/1997),subject_overview::dos-veiculos-em-circulacao-internacional-arts-118-e-119-da-lei-n-9-503-1997,subject_overview_fallback,fallback_by_assunto,"Sem evidência suficiente para microcard específico. Exibir apenas como panorama do assunto, nunca como regra que resolve a questão."
825154,Dos Veículos em Circulação Internacional (arts. 118 e 119 da Lei nº 9.503/1997),subject_overview::dos-veiculos-em-circulacao-internacional-arts-118-e-119-da-lei-n-9-503-1997,subject_overview_fallback,fallback_by_assunto,"Sem evidência suficiente para microcard específico. Exibir apenas como panorama do assunto, nunca como regra que resolve a questão."
1219576,Dos Veículos em Circulação Internacional (arts. 118 e 119 da Lei nº 9.503/1997),subject_overview::dos-veiculos-em-circulacao-internacional-arts-118-e-119-da-lei-n-9-503-1997,subject_overview_fallback,fallback_by_assunto,"Sem evidência suficiente para microcard específico. Exibir apenas como panorama do assunto, nunca como regra que resolve a questão."
1490466,Dos Veículos em Circulação Internacional (arts. 118 e 119 da Lei nº 9.503/1997),subject_overview::dos-veiculos-em-circulacao-internacional-arts-118-e-119-da-lei-n-9-503-1997,subject_overview_fallback,fallback_by_assunto,"Sem evidência suficiente para microcard específico. Exibir apenas como panorama do assunto, nunca como regra que resolve a questão."
1701323,Dos Veículos em Circulação Internacional (arts. 118 e 119 da Lei nº 9.503/1997),subject_overview::dos-veiculos-em-circulacao-internacional-arts-118-e-119-da-lei-n-9-503-1997,subject_overview_fallback,fallback_by_assunto,"Sem evidência suficiente para microcard específico. Exibir apenas como panorama do assunto, nunca como regra que resolve a questão."
1829616,Dos Veículos em Circulação Internacional (arts. 118 e 119 da Lei nº 9.503/1997),subject_overview::dos-veiculos-em-circulacao-internacional-arts-118-e-119-da-lei-n-9-503-1997,subject_overview_fallback,fallback_by_assunto,"Sem evidência suficiente para microcard específico. Exibir apenas como panorama do assunto, nunca como regra que resolve a questão."
1964700,Dos Veículos em Circulação Internacional (arts. 118 e 119 da Lei nº 9.503/1997),subject_overview::dos-veiculos-em-circulacao-internacional-arts-118-e-119-da-lei-n-9-503-1997,subject_overview_fallback,fallback_by_assunto,"Sem evidência suficiente para microcard específico. Exibir apenas como panorama do assunto, nunca como regra que resolve a questão."
2002416,Dos Veículos em Circulação Internacional (arts. 118 e 119 da Lei nº 9.503/1997),subject_overview::dos-veiculos-em-circulacao-internacional-arts-118-e-119-da-lei-n-9-503-1997,subject_overview_fallback,fallback_by_assunto,"Sem evidência suficiente para microcard específico. Exibir apenas como panorama do assunto, nunca como regra que resolve a questão."
2115654,Dos Veículos em Circulação Internacional (arts. 118 e 119 da Lei nº 9.503/1997),subject_overview::dos-veiculos-em-circulacao-internacional-arts-118-e-119-da-lei-n-9-503-1997,subject_overview_fallback,downgraded_weak_evidence,Vínculo específico rebaixado: a evidência era genérica/fraca. Exibir apenas panorama do assunto até revisão humana.
28097,"Engenharia de Tráfego, Operação, Fiscalização e Policiamento Ostensivo de Trânsito (arts. 91 a 95)",subject_overview::engenharia-de-trafego-operacao-fiscalizacao-e-policiamento-ostensivo-de-transito-arts-91-a,subject_overview_fallback,fallback_by_assunto,"Sem evidência suficiente para microcard específico. Exibir apenas como panorama do assunto, nunca como regra que resolve a questão."
479988,"Engenharia de Tráfego, Operação, Fiscalização e Policiamento Ostensivo de Trânsito (arts. 91 a 95)",subject_overview::engenharia-de-trafego-operacao-fiscalizacao-e-policiamento-ostensivo-de-transito-arts-91-a,subject_overview_fallback,fallback_by_assunto,"Sem evidência suficiente para microcard específico. Exibir apenas como panorama do assunto, nunca como regra que resolve a questão."
714609,"Engenharia de Tráfego, Operação, Fiscalização e Policiamento Ostensivo de Trânsito (arts. 91 a 95)",subject_overview::engenharia-de-trafego-operacao-fiscalizacao-e-policiamento-ostensivo-de-transito-arts-91-a,subject_overview_fallback,fallback_by_assunto,"Sem evidência suficiente para microcard específico. Exibir apenas como panorama do assunto, nunca como regra que resolve a questão."
754233,"Engenharia de Tráfego, Operação, Fiscalização e Policiamento Ostensivo de Trânsito (arts. 91 a 95)",subject_overview::engenharia-de-trafego-operacao-fiscalizacao-e-policiamento-ostensivo-de-transito-arts-91-a,subject_overview_fallback,fallback_by_assunto,"Sem evidência suficiente para microcard específico. Exibir apenas como panorama do assunto, nunca como regra que resolve a questão."
766974,"Engenharia de Tráfego, Operação, Fiscalização e Policiamento Ostensivo de Trânsito (arts. 91 a 95)",subject_overview::engenharia-de-trafego-operacao-fiscalizacao-e-policiamento-ostensivo-de-transito-arts-91-a,subject_overview_fallback,fallback_by_assunto,"Sem evidência suficiente para microcard específico. Exibir apenas como panorama do assunto, nunca como regra que resolve a questão."
810496,"Engenharia de Tráfego, Operação, Fiscalização e Policiamento Ostensivo de Trânsito (arts. 91 a 95)",subject_overview::engenharia-de-trafego-operacao-fiscalizacao-e-policiamento-ostensivo-de-transito-arts-91-a,subject_overview_fallback,fallback_by_assunto,"Sem evidência suficiente para microcard específico. Exibir apenas como panorama do assunto, nunca como regra que resolve a questão."
811089,"Engenharia de Tráfego, Operação, Fiscalização e Policiamento Ostensivo de Trânsito (arts. 91 a 95)",subject_overview::engenharia-de-trafego-operacao-fiscalizacao-e-policiamento-ostensivo-de-transito-arts-91-a,subject_overview_fallback,fallback_by_assunto,"Sem evidência suficiente para microcard específico. Exibir apenas como panorama do assunto, nunca como regra que resolve a questão."
920465,"Engenharia de Tráfego, Operação, Fiscalização e Policiamento Ostensivo de Trânsito (arts. 91 a 95)",subject_overview::engenharia-de-trafego-operacao-fiscalizacao-e-policiamento-ostensivo-de-transito-arts-91-a,subject_overview_fallback,fallback_by_assunto,"Sem evidência suficiente para microcard específico. Exibir apenas como panorama do assunto, nunca como regra que resolve a questão."
1144060,"Engenharia de Tráfego, Operação, Fiscalização e Policiamento Ostensivo de Trânsito (arts. 91 a 95)",subject_overview::engenharia-de-trafego-operacao-fiscalizacao-e-policiamento-ostensivo-de-transito-arts-91-a,subject_overview_fallback,fallback_by_assunto,"Sem evidência suficiente para microcard específico. Exibir apenas como panorama do assunto, nunca como regra que resolve a questão."
2450589,"Engenharia de Tráfego, Operação, Fiscalização e Policiamento Ostensivo de Trânsito (arts. 91 a 95)",subject_overview::engenharia-de-trafego-operacao-fiscalizacao-e-policiamento-ostensivo-de-transito-arts-91-a,subject_overview_fallback,fallback_by_assunto,"Sem evidência suficiente para microcard específico. Exibir apenas como panorama do assunto, nunca como regra que resolve a questão."
27907,Lei nº 9.654/1998 - Carreira do Policial Rodoviário,subject_overview::lei-n-9-654-1998-carreira-do-policial-rodoviario,subject_overview_fallback,fallback_by_assunto,"Sem evidência suficiente para microcard específico. Exibir apenas como panorama do assunto, nunca como regra que resolve a questão."
28341,Lei nº 9.654/1998 - Carreira do Policial Rodoviário,subject_overview::lei-n-9-654-1998-carreira-do-policial-rodoviario,subject_overview_fallback,fallback_by_assunto,"Sem evidência suficiente para microcard específico. Exibir apenas como panorama do assunto, nunca como regra que resolve a questão."
335825,Outros Temas da Legislação de Trânsito,subject_overview::outros-temas-da-legislacao-de-transito,subject_overview_fallback,fallback_by_assunto,"Sem evidência suficiente para microcard específico. Exibir apenas como panorama do assunto, nunca como regra que resolve a questão."
1403184,Outros Temas da Legislação de Trânsito,subject_overview::outros-temas-da-legislacao-de-transito,subject_overview_fallback,fallback_by_assunto,"Sem evidência suficiente para microcard específico. Exibir apenas como panorama do assunto, nunca como regra que resolve a questão."
1554673,Outros Temas da Legislação de Trânsito,subject_overview::outros-temas-da-legislacao-de-transito,subject_overview_fallback,fallback_by_assunto,"Sem evidência suficiente para microcard específico. Exibir apenas como panorama do assunto, nunca como regra que resolve a questão."
1874280,Outros Temas da Legislação de Trânsito,subject_overview::outros-temas-da-legislacao-de-transito,subject_overview_fallback,fallback_by_assunto,"Sem evidência suficiente para microcard específico. Exibir apenas como panorama do assunto, nunca como regra que resolve a questão."
2094149,Outros Temas da Legislação de Trânsito,subject_overview::outros-temas-da-legislacao-de-transito,subject_overview_fallback,fallback_by_assunto,"Sem evidência suficiente para microcard específico. Exibir apenas como panorama do assunto, nunca como regra que resolve a questão."
1090476,Resolução CONTRAN nº 1.017/2024 - Critérios para o Registro e Circulação em Vias Públicas de Tratores e Outros,subject_overview::resolucao-contran-n-1-017-2024-criterios-para-o-registro-e-circulacao-em-vias-publicas-de-,subject_overview_fallback,fallback_by_assunto,"Sem evidência suficiente para microcard específico. Exibir apenas como panorama do assunto, nunca como regra que resolve a questão."
1090481,Resolução CONTRAN nº 1.017/2024 - Critérios para o Registro e Circulação em Vias Públicas de Tratores e Outros,subject_overview::resolucao-contran-n-1-017-2024-criterios-para-o-registro-e-circulacao-em-vias-publicas-de-,subject_overview_fallback,downgraded_weak_evidence,Vínculo específico rebaixado: a evidência era genérica/fraca. Exibir apenas panorama do assunto até revisão humana.
1307217,Resolução CONTRAN nº 1.017/2024 - Critérios para o Registro e Circulação em Vias Públicas de Tratores e Outros,subject_overview::resolucao-contran-n-1-017-2024-criterios-para-o-registro-e-circulacao-em-vias-publicas-de-,subject_overview_fallback,fallback_by_assunto,"Sem evidência suficiente para microcard específico. Exibir apenas como panorama do assunto, nunca como regra que resolve a questão."
1503676,Resolução CONTRAN nº 24/1998 - Critério de Identificação de Veículos,subject_overview::resolucao-contran-n-24-1998-criterio-de-identificacao-de-veiculos,subject_overview_fallback,fallback_by_assunto,"Sem evidência suficiente para microcard específico. Exibir apenas como panorama do assunto, nunca como regra que resolve a questão."
1503684,Resolução CONTRAN nº 24/1998 - Critério de Identificação de Veículos,subject_overview::resolucao-contran-n-24-1998-criterio-de-identificacao-de-veiculos,subject_overview_fallback,fallback_by_assunto,"Sem evidência suficiente para microcard específico. Exibir apenas como panorama do assunto, nunca como regra que resolve a questão."
1503686,Resolução CONTRAN nº 24/1998 - Critério de Identificação de Veículos,subject_overview::resolucao-contran-n-24-1998-criterio-de-identificacao-de-veiculos,subject_overview_fallback,fallback_by_assunto,"Sem evidência suficiente para microcard específico. Exibir apenas como panorama do assunto, nunca como regra que resolve a questão."
28255,Resolução CONTRAN nº 26/1998 - Transporte de carga em veículo de transporte de passageiros,subject_overview::resolucao-contran-n-26-1998-transporte-de-carga-em-veiculo-de-transporte-de-passageiros,subject_overview_fallback,fallback_by_assunto,"Sem evidência suficiente para microcard específico. Exibir apenas como panorama do assunto, nunca como regra que resolve a questão."
551201,Resolução CONTRAN nº 26/1998 - Transporte de carga em veículo de transporte de passageiros,subject_overview::resolucao-contran-n-26-1998-transporte-de-carga-em-veiculo-de-transporte-de-passageiros,subject_overview_fallback,fallback_by_assunto,"Sem evidência suficiente para microcard específico. Exibir apenas como panorama do assunto, nunca como regra que resolve a questão."
1609823,Resolução CONTRAN nº 300/2008 - Proc. Adm. de Exames Pós-Condenação por Crime de Trânsito e Outros,contran_300_exames_crime_transito,specific_high_precision,comment_or_subject_evidence_only,Vínculo por assunto + termos do enunciado/alternativas/comentário. Exibir como card principal somente se importador aceitar score e revisão. Termos fortes não apareceram no enunciado/alternativas; não exibir automaticamente no modo Estudar agora.
2011882,Resolução CONTRAN nº 300/2008 - Proc. Adm. de Exames Pós-Condenação por Crime de Trânsito e Outros,contran_300_exames_crime_transito,specific_high_precision,comment_or_subject_evidence_only,Vínculo por assunto + termos do enunciado/alternativas/comentário. Exibir como card principal somente se importador aceitar score e revisão. Termos fortes não apareceram no enunciado/alternativas; não exibir automaticamente no modo Estudar agora.
2143096,Resolução CONTRAN nº 351/2010 - Procedimentos para Veiculação de Mensagens Educativas de Trânsito,ctb_snt_competencias_municipio_estado_uniao,specific_medium_precision,comment_or_subject_evidence_only,Vínculo por assunto + termos do enunciado/alternativas/comentário. Exibir como card principal somente se importador aceitar score e revisão. Termos fortes não apareceram no enunciado/alternativas; não exibir automaticamente no modo Estudar agora.
1052424,Resolução CONTRAN nº 36/1998 - Sinalização de Advertência para os veículos Estiverem Imobilizados,contran_36_triangulo_imobilizado,specific_high_precision,comment_or_subject_evidence_only,Vínculo por assunto + termos do enunciado/alternativas/comentário. Exibir como card principal somente se importador aceitar score e revisão. Termos fortes não apareceram no enunciado/alternativas; não exibir automaticamente no modo Estudar agora.
28258,Resolução CONTRAN nº 432/2013 - Consumo de Álcool ou de Outra Substância Psicoativa,contran_432_alcoolemia,specific_high_precision,comment_or_subject_evidence_only,Vínculo por assunto + termos do enunciado/alternativas/comentário. Exibir como card principal somente se importador aceitar score e revisão. Termos fortes não apareceram no enunciado/alternativas; não exibir automaticamente no modo Estudar agora.
254766,Resolução CONTRAN nº 508/2014 - Requisitos de Segurança para a Circulação de Veículo de Carga,contran_508_carga_indivisivel,specific_high_precision,comment_or_subject_evidence_only,Vínculo por assunto + termos do enunciado/alternativas/comentário. Exibir como card principal somente se importador aceitar score e revisão. Termos fortes não apareceram no enunciado/alternativas; não exibir automaticamente no modo Estudar agora.
624731,Resolução CONTRAN nº 508/2014 - Requisitos de Segurança para a Circulação de Veículo de Carga,contran_508_carga_indivisivel,specific_high_precision,ambiguous_top_candidate,Vínculo por assunto + termos do enunciado/alternativas/comentário. Exibir como card principal somente se importador aceitar score e revisão.
626008,Resolução CONTRAN nº 508/2014 - Requisitos de Segurança para a Circulação de Veículo de Carga,contran_508_carga_indivisivel,specific_high_precision,ambiguous_top_candidate,Vínculo por assunto + termos do enunciado/alternativas/comentário. Exibir como card principal somente se importador aceitar score e revisão.
816628,Resolução CONTRAN nº 508/2014 - Requisitos de Segurança para a Circulação de Veículo de Carga,contran_508_carga_indivisivel,specific_high_precision,comment_or_subject_evidence_only,Vínculo por assunto + termos do enunciado/alternativas/comentário. Exibir como card principal somente se importador aceitar score e revisão. Termos fortes não apareceram no enunciado/alternativas; não exibir automaticamente no modo Estudar agora.
1510575,Resolução CONTRAN nº 508/2014 - Requisitos de Segurança para a Circulação de Veículo de Carga,contran_508_carga_indivisivel,specific_high_precision,ambiguous_top_candidate,Vínculo por assunto + termos do enunciado/alternativas/comentário. Exibir como card principal somente se importador aceitar score e revisão.
1510576,Resolução CONTRAN nº 508/2014 - Requisitos de Segurança para a Circulação de Veículo de Carga,contran_508_carga_indivisivel,specific_high_precision,ambiguous_top_candidate,Vínculo por assunto + termos do enunciado/alternativas/comentário. Exibir como card principal somente se importador aceitar score e revisão.
1510577,Resolução CONTRAN nº 508/2014 - Requisitos de Segurança para a Circulação de Veículo de Carga,contran_508_carga_indivisivel,specific_high_precision,ambiguous_top_candidate,Vínculo por assunto + termos do enunciado/alternativas/comentário. Exibir como card principal somente se importador aceitar score e revisão.
1510579,Resolução CONTRAN nº 508/2014 - Requisitos de Segurança para a Circulação de Veículo de Carga,contran_508_carga_indivisivel,specific_high_precision,ambiguous_top_candidate,Vínculo por assunto + termos do enunciado/alternativas/comentário. Exibir como card principal somente se importador aceitar score e revisão.
1510580,Resolução CONTRAN nº 508/2014 - Requisitos de Segurança para a Circulação de Veículo de Carga,contran_508_carga_indivisivel,specific_high_precision,ambiguous_top_candidate,Vínculo por assunto + termos do enunciado/alternativas/comentário. Exibir como card principal somente se importador aceitar score e revisão.
1510581,Resolução CONTRAN nº 508/2014 - Requisitos de Segurança para a Circulação de Veículo de Carga,contran_508_carga_indivisivel,specific_high_precision,ambiguous_top_candidate,Vínculo por assunto + termos do enunciado/alternativas/comentário. Exibir como card principal somente se importador aceitar score e revisão.
1510582,Resolução CONTRAN nº 508/2014 - Requisitos de Segurança para a Circulação de Veículo de Carga,contran_508_carga_indivisivel,specific_high_precision,ambiguous_top_candidate,Vínculo por assunto + termos do enunciado/alternativas/comentário. Exibir como card principal somente se importador aceitar score e revisão.
1510583,Resolução CONTRAN nº 508/2014 - Requisitos de Segurança para a Circulação de Veículo de Carga,contran_508_carga_indivisivel,specific_high_precision,ambiguous_top_candidate,Vínculo por assunto + termos do enunciado/alternativas/comentário. Exibir como card principal somente se importador aceitar score e revisão.
1510584,Resolução CONTRAN nº 508/2014 - Requisitos de Segurança para a Circulação de Veículo de Carga,contran_508_carga_indivisivel,specific_high_precision,ambiguous_top_candidate,Vínculo por assunto + termos do enunciado/alternativas/comentário. Exibir como card principal somente se importador aceitar score e revisão.
1510585,Resolução CONTRAN nº 508/2014 - Requisitos de Segurança para a Circulação de Veículo de Carga,contran_508_carga_indivisivel,specific_high_precision,ambiguous_top_candidate,Vínculo por assunto + termos do enunciado/alternativas/comentário. Exibir como card principal somente se importador aceitar score e revisão.
1510587,Resolução CONTRAN nº 508/2014 - Requisitos de Segurança para a Circulação de Veículo de Carga,contran_508_carga_indivisivel,specific_high_precision,ambiguous_top_candidate,Vínculo por assunto + termos do enunciado/alternativas/comentário. Exibir como card principal somente se importador aceitar score e revisão.
1510589,Resolução CONTRAN nº 508/2014 - Requisitos de Segurança para a Circulação de Veículo de Carga,contran_508_carga_indivisivel,specific_high_precision,ambiguous_top_candidate,Vínculo por assunto + termos do enunciado/alternativas/comentário. Exibir como card principal somente se importador aceitar score e revisão.
1510594,Resolução CONTRAN nº 508/2014 - Requisitos de Segurança para a Circulação de Veículo de Carga,contran_508_carga_indivisivel,specific_high_precision,ambiguous_top_candidate,Vínculo por assunto + termos do enunciado/alternativas/comentário. Exibir como card principal somente se importador aceitar score e revisão.
1577995,Resolução CONTRAN nº 508/2014 - Requisitos de Segurança para a Circulação de Veículo de Carga,contran_508_carga_indivisivel,specific_high_precision,comment_or_subject_evidence_only,Vínculo por assunto + termos do enunciado/alternativas/comentário. Exibir como card principal somente se importador aceitar score e revisão. Termos fortes não apareceram no enunciado/alternativas; não exibir automaticamente no modo Estudar agora.
1611248,Resolução CONTRAN nº 508/2014 - Requisitos de Segurança para a Circulação de Veículo de Carga,contran_945_amarracao_carga,specific_high_precision,ambiguous_top_candidate,Vínculo por assunto + termos do enunciado/alternativas/comentário. Exibir como card principal somente se importador aceitar score e revisão.
480658,Resolução CONTRAN nº 514/2014 - Política Nacional de Trânsito,contran_514_politica_nacional_transito,specific_high_precision,ambiguous_top_candidate,Vínculo por assunto + termos do enunciado/alternativas/comentário. Exibir como card principal somente se importador aceitar score e revisão.
1611262,Resolução CONTRAN nº 525/2015 - Fiscalização do Tempo de Direção Profissional,contran_525_tempo_direcao,specific_high_precision,ambiguous_top_candidate,Vínculo por assunto + termos do enunciado/alternativas/comentário. Exibir como card principal somente se importador aceitar score e revisão.
624729,Resolução CONTRAN nº 573/2015 - Quadriciclos,subject_overview::resolucao-contran-n-573-2015-quadriciclos,subject_overview_fallback,fallback_by_assunto,"Sem evidência suficiente para microcard específico. Exibir apenas como panorama do assunto, nunca como regra que resolve a questão."
1042258,"Resolução CONTRAN nº 623/2016 - Remoção, Custódia e Leilão de Veículos Removidos e Recolhidos",contran_623_remocao_custodia_leilao,specific_high_precision,comment_or_subject_evidence_only,Vínculo por assunto + termos do enunciado/alternativas/comentário. Exibir como card principal somente se importador aceitar score e revisão. Termos fortes não apareceram no enunciado/alternativas; não exibir automaticamente no modo Estudar agora.
1501056,Resolução CONTRAN nº 723/2018 - Processo de suspensão e cassação do direito de dirigir,ctb_penalidades_suspensao_cassacao,specific_high_precision,ambiguous_top_candidate,Vínculo por assunto + termos do enunciado/alternativas/comentário. Exibir como card principal somente se importador aceitar score e revisão.
2179857,Resolução CONTRAN nº 723/2018 - Processo de suspensão e cassação do direito de dirigir,contran_723_suspensao_cassacao_proc,specific_high_precision,comment_or_subject_evidence_only,Vínculo por assunto + termos do enunciado/alternativas/comentário. Exibir como card principal somente se importador aceitar score e revisão. Termos fortes não apareceram no enunciado/alternativas; não exibir automaticamente no modo Estudar agora.
2179867,Resolução CONTRAN nº 723/2018 - Processo de suspensão e cassação do direito de dirigir,contran_723_suspensao_cassacao_proc,specific_high_precision,comment_or_subject_evidence_only,Vínculo por assunto + termos do enunciado/alternativas/comentário. Exibir como card principal somente se importador aceitar score e revisão. Termos fortes não apareceram no enunciado/alternativas; não exibir automaticamente no modo Estudar agora.
2179875,Resolução CONTRAN nº 723/2018 - Processo de suspensão e cassação do direito de dirigir,contran_723_suspensao_cassacao_proc,specific_high_precision,ambiguous_top_candidate,Vínculo por assunto + termos do enunciado/alternativas/comentário. Exibir como card principal somente se importador aceitar score e revisão.
2179877,Resolução CONTRAN nº 723/2018 - Processo de suspensão e cassação do direito de dirigir,contran_723_suspensao_cassacao_proc,specific_high_precision,comment_or_subject_evidence_only,Vínculo por assunto + termos do enunciado/alternativas/comentário. Exibir como card principal somente se importador aceitar score e revisão. Termos fortes não apareceram no enunciado/alternativas; não exibir automaticamente no modo Estudar agora.
1403547,Resolução CONTRAN nº 789/2020 - Formação de Condutores de Veículos Automotores e Elétricos,contran_789_1020_formacao_condutores,specific_high_precision,comment_or_subject_evidence_only,Vínculo por assunto + termos do enunciado/alternativas/comentário. Exibir como card principal somente se importador aceitar score e revisão. Termos fortes não apareceram no enunciado/alternativas; não exibir automaticamente no modo Estudar agora.
1403553,Resolução CONTRAN nº 789/2020 - Formação de Condutores de Veículos Automotores e Elétricos,contran_789_1020_formacao_condutores,specific_high_precision,comment_or_subject_evidence_only,Vínculo por assunto + termos do enunciado/alternativas/comentário. Exibir como card principal somente se importador aceitar score e revisão. Termos fortes não apareceram no enunciado/alternativas; não exibir automaticamente no modo Estudar agora.
1746316,Resolução CONTRAN nº 789/2020 - Formação de Condutores de Veículos Automotores e Elétricos,contran_789_1020_formacao_condutores,specific_high_precision,comment_or_subject_evidence_only,Vínculo por assunto + termos do enunciado/alternativas/comentário. Exibir como card principal somente se importador aceitar score e revisão. Termos fortes não apareceram no enunciado/alternativas; não exibir automaticamente no modo Estudar agora.
1768092,Resolução CONTRAN nº 789/2020 - Formação de Condutores de Veículos Automotores e Elétricos,contran_789_1020_formacao_condutores,specific_high_precision,comment_or_subject_evidence_only,Vínculo por assunto + termos do enunciado/alternativas/comentário. Exibir como card principal somente se importador aceitar score e revisão. Termos fortes não apareceram no enunciado/alternativas; não exibir automaticamente no modo Estudar agora.
174559,Resolução CONTRAN nº 798/2020 - Fiscalização de Velocidade,contran_798_velocidade,specific_high_precision,ambiguous_top_candidate,Vínculo por assunto + termos do enunciado/alternativas/comentário. Exibir como card principal somente se importador aceitar score e revisão.
1515928,Resolução CONTRAN nº 798/2020 - Fiscalização de Velocidade,ctb_infracoes_velocidade,specific_high_precision,ambiguous_top_candidate,Vínculo por assunto + termos do enunciado/alternativas/comentário. Exibir como card principal somente se importador aceitar score e revisão.
1515929,Resolução CONTRAN nº 798/2020 - Fiscalização de Velocidade,ctb_infracoes_velocidade,specific_high_precision,ambiguous_top_candidate,Vínculo por assunto + termos do enunciado/alternativas/comentário. Exibir como card principal somente se importador aceitar score e revisão.
1515932,Resolução CONTRAN nº 798/2020 - Fiscalização de Velocidade,ctb_infracoes_velocidade,specific_high_precision,ambiguous_top_candidate,Vínculo por assunto + termos do enunciado/alternativas/comentário. Exibir como card principal somente se importador aceitar score e revisão.
1515934,Resolução CONTRAN nº 798/2020 - Fiscalização de Velocidade,contran_798_velocidade,specific_high_precision,ambiguous_top_candidate,Vínculo por assunto + termos do enunciado/alternativas/comentário. Exibir como card principal somente se importador aceitar score e revisão.
1515935,Resolução CONTRAN nº 798/2020 - Fiscalização de Velocidade,ctb_infracoes_velocidade,specific_high_precision,ambiguous_top_candidate,Vínculo por assunto + termos do enunciado/alternativas/comentário. Exibir como card principal somente se importador aceitar score e revisão.
1611243,Resolução CONTRAN nº 798/2020 - Fiscalização de Velocidade,contran_798_velocidade,specific_high_precision,ambiguous_top_candidate,Vínculo por assunto + termos do enunciado/alternativas/comentário. Exibir como card principal somente se importador aceitar score e revisão.
1515958,Resolução CONTRAN nº 809/2020 - CRLV-e e ATPV-e,contran_809_crlve_atpve,specific_high_precision,comment_or_subject_evidence_only,Vínculo por assunto + termos do enunciado/alternativas/comentário. Exibir como card principal somente se importador aceitar score e revisão. Termos fortes não apareceram no enunciado/alternativas; não exibir automaticamente no modo Estudar agora.
1515959,Resolução CONTRAN nº 809/2020 - CRLV-e e ATPV-e,contran_809_crlve_atpve,specific_high_precision,comment_or_subject_evidence_only,Vínculo por assunto + termos do enunciado/alternativas/comentário. Exibir como card principal somente se importador aceitar score e revisão. Termos fortes não apareceram no enunciado/alternativas; não exibir automaticamente no modo Estudar agora.
1515960,Resolução CONTRAN nº 809/2020 - CRLV-e e ATPV-e,contran_809_crlve_atpve,specific_high_precision,comment_or_subject_evidence_only,Vínculo por assunto + termos do enunciado/alternativas/comentário. Exibir como card principal somente se importador aceitar score e revisão. Termos fortes não apareceram no enunciado/alternativas; não exibir automaticamente no modo Estudar agora.
1515962,Resolução CONTRAN nº 809/2020 - CRLV-e e ATPV-e,contran_809_crlve_atpve,specific_high_precision,comment_or_subject_evidence_only,Vínculo por assunto + termos do enunciado/alternativas/comentário. Exibir como card principal somente se importador aceitar score e revisão. Termos fortes não apareceram no enunciado/alternativas; não exibir automaticamente no modo Estudar agora.
1515969,Resolução CONTRAN nº 809/2020 - CRLV-e e ATPV-e,contran_809_crlve_atpve,specific_high_precision,comment_or_subject_evidence_only,Vínculo por assunto + termos do enunciado/alternativas/comentário. Exibir como card principal somente se importador aceitar score e revisão. Termos fortes não apareceram no enunciado/alternativas; não exibir automaticamente no modo Estudar agora.
1515974,Resolução CONTRAN nº 809/2020 - CRLV-e e ATPV-e,contran_809_crlve_atpve,specific_high_precision,comment_or_subject_evidence_only,Vínculo por assunto + termos do enunciado/alternativas/comentário. Exibir como card principal somente se importador aceitar score e revisão. Termos fortes não apareceram no enunciado/alternativas; não exibir automaticamente no modo Estudar agora.
1672917,Resolução CONTRAN nº 809/2020 - CRLV-e e ATPV-e,contran_809_crlve_atpve,specific_high_precision,comment_or_subject_evidence_only,Vínculo por assunto + termos do enunciado/alternativas/comentário. Exibir como card principal somente se importador aceitar score e revisão. Termos fortes não apareceram no enunciado/alternativas; não exibir automaticamente no modo Estudar agora.
1515977,Resolução CONTRAN nº 810/2020 - Classificação de Danos de Veículos Envolvidos em Acidentes e Outros,contran_967_baixa_sinistro,specific_high_precision,ambiguous_top_candidate,Vínculo por assunto + termos do enunciado/alternativas/comentário. Exibir como card principal somente se importador aceitar score e revisão.
1611247,Resolução CONTRAN nº 870/2021 - Plano Nacional de Redução de Mortes e Lesões no Trânsito (PNATRANS),contran_870_pnatrans_metas,specific_high_precision,comment_or_subject_evidence_only,Vínculo por assunto + termos do enunciado/alternativas/comentário. Exibir como card principal somente se importador aceitar score e revisão. Termos fortes não apareceram no enunciado/alternativas; não exibir automaticamente no modo Estudar agora.
778179,Resolução CONTRAN nº 882/2021 - Limites de Peso e Dimensões que Transitem por Vias Terrestres,contran_882_peso_dimensoes_limites,specific_high_precision,comment_or_subject_evidence_only,Vínculo por assunto + termos do enunciado/alternativas/comentário. Exibir como card principal somente se importador aceitar score e revisão. Termos fortes não apareceram no enunciado/alternativas; não exibir automaticamente no modo Estudar agora.
1504250,Resolução CONTRAN nº 882/2021 - Limites de Peso e Dimensões que Transitem por Vias Terrestres,contran_882_peso_dimensoes_limites,specific_high_precision,comment_or_subject_evidence_only,Vínculo por assunto + termos do enunciado/alternativas/comentário. Exibir como card principal somente se importador aceitar score e revisão. Termos fortes não apareceram no enunciado/alternativas; não exibir automaticamente no modo Estudar agora.
1504252,Resolução CONTRAN nº 882/2021 - Limites de Peso e Dimensões que Transitem por Vias Terrestres,contran_882_peso_dimensoes_limites,specific_high_precision,comment_or_subject_evidence_only,Vínculo por assunto + termos do enunciado/alternativas/comentário. Exibir como card principal somente se importador aceitar score e revisão. Termos fortes não apareceram no enunciado/alternativas; não exibir automaticamente no modo Estudar agora.
1504260,Resolução CONTRAN nº 882/2021 - Limites de Peso e Dimensões que Transitem por Vias Terrestres,contran_882_peso_dimensoes_limites,specific_high_precision,comment_or_subject_evidence_only,Vínculo por assunto + termos do enunciado/alternativas/comentário. Exibir como card principal somente se importador aceitar score e revisão. Termos fortes não apareceram no enunciado/alternativas; não exibir automaticamente no modo Estudar agora.
1504261,Resolução CONTRAN nº 882/2021 - Limites de Peso e Dimensões que Transitem por Vias Terrestres,contran_882_peso_dimensoes_limites,specific_high_precision,comment_or_subject_evidence_only,Vínculo por assunto + termos do enunciado/alternativas/comentário. Exibir como card principal somente se importador aceitar score e revisão. Termos fortes não apareceram no enunciado/alternativas; não exibir automaticamente no modo Estudar agora.
1504262,Resolução CONTRAN nº 882/2021 - Limites de Peso e Dimensões que Transitem por Vias Terrestres,contran_882_peso_dimensoes_limites,specific_high_precision,comment_or_subject_evidence_only,Vínculo por assunto + termos do enunciado/alternativas/comentário. Exibir como card principal somente se importador aceitar score e revisão. Termos fortes não apareceram no enunciado/alternativas; não exibir automaticamente no modo Estudar agora.
1504263,Resolução CONTRAN nº 882/2021 - Limites de Peso e Dimensões que Transitem por Vias Terrestres,contran_882_peso_dimensoes_limites,specific_high_precision,comment_or_subject_evidence_only,Vínculo por assunto + termos do enunciado/alternativas/comentário. Exibir como card principal somente se importador aceitar score e revisão. Termos fortes não apareceram no enunciado/alternativas; não exibir automaticamente no modo Estudar agora.
1504273,Resolução CONTRAN nº 882/2021 - Limites de Peso e Dimensões que Transitem por Vias Terrestres,contran_882_peso_dimensoes_limites,specific_high_precision,comment_or_subject_evidence_only,Vínculo por assunto + termos do enunciado/alternativas/comentário. Exibir como card principal somente se importador aceitar score e revisão. Termos fortes não apareceram no enunciado/alternativas; não exibir automaticamente no modo Estudar agora.
1504274,Resolução CONTRAN nº 882/2021 - Limites de Peso e Dimensões que Transitem por Vias Terrestres,contran_882_peso_dimensoes_limites,specific_high_precision,comment_or_subject_evidence_only,Vínculo por assunto + termos do enunciado/alternativas/comentário. Exibir como card principal somente se importador aceitar score e revisão. Termos fortes não apareceram no enunciado/alternativas; não exibir automaticamente no modo Estudar agora.
1504275,Resolução CONTRAN nº 882/2021 - Limites de Peso e Dimensões que Transitem por Vias Terrestres,contran_882_peso_dimensoes_limites,specific_high_precision,comment_or_subject_evidence_only,Vínculo por assunto + termos do enunciado/alternativas/comentário. Exibir como card principal somente se importador aceitar score e revisão. Termos fortes não apareceram no enunciado/alternativas; não exibir automaticamente no modo Estudar agora.
1504276,Resolução CONTRAN nº 882/2021 - Limites de Peso e Dimensões que Transitem por Vias Terrestres,contran_882_peso_dimensoes_limites,specific_high_precision,comment_or_subject_evidence_only,Vínculo por assunto + termos do enunciado/alternativas/comentário. Exibir como card principal somente se importador aceitar score e revisão. Termos fortes não apareceram no enunciado/alternativas; não exibir automaticamente no modo Estudar agora.
1504277,Resolução CONTRAN nº 882/2021 - Limites de Peso e Dimensões que Transitem por Vias Terrestres,contran_882_peso_dimensoes_limites,specific_high_precision,comment_or_subject_evidence_only,Vínculo por assunto + termos do enunciado/alternativas/comentário. Exibir como card principal somente se importador aceitar score e revisão. Termos fortes não apareceram no enunciado/alternativas; não exibir automaticamente no modo Estudar agora.
1504279,Resolução CONTRAN nº 882/2021 - Limites de Peso e Dimensões que Transitem por Vias Terrestres,contran_882_peso_dimensoes_limites,specific_high_precision,comment_or_subject_evidence_only,Vínculo por assunto + termos do enunciado/alternativas/comentário. Exibir como card principal somente se importador aceitar score e revisão. Termos fortes não apareceram no enunciado/alternativas; não exibir automaticamente no modo Estudar agora.
1504280,Resolução CONTRAN nº 882/2021 - Limites de Peso e Dimensões que Transitem por Vias Terrestres,contran_882_peso_dimensoes_limites,specific_high_precision,comment_or_subject_evidence_only,Vínculo por assunto + termos do enunciado/alternativas/comentário. Exibir como card principal somente se importador aceitar score e revisão. Termos fortes não apareceram no enunciado/alternativas; não exibir automaticamente no modo Estudar agora.
1504281,Resolução CONTRAN nº 882/2021 - Limites de Peso e Dimensões que Transitem por Vias Terrestres,contran_882_peso_dimensoes_limites,specific_high_precision,comment_or_subject_evidence_only,Vínculo por assunto + termos do enunciado/alternativas/comentário. Exibir como card principal somente se importador aceitar score e revisão. Termos fortes não apareceram no enunciado/alternativas; não exibir automaticamente no modo Estudar agora.
1508597,Resolução CONTRAN nº 882/2021 - Limites de Peso e Dimensões que Transitem por Vias Terrestres,contran_882_peso_dimensoes_limites,specific_high_precision,ambiguous_top_candidate,Vínculo por assunto + termos do enunciado/alternativas/comentário. Exibir como card principal somente se importador aceitar score e revisão.
1508598,Resolução CONTRAN nº 882/2021 - Limites de Peso e Dimensões que Transitem por Vias Terrestres,contran_882_peso_dimensoes_limites,specific_high_precision,ambiguous_top_candidate,Vínculo por assunto + termos do enunciado/alternativas/comentário. Exibir como card principal somente se importador aceitar score e revisão.
1515940,Resolução CONTRAN nº 882/2021 - Limites de Peso e Dimensões que Transitem por Vias Terrestres,contran_882_peso_dimensoes_limites,specific_high_precision,ambiguous_top_candidate,Vínculo por assunto + termos do enunciado/alternativas/comentário. Exibir como card principal somente se importador aceitar score e revisão.
916960,Resolução CONTRAN nº 911/2022 - Permissão para Trânsito de Veículos Novos e Usados Incompletos,contran_911_transito_veiculos_incompletos,specific_high_precision,comment_or_subject_evidence_only,Vínculo por assunto + termos do enunciado/alternativas/comentário. Exibir como card principal somente se importador aceitar score e revisão. Termos fortes não apareceram no enunciado/alternativas; não exibir automaticamente no modo Estudar agora.
1503652,Resolução CONTRAN nº 911/2022 - Permissão para Trânsito de Veículos Novos e Usados Incompletos,contran_911_transito_veiculos_incompletos,specific_high_precision,comment_or_subject_evidence_only,Vínculo por assunto + termos do enunciado/alternativas/comentário. Exibir como card principal somente se importador aceitar score e revisão. Termos fortes não apareceram no enunciado/alternativas; não exibir automaticamente no modo Estudar agora.
1503653,Resolução CONTRAN nº 911/2022 - Permissão para Trânsito de Veículos Novos e Usados Incompletos,contran_911_transito_veiculos_incompletos,specific_high_precision,comment_or_subject_evidence_only,Vínculo por assunto + termos do enunciado/alternativas/comentário. Exibir como card principal somente se importador aceitar score e revisão. Termos fortes não apareceram no enunciado/alternativas; não exibir automaticamente no modo Estudar agora.
1503654,Resolução CONTRAN nº 911/2022 - Permissão para Trânsito de Veículos Novos e Usados Incompletos,contran_911_transito_veiculos_incompletos,specific_high_precision,comment_or_subject_evidence_only,Vínculo por assunto + termos do enunciado/alternativas/comentário. Exibir como card principal somente se importador aceitar score e revisão. Termos fortes não apareceram no enunciado/alternativas; não exibir automaticamente no modo Estudar agora.
1503655,Resolução CONTRAN nº 911/2022 - Permissão para Trânsito de Veículos Novos e Usados Incompletos,ctb_veiculos_classificacao_especie_categoria,specific_high_precision,ambiguous_top_candidate,Vínculo por assunto + termos do enunciado/alternativas/comentário. Exibir como card principal somente se importador aceitar score e revisão.
1503659,Resolução CONTRAN nº 911/2022 - Permissão para Trânsito de Veículos Novos e Usados Incompletos,contran_911_transito_veiculos_incompletos,specific_high_precision,comment_or_subject_evidence_only,Vínculo por assunto + termos do enunciado/alternativas/comentário. Exibir como card principal somente se importador aceitar score e revisão. Termos fortes não apareceram no enunciado/alternativas; não exibir automaticamente no modo Estudar agora.
1503660,Resolução CONTRAN nº 911/2022 - Permissão para Trânsito de Veículos Novos e Usados Incompletos,contran_911_transito_veiculos_incompletos,specific_high_precision,comment_or_subject_evidence_only,Vínculo por assunto + termos do enunciado/alternativas/comentário. Exibir como card principal somente se importador aceitar score e revisão. Termos fortes não apareceram no enunciado/alternativas; não exibir automaticamente no modo Estudar agora.
27881,Resolução CONTRAN nº 918/2022 - Procedimentos para Aplicação de Multas por Infrações,ctb_processo_ait,specific_high_precision,ambiguous_top_candidate,Vínculo por assunto + termos do enunciado/alternativas/comentário. Exibir como card principal somente se importador aceitar score e revisão.
778191,Resolução CONTRAN nº 918/2022 - Procedimentos para Aplicação de Multas por Infrações,ctb_processo_ait,specific_high_precision,ambiguous_top_candidate,Vínculo por assunto + termos do enunciado/alternativas/comentário. Exibir como card principal somente se importador aceitar score e revisão.
1402647,Resolução CONTRAN nº 918/2022 - Procedimentos para Aplicação de Multas por Infrações,ctb_processo_ait,specific_high_precision,ambiguous_top_candidate,Vínculo por assunto + termos do enunciado/alternativas/comentário. Exibir como card principal somente se importador aceitar score e revisão.
1402652,Resolução CONTRAN nº 918/2022 - Procedimentos para Aplicação de Multas por Infrações,ctb_processo_ait,specific_high_precision,ambiguous_top_candidate,Vínculo por assunto + termos do enunciado/alternativas/comentário. Exibir como card principal somente se importador aceitar score e revisão.
366792,"Resolução CONTRAN nº 927/2022 - Exame de Aptidão, Avaliação Psicológica e Credenciamento",contran_927_exames_aptidao_psicologico,specific_high_precision,comment_or_subject_evidence_only,Vínculo por assunto + termos do enunciado/alternativas/comentário. Exibir como card principal somente se importador aceitar score e revisão. Termos fortes não apareceram no enunciado/alternativas; não exibir automaticamente no modo Estudar agora.
876212,"Resolução CONTRAN nº 927/2022 - Exame de Aptidão, Avaliação Psicológica e Credenciamento",contran_927_exames_aptidao_psicologico,specific_high_precision,comment_or_subject_evidence_only,Vínculo por assunto + termos do enunciado/alternativas/comentário. Exibir como card principal somente se importador aceitar score e revisão. Termos fortes não apareceram no enunciado/alternativas; não exibir automaticamente no modo Estudar agora.
876214,"Resolução CONTRAN nº 927/2022 - Exame de Aptidão, Avaliação Psicológica e Credenciamento",contran_927_exames_aptidao_psicologico,specific_high_precision,comment_or_subject_evidence_only,Vínculo por assunto + termos do enunciado/alternativas/comentário. Exibir como card principal somente se importador aceitar score e revisão. Termos fortes não apareceram no enunciado/alternativas; não exibir automaticamente no modo Estudar agora.
1201305,"Resolução CONTRAN nº 927/2022 - Exame de Aptidão, Avaliação Psicológica e Credenciamento",contran_927_exames_aptidao_psicologico,specific_high_precision,comment_or_subject_evidence_only,Vínculo por assunto + termos do enunciado/alternativas/comentário. Exibir como card principal somente se importador aceitar score e revisão. Termos fortes não apareceram no enunciado/alternativas; não exibir automaticamente no modo Estudar agora.
1255318,"Resolução CONTRAN nº 927/2022 - Exame de Aptidão, Avaliação Psicológica e Credenciamento",contran_927_exames_aptidao_psicologico,specific_high_precision,comment_or_subject_evidence_only,Vínculo por assunto + termos do enunciado/alternativas/comentário. Exibir como card principal somente se importador aceitar score e revisão. Termos fortes não apareceram no enunciado/alternativas; não exibir automaticamente no modo Estudar agora.
1700071,"Resolução CONTRAN nº 927/2022 - Exame de Aptidão, Avaliação Psicológica e Credenciamento",ctb_habilitacao_curso_reciclagem,specific_high_precision,ambiguous_top_candidate,Vínculo por assunto + termos do enunciado/alternativas/comentário. Exibir como card principal somente se importador aceitar score e revisão.
2102643,"Resolução CONTRAN nº 927/2022 - Exame de Aptidão, Avaliação Psicológica e Credenciamento",contran_927_exames_aptidao_psicologico,specific_high_precision,comment_or_subject_evidence_only,Vínculo por assunto + termos do enunciado/alternativas/comentário. Exibir como card principal somente se importador aceitar score e revisão. Termos fortes não apareceram no enunciado/alternativas; não exibir automaticamente no modo Estudar agora.
1829631,Resolução CONTRAN nº 941/2022 - Prestação dos Serviços de Vistoria Veicular,contran_24_968_identificacao_chassi_vin,specific_high_precision,ambiguous_top_candidate,Vínculo por assunto + termos do enunciado/alternativas/comentário. Exibir como card principal somente se importador aceitar score e revisão.
2178263,Resolução CONTRAN nº 941/2022 - Prestação dos Serviços de Vistoria Veicular,contran_941_vistoria,specific_high_precision,ambiguous_top_candidate,Vínculo por assunto + termos do enunciado/alternativas/comentário. Exibir como card principal somente se importador aceitar score e revisão.
2179913,Resolução CONTRAN nº 941/2022 - Prestação dos Serviços de Vistoria Veicular,contran_24_968_identificacao_chassi_vin,specific_high_precision,ambiguous_top_candidate,Vínculo por assunto + termos do enunciado/alternativas/comentário. Exibir como card principal somente se importador aceitar score e revisão.
28260,Resolução CONTRAN nº 960/2022 - Requisitos de Segurança de Vidros e Outros,contran_960_transmitancia,specific_high_precision,ambiguous_top_candidate,Vínculo por assunto + termos do enunciado/alternativas/comentário. Exibir como card principal somente se importador aceitar score e revisão.
810716,Resolução CONTRAN nº 965/2022 - Áreas de Segurança e de Estacionamento Específicos de Veículos,contran_965_estacionamento_especifico,specific_high_precision,comment_or_subject_evidence_only,Vínculo por assunto + termos do enunciado/alternativas/comentário. Exibir como card principal somente se importador aceitar score e revisão. Termos fortes não apareceram no enunciado/alternativas; não exibir automaticamente no modo Estudar agora.
1119056,Resolução CONTRAN nº 965/2022 - Áreas de Segurança e de Estacionamento Específicos de Veículos,contran_965_estacionamento_especifico,specific_high_precision,comment_or_subject_evidence_only,Vínculo por assunto + termos do enunciado/alternativas/comentário. Exibir como card principal somente se importador aceitar score e revisão. Termos fortes não apareceram no enunciado/alternativas; não exibir automaticamente no modo Estudar agora.
1444785,Resolução CONTRAN nº 965/2022 - Áreas de Segurança e de Estacionamento Específicos de Veículos,contran_965_estacionamento_especifico,specific_high_precision,comment_or_subject_evidence_only,Vínculo por assunto + termos do enunciado/alternativas/comentário. Exibir como card principal somente se importador aceitar score e revisão. Termos fortes não apareceram no enunciado/alternativas; não exibir automaticamente no modo Estudar agora.
28259,Resolução CONTRAN nº 967/2022 - Critérios para a Baixa do Registro de Veículos,ctb_baixa_veiculo_irrecuperavel,specific_high_precision,ambiguous_top_candidate,Vínculo por assunto + termos do enunciado/alternativas/comentário. Exibir como card principal somente se importador aceitar score e revisão.
300166,Resolução CONTRAN nº 967/2022 - Critérios para a Baixa do Registro de Veículos,contran_967_baixa_sinistro,specific_high_precision,ambiguous_top_candidate,Vínculo por assunto + termos do enunciado/alternativas/comentário. Exibir como card principal somente se importador aceitar score e revisão.
876890,Resolução CONTRAN nº 967/2022 - Critérios para a Baixa do Registro de Veículos,contran_967_baixa_sinistro,specific_high_precision,ambiguous_top_candidate,Vínculo por assunto + termos do enunciado/alternativas/comentário. Exibir como card principal somente se importador aceitar score e revisão.
2002325,Resolução CONTRAN nº 967/2022 - Critérios para a Baixa do Registro de Veículos,ctb_baixa_veiculo_irrecuperavel,specific_high_precision,ambiguous_top_candidate,Vínculo por assunto + termos do enunciado/alternativas/comentário. Exibir como card principal somente se importador aceitar score e revisão.
2074094,Resolução CONTRAN nº 967/2022 - Critérios para a Baixa do Registro de Veículos,contran_967_baixa_sinistro,specific_high_precision,ambiguous_top_candidate,Vínculo por assunto + termos do enunciado/alternativas/comentário. Exibir como card principal somente se importador aceitar score e revisão.
2178115,Resolução CONTRAN nº 967/2022 - Critérios para a Baixa do Registro de Veículos,contran_967_baixa_sinistro,specific_high_precision,ambiguous_top_candidate,Vínculo por assunto + termos do enunciado/alternativas/comentário. Exibir como card principal somente se importador aceitar score e revisão.
2178116,Resolução CONTRAN nº 967/2022 - Critérios para a Baixa do Registro de Veículos,contran_24_968_identificacao_chassi_vin,specific_high_precision,comment_or_subject_evidence_only,Vínculo por assunto + termos do enunciado/alternativas/comentário. Exibir como card principal somente se importador aceitar score e revisão. Termos fortes não apareceram no enunciado/alternativas; não exibir automaticamente no modo Estudar agora.
2178133,Resolução CONTRAN nº 967/2022 - Critérios para a Baixa do Registro de Veículos,contran_967_baixa_sinistro,specific_high_precision,ambiguous_top_candidate,Vínculo por assunto + termos do enunciado/alternativas/comentário. Exibir como card principal somente se importador aceitar score e revisão.
2178134,Resolução CONTRAN nº 967/2022 - Critérios para a Baixa do Registro de Veículos,contran_967_baixa_sinistro,specific_high_precision,ambiguous_top_candidate,Vínculo por assunto + termos do enunciado/alternativas/comentário. Exibir como card principal somente se importador aceitar score e revisão.
2178135,Resolução CONTRAN nº 967/2022 - Critérios para a Baixa do Registro de Veículos,contran_967_baixa_sinistro,specific_high_precision,ambiguous_top_candidate,Vínculo por assunto + termos do enunciado/alternativas/comentário. Exibir como card principal somente se importador aceitar score e revisão.
2178137,Resolução CONTRAN nº 967/2022 - Critérios para a Baixa do Registro de Veículos,contran_967_baixa_sinistro,specific_high_precision,ambiguous_top_candidate,Vínculo por assunto + termos do enunciado/alternativas/comentário. Exibir como card principal somente se importador aceitar score e revisão.
2178138,Resolução CONTRAN nº 967/2022 - Critérios para a Baixa do Registro de Veículos,contran_967_baixa_sinistro,specific_high_precision,ambiguous_top_candidate,Vínculo por assunto + termos do enunciado/alternativas/comentário. Exibir como card principal somente se importador aceitar score e revisão.
2178139,Resolução CONTRAN nº 967/2022 - Critérios para a Baixa do Registro de Veículos,subject_overview::resolucao-contran-n-967-2022-criterios-para-a-baixa-do-registro-de-veiculos,subject_overview_fallback,downgraded_weak_evidence,Vínculo específico rebaixado: a evidência era genérica/fraca. Exibir apenas panorama do assunto até revisão humana.
2465723,Resolução CONTRAN nº 973/2022 - Institui o Regulamento de Sinalização Viária,subject_overview::resolucao-contran-n-973-2022-institui-o-regulamento-de-sinalizacao-viaria,subject_overview_fallback,fallback_by_assunto,"Sem evidência suficiente para microcard específico. Exibir apenas como panorama do assunto, nunca como regra que resolve a questão."
305790,Resolução CONTRAN nº 985/2022 - Manual Brasileiro de Fiscalização de Trânsito,subject_overview::resolucao-contran-n-985-2022-manual-brasileiro-de-fiscalizacao-de-transito,subject_overview_fallback,fallback_by_assunto,"Sem evidência suficiente para microcard específico. Exibir apenas como panorama do assunto, nunca como regra que resolve a questão."
332619,Resolução CONTRAN nº 985/2022 - Manual Brasileiro de Fiscalização de Trânsito,subject_overview::resolucao-contran-n-985-2022-manual-brasileiro-de-fiscalizacao-de-transito,subject_overview_fallback,fallback_by_assunto,"Sem evidência suficiente para microcard específico. Exibir apenas como panorama do assunto, nunca como regra que resolve a questão."
333410,Resolução CONTRAN nº 985/2022 - Manual Brasileiro de Fiscalização de Trânsito,subject_overview::resolucao-contran-n-985-2022-manual-brasileiro-de-fiscalizacao-de-transito,subject_overview_fallback,fallback_by_assunto,"Sem evidência suficiente para microcard específico. Exibir apenas como panorama do assunto, nunca como regra que resolve a questão."
333419,Resolução CONTRAN nº 985/2022 - Manual Brasileiro de Fiscalização de Trânsito,subject_overview::resolucao-contran-n-985-2022-manual-brasileiro-de-fiscalizacao-de-transito,subject_overview_fallback,fallback_by_assunto,"Sem evidência suficiente para microcard específico. Exibir apenas como panorama do assunto, nunca como regra que resolve a questão."
333429,Resolução CONTRAN nº 985/2022 - Manual Brasileiro de Fiscalização de Trânsito,subject_overview::resolucao-contran-n-985-2022-manual-brasileiro-de-fiscalizacao-de-transito,subject_overview_fallback,fallback_by_assunto,"Sem evidência suficiente para microcard específico. Exibir apenas como panorama do assunto, nunca como regra que resolve a questão."
496545,Resolução CONTRAN nº 985/2022 - Manual Brasileiro de Fiscalização de Trânsito,subject_overview::resolucao-contran-n-985-2022-manual-brasileiro-de-fiscalizacao-de-transito,subject_overview_fallback,fallback_by_assunto,"Sem evidência suficiente para microcard específico. Exibir apenas como panorama do assunto, nunca como regra que resolve a questão."
496546,Resolução CONTRAN nº 985/2022 - Manual Brasileiro de Fiscalização de Trânsito,subject_overview::resolucao-contran-n-985-2022-manual-brasileiro-de-fiscalizacao-de-transito,subject_overview_fallback,fallback_by_assunto,"Sem evidência suficiente para microcard específico. Exibir apenas como panorama do assunto, nunca como regra que resolve a questão."
517809,Resolução CONTRAN nº 985/2022 - Manual Brasileiro de Fiscalização de Trânsito,subject_overview::resolucao-contran-n-985-2022-manual-brasileiro-de-fiscalizacao-de-transito,subject_overview_fallback,fallback_by_assunto,"Sem evidência suficiente para microcard específico. Exibir apenas como panorama do assunto, nunca como regra que resolve a questão."
626006,Resolução CONTRAN nº 985/2022 - Manual Brasileiro de Fiscalização de Trânsito,subject_overview::resolucao-contran-n-985-2022-manual-brasileiro-de-fiscalizacao-de-transito,subject_overview_fallback,fallback_by_assunto,"Sem evidência suficiente para microcard específico. Exibir apenas como panorama do assunto, nunca como regra que resolve a questão."
752509,Resolução CONTRAN nº 985/2022 - Manual Brasileiro de Fiscalização de Trânsito,subject_overview::resolucao-contran-n-985-2022-manual-brasileiro-de-fiscalizacao-de-transito,subject_overview_fallback,fallback_by_assunto,"Sem evidência suficiente para microcard específico. Exibir apenas como panorama do assunto, nunca como regra que resolve a questão."
801655,Resolução CONTRAN nº 985/2022 - Manual Brasileiro de Fiscalização de Trânsito,subject_overview::resolucao-contran-n-985-2022-manual-brasileiro-de-fiscalizacao-de-transito,subject_overview_fallback,fallback_by_assunto,"Sem evidência suficiente para microcard específico. Exibir apenas como panorama do assunto, nunca como regra que resolve a questão."
801665,Resolução CONTRAN nº 985/2022 - Manual Brasileiro de Fiscalização de Trânsito,subject_overview::resolucao-contran-n-985-2022-manual-brasileiro-de-fiscalizacao-de-transito,subject_overview_fallback,fallback_by_assunto,"Sem evidência suficiente para microcard específico. Exibir apenas como panorama do assunto, nunca como regra que resolve a questão."
801666,Resolução CONTRAN nº 985/2022 - Manual Brasileiro de Fiscalização de Trânsito,subject_overview::resolucao-contran-n-985-2022-manual-brasileiro-de-fiscalizacao-de-transito,subject_overview_fallback,fallback_by_assunto,"Sem evidência suficiente para microcard específico. Exibir apenas como panorama do assunto, nunca como regra que resolve a questão."
801667,Resolução CONTRAN nº 985/2022 - Manual Brasileiro de Fiscalização de Trânsito,subject_overview::resolucao-contran-n-985-2022-manual-brasileiro-de-fiscalizacao-de-transito,subject_overview_fallback,fallback_by_assunto,"Sem evidência suficiente para microcard específico. Exibir apenas como panorama do assunto, nunca como regra que resolve a questão."
820237,Resolução CONTRAN nº 985/2022 - Manual Brasileiro de Fiscalização de Trânsito,subject_overview::resolucao-contran-n-985-2022-manual-brasileiro-de-fiscalizacao-de-transito,subject_overview_fallback,fallback_by_assunto,"Sem evidência suficiente para microcard específico. Exibir apenas como panorama do assunto, nunca como regra que resolve a questão."
859913,Resolução CONTRAN nº 985/2022 - Manual Brasileiro de Fiscalização de Trânsito,subject_overview::resolucao-contran-n-985-2022-manual-brasileiro-de-fiscalizacao-de-transito,subject_overview_fallback,fallback_by_assunto,"Sem evidência suficiente para microcard específico. Exibir apenas como panorama do assunto, nunca como regra que resolve a questão."
859917,Resolução CONTRAN nº 985/2022 - Manual Brasileiro de Fiscalização de Trânsito,subject_overview::resolucao-contran-n-985-2022-manual-brasileiro-de-fiscalizacao-de-transito,subject_overview_fallback,fallback_by_assunto,"Sem evidência suficiente para microcard específico. Exibir apenas como panorama do assunto, nunca como regra que resolve a questão."
859918,Resolução CONTRAN nº 985/2022 - Manual Brasileiro de Fiscalização de Trânsito,subject_overview::resolucao-contran-n-985-2022-manual-brasileiro-de-fiscalizacao-de-transito,subject_overview_fallback,downgraded_weak_evidence,Vínculo específico rebaixado: a evidência era genérica/fraca. Exibir apenas panorama do assunto até revisão humana.
859919,Resolução CONTRAN nº 985/2022 - Manual Brasileiro de Fiscalização de Trânsito,subject_overview::resolucao-contran-n-985-2022-manual-brasileiro-de-fiscalizacao-de-transito,subject_overview_fallback,downgraded_weak_evidence,Vínculo específico rebaixado: a evidência era genérica/fraca. Exibir apenas panorama do assunto até revisão humana.
904806,Resolução CONTRAN nº 985/2022 - Manual Brasileiro de Fiscalização de Trânsito,subject_overview::resolucao-contran-n-985-2022-manual-brasileiro-de-fiscalizacao-de-transito,subject_overview_fallback,fallback_by_assunto,"Sem evidência suficiente para microcard específico. Exibir apenas como panorama do assunto, nunca como regra que resolve a questão."
912589,Resolução CONTRAN nº 985/2022 - Manual Brasileiro de Fiscalização de Trânsito,subject_overview::resolucao-contran-n-985-2022-manual-brasileiro-de-fiscalizacao-de-transito,subject_overview_fallback,fallback_by_assunto,"Sem evidência suficiente para microcard específico. Exibir apenas como panorama do assunto, nunca como regra que resolve a questão."
912591,Resolução CONTRAN nº 985/2022 - Manual Brasileiro de Fiscalização de Trânsito,subject_overview::resolucao-contran-n-985-2022-manual-brasileiro-de-fiscalizacao-de-transito,subject_overview_fallback,fallback_by_assunto,"Sem evidência suficiente para microcard específico. Exibir apenas como panorama do assunto, nunca como regra que resolve a questão."
937716,Resolução CONTRAN nº 985/2022 - Manual Brasileiro de Fiscalização de Trânsito,subject_overview::resolucao-contran-n-985-2022-manual-brasileiro-de-fiscalizacao-de-transito,subject_overview_fallback,fallback_by_assunto,"Sem evidência suficiente para microcard específico. Exibir apenas como panorama do assunto, nunca como regra que resolve a questão."
937717,Resolução CONTRAN nº 985/2022 - Manual Brasileiro de Fiscalização de Trânsito,subject_overview::resolucao-contran-n-985-2022-manual-brasileiro-de-fiscalizacao-de-transito,subject_overview_fallback,fallback_by_assunto,"Sem evidência suficiente para microcard específico. Exibir apenas como panorama do assunto, nunca como regra que resolve a questão."
937721,Resolução CONTRAN nº 985/2022 - Manual Brasileiro de Fiscalização de Trânsito,subject_overview::resolucao-contran-n-985-2022-manual-brasileiro-de-fiscalizacao-de-transito,subject_overview_fallback,downgraded_weak_evidence,Vínculo específico rebaixado: a evidência era genérica/fraca. Exibir apenas panorama do assunto até revisão humana.
937722,Resolução CONTRAN nº 985/2022 - Manual Brasileiro de Fiscalização de Trânsito,subject_overview::resolucao-contran-n-985-2022-manual-brasileiro-de-fiscalizacao-de-transito,subject_overview_fallback,fallback_by_assunto,"Sem evidência suficiente para microcard específico. Exibir apenas como panorama do assunto, nunca como regra que resolve a questão."
937723,Resolução CONTRAN nº 985/2022 - Manual Brasileiro de Fiscalização de Trânsito,subject_overview::resolucao-contran-n-985-2022-manual-brasileiro-de-fiscalizacao-de-transito,subject_overview_fallback,fallback_by_assunto,"Sem evidência suficiente para microcard específico. Exibir apenas como panorama do assunto, nunca como regra que resolve a questão."
937770,Resolução CONTRAN nº 985/2022 - Manual Brasileiro de Fiscalização de Trânsito,subject_overview::resolucao-contran-n-985-2022-manual-brasileiro-de-fiscalizacao-de-transito,subject_overview_fallback,fallback_by_assunto,"Sem evidência suficiente para microcard específico. Exibir apenas como panorama do assunto, nunca como regra que resolve a questão."
948610,Resolução CONTRAN nº 985/2022 - Manual Brasileiro de Fiscalização de Trânsito,subject_overview::resolucao-contran-n-985-2022-manual-brasileiro-de-fiscalizacao-de-transito,subject_overview_fallback,fallback_by_assunto,"Sem evidência suficiente para microcard específico. Exibir apenas como panorama do assunto, nunca como regra que resolve a questão."
952629,Resolução CONTRAN nº 985/2022 - Manual Brasileiro de Fiscalização de Trânsito,subject_overview::resolucao-contran-n-985-2022-manual-brasileiro-de-fiscalizacao-de-transito,subject_overview_fallback,fallback_by_assunto,"Sem evidência suficiente para microcard específico. Exibir apenas como panorama do assunto, nunca como regra que resolve a questão."
1071277,Resolução CONTRAN nº 985/2022 - Manual Brasileiro de Fiscalização de Trânsito,subject_overview::resolucao-contran-n-985-2022-manual-brasileiro-de-fiscalizacao-de-transito,subject_overview_fallback,fallback_by_assunto,"Sem evidência suficiente para microcard específico. Exibir apenas como panorama do assunto, nunca como regra que resolve a questão."
1071278,Resolução CONTRAN nº 985/2022 - Manual Brasileiro de Fiscalização de Trânsito,subject_overview::resolucao-contran-n-985-2022-manual-brasileiro-de-fiscalizacao-de-transito,subject_overview_fallback,fallback_by_assunto,"Sem evidência suficiente para microcard específico. Exibir apenas como panorama do assunto, nunca como regra que resolve a questão."
1071279,Resolução CONTRAN nº 985/2022 - Manual Brasileiro de Fiscalização de Trânsito,subject_overview::resolucao-contran-n-985-2022-manual-brasileiro-de-fiscalizacao-de-transito,subject_overview_fallback,fallback_by_assunto,"Sem evidência suficiente para microcard específico. Exibir apenas como panorama do assunto, nunca como regra que resolve a questão."
1071281,Resolução CONTRAN nº 985/2022 - Manual Brasileiro de Fiscalização de Trânsito,subject_overview::resolucao-contran-n-985-2022-manual-brasileiro-de-fiscalizacao-de-transito,subject_overview_fallback,fallback_by_assunto,"Sem evidência suficiente para microcard específico. Exibir apenas como panorama do assunto, nunca como regra que resolve a questão."
1071283,Resolução CONTRAN nº 985/2022 - Manual Brasileiro de Fiscalização de Trânsito,subject_overview::resolucao-contran-n-985-2022-manual-brasileiro-de-fiscalizacao-de-transito,subject_overview_fallback,fallback_by_assunto,"Sem evidência suficiente para microcard específico. Exibir apenas como panorama do assunto, nunca como regra que resolve a questão."
1071285,Resolução CONTRAN nº 985/2022 - Manual Brasileiro de Fiscalização de Trânsito,subject_overview::resolucao-contran-n-985-2022-manual-brasileiro-de-fiscalizacao-de-transito,subject_overview_fallback,fallback_by_assunto,"Sem evidência suficiente para microcard específico. Exibir apenas como panorama do assunto, nunca como regra que resolve a questão."
1119522,Resolução CONTRAN nº 985/2022 - Manual Brasileiro de Fiscalização de Trânsito,subject_overview::resolucao-contran-n-985-2022-manual-brasileiro-de-fiscalizacao-de-transito,subject_overview_fallback,fallback_by_assunto,"Sem evidência suficiente para microcard específico. Exibir apenas como panorama do assunto, nunca como regra que resolve a questão."
1119528,Resolução CONTRAN nº 985/2022 - Manual Brasileiro de Fiscalização de Trânsito,subject_overview::resolucao-contran-n-985-2022-manual-brasileiro-de-fiscalizacao-de-transito,subject_overview_fallback,fallback_by_assunto,"Sem evidência suficiente para microcard específico. Exibir apenas como panorama do assunto, nunca como regra que resolve a questão."
1122245,Resolução CONTRAN nº 985/2022 - Manual Brasileiro de Fiscalização de Trânsito,subject_overview::resolucao-contran-n-985-2022-manual-brasileiro-de-fiscalizacao-de-transito,subject_overview_fallback,downgraded_weak_evidence,Vínculo específico rebaixado: a evidência era genérica/fraca. Exibir apenas panorama do assunto até revisão humana.
1226656,Resolução CONTRAN nº 985/2022 - Manual Brasileiro de Fiscalização de Trânsito,subject_overview::resolucao-contran-n-985-2022-manual-brasileiro-de-fiscalizacao-de-transito,subject_overview_fallback,downgraded_weak_evidence,Vínculo específico rebaixado: a evidência era genérica/fraca. Exibir apenas panorama do assunto até revisão humana.
1226675,Resolução CONTRAN nº 985/2022 - Manual Brasileiro de Fiscalização de Trânsito,subject_overview::resolucao-contran-n-985-2022-manual-brasileiro-de-fiscalizacao-de-transito,subject_overview_fallback,fallback_by_assunto,"Sem evidência suficiente para microcard específico. Exibir apenas como panorama do assunto, nunca como regra que resolve a questão."
1290658,Resolução CONTRAN nº 985/2022 - Manual Brasileiro de Fiscalização de Trânsito,subject_overview::resolucao-contran-n-985-2022-manual-brasileiro-de-fiscalizacao-de-transito,subject_overview_fallback,downgraded_weak_evidence,Vínculo específico rebaixado: a evidência era genérica/fraca. Exibir apenas panorama do assunto até revisão humana.
1402617,Resolução CONTRAN nº 985/2022 - Manual Brasileiro de Fiscalização de Trânsito,subject_overview::resolucao-contran-n-985-2022-manual-brasileiro-de-fiscalizacao-de-transito,subject_overview_fallback,downgraded_weak_evidence,Vínculo específico rebaixado: a evidência era genérica/fraca. Exibir apenas panorama do assunto até revisão humana.
1476039,Resolução CONTRAN nº 985/2022 - Manual Brasileiro de Fiscalização de Trânsito,subject_overview::resolucao-contran-n-985-2022-manual-brasileiro-de-fiscalizacao-de-transito,subject_overview_fallback,fallback_by_assunto,"Sem evidência suficiente para microcard específico. Exibir apenas como panorama do assunto, nunca como regra que resolve a questão."
1476157,Resolução CONTRAN nº 985/2022 - Manual Brasileiro de Fiscalização de Trânsito,subject_overview::resolucao-contran-n-985-2022-manual-brasileiro-de-fiscalizacao-de-transito,subject_overview_fallback,downgraded_weak_evidence,Vínculo específico rebaixado: a evidência era genérica/fraca. Exibir apenas panorama do assunto até revisão humana.
1476164,Resolução CONTRAN nº 985/2022 - Manual Brasileiro de Fiscalização de Trânsito,subject_overview::resolucao-contran-n-985-2022-manual-brasileiro-de-fiscalizacao-de-transito,subject_overview_fallback,downgraded_weak_evidence,Vínculo específico rebaixado: a evidência era genérica/fraca. Exibir apenas panorama do assunto até revisão humana.
1476315,Resolução CONTRAN nº 985/2022 - Manual Brasileiro de Fiscalização de Trânsito,subject_overview::resolucao-contran-n-985-2022-manual-brasileiro-de-fiscalizacao-de-transito,subject_overview_fallback,downgraded_weak_evidence,Vínculo específico rebaixado: a evidência era genérica/fraca. Exibir apenas panorama do assunto até revisão humana.
1476316,Resolução CONTRAN nº 985/2022 - Manual Brasileiro de Fiscalização de Trânsito,subject_overview::resolucao-contran-n-985-2022-manual-brasileiro-de-fiscalizacao-de-transito,subject_overview_fallback,fallback_by_assunto,"Sem evidência suficiente para microcard específico. Exibir apenas como panorama do assunto, nunca como regra que resolve a questão."
1515793,Resolução CONTRAN nº 985/2022 - Manual Brasileiro de Fiscalização de Trânsito,subject_overview::resolucao-contran-n-985-2022-manual-brasileiro-de-fiscalizacao-de-transito,subject_overview_fallback,fallback_by_assunto,"Sem evidência suficiente para microcard específico. Exibir apenas como panorama do assunto, nunca como regra que resolve a questão."
1515829,Resolução CONTRAN nº 985/2022 - Manual Brasileiro de Fiscalização de Trânsito,subject_overview::resolucao-contran-n-985-2022-manual-brasileiro-de-fiscalizacao-de-transito,subject_overview_fallback,fallback_by_assunto,"Sem evidência suficiente para microcard específico. Exibir apenas como panorama do assunto, nunca como regra que resolve a questão."
1515837,Resolução CONTRAN nº 985/2022 - Manual Brasileiro de Fiscalização de Trânsito,subject_overview::resolucao-contran-n-985-2022-manual-brasileiro-de-fiscalizacao-de-transito,subject_overview_fallback,fallback_by_assunto,"Sem evidência suficiente para microcard específico. Exibir apenas como panorama do assunto, nunca como regra que resolve a questão."
1515839,Resolução CONTRAN nº 985/2022 - Manual Brasileiro de Fiscalização de Trânsito,subject_overview::resolucao-contran-n-985-2022-manual-brasileiro-de-fiscalizacao-de-transito,subject_overview_fallback,downgraded_weak_evidence,Vínculo específico rebaixado: a evidência era genérica/fraca. Exibir apenas panorama do assunto até revisão humana.
1515842,Resolução CONTRAN nº 985/2022 - Manual Brasileiro de Fiscalização de Trânsito,subject_overview::resolucao-contran-n-985-2022-manual-brasileiro-de-fiscalizacao-de-transito,subject_overview_fallback,fallback_by_assunto,"Sem evidência suficiente para microcard específico. Exibir apenas como panorama do assunto, nunca como regra que resolve a questão."
1515844,Resolução CONTRAN nº 985/2022 - Manual Brasileiro de Fiscalização de Trânsito,subject_overview::resolucao-contran-n-985-2022-manual-brasileiro-de-fiscalizacao-de-transito,subject_overview_fallback,fallback_by_assunto,"Sem evidência suficiente para microcard específico. Exibir apenas como panorama do assunto, nunca como regra que resolve a questão."
1515846,Resolução CONTRAN nº 985/2022 - Manual Brasileiro de Fiscalização de Trânsito,subject_overview::resolucao-contran-n-985-2022-manual-brasileiro-de-fiscalizacao-de-transito,subject_overview_fallback,downgraded_weak_evidence,Vínculo específico rebaixado: a evidência era genérica/fraca. Exibir apenas panorama do assunto até revisão humana.
1515849,Resolução CONTRAN nº 985/2022 - Manual Brasileiro de Fiscalização de Trânsito,subject_overview::resolucao-contran-n-985-2022-manual-brasileiro-de-fiscalizacao-de-transito,subject_overview_fallback,fallback_by_assunto,"Sem evidência suficiente para microcard específico. Exibir apenas como panorama do assunto, nunca como regra que resolve a questão."
1515851,Resolução CONTRAN nº 985/2022 - Manual Brasileiro de Fiscalização de Trânsito,subject_overview::resolucao-contran-n-985-2022-manual-brasileiro-de-fiscalizacao-de-transito,subject_overview_fallback,fallback_by_assunto,"Sem evidência suficiente para microcard específico. Exibir apenas como panorama do assunto, nunca como regra que resolve a questão."
1515853,Resolução CONTRAN nº 985/2022 - Manual Brasileiro de Fiscalização de Trânsito,subject_overview::resolucao-contran-n-985-2022-manual-brasileiro-de-fiscalizacao-de-transito,subject_overview_fallback,fallback_by_assunto,"Sem evidência suficiente para microcard específico. Exibir apenas como panorama do assunto, nunca como regra que resolve a questão."
1515855,Resolução CONTRAN nº 985/2022 - Manual Brasileiro de Fiscalização de Trânsito,subject_overview::resolucao-contran-n-985-2022-manual-brasileiro-de-fiscalizacao-de-transito,subject_overview_fallback,fallback_by_assunto,"Sem evidência suficiente para microcard específico. Exibir apenas como panorama do assunto, nunca como regra que resolve a questão."
1515856,Resolução CONTRAN nº 985/2022 - Manual Brasileiro de Fiscalização de Trânsito,subject_overview::resolucao-contran-n-985-2022-manual-brasileiro-de-fiscalizacao-de-transito,subject_overview_fallback,downgraded_weak_evidence,Vínculo específico rebaixado: a evidência era genérica/fraca. Exibir apenas panorama do assunto até revisão humana.
1515857,Resolução CONTRAN nº 985/2022 - Manual Brasileiro de Fiscalização de Trânsito,subject_overview::resolucao-contran-n-985-2022-manual-brasileiro-de-fiscalizacao-de-transito,subject_overview_fallback,fallback_by_assunto,"Sem evidência suficiente para microcard específico. Exibir apenas como panorama do assunto, nunca como regra que resolve a questão."
1515858,Resolução CONTRAN nº 985/2022 - Manual Brasileiro de Fiscalização de Trânsito,subject_overview::resolucao-contran-n-985-2022-manual-brasileiro-de-fiscalizacao-de-transito,subject_overview_fallback,fallback_by_assunto,"Sem evidência suficiente para microcard específico. Exibir apenas como panorama do assunto, nunca como regra que resolve a questão."
1515859,Resolução CONTRAN nº 985/2022 - Manual Brasileiro de Fiscalização de Trânsito,subject_overview::resolucao-contran-n-985-2022-manual-brasileiro-de-fiscalizacao-de-transito,subject_overview_fallback,fallback_by_assunto,"Sem evidência suficiente para microcard específico. Exibir apenas como panorama do assunto, nunca como regra que resolve a questão."
1515861,Resolução CONTRAN nº 985/2022 - Manual Brasileiro de Fiscalização de Trânsito,subject_overview::resolucao-contran-n-985-2022-manual-brasileiro-de-fiscalizacao-de-transito,subject_overview_fallback,fallback_by_assunto,"Sem evidência suficiente para microcard específico. Exibir apenas como panorama do assunto, nunca como regra que resolve a questão."
1523382,Resolução CONTRAN nº 985/2022 - Manual Brasileiro de Fiscalização de Trânsito,subject_overview::resolucao-contran-n-985-2022-manual-brasileiro-de-fiscalizacao-de-transito,subject_overview_fallback,fallback_by_assunto,"Sem evidência suficiente para microcard específico. Exibir apenas como panorama do assunto, nunca como regra que resolve a questão."
1699254,Resolução CONTRAN nº 985/2022 - Manual Brasileiro de Fiscalização de Trânsito,subject_overview::resolucao-contran-n-985-2022-manual-brasileiro-de-fiscalizacao-de-transito,subject_overview_fallback,fallback_by_assunto,"Sem evidência suficiente para microcard específico. Exibir apenas como panorama do assunto, nunca como regra que resolve a questão."
1699255,Resolução CONTRAN nº 985/2022 - Manual Brasileiro de Fiscalização de Trânsito,subject_overview::resolucao-contran-n-985-2022-manual-brasileiro-de-fiscalizacao-de-transito,subject_overview_fallback,fallback_by_assunto,"Sem evidência suficiente para microcard específico. Exibir apenas como panorama do assunto, nunca como regra que resolve a questão."
1871016,Resolução CONTRAN nº 985/2022 - Manual Brasileiro de Fiscalização de Trânsito,subject_overview::resolucao-contran-n-985-2022-manual-brasileiro-de-fiscalizacao-de-transito,subject_overview_fallback,fallback_by_assunto,"Sem evidência suficiente para microcard específico. Exibir apenas como panorama do assunto, nunca como regra que resolve a questão."
1871020,Resolução CONTRAN nº 985/2022 - Manual Brasileiro de Fiscalização de Trânsito,subject_overview::resolucao-contran-n-985-2022-manual-brasileiro-de-fiscalizacao-de-transito,subject_overview_fallback,downgraded_weak_evidence,Vínculo específico rebaixado: a evidência era genérica/fraca. Exibir apenas panorama do assunto até revisão humana.
1874443,Resolução CONTRAN nº 985/2022 - Manual Brasileiro de Fiscalização de Trânsito,subject_overview::resolucao-contran-n-985-2022-manual-brasileiro-de-fiscalizacao-de-transito,subject_overview_fallback,fallback_by_assunto,"Sem evidência suficiente para microcard específico. Exibir apenas como panorama do assunto, nunca como regra que resolve a questão."
27871,Resolução CONTRAN nº 993/2023 - Equipamentos Obrigatórios para a Frota de Veículos em Circulação,contran_993_equipamentos_obrigatorios,specific_high_precision,comment_or_subject_evidence_only,Vínculo por assunto + termos do enunciado/alternativas/comentário. Exibir como card principal somente se importador aceitar score e revisão. Termos fortes não apareceram no enunciado/alternativas; não exibir automaticamente no modo Estudar agora.
823835,Resolução CONTRAN nº 993/2023 - Equipamentos Obrigatórios para a Frota de Veículos em Circulação,subject_overview::resolucao-contran-n-993-2023-equipamentos-obrigatorios-para-a-frota-de-veiculos-em-circula,subject_overview_fallback,fallback_by_assunto,"Sem evidência suficiente para microcard específico. Exibir apenas como panorama do assunto, nunca como regra que resolve a questão."
971628,Resolução CONTRAN nº 993/2023 - Equipamentos Obrigatórios para a Frota de Veículos em Circulação,subject_overview::resolucao-contran-n-993-2023-equipamentos-obrigatorios-para-a-frota-de-veiculos-em-circula,subject_overview_fallback,fallback_by_assunto,"Sem evidência suficiente para microcard específico. Exibir apenas como panorama do assunto, nunca como regra que resolve a questão."
1176181,Resolução CONTRAN nº 993/2023 - Equipamentos Obrigatórios para a Frota de Veículos em Circulação,ctb_veiculos_classificacao_especie_categoria,specific_high_precision,comment_or_subject_evidence_only,Vínculo por assunto + termos do enunciado/alternativas/comentário. Exibir como card principal somente se importador aceitar score e revisão. Termos fortes não apareceram no enunciado/alternativas; não exibir automaticamente no modo Estudar agora.
1402673,Resolução CONTRAN nº 993/2023 - Equipamentos Obrigatórios para a Frota de Veículos em Circulação,subject_overview::resolucao-contran-n-993-2023-equipamentos-obrigatorios-para-a-frota-de-veiculos-em-circula,subject_overview_fallback,fallback_by_assunto,"Sem evidência suficiente para microcard específico. Exibir apenas como panorama do assunto, nunca como regra que resolve a questão."
1402683,Resolução CONTRAN nº 993/2023 - Equipamentos Obrigatórios para a Frota de Veículos em Circulação,contran_993_equipamentos_obrigatorios,specific_high_precision,comment_or_subject_evidence_only,Vínculo por assunto + termos do enunciado/alternativas/comentário. Exibir como card principal somente se importador aceitar score e revisão. Termos fortes não apareceram no enunciado/alternativas; não exibir automaticamente no modo Estudar agora.
1402684,Resolução CONTRAN nº 993/2023 - Equipamentos Obrigatórios para a Frota de Veículos em Circulação,contran_993_equipamentos_obrigatorios,specific_high_precision,ambiguous_top_candidate,Vínculo por assunto + termos do enunciado/alternativas/comentário. Exibir como card principal somente se importador aceitar score e revisão.
1503661,Resolução CONTRAN nº 993/2023 - Equipamentos Obrigatórios para a Frota de Veículos em Circulação,subject_overview::resolucao-contran-n-993-2023-equipamentos-obrigatorios-para-a-frota-de-veiculos-em-circula,subject_overview_fallback,fallback_by_assunto,"Sem evidência suficiente para microcard específico. Exibir apenas como panorama do assunto, nunca como regra que resolve a questão."
1503662,Resolução CONTRAN nº 993/2023 - Equipamentos Obrigatórios para a Frota de Veículos em Circulação,subject_overview::resolucao-contran-n-993-2023-equipamentos-obrigatorios-para-a-frota-de-veiculos-em-circula,subject_overview_fallback,fallback_by_assunto,"Sem evidência suficiente para microcard específico. Exibir apenas como panorama do assunto, nunca como regra que resolve a questão."
1503664,Resolução CONTRAN nº 993/2023 - Equipamentos Obrigatórios para a Frota de Veículos em Circulação,subject_overview::resolucao-contran-n-993-2023-equipamentos-obrigatorios-para-a-frota-de-veiculos-em-circula,subject_overview_fallback,fallback_by_assunto,"Sem evidência suficiente para microcard específico. Exibir apenas como panorama do assunto, nunca como regra que resolve a questão."
1503665,Resolução CONTRAN nº 993/2023 - Equipamentos Obrigatórios para a Frota de Veículos em Circulação,subject_overview::resolucao-contran-n-993-2023-equipamentos-obrigatorios-para-a-frota-de-veiculos-em-circula,subject_overview_fallback,fallback_by_assunto,"Sem evidência suficiente para microcard específico. Exibir apenas como panorama do assunto, nunca como regra que resolve a questão."
1503666,Resolução CONTRAN nº 993/2023 - Equipamentos Obrigatórios para a Frota de Veículos em Circulação,subject_overview::resolucao-contran-n-993-2023-equipamentos-obrigatorios-para-a-frota-de-veiculos-em-circula,subject_overview_fallback,fallback_by_assunto,"Sem evidência suficiente para microcard específico. Exibir apenas como panorama do assunto, nunca como regra que resolve a questão."
1503667,Resolução CONTRAN nº 993/2023 - Equipamentos Obrigatórios para a Frota de Veículos em Circulação,subject_overview::resolucao-contran-n-993-2023-equipamentos-obrigatorios-para-a-frota-de-veiculos-em-circula,subject_overview_fallback,fallback_by_assunto,"Sem evidência suficiente para microcard específico. Exibir apenas como panorama do assunto, nunca como regra que resolve a questão."
1503668,Resolução CONTRAN nº 993/2023 - Equipamentos Obrigatórios para a Frota de Veículos em Circulação,subject_overview::resolucao-contran-n-993-2023-equipamentos-obrigatorios-para-a-frota-de-veiculos-em-circula,subject_overview_fallback,fallback_by_assunto,"Sem evidência suficiente para microcard específico. Exibir apenas como panorama do assunto, nunca como regra que resolve a questão."
1503670,Resolução CONTRAN nº 993/2023 - Equipamentos Obrigatórios para a Frota de Veículos em Circulação,subject_overview::resolucao-contran-n-993-2023-equipamentos-obrigatorios-para-a-frota-de-veiculos-em-circula,subject_overview_fallback,fallback_by_assunto,"Sem evidência suficiente para microcard específico. Exibir apenas como panorama do assunto, nunca como regra que resolve a questão."
1503671,Resolução CONTRAN nº 993/2023 - Equipamentos Obrigatórios para a Frota de Veículos em Circulação,subject_overview::resolucao-contran-n-993-2023-equipamentos-obrigatorios-para-a-frota-de-veiculos-em-circula,subject_overview_fallback,fallback_by_assunto,"Sem evidência suficiente para microcard específico. Exibir apenas como panorama do assunto, nunca como regra que resolve a questão."
1503674,Resolução CONTRAN nº 993/2023 - Equipamentos Obrigatórios para a Frota de Veículos em Circulação,subject_overview::resolucao-contran-n-993-2023-equipamentos-obrigatorios-para-a-frota-de-veiculos-em-circula,subject_overview_fallback,fallback_by_assunto,"Sem evidência suficiente para microcard específico. Exibir apenas como panorama do assunto, nunca como regra que resolve a questão."
1503675,Resolução CONTRAN nº 993/2023 - Equipamentos Obrigatórios para a Frota de Veículos em Circulação,subject_overview::resolucao-contran-n-993-2023-equipamentos-obrigatorios-para-a-frota-de-veiculos-em-circula,subject_overview_fallback,fallback_by_assunto,"Sem evidência suficiente para microcard específico. Exibir apenas como panorama do assunto, nunca como regra que resolve a questão."
1971396,Resolução CONTRAN nº 993/2023 - Equipamentos Obrigatórios para a Frota de Veículos em Circulação,subject_overview::resolucao-contran-n-993-2023-equipamentos-obrigatorios-para-a-frota-de-veiculos-em-circula,subject_overview_fallback,fallback_by_assunto,"Sem evidência suficiente para microcard específico. Exibir apenas como panorama do assunto, nunca como regra que resolve a questão."
2034876,Sinais Sonoros (Antiga Res. CONTRAN 160/2004),subject_overview::sinais-sonoros-antiga-res-contran-160-2004,subject_overview_fallback,fallback_by_assunto,"Sem evidência suficiente para microcard específico. Exibir apenas como panorama do assunto, nunca como regra que resolve a questão."
2076708,Sinais Sonoros (Antiga Res. CONTRAN 160/2004),subject_overview::sinais-sonoros-antiga-res-contran-160-2004,subject_overview_fallback,fallback_by_assunto,"Sem evidência suficiente para microcard específico. Exibir apenas como panorama do assunto, nunca como regra que resolve a questão."
27878,Tópicos Mesclados de Sinalização de Trânsito,subject_overview::topicos-mesclados-de-sinalizacao-de-transito,subject_overview_fallback,downgraded_weak_evidence,Vínculo específico rebaixado: a evidência era genérica/fraca. Exibir apenas panorama do assunto até revisão humana.
42754,Tópicos Mesclados de Sinalização de Trânsito,subject_overview::topicos-mesclados-de-sinalizacao-de-transito,subject_overview_fallback,downgraded_weak_evidence,Vínculo específico rebaixado: a evidência era genérica/fraca. Exibir apenas panorama do assunto até revisão humana.
128302,Tópicos Mesclados de Sinalização de Trânsito,subject_overview::topicos-mesclados-de-sinalizacao-de-transito,subject_overview_fallback,downgraded_weak_evidence,Vínculo específico rebaixado: a evidência era genérica/fraca. Exibir apenas panorama do assunto até revisão humana.
408945,Tópicos Mesclados de Sinalização de Trânsito,subject_overview::topicos-mesclados-de-sinalizacao-de-transito,subject_overview_fallback,downgraded_weak_evidence,Vínculo específico rebaixado: a evidência era genérica/fraca. Exibir apenas panorama do assunto até revisão humana.
434976,Tópicos Mesclados de Sinalização de Trânsito,subject_overview::topicos-mesclados-de-sinalizacao-de-transito,subject_overview_fallback,downgraded_weak_evidence,Vínculo específico rebaixado: a evidência era genérica/fraca. Exibir apenas panorama do assunto até revisão humana.
437136,Tópicos Mesclados de Sinalização de Trânsito,subject_overview::topicos-mesclados-de-sinalizacao-de-transito,subject_overview_fallback,downgraded_weak_evidence,Vínculo específico rebaixado: a evidência era genérica/fraca. Exibir apenas panorama do assunto até revisão humana.
480672,Tópicos Mesclados de Sinalização de Trânsito,subject_overview::topicos-mesclados-de-sinalizacao-de-transito,subject_overview_fallback,downgraded_weak_evidence,Vínculo específico rebaixado: a evidência era genérica/fraca. Exibir apenas panorama do assunto até revisão humana.
533626,Tópicos Mesclados de Sinalização de Trânsito,subject_overview::topicos-mesclados-de-sinalizacao-de-transito,subject_overview_fallback,downgraded_weak_evidence,Vínculo específico rebaixado: a evidência era genérica/fraca. Exibir apenas panorama do assunto até revisão humana.
548536,Tópicos Mesclados de Sinalização de Trânsito,subject_overview::topicos-mesclados-de-sinalizacao-de-transito,subject_overview_fallback,downgraded_weak_evidence,Vínculo específico rebaixado: a evidência era genérica/fraca. Exibir apenas panorama do assunto até revisão humana.
579331,Tópicos Mesclados de Sinalização de Trânsito,subject_overview::topicos-mesclados-de-sinalizacao-de-transito,subject_overview_fallback,downgraded_weak_evidence,Vínculo específico rebaixado: a evidência era genérica/fraca. Exibir apenas panorama do assunto até revisão humana.
723300,Tópicos Mesclados de Sinalização de Trânsito,subject_overview::topicos-mesclados-de-sinalizacao-de-transito,subject_overview_fallback,downgraded_weak_evidence,Vínculo específico rebaixado: a evidência era genérica/fraca. Exibir apenas panorama do assunto até revisão humana.
845010,Tópicos Mesclados de Sinalização de Trânsito,subject_overview::topicos-mesclados-de-sinalizacao-de-transito,subject_overview_fallback,downgraded_weak_evidence,Vínculo específico rebaixado: a evidência era genérica/fraca. Exibir apenas panorama do assunto até revisão humana.
910888,Tópicos Mesclados de Sinalização de Trânsito,subject_overview::topicos-mesclados-de-sinalizacao-de-transito,subject_overview_fallback,downgraded_weak_evidence,Vínculo específico rebaixado: a evidência era genérica/fraca. Exibir apenas panorama do assunto até revisão humana.
966257,Tópicos Mesclados de Sinalização de Trânsito,subject_overview::topicos-mesclados-de-sinalizacao-de-transito,subject_overview_fallback,downgraded_weak_evidence,Vínculo específico rebaixado: a evidência era genérica/fraca. Exibir apenas panorama do assunto até revisão humana.
972078,Tópicos Mesclados de Sinalização de Trânsito,subject_overview::topicos-mesclados-de-sinalizacao-de-transito,subject_overview_fallback,downgraded_weak_evidence,Vínculo específico rebaixado: a evidência era genérica/fraca. Exibir apenas panorama do assunto até revisão humana.
1076022,Tópicos Mesclados de Sinalização de Trânsito,subject_overview::topicos-mesclados-de-sinalizacao-de-transito,subject_overview_fallback,downgraded_weak_evidence,Vínculo específico rebaixado: a evidência era genérica/fraca. Exibir apenas panorama do assunto até revisão humana.
1123008,Tópicos Mesclados de Sinalização de Trânsito,subject_overview::topicos-mesclados-de-sinalizacao-de-transito,subject_overview_fallback,downgraded_weak_evidence,Vínculo específico rebaixado: a evidência era genérica/fraca. Exibir apenas panorama do assunto até revisão humana.
1161963,Tópicos Mesclados de Sinalização de Trânsito,subject_overview::topicos-mesclados-de-sinalizacao-de-transito,subject_overview_fallback,downgraded_weak_evidence,Vínculo específico rebaixado: a evidência era genérica/fraca. Exibir apenas panorama do assunto até revisão humana.
1213371,Tópicos Mesclados de Sinalização de Trânsito,ctb_sinalizacao_ordem_prevalencia,specific_high_precision,ambiguous_top_candidate,Vínculo por assunto + termos do enunciado/alternativas/comentário. Exibir como card principal somente se importador aceitar score e revisão.
1295333,Tópicos Mesclados de Sinalização de Trânsito,subject_overview::topicos-mesclados-de-sinalizacao-de-transito,subject_overview_fallback,downgraded_weak_evidence,Vínculo específico rebaixado: a evidência era genérica/fraca. Exibir apenas panorama do assunto até revisão humana.
1388885,Tópicos Mesclados de Sinalização de Trânsito,subject_overview::topicos-mesclados-de-sinalizacao-de-transito,subject_overview_fallback,downgraded_weak_evidence,Vínculo específico rebaixado: a evidência era genérica/fraca. Exibir apenas panorama do assunto até revisão humana.
533489,Tópicos Mesclados do CTB (Lei nº 9.503/1997),subject_overview::topicos-mesclados-do-ctb-lei-n-9-503-1997,subject_overview_fallback,fallback_by_assunto,"Sem evidência suficiente para microcard específico. Exibir apenas como panorama do assunto, nunca como regra que resolve a questão."
713248,Tópicos Mesclados do CTB (Lei nº 9.503/1997),subject_overview::topicos-mesclados-do-ctb-lei-n-9-503-1997,subject_overview_fallback,fallback_by_assunto,"Sem evidência suficiente para microcard específico. Exibir apenas como panorama do assunto, nunca como regra que resolve a questão."
851792,Tópicos Mesclados do CTB (Lei nº 9.503/1997),subject_overview::topicos-mesclados-do-ctb-lei-n-9-503-1997,subject_overview_fallback,fallback_by_assunto,"Sem evidência suficiente para microcard específico. Exibir apenas como panorama do assunto, nunca como regra que resolve a questão."
860380,Tópicos Mesclados do CTB (Lei nº 9.503/1997),subject_overview::topicos-mesclados-do-ctb-lei-n-9-503-1997,subject_overview_fallback,fallback_by_assunto,"Sem evidência suficiente para microcard específico. Exibir apenas como panorama do assunto, nunca como regra que resolve a questão."
945312,Tópicos Mesclados do CTB (Lei nº 9.503/1997),subject_overview::topicos-mesclados-do-ctb-lei-n-9-503-1997,subject_overview_fallback,fallback_by_assunto,"Sem evidência suficiente para microcard específico. Exibir apenas como panorama do assunto, nunca como regra que resolve a questão."
1102632,Tópicos Mesclados do CTB (Lei nº 9.503/1997),subject_overview::topicos-mesclados-do-ctb-lei-n-9-503-1997,subject_overview_fallback,fallback_by_assunto,"Sem evidência suficiente para microcard específico. Exibir apenas como panorama do assunto, nunca como regra que resolve a questão."
1144065,Tópicos Mesclados do CTB (Lei nº 9.503/1997),ctb_processo_ait,specific_high_precision,comment_or_subject_evidence_only,Vínculo por assunto + termos do enunciado/alternativas/comentário. Exibir como card principal somente se importador aceitar score e revisão. Termos fortes não apareceram no enunciado/alternativas; não exibir automaticamente no modo Estudar agora.
1362457,Tópicos Mesclados do CTB (Lei nº 9.503/1997),subject_overview::topicos-mesclados-do-ctb-lei-n-9-503-1997,subject_overview_fallback,fallback_by_assunto,"Sem evidência suficiente para microcard específico. Exibir apenas como panorama do assunto, nunca como regra que resolve a questão."
1374559,Tópicos Mesclados do CTB (Lei nº 9.503/1997),contran_973_sinais_sonoros_gestos,specific_high_precision,comment_or_subject_evidence_only,Vínculo por assunto + termos do enunciado/alternativas/comentário. Exibir como card principal somente se importador aceitar score e revisão. Termos fortes não apareceram no enunciado/alternativas; não exibir automaticamente no modo Estudar agora.
2096303,Tópicos Mesclados do CTB (Lei nº 9.503/1997),ctb_snt_competencias_municipio_estado_uniao,specific_medium_precision,comment_or_subject_evidence_only,Vínculo por assunto + termos do enunciado/alternativas/comentário. Exibir como card principal somente se importador aceitar score e revisão. Termos fortes não apareceram no enunciado/alternativas; não exibir automaticamente no modo Estudar agora.
1895737,Volume I - Sinalização Vertical de Regulamentação (Anexo I da Res. CONTRAN nº 973/2022),ctb_infracoes_velocidade,specific_high_precision,ambiguous_top_candidate,Vínculo por assunto + termos do enunciado/alternativas/comentário. Exibir como card principal somente se importador aceitar score e revisão.
1142091,Volume II - Sinalização Vertical de Advertência (Anexo II da Res. CONTRAN nº 973/2022),contran_973_sinalizacao_regulamentacao,specific_high_precision,ambiguous_top_candidate,Vínculo por assunto + termos do enunciado/alternativas/comentário. Exibir como card principal somente se importador aceitar score e revisão.
2004448,Volume II - Sinalização Vertical de Advertência (Anexo II da Res. CONTRAN nº 973/2022),ctb_anexo_i_conceitos_basicos,specific_high_precision,ambiguous_top_candidate,Vínculo por assunto + termos do enunciado/alternativas/comentário. Exibir como card principal somente se importador aceitar score e revisão.
1122195,Volume III - Sinalização Vertical de Indicação (Anexo III da Res. CONTRAN nº 973/2022),contran_973_sinalizacao_indicacao,specific_high_precision,comment_or_subject_evidence_only,Vínculo por assunto + termos do enunciado/alternativas/comentário. Exibir como card principal somente se importador aceitar score e revisão. Termos fortes não apareceram no enunciado/alternativas; não exibir automaticamente no modo Estudar agora.
1666837,Volume III - Sinalização Vertical de Indicação (Anexo III da Res. CONTRAN nº 973/2022),contran_973_sinalizacao_indicacao,specific_high_precision,comment_or_subject_evidence_only,Vínculo por assunto + termos do enunciado/alternativas/comentário. Exibir como card principal somente se importador aceitar score e revisão. Termos fortes não apareceram no enunciado/alternativas; não exibir automaticamente no modo Estudar agora.
2024910,Volume III - Sinalização Vertical de Indicação (Anexo III da Res. CONTRAN nº 973/2022),contran_973_sinalizacao_indicacao,specific_high_precision,comment_or_subject_evidence_only,Vínculo por assunto + termos do enunciado/alternativas/comentário. Exibir como card principal somente se importador aceitar score e revisão. Termos fortes não apareceram no enunciado/alternativas; não exibir automaticamente no modo Estudar agora.
2036393,Volume III - Sinalização Vertical de Indicação (Anexo III da Res. CONTRAN nº 973/2022),contran_973_sinalizacao_indicacao,specific_high_precision,comment_or_subject_evidence_only,Vínculo por assunto + termos do enunciado/alternativas/comentário. Exibir como card principal somente se importador aceitar score e revisão. Termos fortes não apareceram no enunciado/alternativas; não exibir automaticamente no modo Estudar agora.
673197,Volume IV - Sinalização Horizontal (Anexo IV da Res. CONTRAN nº 973/2022),contran_973_sinalizacao_horizontal,specific_high_precision,comment_or_subject_evidence_only,Vínculo por assunto + termos do enunciado/alternativas/comentário. Exibir como card principal somente se importador aceitar score e revisão. Termos fortes não apareceram no enunciado/alternativas; não exibir automaticamente no modo Estudar agora.
948618,Volume IV - Sinalização Horizontal (Anexo IV da Res. CONTRAN nº 973/2022),contran_973_sinalizacao_horizontal,specific_high_precision,comment_or_subject_evidence_only,Vínculo por assunto + termos do enunciado/alternativas/comentário. Exibir como card principal somente se importador aceitar score e revisão. Termos fortes não apareceram no enunciado/alternativas; não exibir automaticamente no modo Estudar agora.
1875942,Volume IV - Sinalização Horizontal (Anexo IV da Res. CONTRAN nº 973/2022),contran_973_sinalizacao_horizontal,specific_high_precision,comment_or_subject_evidence_only,Vínculo por assunto + termos do enunciado/alternativas/comentário. Exibir como card principal somente se importador aceitar score e revisão. Termos fortes não apareceram no enunciado/alternativas; não exibir automaticamente no modo Estudar agora.
1272887,Volume V - Sinalização Semafórica (Anexo V da Res. CONTRAN nº 973/2022),contran_973_semaforica,specific_high_precision,comment_or_subject_evidence_only,Vínculo por assunto + termos do enunciado/alternativas/comentário. Exibir como card principal somente se importador aceitar score e revisão. Termos fortes não apareceram no enunciado/alternativas; não exibir automaticamente no modo Estudar agora.
1619474,Volume V - Sinalização Semafórica (Anexo V da Res. CONTRAN nº 973/2022),contran_973_semaforica,specific_high_precision,comment_or_subject_evidence_only,Vínculo por assunto + termos do enunciado/alternativas/comentário. Exibir como card principal somente se importador aceitar score e revisão. Termos fortes não apareceram no enunciado/alternativas; não exibir automaticamente no modo Estudar agora.
28089,Volume VI - Dispositivos Auxiliares (Anexo VI da Res. CONTRAN nº 973/2022),contran_973_auxiliares,specific_high_precision,comment_or_subject_evidence_only,Vínculo por assunto + termos do enunciado/alternativas/comentário. Exibir como card principal somente se importador aceitar score e revisão. Termos fortes não apareceram no enunciado/alternativas; não exibir automaticamente no modo Estudar agora.
490533,Volume VI - Dispositivos Auxiliares (Anexo VI da Res. CONTRAN nº 973/2022),contran_973_auxiliares,specific_high_precision,comment_or_subject_evidence_only,Vínculo por assunto + termos do enunciado/alternativas/comentário. Exibir como card principal somente se importador aceitar score e revisão. Termos fortes não apareceram no enunciado/alternativas; não exibir automaticamente no modo Estudar agora.
714604,Volume VI - Dispositivos Auxiliares (Anexo VI da Res. CONTRAN nº 973/2022),contran_973_auxiliares,specific_high_precision,comment_or_subject_evidence_only,Vínculo por assunto + termos do enunciado/alternativas/comentário. Exibir como card principal somente se importador aceitar score e revisão. Termos fortes não apareceram no enunciado/alternativas; não exibir automaticamente no modo Estudar agora.
1083089,Volume VI - Dispositivos Auxiliares (Anexo VI da Res. CONTRAN nº 973/2022),contran_973_auxiliares,specific_high_precision,comment_or_subject_evidence_only,Vínculo por assunto + termos do enunciado/alternativas/comentário. Exibir como card principal somente se importador aceitar score e revisão. Termos fortes não apareceram no enunciado/alternativas; não exibir automaticamente no modo Estudar agora.
1112407,Volume VI - Dispositivos Auxiliares (Anexo VI da Res. CONTRAN nº 973/2022),contran_973_auxiliares,specific_high_precision,comment_or_subject_evidence_only,Vínculo por assunto + termos do enunciado/alternativas/comentário. Exibir como card principal somente se importador aceitar score e revisão. Termos fortes não apareceram no enunciado/alternativas; não exibir automaticamente no modo Estudar agora.
1112409,Volume VI - Dispositivos Auxiliares (Anexo VI da Res. CONTRAN nº 973/2022),contran_973_auxiliares,specific_high_precision,comment_or_subject_evidence_only,Vínculo por assunto + termos do enunciado/alternativas/comentário. Exibir como card principal somente se importador aceitar score e revisão. Termos fortes não apareceram no enunciado/alternativas; não exibir automaticamente no modo Estudar agora.
1440747,Volume VI - Dispositivos Auxiliares (Anexo VI da Res. CONTRAN nº 973/2022),contran_973_auxiliares,specific_high_precision,comment_or_subject_evidence_only,Vínculo por assunto + termos do enunciado/alternativas/comentário. Exibir como card principal somente se importador aceitar score e revisão. Termos fortes não apareceram no enunciado/alternativas; não exibir automaticamente no modo Estudar agora.
1516068,Volume VI - Dispositivos Auxiliares (Anexo VI da Res. CONTRAN nº 973/2022),contran_973_auxiliares,specific_high_precision,comment_or_subject_evidence_only,Vínculo por assunto + termos do enunciado/alternativas/comentário. Exibir como card principal somente se importador aceitar score e revisão. Termos fortes não apareceram no enunciado/alternativas; não exibir automaticamente no modo Estudar agora.
1702074,Volume VI - Dispositivos Auxiliares (Anexo VI da Res. CONTRAN nº 973/2022),contran_973_auxiliares,specific_high_precision,comment_or_subject_evidence_only,Vínculo por assunto + termos do enunciado/alternativas/comentário. Exibir como card principal somente se importador aceitar score e revisão. Termos fortes não apareceram no enunciado/alternativas; não exibir automaticamente no modo Estudar agora.
931300,Volume VII - Sinalização Temporária (Anexo VII da Res. CONTRAN nº 973/2022),subject_overview::volume-vii-sinalizacao-temporaria-anexo-vii-da-res-contran-n-973-2022,subject_overview_fallback,fallback_by_assunto,"Sem evidência suficiente para microcard específico. Exibir apenas como panorama do assunto, nunca como regra que resolve a questão."
1871021,Volume VII - Sinalização Temporária (Anexo VII da Res. CONTRAN nº 973/2022),subject_overview::volume-vii-sinalizacao-temporaria-anexo-vii-da-res-contran-n-973-2022,subject_overview_fallback,fallback_by_assunto,"Sem evidência suficiente para microcard específico. Exibir apenas como panorama do assunto, nunca como regra que resolve a questão."
