question_id,card_key,link_type,display_mode,auto_show_as_primary,needs_human_review,precision,score,current_law_status,current_law_can_auto_score,current_law_answer,matched_terms,matched_terms_in_statement,assunto,reason,warning
28104,ctb_escolares,specific_high_precision,rule_that_solves_or_clarifies_question,True,False,strict,216,not_applicable_or_not_outdated,,,escolares; conducao de escolares; categoria d,escolares; categoria d,Da Condução de Escolares e de Moto-Frete (arts. 136 a 139-B da Lei nº 9.503/1997),Vínculo por assunto + termos do enunciado/alternativas/comentário. Exibir como card principal somente se importador aceitar score e revisão.,
480278,ctb_escolares,specific_high_precision,rule_that_solves_or_clarifies_question,True,False,strict,218,not_applicable_or_not_outdated,,,escolares; conducao de escolares; categoria d; curso especializado,escolares,Da Condução de Escolares e de Moto-Frete (arts. 136 a 139-B da Lei nº 9.503/1997),Vínculo por assunto + termos do enunciado/alternativas/comentário. Exibir como card principal somente se importador aceitar score e revisão.,
915575,ctb_escolares,specific_high_precision,rule_that_solves_or_clarifies_question,True,False,strict,248,not_applicable_or_not_outdated,,,escolares; conducao de escolares; categoria d; curso especializado,escolares; conducao de escolares; categoria d; curso especializado,Da Condução de Escolares e de Moto-Frete (arts. 136 a 139-B da Lei nº 9.503/1997),Vínculo por assunto + termos do enunciado/alternativas/comentário. Exibir como card principal somente se importador aceitar score e revisão.,
937071,ctb_escolares,specific_high_precision,rule_that_solves_or_clarifies_question,True,False,strict,204,not_applicable_or_not_outdated,,,escolares; conducao de escolares,escolares; conducao de escolares,Da Condução de Escolares e de Moto-Frete (arts. 136 a 139-B da Lei nº 9.503/1997),Vínculo por assunto + termos do enunciado/alternativas/comentário. Exibir como card principal somente se importador aceitar score e revisão.,
1005454,ctb_escolares,specific_high_precision,rule_that_solves_or_clarifies_question,True,False,strict,194,not_applicable_or_not_outdated,,,escolares; conducao de escolares,escolares,Da Condução de Escolares e de Moto-Frete (arts. 136 a 139-B da Lei nº 9.503/1997),Vínculo por assunto + termos do enunciado/alternativas/comentário. Exibir como card principal somente se importador aceitar score e revisão.,
1028000,ctb_escolares,specific_high_precision,rule_that_solves_or_clarifies_question,True,False,strict,194,not_applicable_or_not_outdated,,,escolares; conducao de escolares,escolares,Da Condução de Escolares e de Moto-Frete (arts. 136 a 139-B da Lei nº 9.503/1997),Vínculo por assunto + termos do enunciado/alternativas/comentário. Exibir como card principal somente se importador aceitar score e revisão.,
1212301,ctb_escolares,specific_high_precision,rule_that_solves_or_clarifies_question,True,False,strict,194,not_applicable_or_not_outdated,,,escolares; conducao de escolares,escolares,Da Condução de Escolares e de Moto-Frete (arts. 136 a 139-B da Lei nº 9.503/1997),Vínculo por assunto + termos do enunciado/alternativas/comentário. Exibir como card principal somente se importador aceitar score e revisão.,
1490456,ctb_escolares,specific_high_precision,rule_that_solves_or_clarifies_question,True,False,strict,248,not_applicable_or_not_outdated,,,escolares; conducao de escolares; categoria d; curso especializado,escolares; conducao de escolares; categoria d; curso especializado,Da Condução de Escolares e de Moto-Frete (arts. 136 a 139-B da Lei nº 9.503/1997),Vínculo por assunto + termos do enunciado/alternativas/comentário. Exibir como card principal somente se importador aceitar score e revisão.,
1490458,ctb_escolares,specific_high_precision,rule_that_solves_or_clarifies_question,True,False,strict,270,not_applicable_or_not_outdated,,,escolares; conducao de escolares; categoria d; 21 anos; curso especializado,escolares; conducao de escolares; categoria d; 21 anos; curso especializado,Da Condução de Escolares e de Moto-Frete (arts. 136 a 139-B da Lei nº 9.503/1997),Vínculo por assunto + termos do enunciado/alternativas/comentário. Exibir como card principal somente se importador aceitar score e revisão.,
1502065,ctb_escolares,specific_high_precision,suggested_card_needs_review,False,True,comment_or_subject_evidence_only,184,not_applicable_or_not_outdated,,,escolares; conducao de escolares,,Da Condução de Escolares e de Moto-Frete (arts. 136 a 139-B da Lei nº 9.503/1997),Vínculo por assunto + termos do enunciado/alternativas/comentário. Exibir como card principal somente se importador aceitar score e revisão. Termos fortes não apareceram no enunciado/alternativas; não exibir automaticamente no modo Estudar agora.,
1521265,ctb_escolares,specific_high_precision,rule_that_solves_or_clarifies_question,True,False,strict,228,not_applicable_or_not_outdated,,,escolares; conducao de escolares; categoria d; curso especializado,escolares; conducao de escolares,Da Condução de Escolares e de Moto-Frete (arts. 136 a 139-B da Lei nº 9.503/1997),Vínculo por assunto + termos do enunciado/alternativas/comentário. Exibir como card principal somente se importador aceitar score e revisão.,
1545045,ctb_escolares,specific_high_precision,rule_that_solves_or_clarifies_question,True,False,strict,194,not_applicable_or_not_outdated,,,escolares; conducao de escolares,escolares,Da Condução de Escolares e de Moto-Frete (arts. 136 a 139-B da Lei nº 9.503/1997),Vínculo por assunto + termos do enunciado/alternativas/comentário. Exibir como card principal somente se importador aceitar score e revisão.,
2024886,ctb_escolares,specific_high_precision,rule_that_solves_or_clarifies_question,True,False,strict,204,not_applicable_or_not_outdated,,,escolares; conducao de escolares,escolares; conducao de escolares,Da Condução de Escolares e de Moto-Frete (arts. 136 a 139-B da Lei nº 9.503/1997),Vínculo por assunto + termos do enunciado/alternativas/comentário. Exibir como card principal somente se importador aceitar score e revisão.,
2072191,ctb_escolares,specific_high_precision,rule_that_solves_or_clarifies_question,True,False,strict,194,not_applicable_or_not_outdated,,,escolares; conducao de escolares,escolares,Da Condução de Escolares e de Moto-Frete (arts. 136 a 139-B da Lei nº 9.503/1997),Vínculo por assunto + termos do enunciado/alternativas/comentário. Exibir como card principal somente se importador aceitar score e revisão.,
2465558,ctb_escolares,specific_high_precision,rule_that_solves_or_clarifies_question,True,False,strict,218,not_applicable_or_not_outdated,,,escolares; conducao de escolares; categoria d; curso especializado,curso especializado,Da Condução de Escolares e de Moto-Frete (arts. 136 a 139-B da Lei nº 9.503/1997),Vínculo por assunto + termos do enunciado/alternativas/comentário. Exibir como card principal somente se importador aceitar score e revisão.,
382775,ctb_motorista_profissional_descanso,specific_high_precision,rule_that_solves_or_clarifies_question,True,False,strict,216,not_applicable_or_not_outdated,,,tempo de direcao; descanso; motorista profissional,descanso; motorista profissional,Da Condução de Veículos por Motoristas Profissionais (arts. 67-A a 67-E da Lei nº 9.503/1997),Vínculo por assunto + termos do enunciado/alternativas/comentário. Exibir como card principal somente se importador aceitar score e revisão.,
545332,ctb_motorista_profissional_descanso,specific_high_precision,rule_that_solves_or_clarifies_question,True,False,strict,216,not_applicable_or_not_outdated,,,tempo de direcao; descanso; motorista profissional,tempo de direcao; descanso,Da Condução de Veículos por Motoristas Profissionais (arts. 67-A a 67-E da Lei nº 9.503/1997),Vínculo por assunto + termos do enunciado/alternativas/comentário. Exibir como card principal somente se importador aceitar score e revisão.,
778180,ctb_motorista_profissional_descanso,specific_high_precision,rule_that_solves_or_clarifies_question,True,False,strict,240,not_applicable_or_not_outdated,,,tempo de direcao; descanso; motorista profissional; registrador instantaneo; disco diagrama,registrador instantaneo; disco diagrama,Da Condução de Veículos por Motoristas Profissionais (arts. 67-A a 67-E da Lei nº 9.503/1997),Vínculo por assunto + termos do enunciado/alternativas/comentário. Exibir como card principal somente se importador aceitar score e revisão.,
937559,ctb_motorista_profissional_descanso,specific_high_precision,rule_that_solves_or_clarifies_question,True,False,strict,182,not_applicable_or_not_outdated,,,motorista profissional,motorista profissional,Da Condução de Veículos por Motoristas Profissionais (arts. 67-A a 67-E da Lei nº 9.503/1997),Vínculo por assunto + termos do enunciado/alternativas/comentário. Exibir como card principal somente se importador aceitar score e revisão.,
1107057,ctb_motorista_profissional_descanso,specific_high_precision,rule_that_solves_or_clarifies_question,True,False,strict,182,not_applicable_or_not_outdated,,,motorista profissional,motorista profissional,Da Condução de Veículos por Motoristas Profissionais (arts. 67-A a 67-E da Lei nº 9.503/1997),Vínculo por assunto + termos do enunciado/alternativas/comentário. Exibir como card principal somente se importador aceitar score e revisão.,
1221826,ctb_motorista_profissional_descanso,specific_high_precision,rule_that_solves_or_clarifies_question,True,False,strict,226,not_applicable_or_not_outdated,,,tempo de direcao; descanso; motorista profissional,tempo de direcao; descanso; motorista profissional,Da Condução de Veículos por Motoristas Profissionais (arts. 67-A a 67-E da Lei nº 9.503/1997),Vínculo por assunto + termos do enunciado/alternativas/comentário. Exibir como card principal somente se importador aceitar score e revisão.,
1578000,ctb_motorista_profissional_descanso,specific_high_precision,rule_that_solves_or_clarifies_question,True,False,strict,226,not_applicable_or_not_outdated,,,tempo de direcao; descanso; motorista profissional,tempo de direcao; descanso; motorista profissional,Da Condução de Veículos por Motoristas Profissionais (arts. 67-A a 67-E da Lei nº 9.503/1997),Vínculo por assunto + termos do enunciado/alternativas/comentário. Exibir como card principal somente se importador aceitar score e revisão.,
1609821,ctb_motorista_profissional_descanso,specific_high_precision,rule_that_solves_or_clarifies_question,True,False,strict,182,not_applicable_or_not_outdated,,,descanso,descanso,Da Condução de Veículos por Motoristas Profissionais (arts. 67-A a 67-E da Lei nº 9.503/1997),Vínculo por assunto + termos do enunciado/alternativas/comentário. Exibir como card principal somente se importador aceitar score e revisão.,
1701328,ctb_motorista_profissional_descanso,specific_high_precision,rule_that_solves_or_clarifies_question,True,False,strict,194,not_applicable_or_not_outdated,,,motorista profissional; registrador instantaneo,registrador instantaneo,Da Condução de Veículos por Motoristas Profissionais (arts. 67-A a 67-E da Lei nº 9.503/1997),Vínculo por assunto + termos do enunciado/alternativas/comentário. Exibir como card principal somente se importador aceitar score e revisão.,
1944571,ctb_motorista_profissional_descanso,specific_high_precision,rule_that_solves_or_clarifies_question,True,False,strict,182,not_applicable_or_not_outdated,,,descanso,descanso,Da Condução de Veículos por Motoristas Profissionais (arts. 67-A a 67-E da Lei nº 9.503/1997),Vínculo por assunto + termos do enunciado/alternativas/comentário. Exibir como card principal somente se importador aceitar score e revisão.,
2149162,ctb_motorista_profissional_descanso,specific_high_precision,rule_that_solves_or_clarifies_question,True,False,strict,226,not_applicable_or_not_outdated,,,tempo de direcao; descanso; motorista profissional,tempo de direcao; descanso; motorista profissional,Da Condução de Veículos por Motoristas Profissionais (arts. 67-A a 67-E da Lei nº 9.503/1997),Vínculo por assunto + termos do enunciado/alternativas/comentário. Exibir como card principal somente se importador aceitar score e revisão.,
2451499,ctb_motorista_profissional_descanso,specific_high_precision,rule_that_solves_or_clarifies_question,True,False,strict,216,not_applicable_or_not_outdated,,,tempo de direcao; descanso; motorista profissional,descanso; motorista profissional,Da Condução de Veículos por Motoristas Profissionais (arts. 67-A a 67-E da Lei nº 9.503/1997),Vínculo por assunto + termos do enunciado/alternativas/comentário. Exibir como card principal somente se importador aceitar score e revisão.,
28072,ctb_documentos_cnh_porte,specific_high_precision,rule_that_solves_or_clarifies_question,True,False,strict,216,not_applicable_or_not_outdated,,,cnh; permissao para dirigir; habilitado,cnh; permissao para dirigir; habilitado,Da Habilitação (arts. 140 a 160 da Lei nº 9.503/1997),Vínculo por assunto + termos do enunciado/alternativas/comentário. Exibir como card principal somente se importador aceitar score e revisão.,
28106,ctb_documentos_cnh_porte,specific_high_precision,suggested_card_needs_review,False,True,comment_or_subject_evidence_only,174,not_applicable_or_not_outdated,,,cnh; renach,,Da Habilitação (arts. 140 a 160 da Lei nº 9.503/1997),Vínculo por assunto + termos do enunciado/alternativas/comentário. Exibir como card principal somente se importador aceitar score e revisão. Termos fortes não apareceram no enunciado/alternativas; não exibir automaticamente no modo Estudar agora.,
28107,ctb_documentos_cnh_porte,specific_high_precision,rule_that_solves_or_clarifies_question,False,True,ambiguous_top_candidate,194,not_applicable_or_not_outdated,,,cnh; permissao para dirigir,cnh; permissao para dirigir,Da Habilitação (arts. 140 a 160 da Lei nº 9.503/1997),Vínculo por assunto + termos do enunciado/alternativas/comentário. Exibir como card principal somente se importador aceitar score e revisão.,
28109,subject_overview::da-habilitacao-arts-140-a-160-da-lei-n-9-503-1997,subject_overview_fallback,general_orientation_only,False,False,downgraded_weak_evidence,50,not_applicable_or_not_outdated,,,Da Habilitação (arts. 140 a 160 da Lei nº 9.503/1997),,Da Habilitação (arts. 140 a 160 da Lei nº 9.503/1997),Vínculo específico rebaixado: a evidência era genérica/fraca. Exibir apenas panorama do assunto até revisão humana.,
28210,ctb_habilitacao_curso_reciclagem,specific_high_precision,rule_that_solves_or_clarifies_question,True,False,strict,196,not_applicable_or_not_outdated,,,curso; exame; aptidao fisica,exame; aptidao fisica,Da Habilitação (arts. 140 a 160 da Lei nº 9.503/1997),Vínculo por assunto + termos do enunciado/alternativas/comentário. Exibir como card principal somente se importador aceitar score e revisão.,
28212,ctb_documentos_cnh_porte,specific_high_precision,rule_that_solves_or_clarifies_question,False,True,ambiguous_top_candidate,172,not_applicable_or_not_outdated,,,cnh,cnh,Da Habilitação (arts. 140 a 160 da Lei nº 9.503/1997),Vínculo por assunto + termos do enunciado/alternativas/comentário. Exibir como card principal somente se importador aceitar score e revisão.,
28213,ctb_habilitacao_curso_reciclagem,specific_high_precision,rule_that_solves_or_clarifies_question,True,False,strict,184,not_applicable_or_not_outdated,,,exame; aptidao fisica,exame; aptidao fisica,Da Habilitação (arts. 140 a 160 da Lei nº 9.503/1997),Vínculo por assunto + termos do enunciado/alternativas/comentário. Exibir como card principal somente se importador aceitar score e revisão.,
28214,ctb_documentos_cnh_porte,specific_high_precision,rule_that_solves_or_clarifies_question,True,False,strict,194,not_applicable_or_not_outdated,,,cnh; permissao para dirigir,cnh; permissao para dirigir,Da Habilitação (arts. 140 a 160 da Lei nº 9.503/1997),Vínculo por assunto + termos do enunciado/alternativas/comentário. Exibir como card principal somente se importador aceitar score e revisão.,
28215,ctb_documentos_cnh_porte,specific_high_precision,rule_that_solves_or_clarifies_question,False,True,ambiguous_top_candidate,184,not_applicable_or_not_outdated,,,cnh; permissao para dirigir,cnh,Da Habilitação (arts. 140 a 160 da Lei nº 9.503/1997),Vínculo por assunto + termos do enunciado/alternativas/comentário. Exibir como card principal somente se importador aceitar score e revisão.,
303964,ctb_habilitacao_categorias,specific_high_precision,suggested_card_needs_review,False,True,comment_or_subject_evidence_only,174,not_applicable_or_not_outdated,,,categoria b; categoria c,,Da Habilitação (arts. 140 a 160 da Lei nº 9.503/1997),Vínculo por assunto + termos do enunciado/alternativas/comentário. Exibir como card principal somente se importador aceitar score e revisão. Termos fortes não apareceram no enunciado/alternativas; não exibir automaticamente no modo Estudar agora.,
363330,ctb_habilitacao_categorias,specific_high_precision,rule_that_solves_or_clarifies_question,False,True,ambiguous_top_candidate,194,not_applicable_or_not_outdated,,,categoria b; categoria c,categoria b; categoria c,Da Habilitação (arts. 140 a 160 da Lei nº 9.503/1997),Vínculo por assunto + termos do enunciado/alternativas/comentário. Exibir como card principal somente se importador aceitar score e revisão.,
657484,ctb_habilitacao_categorias,specific_high_precision,rule_that_solves_or_clarifies_question,True,False,strict,232,not_applicable_or_not_outdated,,,categoria a; categoria b; categoria c; categoria d; categoria e; combinacao de veiculos,categoria d,Da Habilitação (arts. 140 a 160 da Lei nº 9.503/1997),Vínculo por assunto + termos do enunciado/alternativas/comentário. Exibir como card principal somente se importador aceitar score e revisão.,
732066,ctb_habilitacao_categorias,specific_high_precision,rule_that_solves_or_clarifies_question,True,False,strict,272,not_applicable_or_not_outdated,,,categoria a; categoria b; categoria c; categoria d; categoria e; combinacao de veiculos,categoria a; categoria b; categoria c; categoria d; categoria e,Da Habilitação (arts. 140 a 160 da Lei nº 9.503/1997),Vínculo por assunto + termos do enunciado/alternativas/comentário. Exibir como card principal somente se importador aceitar score e revisão.,
840840,ctb_habilitacao_permissao_pontos,specific_high_precision,suggested_card_needs_review,False,True,comment_or_subject_evidence_only,186,not_applicable_or_not_outdated,,,permissao para dirigir; ppd; cnh definitiva,,Da Habilitação (arts. 140 a 160 da Lei nº 9.503/1997),Vínculo por assunto + termos do enunciado/alternativas/comentário. Exibir como card principal somente se importador aceitar score e revisão. Termos fortes não apareceram no enunciado/alternativas; não exibir automaticamente no modo Estudar agora.,
960487,ctb_habilitacao_curso_reciclagem,specific_high_precision,rule_that_solves_or_clarifies_question,True,False,strict,162,not_applicable_or_not_outdated,,,exame,exame,Da Habilitação (arts. 140 a 160 da Lei nº 9.503/1997),Vínculo por assunto + termos do enunciado/alternativas/comentário. Exibir como card principal somente se importador aceitar score e revisão.,
1028949,subject_overview::da-habilitacao-arts-140-a-160-da-lei-n-9-503-1997,subject_overview_fallback,general_orientation_only,False,False,downgraded_weak_evidence,50,not_applicable_or_not_outdated,,,Da Habilitação (arts. 140 a 160 da Lei nº 9.503/1997),,Da Habilitação (arts. 140 a 160 da Lei nº 9.503/1997),Vínculo específico rebaixado: a evidência era genérica/fraca. Exibir apenas panorama do assunto até revisão humana.,
1186390,ctb_habilitacao_curso_reciclagem,specific_high_precision,rule_that_solves_or_clarifies_question,True,False,strict,184,not_applicable_or_not_outdated,,,curso; exame,curso; exame,Da Habilitação (arts. 140 a 160 da Lei nº 9.503/1997),Vínculo por assunto + termos do enunciado/alternativas/comentário. Exibir como card principal somente se importador aceitar score e revisão.,
1326075,contran_789_1020_formacao_condutores,specific_high_precision,rule_that_solves_or_clarifies_question,False,True,ambiguous_top_candidate,172,not_applicable_or_not_outdated,,,candidato,candidato,Da Habilitação (arts. 140 a 160 da Lei nº 9.503/1997),Vínculo por assunto + termos do enunciado/alternativas/comentário. Exibir como card principal somente se importador aceitar score e revisão.,
1403550,ctb_habilitacao_categorias,specific_high_precision,rule_that_solves_or_clarifies_question,True,False,strict,232,not_applicable_or_not_outdated,,,categoria a; categoria b; categoria c; categoria d; categoria e; combinacao de veiculos,categoria b,Da Habilitação (arts. 140 a 160 da Lei nº 9.503/1997),Vínculo por assunto + termos do enunciado/alternativas/comentário. Exibir como card principal somente se importador aceitar score e revisão.,
1403555,ctb_habilitacao_categorias,specific_high_precision,rule_that_solves_or_clarifies_question,True,False,strict,220,not_applicable_or_not_outdated,,,categoria b; categoria c; categoria d; categoria e; combinacao de veiculos,categoria e,Da Habilitação (arts. 140 a 160 da Lei nº 9.503/1997),Vínculo por assunto + termos do enunciado/alternativas/comentário. Exibir como card principal somente se importador aceitar score e revisão.,
1403562,ctb_habilitacao_categorias,specific_high_precision,rule_that_solves_or_clarifies_question,True,False,strict,208,not_applicable_or_not_outdated,,,categoria b; categoria c; categoria d; categoria e,categoria d,Da Habilitação (arts. 140 a 160 da Lei nº 9.503/1997),Vínculo por assunto + termos do enunciado/alternativas/comentário. Exibir como card principal somente se importador aceitar score e revisão.,
1490474,ctb_habilitacao_categorias,specific_high_precision,rule_that_solves_or_clarifies_question,False,True,ambiguous_top_candidate,196,not_applicable_or_not_outdated,,,categoria c; categoria e; combinacao de veiculos,categoria c,Da Habilitação (arts. 140 a 160 da Lei nº 9.503/1997),Vínculo por assunto + termos do enunciado/alternativas/comentário. Exibir como card principal somente se importador aceitar score e revisão.,
1490477,ctb_habilitacao_categorias,specific_high_precision,rule_that_solves_or_clarifies_question,False,True,ambiguous_top_candidate,172,not_applicable_or_not_outdated,,,categoria a,categoria a,Da Habilitação (arts. 140 a 160 da Lei nº 9.503/1997),Vínculo por assunto + termos do enunciado/alternativas/comentário. Exibir como card principal somente se importador aceitar score e revisão.,
1490485,ctb_habilitacao_categorias,specific_high_precision,rule_that_solves_or_clarifies_question,True,False,strict,206,not_applicable_or_not_outdated,,,categoria a; categoria b; categoria d,categoria a; categoria d,Da Habilitação (arts. 140 a 160 da Lei nº 9.503/1997),Vínculo por assunto + termos do enunciado/alternativas/comentário. Exibir como card principal somente se importador aceitar score e revisão.,
1490486,ctb_documentos_cnh_porte,specific_high_precision,rule_that_solves_or_clarifies_question,True,False,strict,218,not_applicable_or_not_outdated,,,cnh; permissao para dirigir; porte do documento de habilitacao; habilitado,cnh; permissao para dirigir,Da Habilitação (arts. 140 a 160 da Lei nº 9.503/1997),Vínculo por assunto + termos do enunciado/alternativas/comentário. Exibir como card principal somente se importador aceitar score e revisão.,
1500077,ctb_habilitacao_categorias,specific_high_precision,rule_that_solves_or_clarifies_question,True,False,strict,282,not_applicable_or_not_outdated,,,categoria a; categoria b; categoria c; categoria d; categoria e; combinacao de veiculos,categoria a; categoria b; categoria c; categoria d; categoria e; combinacao de veiculos,Da Habilitação (arts. 140 a 160 da Lei nº 9.503/1997),Vínculo por assunto + termos do enunciado/alternativas/comentário. Exibir como card principal somente se importador aceitar score e revisão.,
1521266,ctb_habilitacao_categorias,specific_high_precision,suggested_card_needs_review,False,True,comment_or_subject_evidence_only,198,not_applicable_or_not_outdated,,,categoria b; categoria c; categoria d; categoria e,,Da Habilitação (arts. 140 a 160 da Lei nº 9.503/1997),Vínculo por assunto + termos do enunciado/alternativas/comentário. Exibir como card principal somente se importador aceitar score e revisão. Termos fortes não apareceram no enunciado/alternativas; não exibir automaticamente no modo Estudar agora.,
1521267,ctb_habilitacao_curso_reciclagem,specific_high_precision,rule_that_solves_or_clarifies_question,True,False,strict,184,not_applicable_or_not_outdated,,,exame; aptidao fisica,exame; aptidao fisica,Da Habilitação (arts. 140 a 160 da Lei nº 9.503/1997),Vínculo por assunto + termos do enunciado/alternativas/comentário. Exibir como card principal somente se importador aceitar score e revisão.,
1521268,ctb_habilitacao_curso_reciclagem,specific_high_precision,rule_that_solves_or_clarifies_question,True,False,strict,184,not_applicable_or_not_outdated,,,exame; aptidao fisica,exame; aptidao fisica,Da Habilitação (arts. 140 a 160 da Lei nº 9.503/1997),Vínculo por assunto + termos do enunciado/alternativas/comentário. Exibir como card principal somente se importador aceitar score e revisão.,
1521269,ctb_habilitacao_curso_reciclagem,specific_high_precision,rule_that_solves_or_clarifies_question,False,True,ambiguous_top_candidate,184,not_applicable_or_not_outdated,,,exame; aptidao fisica,exame; aptidao fisica,Da Habilitação (arts. 140 a 160 da Lei nº 9.503/1997),Vínculo por assunto + termos do enunciado/alternativas/comentário. Exibir como card principal somente se importador aceitar score e revisão.,
1521270,ctb_habilitacao_curso_reciclagem,specific_high_precision,rule_that_solves_or_clarifies_question,True,False,strict,206,not_applicable_or_not_outdated,,,exame; aptidao fisica; avaliacao psicologica,exame; aptidao fisica; avaliacao psicologica,Da Habilitação (arts. 140 a 160 da Lei nº 9.503/1997),Vínculo por assunto + termos do enunciado/alternativas/comentário. Exibir como card principal somente se importador aceitar score e revisão.,
1521271,ctb_habilitacao_curso_reciclagem,specific_high_precision,rule_that_solves_or_clarifies_question,True,False,strict,206,not_applicable_or_not_outdated,,,exame; aptidao fisica; avaliacao psicologica,exame; aptidao fisica; avaliacao psicologica,Da Habilitação (arts. 140 a 160 da Lei nº 9.503/1997),Vínculo por assunto + termos do enunciado/alternativas/comentário. Exibir como card principal somente se importador aceitar score e revisão.,
1521272,ctb_habilitacao_categorias,specific_high_precision,suggested_card_needs_review,False,True,comment_or_subject_evidence_only,162,not_applicable_or_not_outdated,,,categoria c,,Da Habilitação (arts. 140 a 160 da Lei nº 9.503/1997),Vínculo por assunto + termos do enunciado/alternativas/comentário. Exibir como card principal somente se importador aceitar score e revisão. Termos fortes não apareceram no enunciado/alternativas; não exibir automaticamente no modo Estudar agora.,
1521273,ctb_habilitacao_curso_reciclagem,specific_high_precision,rule_that_solves_or_clarifies_question,True,False,strict,162,not_applicable_or_not_outdated,,,exame,exame,Da Habilitação (arts. 140 a 160 da Lei nº 9.503/1997),Vínculo por assunto + termos do enunciado/alternativas/comentário. Exibir como card principal somente se importador aceitar score e revisão.,
1521274,ctb_habilitacao_curso_reciclagem,specific_high_precision,rule_that_solves_or_clarifies_question,True,False,strict,184,not_applicable_or_not_outdated,,,curso; exame,curso; exame,Da Habilitação (arts. 140 a 160 da Lei nº 9.503/1997),Vínculo por assunto + termos do enunciado/alternativas/comentário. Exibir como card principal somente se importador aceitar score e revisão.,
1521275,ctb_documentos_cnh_porte,specific_high_precision,suggested_card_needs_review,False,True,comment_or_subject_evidence_only,162,not_applicable_or_not_outdated,,,cnh,,Da Habilitação (arts. 140 a 160 da Lei nº 9.503/1997),Vínculo por assunto + termos do enunciado/alternativas/comentário. Exibir como card principal somente se importador aceitar score e revisão. Termos fortes não apareceram no enunciado/alternativas; não exibir automaticamente no modo Estudar agora.,
1521276,ctb_documentos_cnh_porte,specific_high_precision,rule_that_solves_or_clarifies_question,True,False,strict,172,not_applicable_or_not_outdated,,,renach,renach,Da Habilitação (arts. 140 a 160 da Lei nº 9.503/1997),Vínculo por assunto + termos do enunciado/alternativas/comentário. Exibir como card principal somente se importador aceitar score e revisão.,
1521277,ctb_documentos_cnh_porte,specific_high_precision,rule_that_solves_or_clarifies_question,True,False,strict,194,not_applicable_or_not_outdated,,,porte do documento de habilitacao; habilitado,porte do documento de habilitacao; habilitado,Da Habilitação (arts. 140 a 160 da Lei nº 9.503/1997),Vínculo por assunto + termos do enunciado/alternativas/comentário. Exibir como card principal somente se importador aceitar score e revisão.,
1525662,ctb_habilitacao_curso_reciclagem,specific_high_precision,rule_that_solves_or_clarifies_question,True,False,strict,206,not_applicable_or_not_outdated,,,exame; aptidao fisica; avaliacao psicologica,exame; aptidao fisica; avaliacao psicologica,Da Habilitação (arts. 140 a 160 da Lei nº 9.503/1997),Vínculo por assunto + termos do enunciado/alternativas/comentário. Exibir como card principal somente se importador aceitar score e revisão.,
1525687,ctb_habilitacao_curso_reciclagem,specific_high_precision,rule_that_solves_or_clarifies_question,True,False,strict,184,not_applicable_or_not_outdated,,,exame; aptidao fisica,exame; aptidao fisica,Da Habilitação (arts. 140 a 160 da Lei nº 9.503/1997),Vínculo por assunto + termos do enunciado/alternativas/comentário. Exibir como card principal somente se importador aceitar score e revisão.,
1525688,ctb_habilitacao_curso_reciclagem,specific_high_precision,rule_that_solves_or_clarifies_question,True,False,strict,162,not_applicable_or_not_outdated,,,exame,exame,Da Habilitação (arts. 140 a 160 da Lei nº 9.503/1997),Vínculo por assunto + termos do enunciado/alternativas/comentário. Exibir como card principal somente se importador aceitar score e revisão.,
1525689,ctb_habilitacao_curso_reciclagem,specific_high_precision,rule_that_solves_or_clarifies_question,True,False,strict,184,not_applicable_or_not_outdated,,,curso; exame,curso; exame,Da Habilitação (arts. 140 a 160 da Lei nº 9.503/1997),Vínculo por assunto + termos do enunciado/alternativas/comentário. Exibir como card principal somente se importador aceitar score e revisão.,
1569404,ctb_habilitacao_curso_reciclagem,specific_high_precision,rule_that_solves_or_clarifies_question,True,False,strict,162,not_applicable_or_not_outdated,,,exame,exame,Da Habilitação (arts. 140 a 160 da Lei nº 9.503/1997),Vínculo por assunto + termos do enunciado/alternativas/comentário. Exibir como card principal somente se importador aceitar score e revisão.,
1572378,ctb_habilitacao_categorias,specific_high_precision,rule_that_solves_or_clarifies_question,True,False,strict,196,not_applicable_or_not_outdated,,,categoria b; categoria c; categoria d,categoria c,Da Habilitação (arts. 140 a 160 da Lei nº 9.503/1997),Vínculo por assunto + termos do enunciado/alternativas/comentário. Exibir como card principal somente se importador aceitar score e revisão.,
1573565,subject_overview::da-habilitacao-arts-140-a-160-da-lei-n-9-503-1997,subject_overview_fallback,general_orientation_only,False,False,fallback_by_assunto,50,not_applicable_or_not_outdated,,,Da Habilitação (arts. 140 a 160 da Lei nº 9.503/1997),,Da Habilitação (arts. 140 a 160 da Lei nº 9.503/1997),"Sem evidência suficiente para microcard específico. Exibir apenas como panorama do assunto, nunca como regra que resolve a questão.",
1576571,ctb_habilitacao_categorias,specific_high_precision,rule_that_solves_or_clarifies_question,True,False,strict,184,not_applicable_or_not_outdated,,,categoria a; categoria b,categoria a,Da Habilitação (arts. 140 a 160 da Lei nº 9.503/1997),Vínculo por assunto + termos do enunciado/alternativas/comentário. Exibir como card principal somente se importador aceitar score e revisão.,
1576572,ctb_documentos_cnh_porte,specific_high_precision,rule_that_solves_or_clarifies_question,True,False,strict,208,not_applicable_or_not_outdated,,,cnh; permissao para dirigir; porte do documento de habilitacao; habilitado,permissao para dirigir,Da Habilitação (arts. 140 a 160 da Lei nº 9.503/1997),Vínculo por assunto + termos do enunciado/alternativas/comentário. Exibir como card principal somente se importador aceitar score e revisão.,
1577067,ctb_documentos_cnh_porte,specific_high_precision,theory_reference_only__not_solution_current_law,False,True,strict,240,needs_audit,False,,cnh; permissao para dirigir; porte do documento de habilitacao; renach; habilitado,cnh; permissao para dirigir; renach,Da Habilitação (arts. 140 a 160 da Lei nº 9.503/1997),Vínculo por assunto + termos do enunciado/alternativas/comentário. Exibir como card principal somente se importador aceitar score e revisão.,Questão desatualizada sem gabarito atual pontuável; não exibir como regra que resolve a questão no modo legislação atual.
1577632,ctb_habilitacao_categorias,specific_high_precision,rule_that_solves_or_clarifies_question,True,False,strict,208,not_applicable_or_not_outdated,,,categoria a; categoria b; categoria c; categoria d,categoria a,Da Habilitação (arts. 140 a 160 da Lei nº 9.503/1997),Vínculo por assunto + termos do enunciado/alternativas/comentário. Exibir como card principal somente se importador aceitar score e revisão.,
1577633,ctb_documentos_cnh_porte,specific_high_precision,rule_that_solves_or_clarifies_question,True,False,strict,208,not_applicable_or_not_outdated,,,cnh; permissao para dirigir; porte do documento de habilitacao; habilitado,permissao para dirigir,Da Habilitação (arts. 140 a 160 da Lei nº 9.503/1997),Vínculo por assunto + termos do enunciado/alternativas/comentário. Exibir como card principal somente se importador aceitar score e revisão.,
1611239,ctb_documentos_cnh_porte,specific_high_precision,suggested_card_needs_review,False,True,comment_or_subject_evidence_only,162,not_applicable_or_not_outdated,,,cnh,,Da Habilitação (arts. 140 a 160 da Lei nº 9.503/1997),Vínculo por assunto + termos do enunciado/alternativas/comentário. Exibir como card principal somente se importador aceitar score e revisão. Termos fortes não apareceram no enunciado/alternativas; não exibir automaticamente no modo Estudar agora.,
28073,ctb_sinalizacao_ordem_prevalencia,specific_high_precision,rule_that_solves_or_clarifies_question,True,False,strict,191,not_applicable_or_not_outdated,,,ordens do agente; sinalizacao; prevalencia,ordens do agente,Da Sinalização de Trânsito (arts. 80 a 90 da Lei nº 9.503/1997),Vínculo por assunto + termos do enunciado/alternativas/comentário. Exibir como card principal somente se importador aceitar score e revisão.,
112172,ctb_sinalizacao_ordem_prevalencia,specific_high_precision,rule_that_solves_or_clarifies_question,True,False,strict,211,not_applicable_or_not_outdated,,,ordens do agente; sinalizacao; prevalencia,ordens do agente; sinalizacao; prevalencia,Da Sinalização de Trânsito (arts. 80 a 90 da Lei nº 9.503/1997),Vínculo por assunto + termos do enunciado/alternativas/comentário. Exibir como card principal somente se importador aceitar score e revisão.,
345139,ctb_sinalizacao_ordem_prevalencia,specific_high_precision,rule_that_solves_or_clarifies_question,True,False,strict,211,not_applicable_or_not_outdated,,,ordens do agente; sinalizacao; prevalencia,ordens do agente; sinalizacao; prevalencia,Da Sinalização de Trânsito (arts. 80 a 90 da Lei nº 9.503/1997),Vínculo por assunto + termos do enunciado/alternativas/comentário. Exibir como card principal somente se importador aceitar score e revisão.,
346031,ctb_sinalizacao_ordem_prevalencia,specific_high_precision,rule_that_solves_or_clarifies_question,True,False,strict,211,not_applicable_or_not_outdated,,,ordens do agente; sinalizacao; prevalencia,ordens do agente; sinalizacao; prevalencia,Da Sinalização de Trânsito (arts. 80 a 90 da Lei nº 9.503/1997),Vínculo por assunto + termos do enunciado/alternativas/comentário. Exibir como card principal somente se importador aceitar score e revisão.,
754234,ctb_sinalizacao_ordem_prevalencia,specific_high_precision,rule_that_solves_or_clarifies_question,True,False,strict,233,not_applicable_or_not_outdated,,,ordens do agente; sinalizacao; prevalencia; gestos do agente,ordens do agente; sinalizacao; prevalencia; gestos do agente,Da Sinalização de Trânsito (arts. 80 a 90 da Lei nº 9.503/1997),Vínculo por assunto + termos do enunciado/alternativas/comentário. Exibir como card principal somente se importador aceitar score e revisão.,
778169,ctb_sinalizacao_ordem_prevalencia,specific_high_precision,rule_that_solves_or_clarifies_question,True,False,strict,211,not_applicable_or_not_outdated,,,ordens do agente; sinalizacao; prevalencia,ordens do agente; sinalizacao; prevalencia,Da Sinalização de Trânsito (arts. 80 a 90 da Lei nº 9.503/1997),Vínculo por assunto + termos do enunciado/alternativas/comentário. Exibir como card principal somente se importador aceitar score e revisão.,
840156,subject_overview::da-sinalizacao-de-transito-arts-80-a-90-da-lei-n-9-503-1997,subject_overview_fallback,general_orientation_only,False,False,downgraded_weak_evidence,50,not_applicable_or_not_outdated,,,Da Sinalização de Trânsito (arts. 80 a 90 da Lei nº 9.503/1997),,Da Sinalização de Trânsito (arts. 80 a 90 da Lei nº 9.503/1997),Vínculo específico rebaixado: a evidência era genérica/fraca. Exibir apenas panorama do assunto até revisão humana.,
936377,subject_overview::da-sinalizacao-de-transito-arts-80-a-90-da-lei-n-9-503-1997,subject_overview_fallback,general_orientation_only,False,False,downgraded_weak_evidence,50,not_applicable_or_not_outdated,,,Da Sinalização de Trânsito (arts. 80 a 90 da Lei nº 9.503/1997),,Da Sinalização de Trânsito (arts. 80 a 90 da Lei nº 9.503/1997),Vínculo específico rebaixado: a evidência era genérica/fraca. Exibir apenas panorama do assunto até revisão humana.,
1028276,subject_overview::da-sinalizacao-de-transito-arts-80-a-90-da-lei-n-9-503-1997,subject_overview_fallback,general_orientation_only,False,False,downgraded_weak_evidence,50,not_applicable_or_not_outdated,,,Da Sinalização de Trânsito (arts. 80 a 90 da Lei nº 9.503/1997),,Da Sinalização de Trânsito (arts. 80 a 90 da Lei nº 9.503/1997),Vínculo específico rebaixado: a evidência era genérica/fraca. Exibir apenas panorama do assunto até revisão humana.,
1144056,ctb_sinalizacao_ordem_prevalencia,specific_high_precision,rule_that_solves_or_clarifies_question,True,False,strict,201,not_applicable_or_not_outdated,,,ordens do agente; sinalizacao; prevalencia,ordens do agente; prevalencia,Da Sinalização de Trânsito (arts. 80 a 90 da Lei nº 9.503/1997),Vínculo por assunto + termos do enunciado/alternativas/comentário. Exibir como card principal somente se importador aceitar score e revisão.,
1210668,contran_973_sinais_sonoros_gestos,specific_high_precision,rule_that_solves_or_clarifies_question,True,False,strict,226,not_applicable_or_not_outdated,,,gesto; sinal sonoro; silvo,gesto; sinal sonoro; silvo,Da Sinalização de Trânsito (arts. 80 a 90 da Lei nº 9.503/1997),Vínculo por assunto + termos do enunciado/alternativas/comentário. Exibir como card principal somente se importador aceitar score e revisão.,
1214224,contran_973_sinais_sonoros_gestos,specific_high_precision,rule_that_solves_or_clarifies_question,True,False,strict,204,not_applicable_or_not_outdated,,,gesto; agente de transito,gesto; agente de transito,Da Sinalização de Trânsito (arts. 80 a 90 da Lei nº 9.503/1997),Vínculo por assunto + termos do enunciado/alternativas/comentário. Exibir como card principal somente se importador aceitar score e revisão.,
1572193,ctb_sinalizacao_ordem_prevalencia,specific_high_precision,rule_that_solves_or_clarifies_question,False,True,ambiguous_top_candidate,211,not_applicable_or_not_outdated,,,ordens do agente; sinalizacao; prevalencia,ordens do agente; sinalizacao; prevalencia,Da Sinalização de Trânsito (arts. 80 a 90 da Lei nº 9.503/1997),Vínculo por assunto + termos do enunciado/alternativas/comentário. Exibir como card principal somente se importador aceitar score e revisão.,
1573559,subject_overview::da-sinalizacao-de-transito-arts-80-a-90-da-lei-n-9-503-1997,subject_overview_fallback,general_orientation_only,False,False,downgraded_weak_evidence,50,not_applicable_or_not_outdated,,,Da Sinalização de Trânsito (arts. 80 a 90 da Lei nº 9.503/1997),,Da Sinalização de Trânsito (arts. 80 a 90 da Lei nº 9.503/1997),Vínculo específico rebaixado: a evidência era genérica/fraca. Exibir apenas panorama do assunto até revisão humana.,
1573561,subject_overview::da-sinalizacao-de-transito-arts-80-a-90-da-lei-n-9-503-1997,subject_overview_fallback,general_orientation_only,False,False,downgraded_weak_evidence,50,not_applicable_or_not_outdated,,,Da Sinalização de Trânsito (arts. 80 a 90 da Lei nº 9.503/1997),,Da Sinalização de Trânsito (arts. 80 a 90 da Lei nº 9.503/1997),Vínculo específico rebaixado: a evidência era genérica/fraca. Exibir apenas panorama do assunto até revisão humana.,
1573563,contran_973_sinais_sonoros_gestos,specific_high_precision,rule_that_solves_or_clarifies_question,True,False,strict,194,not_applicable_or_not_outdated,,,gesto; agente de transito,gesto,Da Sinalização de Trânsito (arts. 80 a 90 da Lei nº 9.503/1997),Vínculo por assunto + termos do enunciado/alternativas/comentário. Exibir como card principal somente se importador aceitar score e revisão.,
1743707,contran_973_sinais_sonoros_gestos,specific_high_precision,suggested_card_needs_review,False,True,comment_or_subject_evidence_only,184,not_applicable_or_not_outdated,,,gesto; agente de transito,,Da Sinalização de Trânsito (arts. 80 a 90 da Lei nº 9.503/1997),Vínculo por assunto + termos do enunciado/alternativas/comentário. Exibir como card principal somente se importador aceitar score e revisão. Termos fortes não apareceram no enunciado/alternativas; não exibir automaticamente no modo Estudar agora.,
2450588,subject_overview::da-sinalizacao-de-transito-arts-80-a-90-da-lei-n-9-503-1997,subject_overview_fallback,general_orientation_only,False,False,downgraded_weak_evidence,50,not_applicable_or_not_outdated,,,Da Sinalização de Trânsito (arts. 80 a 90 da Lei nº 9.503/1997),,Da Sinalização de Trânsito (arts. 80 a 90 da Lei nº 9.503/1997),Vínculo específico rebaixado: a evidência era genérica/fraca. Exibir apenas panorama do assunto até revisão humana.,
27898,subject_overview::das-infracoes-arts-161-a-255-da-lei-n-9-503-1997,subject_overview_fallback,general_orientation_only,False,False,downgraded_weak_evidence,50,not_applicable_or_not_outdated,,,Das Infrações (arts. 161 a 255 da Lei nº 9.503/1997),,Das Infrações (arts. 161 a 255 da Lei nº 9.503/1997),Vínculo específico rebaixado: a evidência era genérica/fraca. Exibir apenas panorama do assunto até revisão humana.,
27943,ctb_infracoes_velocidade,specific_high_precision,rule_that_solves_or_clarifies_question,True,False,strict,226,not_applicable_or_not_outdated,,,velocidade; radar; 50,velocidade; radar; 50,Das Infrações (arts. 161 a 255 da Lei nº 9.503/1997),Vínculo por assunto + termos do enunciado/alternativas/comentário. Exibir como card principal somente se importador aceitar score e revisão.,
27944,ctb_infracoes_velocidade,specific_high_precision,rule_that_solves_or_clarifies_question,True,False,strict,226,not_applicable_or_not_outdated,,,velocidade; radar; 50,velocidade; radar; 50,Das Infrações (arts. 161 a 255 da Lei nº 9.503/1997),Vínculo por assunto + termos do enunciado/alternativas/comentário. Exibir como card principal somente se importador aceitar score e revisão.,
27969,subject_overview::das-infracoes-arts-161-a-255-da-lei-n-9-503-1997,subject_overview_fallback,general_orientation_only,False,False,downgraded_weak_evidence,50,not_applicable_or_not_outdated,,,Das Infrações (arts. 161 a 255 da Lei nº 9.503/1997),,Das Infrações (arts. 161 a 255 da Lei nº 9.503/1997),Vínculo específico rebaixado: a evidência era genérica/fraca. Exibir apenas panorama do assunto até revisão humana.,
27984,subject_overview::das-infracoes-arts-161-a-255-da-lei-n-9-503-1997,subject_overview_fallback,general_orientation_only,False,False,downgraded_weak_evidence,50,not_applicable_or_not_outdated,,,Das Infrações (arts. 161 a 255 da Lei nº 9.503/1997),,Das Infrações (arts. 161 a 255 da Lei nº 9.503/1997),Vínculo específico rebaixado: a evidência era genérica/fraca. Exibir apenas panorama do assunto até revisão humana.,
28037,ctb_medidas_retencao_remocao_recolhimento,specific_high_precision,rule_that_solves_or_clarifies_question,False,True,ambiguous_top_candidate,206,not_applicable_or_not_outdated,,,retencao; recolhimento; veiculo,veiculo,Das Infrações (arts. 161 a 255 da Lei nº 9.503/1997),Vínculo por assunto + termos do enunciado/alternativas/comentário. Exibir como card principal somente se importador aceitar score e revisão.,
28052,ctb_pontuacao_infracoes,specific_high_precision,rule_that_solves_or_clarifies_question,False,True,ambiguous_top_candidate,176,not_applicable_or_not_outdated,,,media; leve; multa,leve; multa,Das Infrações (arts. 161 a 255 da Lei nº 9.503/1997),Vínculo por assunto + termos do enunciado/alternativas/comentário. Exibir como card principal somente se importador aceitar score e revisão.,
28060,subject_overview::das-infracoes-arts-161-a-255-da-lei-n-9-503-1997,subject_overview_fallback,general_orientation_only,False,False,downgraded_weak_evidence,50,not_applicable_or_not_outdated,,,Das Infrações (arts. 161 a 255 da Lei nº 9.503/1997),,Das Infrações (arts. 161 a 255 da Lei nº 9.503/1997),Vínculo específico rebaixado: a evidência era genérica/fraca. Exibir apenas panorama do assunto até revisão humana.,
28061,subject_overview::das-infracoes-arts-161-a-255-da-lei-n-9-503-1997,subject_overview_fallback,general_orientation_only,False,False,downgraded_weak_evidence,50,not_applicable_or_not_outdated,,,Das Infrações (arts. 161 a 255 da Lei nº 9.503/1997),,Das Infrações (arts. 161 a 255 da Lei nº 9.503/1997),Vínculo específico rebaixado: a evidência era genérica/fraca. Exibir apenas panorama do assunto até revisão humana.,
28062,subject_overview::das-infracoes-arts-161-a-255-da-lei-n-9-503-1997,subject_overview_fallback,general_orientation_only,False,False,downgraded_weak_evidence,50,not_applicable_or_not_outdated,,,Das Infrações (arts. 161 a 255 da Lei nº 9.503/1997),,Das Infrações (arts. 161 a 255 da Lei nº 9.503/1997),Vínculo específico rebaixado: a evidência era genérica/fraca. Exibir apenas panorama do assunto até revisão humana.,
28063,ctb_infracoes_velocidade,specific_high_precision,rule_that_solves_or_clarifies_question,True,False,strict,194,not_applicable_or_not_outdated,,,velocidade; 50,velocidade,Das Infrações (arts. 161 a 255 da Lei nº 9.503/1997),Vínculo por assunto + termos do enunciado/alternativas/comentário. Exibir como card principal somente se importador aceitar score e revisão.,
28067,ctb_infracoes_estacionamento_parada,specific_high_precision,rule_that_solves_or_clarifies_question,False,True,ambiguous_top_candidate,179,not_applicable_or_not_outdated,,,estacionar; calcada,calcada,Das Infrações (arts. 161 a 255 da Lei nº 9.503/1997),Vínculo por assunto + termos do enunciado/alternativas/comentário. Exibir como card principal somente se importador aceitar score e revisão.,
28071,ctb_infracoes_documentos_licenciamento,specific_high_precision,rule_that_solves_or_clarifies_question,True,False,strict,233,not_applicable_or_not_outdated,,,documento; cnh; registro; licenciamento,documento; cnh; registro; licenciamento,Das Infrações (arts. 161 a 255 da Lei nº 9.503/1997),Vínculo por assunto + termos do enunciado/alternativas/comentário. Exibir como card principal somente se importador aceitar score e revisão.,
28074,ctb_infracoes_documentos_licenciamento,specific_high_precision,rule_that_solves_or_clarifies_question,True,False,strict,233,not_applicable_or_not_outdated,,,documento; cnh; registro; licenciamento,documento; cnh; registro; licenciamento,Das Infrações (arts. 161 a 255 da Lei nº 9.503/1997),Vínculo por assunto + termos do enunciado/alternativas/comentário. Exibir como card principal somente se importador aceitar score e revisão.,
28095,ctb_infracoes_velocidade,specific_high_precision,rule_that_solves_or_clarifies_question,True,False,strict,228,not_applicable_or_not_outdated,,,velocidade; radar; 20; 50,velocidade; radar,Das Infrações (arts. 161 a 255 da Lei nº 9.503/1997),Vínculo por assunto + termos do enunciado/alternativas/comentário. Exibir como card principal somente se importador aceitar score e revisão.,
28096,ctb_infracoes_velocidade,specific_high_precision,rule_that_solves_or_clarifies_question,True,False,strict,216,not_applicable_or_not_outdated,,,velocidade; excesso de velocidade; 50,velocidade; excesso de velocidade,Das Infrações (arts. 161 a 255 da Lei nº 9.503/1997),Vínculo por assunto + termos do enunciado/alternativas/comentário. Exibir como card principal somente se importador aceitar score e revisão.,
28100,subject_overview::das-infracoes-arts-161-a-255-da-lei-n-9-503-1997,subject_overview_fallback,general_orientation_only,False,False,downgraded_weak_evidence,50,not_applicable_or_not_outdated,,,Das Infrações (arts. 161 a 255 da Lei nº 9.503/1997),,Das Infrações (arts. 161 a 255 da Lei nº 9.503/1997),Vínculo específico rebaixado: a evidência era genérica/fraca. Exibir apenas panorama do assunto até revisão humana.,
28105,subject_overview::das-infracoes-arts-161-a-255-da-lei-n-9-503-1997,subject_overview_fallback,general_orientation_only,False,False,downgraded_weak_evidence,50,not_applicable_or_not_outdated,,,Das Infrações (arts. 161 a 255 da Lei nº 9.503/1997),,Das Infrações (arts. 161 a 255 da Lei nº 9.503/1997),Vínculo específico rebaixado: a evidência era genérica/fraca. Exibir apenas panorama do assunto até revisão humana.,
28162,ctb_pontuacao_infracoes,specific_high_precision,rule_that_solves_or_clarifies_question,True,False,strict,252,not_applicable_or_not_outdated,,,gravissima; grave; media; leve; pontos; multa,gravissima; grave; media; leve; pontos; multa,Das Infrações (arts. 161 a 255 da Lei nº 9.503/1997),Vínculo por assunto + termos do enunciado/alternativas/comentário. Exibir como card principal somente se importador aceitar score e revisão.,
28166,subject_overview::das-infracoes-arts-161-a-255-da-lei-n-9-503-1997,subject_overview_fallback,general_orientation_only,False,False,downgraded_weak_evidence,50,not_applicable_or_not_outdated,,,Das Infrações (arts. 161 a 255 da Lei nº 9.503/1997),,Das Infrações (arts. 161 a 255 da Lei nº 9.503/1997),Vínculo específico rebaixado: a evidência era genérica/fraca. Exibir apenas panorama do assunto até revisão humana.,
28211,ctb_documentos_cnh_porte,specific_high_precision,rule_that_solves_or_clarifies_question,True,False,strict,184,not_applicable_or_not_outdated,,,cnh; habilitado,cnh,Das Infrações (arts. 161 a 255 da Lei nº 9.503/1997),Vínculo por assunto + termos do enunciado/alternativas/comentário. Exibir como card principal somente se importador aceitar score e revisão.,
28227,ctb_alcool_recusa,specific_high_precision,rule_that_solves_or_clarifies_question,True,False,strict,255,not_applicable_or_not_outdated,,,alcool; embriaguez; recusa; substancia psicoativa; bafometro,alcool; embriaguez; bafometro,Das Infrações (arts. 161 a 255 da Lei nº 9.503/1997),Vínculo por assunto + termos do enunciado/alternativas/comentário. Exibir como card principal somente se importador aceitar score e revisão.,
118052,ctb_infracoes_velocidade,specific_high_precision,rule_that_solves_or_clarifies_question,True,False,strict,206,not_applicable_or_not_outdated,,,velocidade; 20; 50,velocidade,Das Infrações (arts. 161 a 255 da Lei nº 9.503/1997),Vínculo por assunto + termos do enunciado/alternativas/comentário. Exibir como card principal somente se importador aceitar score e revisão.,
304046,subject_overview::das-infracoes-arts-161-a-255-da-lei-n-9-503-1997,subject_overview_fallback,general_orientation_only,False,False,downgraded_weak_evidence,50,not_applicable_or_not_outdated,,,Das Infrações (arts. 161 a 255 da Lei nº 9.503/1997),,Das Infrações (arts. 161 a 255 da Lei nº 9.503/1997),Vínculo específico rebaixado: a evidência era genérica/fraca. Exibir apenas panorama do assunto até revisão humana.,
533486,ctb_infracoes_velocidade,specific_high_precision,rule_that_solves_or_clarifies_question,True,False,strict,238,not_applicable_or_not_outdated,,,velocidade; radar; 20; 50,velocidade; radar; 20,Das Infrações (arts. 161 a 255 da Lei nº 9.503/1997),Vínculo por assunto + termos do enunciado/alternativas/comentário. Exibir como card principal somente se importador aceitar score e revisão.,
533623,ctb_infracoes_estacionamento_parada,specific_high_precision,rule_that_solves_or_clarifies_question,True,False,strict,223,not_applicable_or_not_outdated,,,parar; estacionar; estacionamento; parada,parar; estacionamento; parada,Das Infrações (arts. 161 a 255 da Lei nº 9.503/1997),Vínculo por assunto + termos do enunciado/alternativas/comentário. Exibir como card principal somente se importador aceitar score e revisão.,
533624,ctb_alcool_recusa,specific_high_precision,rule_that_solves_or_clarifies_question,True,False,strict,199,not_applicable_or_not_outdated,,,alcool; substancia psicoativa,alcool,Das Infrações (arts. 161 a 255 da Lei nº 9.503/1997),Vínculo por assunto + termos do enunciado/alternativas/comentário. Exibir como card principal somente se importador aceitar score e revisão.,
590555,ctb_infracoes_cinto_celular,specific_high_precision,rule_that_solves_or_clarifies_question,False,True,ambiguous_top_candidate,189,not_applicable_or_not_outdated,,,cinto de seguranca; passageiro,cinto de seguranca; passageiro,Das Infrações (arts. 161 a 255 da Lei nº 9.503/1997),Vínculo por assunto + termos do enunciado/alternativas/comentário. Exibir como card principal somente se importador aceitar score e revisão.,
590639,ctb_infracoes_estacionamento_parada,specific_high_precision,rule_that_solves_or_clarifies_question,True,False,strict,245,not_applicable_or_not_outdated,,,parar; estacionar; calcada; acostamento; fila dupla,parar; estacionar; acostamento; fila dupla,Das Infrações (arts. 161 a 255 da Lei nº 9.503/1997),Vínculo por assunto + termos do enunciado/alternativas/comentário. Exibir como card principal somente se importador aceitar score e revisão.,
722383,ctb_pontuacao_infracoes,specific_high_precision,rule_that_solves_or_clarifies_question,True,False,strict,220,not_applicable_or_not_outdated,,,gravissima; grave; media; leve; multa,gravissima; grave; media; leve,Das Infrações (arts. 161 a 255 da Lei nº 9.503/1997),Vínculo por assunto + termos do enunciado/alternativas/comentário. Exibir como card principal somente se importador aceitar score e revisão.,
778160,subject_overview::das-infracoes-arts-161-a-255-da-lei-n-9-503-1997,subject_overview_fallback,general_orientation_only,False,False,downgraded_weak_evidence,50,not_applicable_or_not_outdated,,,Das Infrações (arts. 161 a 255 da Lei nº 9.503/1997),,Das Infrações (arts. 161 a 255 da Lei nº 9.503/1997),Vínculo específico rebaixado: a evidência era genérica/fraca. Exibir apenas panorama do assunto até revisão humana.,
778164,ctb_infracoes_estacionamento_parada,specific_high_precision,rule_that_solves_or_clarifies_question,False,True,ambiguous_top_candidate,179,not_applicable_or_not_outdated,,,estacionar; calcada,calcada,Das Infrações (arts. 161 a 255 da Lei nº 9.503/1997),Vínculo por assunto + termos do enunciado/alternativas/comentário. Exibir como card principal somente se importador aceitar score e revisão.,
778165,subject_overview::das-infracoes-arts-161-a-255-da-lei-n-9-503-1997,subject_overview_fallback,general_orientation_only,False,False,downgraded_weak_evidence,50,not_applicable_or_not_outdated,,,Das Infrações (arts. 161 a 255 da Lei nº 9.503/1997),,Das Infrações (arts. 161 a 255 da Lei nº 9.503/1997),Vínculo específico rebaixado: a evidência era genérica/fraca. Exibir apenas panorama do assunto até revisão humana.,
778167,ctb_licenciamento_crlv_digital,specific_high_precision,rule_that_solves_or_clarifies_question,False,True,ambiguous_top_candidate,189,not_applicable_or_not_outdated,,,licenciamento; licenciado,licenciamento; licenciado,Das Infrações (arts. 161 a 255 da Lei nº 9.503/1997),Vínculo por assunto + termos do enunciado/alternativas/comentário. Exibir como card principal somente se importador aceitar score e revisão.,
911344,ctb_pontuacao_infracoes,specific_high_precision,rule_that_solves_or_clarifies_question,True,False,strict,220,not_applicable_or_not_outdated,,,gravissima; grave; media; leve; multa,gravissima; grave; media; leve,Das Infrações (arts. 161 a 255 da Lei nº 9.503/1997),Vínculo por assunto + termos do enunciado/alternativas/comentário. Exibir como card principal somente se importador aceitar score e revisão.,
931278,subject_overview::das-infracoes-arts-161-a-255-da-lei-n-9-503-1997,subject_overview_fallback,general_orientation_only,False,False,downgraded_weak_evidence,50,not_applicable_or_not_outdated,,,Das Infrações (arts. 161 a 255 da Lei nº 9.503/1997),,Das Infrações (arts. 161 a 255 da Lei nº 9.503/1997),Vínculo específico rebaixado: a evidência era genérica/fraca. Exibir apenas panorama do assunto até revisão humana.,
933737,ctb_infracoes_velocidade,specific_high_precision,rule_that_solves_or_clarifies_question,False,True,ambiguous_top_candidate,238,not_applicable_or_not_outdated,,,velocidade; excesso de velocidade; 20; 50,velocidade; excesso de velocidade; 20,Das Infrações (arts. 161 a 255 da Lei nº 9.503/1997),Vínculo por assunto + termos do enunciado/alternativas/comentário. Exibir como card principal somente se importador aceitar score e revisão.,
934710,ctb_alcool_recusa,specific_high_precision,rule_that_solves_or_clarifies_question,True,False,strict,221,not_applicable_or_not_outdated,,,alcool; recusa; substancia psicoativa,alcool; recusa,Das Infrações (arts. 161 a 255 da Lei nº 9.503/1997),Vínculo por assunto + termos do enunciado/alternativas/comentário. Exibir como card principal somente se importador aceitar score e revisão.,
1140553,ctb_pontuacao_infracoes,specific_high_precision,rule_that_solves_or_clarifies_question,True,False,strict,220,not_applicable_or_not_outdated,,,gravissima; grave; media; leve; multa,gravissima; grave; media; leve,Das Infrações (arts. 161 a 255 da Lei nº 9.503/1997),Vínculo por assunto + termos do enunciado/alternativas/comentário. Exibir como card principal somente se importador aceitar score e revisão.,
1144059,subject_overview::das-infracoes-arts-161-a-255-da-lei-n-9-503-1997,subject_overview_fallback,general_orientation_only,False,False,downgraded_weak_evidence,50,not_applicable_or_not_outdated,,,Das Infrações (arts. 161 a 255 da Lei nº 9.503/1997),,Das Infrações (arts. 161 a 255 da Lei nº 9.503/1997),Vínculo específico rebaixado: a evidência era genérica/fraca. Exibir apenas panorama do assunto até revisão humana.,
1144068,ctb_pontuacao_infracoes,specific_high_precision,rule_that_solves_or_clarifies_question,False,True,ambiguous_top_candidate,176,not_applicable_or_not_outdated,,,gravissima; grave; multa,gravissima; grave,Das Infrações (arts. 161 a 255 da Lei nº 9.503/1997),Vínculo por assunto + termos do enunciado/alternativas/comentário. Exibir como card principal somente se importador aceitar score e revisão.,
1402625,ctb_alcool_recusa,specific_high_precision,rule_that_solves_or_clarifies_question,True,False,strict,255,not_applicable_or_not_outdated,,,alcool; embriaguez; etilometro; recusa; substancia psicoativa,alcool; etilometro; recusa,Das Infrações (arts. 161 a 255 da Lei nº 9.503/1997),Vínculo por assunto + termos do enunciado/alternativas/comentário. Exibir como card principal somente se importador aceitar score e revisão.,
1402628,ctb_infracoes_documentos_licenciamento,specific_high_precision,rule_that_solves_or_clarifies_question,True,False,strict,189,not_applicable_or_not_outdated,,,documento; cnh,documento; cnh,Das Infrações (arts. 161 a 255 da Lei nº 9.503/1997),Vínculo por assunto + termos do enunciado/alternativas/comentário. Exibir como card principal somente se importador aceitar score e revisão.,
1402630,ctb_infracoes_documentos_licenciamento,specific_high_precision,rule_that_solves_or_clarifies_question,False,True,ambiguous_top_candidate,179,not_applicable_or_not_outdated,,,documento; cnh,cnh,Das Infrações (arts. 161 a 255 da Lei nº 9.503/1997),Vínculo por assunto + termos do enunciado/alternativas/comentário. Exibir como card principal somente se importador aceitar score e revisão.,
1402637,ctb_infracoes_documentos_licenciamento,specific_high_precision,rule_that_solves_or_clarifies_question,False,True,ambiguous_top_candidate,179,not_applicable_or_not_outdated,,,documento; cnh,cnh,Das Infrações (arts. 161 a 255 da Lei nº 9.503/1997),Vínculo por assunto + termos do enunciado/alternativas/comentário. Exibir como card principal somente se importador aceitar score e revisão.,
1403542,ctb_medidas_retencao_remocao_recolhimento,specific_high_precision,rule_that_solves_or_clarifies_question,False,True,ambiguous_top_candidate,204,not_applicable_or_not_outdated,,,remocao; veiculo,remocao; veiculo,Das Infrações (arts. 161 a 255 da Lei nº 9.503/1997),Vínculo por assunto + termos do enunciado/alternativas/comentário. Exibir como card principal somente se importador aceitar score e revisão.,
1490471,ctb_alcool_recusa,specific_high_precision,suggested_card_needs_review,False,True,comment_or_subject_evidence_only,189,not_applicable_or_not_outdated,,,alcool; substancia psicoativa,,Das Infrações (arts. 161 a 255 da Lei nº 9.503/1997),Vínculo por assunto + termos do enunciado/alternativas/comentário. Exibir como card principal somente se importador aceitar score e revisão. Termos fortes não apareceram no enunciado/alternativas; não exibir automaticamente no modo Estudar agora.,
1492677,ctb_infracoes_velocidade,specific_high_precision,rule_that_solves_or_clarifies_question,True,False,strict,206,not_applicable_or_not_outdated,,,velocidade; 20; 50,velocidade,Das Infrações (arts. 161 a 255 da Lei nº 9.503/1997),Vínculo por assunto + termos do enunciado/alternativas/comentário. Exibir como card principal somente se importador aceitar score e revisão.,
1492678,ctb_infracoes_documentos_licenciamento,specific_high_precision,rule_that_solves_or_clarifies_question,True,False,strict,189,not_applicable_or_not_outdated,,,cnh; licenciamento,cnh; licenciamento,Das Infrações (arts. 161 a 255 da Lei nº 9.503/1997),Vínculo por assunto + termos do enunciado/alternativas/comentário. Exibir como card principal somente se importador aceitar score e revisão.,
1492683,ctb_infracoes_documentos_licenciamento,specific_high_precision,rule_that_solves_or_clarifies_question,False,True,ambiguous_top_candidate,189,not_applicable_or_not_outdated,,,licenciado; licenciamento,licenciado; licenciamento,Das Infrações (arts. 161 a 255 da Lei nº 9.503/1997),Vínculo por assunto + termos do enunciado/alternativas/comentário. Exibir como card principal somente se importador aceitar score e revisão.,
1492688,subject_overview::das-infracoes-arts-161-a-255-da-lei-n-9-503-1997,subject_overview_fallback,general_orientation_only,False,False,downgraded_weak_evidence,50,not_applicable_or_not_outdated,,,Das Infrações (arts. 161 a 255 da Lei nº 9.503/1997),,Das Infrações (arts. 161 a 255 da Lei nº 9.503/1997),Vínculo específico rebaixado: a evidência era genérica/fraca. Exibir apenas panorama do assunto até revisão humana.,
1492695,ctb_infracoes_velocidade,specific_high_precision,rule_that_solves_or_clarifies_question,True,False,strict,216,not_applicable_or_not_outdated,,,velocidade; 20; 50,velocidade; 50,Das Infrações (arts. 161 a 255 da Lei nº 9.503/1997),Vínculo por assunto + termos do enunciado/alternativas/comentário. Exibir como card principal somente se importador aceitar score e revisão.,
1492697,ctb_alcool_recusa,specific_high_precision,rule_that_solves_or_clarifies_question,False,True,ambiguous_top_candidate,187,not_applicable_or_not_outdated,,,alcool,alcool,Das Infrações (arts. 161 a 255 da Lei nº 9.503/1997),Vínculo por assunto + termos do enunciado/alternativas/comentário. Exibir como card principal somente se importador aceitar score e revisão.,
1492701,ctb_alcool_recusa,specific_high_precision,rule_that_solves_or_clarifies_question,True,False,strict,243,not_applicable_or_not_outdated,,,alcool; embriaguez; substancia psicoativa; bafometro,alcool; embriaguez; substancia psicoativa,Das Infrações (arts. 161 a 255 da Lei nº 9.503/1997),Vínculo por assunto + termos do enunciado/alternativas/comentário. Exibir como card principal somente se importador aceitar score e revisão.,
1492706,ctb_alcool_recusa,specific_high_precision,rule_that_solves_or_clarifies_question,True,False,strict,231,not_applicable_or_not_outdated,,,alcool; embriaguez; substancia psicoativa,alcool; embriaguez; substancia psicoativa,Das Infrações (arts. 161 a 255 da Lei nº 9.503/1997),Vínculo por assunto + termos do enunciado/alternativas/comentário. Exibir como card principal somente se importador aceitar score e revisão.,
1492711,ctb_infracoes_velocidade,specific_high_precision,rule_that_solves_or_clarifies_question,True,False,strict,216,not_applicable_or_not_outdated,,,velocidade; 20; 50,velocidade; 20,Das Infrações (arts. 161 a 255 da Lei nº 9.503/1997),Vínculo por assunto + termos do enunciado/alternativas/comentário. Exibir como card principal somente se importador aceitar score e revisão.,
1492719,ctb_infracoes_velocidade,specific_high_precision,rule_that_solves_or_clarifies_question,True,False,strict,228,not_applicable_or_not_outdated,,,velocidade; limite de velocidade; 20; 50,velocidade; 50,Das Infrações (arts. 161 a 255 da Lei nº 9.503/1997),Vínculo por assunto + termos do enunciado/alternativas/comentário. Exibir como card principal somente se importador aceitar score e revisão.,
1492724,ctb_habilitacao_categorias,specific_high_precision,rule_that_solves_or_clarifies_question,True,False,strict,216,not_applicable_or_not_outdated,,,categoria b; categoria d; categoria e,categoria b; categoria d; categoria e,Das Infrações (arts. 161 a 255 da Lei nº 9.503/1997),Vínculo por assunto + termos do enunciado/alternativas/comentário. Exibir como card principal somente se importador aceitar score e revisão.,
1492790,subject_overview::das-infracoes-arts-161-a-255-da-lei-n-9-503-1997,subject_overview_fallback,general_orientation_only,False,False,downgraded_weak_evidence,50,not_applicable_or_not_outdated,,,Das Infrações (arts. 161 a 255 da Lei nº 9.503/1997),,Das Infrações (arts. 161 a 255 da Lei nº 9.503/1997),Vínculo específico rebaixado: a evidência era genérica/fraca. Exibir apenas panorama do assunto até revisão humana.,
1492804,subject_overview::das-infracoes-arts-161-a-255-da-lei-n-9-503-1997,subject_overview_fallback,general_orientation_only,False,False,downgraded_weak_evidence,50,not_applicable_or_not_outdated,,,Das Infrações (arts. 161 a 255 da Lei nº 9.503/1997),,Das Infrações (arts. 161 a 255 da Lei nº 9.503/1997),Vínculo específico rebaixado: a evidência era genérica/fraca. Exibir apenas panorama do assunto até revisão humana.,
1492811,ctb_pontuacao_infracoes,specific_high_precision,rule_that_solves_or_clarifies_question,True,False,strict,252,not_applicable_or_not_outdated,,,gravissima; grave; media; leve; pontos; multa,gravissima; grave; media; leve; pontos; multa,Das Infrações (arts. 161 a 255 da Lei nº 9.503/1997),Vínculo por assunto + termos do enunciado/alternativas/comentário. Exibir como card principal somente se importador aceitar score e revisão.,
1492815,ctb_pontuacao_infracoes,specific_high_precision,rule_that_solves_or_clarifies_question,False,True,ambiguous_top_candidate,176,not_applicable_or_not_outdated,,,gravissima; media; multa,media; multa,Das Infrações (arts. 161 a 255 da Lei nº 9.503/1997),Vínculo por assunto + termos do enunciado/alternativas/comentário. Exibir como card principal somente se importador aceitar score e revisão.,
1492820,ctb_pontuacao_infracoes,specific_high_precision,rule_that_solves_or_clarifies_question,True,False,strict,252,not_applicable_or_not_outdated,,,gravissima; grave; media; leve; pontos; multa,gravissima; grave; media; leve; pontos; multa,Das Infrações (arts. 161 a 255 da Lei nº 9.503/1997),Vínculo por assunto + termos do enunciado/alternativas/comentário. Exibir como card principal somente se importador aceitar score e revisão.,
1492836,subject_overview::das-infracoes-arts-161-a-255-da-lei-n-9-503-1997,subject_overview_fallback,general_orientation_only,False,False,downgraded_weak_evidence,50,not_applicable_or_not_outdated,,,Das Infrações (arts. 161 a 255 da Lei nº 9.503/1997),,Das Infrações (arts. 161 a 255 da Lei nº 9.503/1997),Vínculo específico rebaixado: a evidência era genérica/fraca. Exibir apenas panorama do assunto até revisão humana.,
1492839,subject_overview::das-infracoes-arts-161-a-255-da-lei-n-9-503-1997,subject_overview_fallback,general_orientation_only,False,False,downgraded_weak_evidence,50,not_applicable_or_not_outdated,,,Das Infrações (arts. 161 a 255 da Lei nº 9.503/1997),,Das Infrações (arts. 161 a 255 da Lei nº 9.503/1997),Vínculo específico rebaixado: a evidência era genérica/fraca. Exibir apenas panorama do assunto até revisão humana.,
1492845,subject_overview::das-infracoes-arts-161-a-255-da-lei-n-9-503-1997,subject_overview_fallback,general_orientation_only,False,False,downgraded_weak_evidence,50,not_applicable_or_not_outdated,,,Das Infrações (arts. 161 a 255 da Lei nº 9.503/1997),,Das Infrações (arts. 161 a 255 da Lei nº 9.503/1997),Vínculo específico rebaixado: a evidência era genérica/fraca. Exibir apenas panorama do assunto até revisão humana.,
1492848,ctb_infracoes_velocidade,specific_high_precision,rule_that_solves_or_clarifies_question,True,False,strict,194,not_applicable_or_not_outdated,,,velocidade; 50,velocidade,Das Infrações (arts. 161 a 255 da Lei nº 9.503/1997),Vínculo por assunto + termos do enunciado/alternativas/comentário. Exibir como card principal somente se importador aceitar score e revisão.,
1492849,subject_overview::das-infracoes-arts-161-a-255-da-lei-n-9-503-1997,subject_overview_fallback,general_orientation_only,False,False,downgraded_weak_evidence,50,not_applicable_or_not_outdated,,,Das Infrações (arts. 161 a 255 da Lei nº 9.503/1997),,Das Infrações (arts. 161 a 255 da Lei nº 9.503/1997),Vínculo específico rebaixado: a evidência era genérica/fraca. Exibir apenas panorama do assunto até revisão humana.,
1494598,ctb_infracoes_velocidade,specific_high_precision,rule_that_solves_or_clarifies_question,True,False,strict,216,not_applicable_or_not_outdated,,,velocidade; 20; 50,velocidade; 50,Das Infrações (arts. 161 a 255 da Lei nº 9.503/1997),Vínculo por assunto + termos do enunciado/alternativas/comentário. Exibir como card principal somente se importador aceitar score e revisão.,
1521281,subject_overview::das-infracoes-arts-161-a-255-da-lei-n-9-503-1997,subject_overview_fallback,general_orientation_only,False,False,downgraded_weak_evidence,50,not_applicable_or_not_outdated,,,Das Infrações (arts. 161 a 255 da Lei nº 9.503/1997),,Das Infrações (arts. 161 a 255 da Lei nº 9.503/1997),Vínculo específico rebaixado: a evidência era genérica/fraca. Exibir apenas panorama do assunto até revisão humana.,
1521282,subject_overview::das-infracoes-arts-161-a-255-da-lei-n-9-503-1997,subject_overview_fallback,general_orientation_only,False,False,downgraded_weak_evidence,50,not_applicable_or_not_outdated,,,Das Infrações (arts. 161 a 255 da Lei nº 9.503/1997),,Das Infrações (arts. 161 a 255 da Lei nº 9.503/1997),Vínculo específico rebaixado: a evidência era genérica/fraca. Exibir apenas panorama do assunto até revisão humana.,
1521283,subject_overview::das-infracoes-arts-161-a-255-da-lei-n-9-503-1997,subject_overview_fallback,general_orientation_only,False,False,downgraded_weak_evidence,50,not_applicable_or_not_outdated,,,Das Infrações (arts. 161 a 255 da Lei nº 9.503/1997),,Das Infrações (arts. 161 a 255 da Lei nº 9.503/1997),Vínculo específico rebaixado: a evidência era genérica/fraca. Exibir apenas panorama do assunto até revisão humana.,
1521285,subject_overview::das-infracoes-arts-161-a-255-da-lei-n-9-503-1997,subject_overview_fallback,general_orientation_only,False,False,downgraded_weak_evidence,50,not_applicable_or_not_outdated,,,Das Infrações (arts. 161 a 255 da Lei nº 9.503/1997),,Das Infrações (arts. 161 a 255 da Lei nº 9.503/1997),Vínculo específico rebaixado: a evidência era genérica/fraca. Exibir apenas panorama do assunto até revisão humana.,
1521286,ctb_infracoes_velocidade,specific_high_precision,rule_that_solves_or_clarifies_question,True,False,strict,226,not_applicable_or_not_outdated,,,velocidade; 20; 50,velocidade; 20; 50,Das Infrações (arts. 161 a 255 da Lei nº 9.503/1997),Vínculo por assunto + termos do enunciado/alternativas/comentário. Exibir como card principal somente se importador aceitar score e revisão.,
1521288,ctb_infracoes_velocidade,specific_high_precision,rule_that_solves_or_clarifies_question,True,False,strict,226,not_applicable_or_not_outdated,,,velocidade; 20; 50,velocidade; 20; 50,Das Infrações (arts. 161 a 255 da Lei nº 9.503/1997),Vínculo por assunto + termos do enunciado/alternativas/comentário. Exibir como card principal somente se importador aceitar score e revisão.,
1521290,subject_overview::das-infracoes-arts-161-a-255-da-lei-n-9-503-1997,subject_overview_fallback,general_orientation_only,False,False,downgraded_weak_evidence,50,not_applicable_or_not_outdated,,,Das Infrações (arts. 161 a 255 da Lei nº 9.503/1997),,Das Infrações (arts. 161 a 255 da Lei nº 9.503/1997),Vínculo específico rebaixado: a evidência era genérica/fraca. Exibir apenas panorama do assunto até revisão humana.,
1521291,subject_overview::das-infracoes-arts-161-a-255-da-lei-n-9-503-1997,subject_overview_fallback,general_orientation_only,False,False,downgraded_weak_evidence,50,not_applicable_or_not_outdated,,,Das Infrações (arts. 161 a 255 da Lei nº 9.503/1997),,Das Infrações (arts. 161 a 255 da Lei nº 9.503/1997),Vínculo específico rebaixado: a evidência era genérica/fraca. Exibir apenas panorama do assunto até revisão humana.,
1521292,ctb_infracoes_capacete,specific_high_precision,rule_that_solves_or_clarifies_question,True,False,strict,248,not_applicable_or_not_outdated,,,capacete; viseira; oculos de protecao; motoneta,capacete; viseira; oculos de protecao; motoneta,Das Infrações (arts. 161 a 255 da Lei nº 9.503/1997),Vínculo por assunto + termos do enunciado/alternativas/comentário. Exibir como card principal somente se importador aceitar score e revisão.,
1521294,subject_overview::das-infracoes-arts-161-a-255-da-lei-n-9-503-1997,subject_overview_fallback,general_orientation_only,False,False,downgraded_weak_evidence,50,not_applicable_or_not_outdated,,,Das Infrações (arts. 161 a 255 da Lei nº 9.503/1997),,Das Infrações (arts. 161 a 255 da Lei nº 9.503/1997),Vínculo específico rebaixado: a evidência era genérica/fraca. Exibir apenas panorama do assunto até revisão humana.,
1521295,subject_overview::das-infracoes-arts-161-a-255-da-lei-n-9-503-1997,subject_overview_fallback,general_orientation_only,False,False,downgraded_weak_evidence,50,not_applicable_or_not_outdated,,,Das Infrações (arts. 161 a 255 da Lei nº 9.503/1997),,Das Infrações (arts. 161 a 255 da Lei nº 9.503/1997),Vínculo específico rebaixado: a evidência era genérica/fraca. Exibir apenas panorama do assunto até revisão humana.,
1525663,subject_overview::das-infracoes-arts-161-a-255-da-lei-n-9-503-1997,subject_overview_fallback,general_orientation_only,False,False,downgraded_weak_evidence,50,not_applicable_or_not_outdated,,,Das Infrações (arts. 161 a 255 da Lei nº 9.503/1997),,Das Infrações (arts. 161 a 255 da Lei nº 9.503/1997),Vínculo específico rebaixado: a evidência era genérica/fraca. Exibir apenas panorama do assunto até revisão humana.,
1525665,subject_overview::das-infracoes-arts-161-a-255-da-lei-n-9-503-1997,subject_overview_fallback,general_orientation_only,False,False,downgraded_weak_evidence,50,not_applicable_or_not_outdated,,,Das Infrações (arts. 161 a 255 da Lei nº 9.503/1997),,Das Infrações (arts. 161 a 255 da Lei nº 9.503/1997),Vínculo específico rebaixado: a evidência era genérica/fraca. Exibir apenas panorama do assunto até revisão humana.,
1525667,subject_overview::das-infracoes-arts-161-a-255-da-lei-n-9-503-1997,subject_overview_fallback,general_orientation_only,False,False,downgraded_weak_evidence,50,not_applicable_or_not_outdated,,,Das Infrações (arts. 161 a 255 da Lei nº 9.503/1997),,Das Infrações (arts. 161 a 255 da Lei nº 9.503/1997),Vínculo específico rebaixado: a evidência era genérica/fraca. Exibir apenas panorama do assunto até revisão humana.,
1525669,ctb_infracoes_capacete,specific_high_precision,rule_that_solves_or_clarifies_question,True,False,strict,248,not_applicable_or_not_outdated,,,capacete; viseira; oculos de protecao; motoneta,capacete; viseira; oculos de protecao; motoneta,Das Infrações (arts. 161 a 255 da Lei nº 9.503/1997),Vínculo por assunto + termos do enunciado/alternativas/comentário. Exibir como card principal somente se importador aceitar score e revisão.,
1525670,subject_overview::das-infracoes-arts-161-a-255-da-lei-n-9-503-1997,subject_overview_fallback,general_orientation_only,False,False,downgraded_weak_evidence,50,not_applicable_or_not_outdated,,,Das Infrações (arts. 161 a 255 da Lei nº 9.503/1997),,Das Infrações (arts. 161 a 255 da Lei nº 9.503/1997),Vínculo específico rebaixado: a evidência era genérica/fraca. Exibir apenas panorama do assunto até revisão humana.,
1525673,subject_overview::das-infracoes-arts-161-a-255-da-lei-n-9-503-1997,subject_overview_fallback,general_orientation_only,False,False,downgraded_weak_evidence,50,not_applicable_or_not_outdated,,,Das Infrações (arts. 161 a 255 da Lei nº 9.503/1997),,Das Infrações (arts. 161 a 255 da Lei nº 9.503/1997),Vínculo específico rebaixado: a evidência era genérica/fraca. Exibir apenas panorama do assunto até revisão humana.,
1525690,subject_overview::das-infracoes-arts-161-a-255-da-lei-n-9-503-1997,subject_overview_fallback,general_orientation_only,False,False,downgraded_weak_evidence,50,not_applicable_or_not_outdated,,,Das Infrações (arts. 161 a 255 da Lei nº 9.503/1997),,Das Infrações (arts. 161 a 255 da Lei nº 9.503/1997),Vínculo específico rebaixado: a evidência era genérica/fraca. Exibir apenas panorama do assunto até revisão humana.,
1572199,ctb_pontuacao_infracoes,specific_high_precision,rule_that_solves_or_clarifies_question,True,False,strict,220,not_applicable_or_not_outdated,,,gravissima; grave; media; leve; pontos,gravissima; grave; media; leve,Das Infrações (arts. 161 a 255 da Lei nº 9.503/1997),Vínculo por assunto + termos do enunciado/alternativas/comentário. Exibir como card principal somente se importador aceitar score e revisão.,
1574050,ctb_infracoes_cinto_celular,specific_high_precision,rule_that_solves_or_clarifies_question,False,True,ambiguous_top_candidate,189,not_applicable_or_not_outdated,,,cinto de seguranca; passageiro,cinto de seguranca; passageiro,Das Infrações (arts. 161 a 255 da Lei nº 9.503/1997),Vínculo por assunto + termos do enunciado/alternativas/comentário. Exibir como card principal somente se importador aceitar score e revisão.,
1574051,subject_overview::das-infracoes-arts-161-a-255-da-lei-n-9-503-1997,subject_overview_fallback,general_orientation_only,False,False,downgraded_weak_evidence,50,not_applicable_or_not_outdated,,,Das Infrações (arts. 161 a 255 da Lei nº 9.503/1997),,Das Infrações (arts. 161 a 255 da Lei nº 9.503/1997),Vínculo específico rebaixado: a evidência era genérica/fraca. Exibir apenas panorama do assunto até revisão humana.,
1576566,ctb_infracoes_velocidade,specific_high_precision,rule_that_solves_or_clarifies_question,True,False,strict,194,not_applicable_or_not_outdated,,,velocidade; 50,velocidade,Das Infrações (arts. 161 a 255 da Lei nº 9.503/1997),Vínculo por assunto + termos do enunciado/alternativas/comentário. Exibir como card principal somente se importador aceitar score e revisão.,
1576568,subject_overview::das-infracoes-arts-161-a-255-da-lei-n-9-503-1997,subject_overview_fallback,general_orientation_only,False,False,downgraded_weak_evidence,50,not_applicable_or_not_outdated,,,Das Infrações (arts. 161 a 255 da Lei nº 9.503/1997),,Das Infrações (arts. 161 a 255 da Lei nº 9.503/1997),Vínculo específico rebaixado: a evidência era genérica/fraca. Exibir apenas panorama do assunto até revisão humana.,
1577058,subject_overview::das-infracoes-arts-161-a-255-da-lei-n-9-503-1997,subject_overview_fallback,general_orientation_only,False,False,downgraded_weak_evidence,50,not_applicable_or_not_outdated,,,Das Infrações (arts. 161 a 255 da Lei nº 9.503/1997),,Das Infrações (arts. 161 a 255 da Lei nº 9.503/1997),Vínculo específico rebaixado: a evidência era genérica/fraca. Exibir apenas panorama do assunto até revisão humana.,
1577627,ctb_infracoes_velocidade,specific_high_precision,rule_that_solves_or_clarifies_question,True,False,strict,194,not_applicable_or_not_outdated,,,velocidade; 50,velocidade,Das Infrações (arts. 161 a 255 da Lei nº 9.503/1997),Vínculo por assunto + termos do enunciado/alternativas/comentário. Exibir como card principal somente se importador aceitar score e revisão.,
1602595,subject_overview::das-infracoes-arts-161-a-255-da-lei-n-9-503-1997,subject_overview_fallback,general_orientation_only,False,False,downgraded_weak_evidence,50,not_applicable_or_not_outdated,,,Das Infrações (arts. 161 a 255 da Lei nº 9.503/1997),,Das Infrações (arts. 161 a 255 da Lei nº 9.503/1997),Vínculo específico rebaixado: a evidência era genérica/fraca. Exibir apenas panorama do assunto até revisão humana.,
1611236,ctb_pontuacao_infracoes,specific_high_precision,rule_that_solves_or_clarifies_question,False,True,ambiguous_top_candidate,178,not_applicable_or_not_outdated,,,gravissima; grave; media; multa,grave,Das Infrações (arts. 161 a 255 da Lei nº 9.503/1997),Vínculo por assunto + termos do enunciado/alternativas/comentário. Exibir como card principal somente se importador aceitar score e revisão.,
1611246,ctb_infracoes_velocidade,specific_high_precision,suggested_card_needs_review,False,True,comment_or_subject_evidence_only,196,not_applicable_or_not_outdated,,,velocidade; 20; 50,,Das Infrações (arts. 161 a 255 da Lei nº 9.503/1997),Vínculo por assunto + termos do enunciado/alternativas/comentário. Exibir como card principal somente se importador aceitar score e revisão. Termos fortes não apareceram no enunciado/alternativas; não exibir automaticamente no modo Estudar agora.,
1865795,ctb_pontuacao_infracoes,specific_high_precision,rule_that_solves_or_clarifies_question,False,True,ambiguous_top_candidate,190,not_applicable_or_not_outdated,,,gravissima; grave; leve; pontos; multa,gravissima,Das Infrações (arts. 161 a 255 da Lei nº 9.503/1997),Vínculo por assunto + termos do enunciado/alternativas/comentário. Exibir como card principal somente se importador aceitar score e revisão.,
2018313,subject_overview::das-infracoes-arts-161-a-255-da-lei-n-9-503-1997,subject_overview_fallback,general_orientation_only,False,False,downgraded_weak_evidence,50,not_applicable_or_not_outdated,,,Das Infrações (arts. 161 a 255 da Lei nº 9.503/1997),,Das Infrações (arts. 161 a 255 da Lei nº 9.503/1997),Vínculo específico rebaixado: a evidência era genérica/fraca. Exibir apenas panorama do assunto até revisão humana.,
2465565,ctb_alcool_recusa,specific_high_precision,rule_that_solves_or_clarifies_question,True,False,strict,199,not_applicable_or_not_outdated,,,alcool; substancia psicoativa,alcool,Das Infrações (arts. 161 a 255 da Lei nº 9.503/1997),Vínculo por assunto + termos do enunciado/alternativas/comentário. Exibir como card principal somente se importador aceitar score e revisão.,
2465573,subject_overview::das-infracoes-arts-161-a-255-da-lei-n-9-503-1997,subject_overview_fallback,general_orientation_only,False,False,downgraded_weak_evidence,50,not_applicable_or_not_outdated,,,Das Infrações (arts. 161 a 255 da Lei nº 9.503/1997),,Das Infrações (arts. 161 a 255 da Lei nº 9.503/1997),Vínculo específico rebaixado: a evidência era genérica/fraca. Exibir apenas panorama do assunto até revisão humana.,
434577,subject_overview::das-medidas-administrativas-arts-269-a-279-da-lei-n-9-503-1997,subject_overview_fallback,general_orientation_only,False,False,downgraded_weak_evidence,50,not_applicable_or_not_outdated,,,Das Medidas Administrativas (arts. 269 a 279 da Lei nº 9.503/1997),,Das Medidas Administrativas (arts. 269 a 279 da Lei nº 9.503/1997),Vínculo específico rebaixado: a evidência era genérica/fraca. Exibir apenas panorama do assunto até revisão humana.,
719639,ctb_medidas_retencao_remocao_recolhimento,specific_high_precision,rule_that_solves_or_clarifies_question,True,False,strict,226,not_applicable_or_not_outdated,,,retencao; recolhimento; veiculo,retencao; recolhimento; veiculo,Das Medidas Administrativas (arts. 269 a 279 da Lei nº 9.503/1997),Vínculo por assunto + termos do enunciado/alternativas/comentário. Exibir como card principal somente se importador aceitar score e revisão.,
778172,subject_overview::das-medidas-administrativas-arts-269-a-279-da-lei-n-9-503-1997,subject_overview_fallback,general_orientation_only,False,False,downgraded_weak_evidence,50,not_applicable_or_not_outdated,,,Das Medidas Administrativas (arts. 269 a 279 da Lei nº 9.503/1997),,Das Medidas Administrativas (arts. 269 a 279 da Lei nº 9.503/1997),Vínculo específico rebaixado: a evidência era genérica/fraca. Exibir apenas panorama do assunto até revisão humana.,
820236,ctb_penalidades_medidas,specific_high_precision,rule_that_solves_or_clarifies_question,False,True,ambiguous_top_candidate,208,not_applicable_or_not_outdated,,,penalidade; retencao; remocao; recolhimento,penalidade,Das Medidas Administrativas (arts. 269 a 279 da Lei nº 9.503/1997),Vínculo por assunto + termos do enunciado/alternativas/comentário. Exibir como card principal somente se importador aceitar score e revisão.,
1125288,ctb_medidas_retencao_remocao_recolhimento,specific_high_precision,rule_that_solves_or_clarifies_question,True,False,strict,238,not_applicable_or_not_outdated,,,retencao; remocao; recolhimento; veiculo,retencao; remocao; veiculo,Das Medidas Administrativas (arts. 269 a 279 da Lei nº 9.503/1997),Vínculo por assunto + termos do enunciado/alternativas/comentário. Exibir como card principal somente se importador aceitar score e revisão.,
1402658,ctb_medidas_retencao_remocao_recolhimento,specific_high_precision,rule_that_solves_or_clarifies_question,False,True,ambiguous_top_candidate,216,not_applicable_or_not_outdated,,,recolhimento; documento; veiculo,recolhimento; veiculo,Das Medidas Administrativas (arts. 269 a 279 da Lei nº 9.503/1997),Vínculo por assunto + termos do enunciado/alternativas/comentário. Exibir como card principal somente se importador aceitar score e revisão.,
1403077,subject_overview::das-medidas-administrativas-arts-269-a-279-da-lei-n-9-503-1997,subject_overview_fallback,general_orientation_only,False,False,downgraded_weak_evidence,50,not_applicable_or_not_outdated,,,Das Medidas Administrativas (arts. 269 a 279 da Lei nº 9.503/1997),,Das Medidas Administrativas (arts. 269 a 279 da Lei nº 9.503/1997),Vínculo específico rebaixado: a evidência era genérica/fraca. Exibir apenas panorama do assunto até revisão humana.,
1403531,subject_overview::das-medidas-administrativas-arts-269-a-279-da-lei-n-9-503-1997,subject_overview_fallback,general_orientation_only,False,False,fallback_by_assunto,50,not_applicable_or_not_outdated,,,Das Medidas Administrativas (arts. 269 a 279 da Lei nº 9.503/1997),,Das Medidas Administrativas (arts. 269 a 279 da Lei nº 9.503/1997),"Sem evidência suficiente para microcard específico. Exibir apenas como panorama do assunto, nunca como regra que resolve a questão.",
1403538,ctb_medidas_retencao_remocao_recolhimento,specific_high_precision,rule_that_solves_or_clarifies_question,True,False,strict,194,not_applicable_or_not_outdated,,,remocao; veiculo,veiculo,Das Medidas Administrativas (arts. 269 a 279 da Lei nº 9.503/1997),Vínculo por assunto + termos do enunciado/alternativas/comentário. Exibir como card principal somente se importador aceitar score e revisão.,
1403540,ctb_penalidades_medidas,specific_high_precision,rule_that_solves_or_clarifies_question,False,True,ambiguous_top_candidate,220,not_applicable_or_not_outdated,,,medida administrativa; penalidade; retencao; remocao; recolhimento,penalidade,Das Medidas Administrativas (arts. 269 a 279 da Lei nº 9.503/1997),Vínculo por assunto + termos do enunciado/alternativas/comentário. Exibir como card principal somente se importador aceitar score e revisão.,
1521314,ctb_medidas_retencao_remocao_recolhimento,specific_high_precision,rule_that_solves_or_clarifies_question,True,False,strict,204,not_applicable_or_not_outdated,,,recolhimento; veiculo,recolhimento; veiculo,Das Medidas Administrativas (arts. 269 a 279 da Lei nº 9.503/1997),Vínculo por assunto + termos do enunciado/alternativas/comentário. Exibir como card principal somente se importador aceitar score e revisão.,
1521316,ctb_medidas_retencao_remocao_recolhimento,specific_high_precision,rule_that_solves_or_clarifies_question,True,False,strict,204,not_applicable_or_not_outdated,,,remocao; veiculo,remocao; veiculo,Das Medidas Administrativas (arts. 269 a 279 da Lei nº 9.503/1997),Vínculo por assunto + termos do enunciado/alternativas/comentário. Exibir como card principal somente se importador aceitar score e revisão.,
1576559,subject_overview::das-medidas-administrativas-arts-269-a-279-da-lei-n-9-503-1997,subject_overview_fallback,general_orientation_only,False,False,downgraded_weak_evidence,50,not_applicable_or_not_outdated,,,Das Medidas Administrativas (arts. 269 a 279 da Lei nº 9.503/1997),,Das Medidas Administrativas (arts. 269 a 279 da Lei nº 9.503/1997),Vínculo específico rebaixado: a evidência era genérica/fraca. Exibir apenas panorama do assunto até revisão humana.,
1576560,ctb_medidas_retencao_remocao_recolhimento,specific_high_precision,rule_that_solves_or_clarifies_question,True,False,strict,194,not_applicable_or_not_outdated,,,remocao; veiculo,veiculo,Das Medidas Administrativas (arts. 269 a 279 da Lei nº 9.503/1997),Vínculo por assunto + termos do enunciado/alternativas/comentário. Exibir como card principal somente se importador aceitar score e revisão.,
1576561,ctb_medidas_retencao_remocao_recolhimento,specific_high_precision,rule_that_solves_or_clarifies_question,False,True,ambiguous_top_candidate,204,not_applicable_or_not_outdated,,,remocao; veiculo,remocao; veiculo,Das Medidas Administrativas (arts. 269 a 279 da Lei nº 9.503/1997),Vínculo por assunto + termos do enunciado/alternativas/comentário. Exibir como card principal somente se importador aceitar score e revisão.,
1576562,subject_overview::das-medidas-administrativas-arts-269-a-279-da-lei-n-9-503-1997,subject_overview_fallback,general_orientation_only,False,False,downgraded_weak_evidence,50,not_applicable_or_not_outdated,,,Das Medidas Administrativas (arts. 269 a 279 da Lei nº 9.503/1997),,Das Medidas Administrativas (arts. 269 a 279 da Lei nº 9.503/1997),Vínculo específico rebaixado: a evidência era genérica/fraca. Exibir apenas panorama do assunto até revisão humana.,
1576567,ctb_penalidades_medidas,specific_high_precision,rule_that_solves_or_clarifies_question,False,True,ambiguous_top_candidate,218,not_applicable_or_not_outdated,,,medida administrativa; penalidade; retencao; remocao,medida administrativa; retencao,Das Medidas Administrativas (arts. 269 a 279 da Lei nº 9.503/1997),Vínculo por assunto + termos do enunciado/alternativas/comentário. Exibir como card principal somente se importador aceitar score e revisão.,
1577047,subject_overview::das-medidas-administrativas-arts-269-a-279-da-lei-n-9-503-1997,subject_overview_fallback,general_orientation_only,False,False,downgraded_weak_evidence,50,not_applicable_or_not_outdated,,,Das Medidas Administrativas (arts. 269 a 279 da Lei nº 9.503/1997),,Das Medidas Administrativas (arts. 269 a 279 da Lei nº 9.503/1997),Vínculo específico rebaixado: a evidência era genérica/fraca. Exibir apenas panorama do assunto até revisão humana.,
1577060,subject_overview::das-medidas-administrativas-arts-269-a-279-da-lei-n-9-503-1997,subject_overview_fallback,general_orientation_only,False,False,downgraded_weak_evidence,50,not_applicable_or_not_outdated,,,Das Medidas Administrativas (arts. 269 a 279 da Lei nº 9.503/1997),,Das Medidas Administrativas (arts. 269 a 279 da Lei nº 9.503/1997),Vínculo específico rebaixado: a evidência era genérica/fraca. Exibir apenas panorama do assunto até revisão humana.,
1577070,subject_overview::das-medidas-administrativas-arts-269-a-279-da-lei-n-9-503-1997,subject_overview_fallback,general_orientation_only,False,False,downgraded_weak_evidence,50,not_applicable_or_not_outdated,,,Das Medidas Administrativas (arts. 269 a 279 da Lei nº 9.503/1997),,Das Medidas Administrativas (arts. 269 a 279 da Lei nº 9.503/1997),Vínculo específico rebaixado: a evidência era genérica/fraca. Exibir apenas panorama do assunto até revisão humana.,
1577618,subject_overview::das-medidas-administrativas-arts-269-a-279-da-lei-n-9-503-1997,subject_overview_fallback,general_orientation_only,False,False,downgraded_weak_evidence,50,not_applicable_or_not_outdated,,,Das Medidas Administrativas (arts. 269 a 279 da Lei nº 9.503/1997),,Das Medidas Administrativas (arts. 269 a 279 da Lei nº 9.503/1997),Vínculo específico rebaixado: a evidência era genérica/fraca. Exibir apenas panorama do assunto até revisão humana.,
1577619,ctb_medidas_retencao_remocao_recolhimento,specific_high_precision,rule_that_solves_or_clarifies_question,True,False,strict,206,not_applicable_or_not_outdated,,,remocao; recolhimento; veiculo,veiculo,Das Medidas Administrativas (arts. 269 a 279 da Lei nº 9.503/1997),Vínculo por assunto + termos do enunciado/alternativas/comentário. Exibir como card principal somente se importador aceitar score e revisão.,
1577621,ctb_medidas_retencao_remocao_recolhimento,specific_high_precision,rule_that_solves_or_clarifies_question,False,True,ambiguous_top_candidate,204,not_applicable_or_not_outdated,,,remocao; veiculo,remocao; veiculo,Das Medidas Administrativas (arts. 269 a 279 da Lei nº 9.503/1997),Vínculo por assunto + termos do enunciado/alternativas/comentário. Exibir como card principal somente se importador aceitar score e revisão.,
1577622,subject_overview::das-medidas-administrativas-arts-269-a-279-da-lei-n-9-503-1997,subject_overview_fallback,general_orientation_only,False,False,downgraded_weak_evidence,50,not_applicable_or_not_outdated,,,Das Medidas Administrativas (arts. 269 a 279 da Lei nº 9.503/1997),,Das Medidas Administrativas (arts. 269 a 279 da Lei nº 9.503/1997),Vínculo específico rebaixado: a evidência era genérica/fraca. Exibir apenas panorama do assunto até revisão humana.,
1577628,ctb_penalidades_medidas,specific_high_precision,rule_that_solves_or_clarifies_question,False,True,ambiguous_top_candidate,206,not_applicable_or_not_outdated,,,medida administrativa; penalidade; retencao,medida administrativa; retencao,Das Medidas Administrativas (arts. 269 a 279 da Lei nº 9.503/1997),Vínculo por assunto + termos do enunciado/alternativas/comentário. Exibir como card principal somente se importador aceitar score e revisão.,
1875939,subject_overview::das-medidas-administrativas-arts-269-a-279-da-lei-n-9-503-1997,subject_overview_fallback,general_orientation_only,False,False,fallback_by_assunto,50,not_applicable_or_not_outdated,,,Das Medidas Administrativas (arts. 269 a 279 da Lei nº 9.503/1997),,Das Medidas Administrativas (arts. 269 a 279 da Lei nº 9.503/1997),"Sem evidência suficiente para microcard específico. Exibir apenas como panorama do assunto, nunca como regra que resolve a questão.",
1961460,ctb_medidas_retencao_remocao_recolhimento,specific_high_precision,rule_that_solves_or_clarifies_question,True,False,strict,250,not_applicable_or_not_outdated,,,retencao; remocao; recolhimento; documento; veiculo,retencao; documento; veiculo,Das Medidas Administrativas (arts. 269 a 279 da Lei nº 9.503/1997),Vínculo por assunto + termos do enunciado/alternativas/comentário. Exibir como card principal somente se importador aceitar score e revisão.,
1969419,ctb_penalidades_medidas,specific_high_precision,rule_that_solves_or_clarifies_question,False,True,ambiguous_top_candidate,206,not_applicable_or_not_outdated,,,medida administrativa; penalidade; retencao,medida administrativa; retencao,Das Medidas Administrativas (arts. 269 a 279 da Lei nº 9.503/1997),Vínculo por assunto + termos do enunciado/alternativas/comentário. Exibir como card principal somente se importador aceitar score e revisão.,
1970083,ctb_medidas_retencao_remocao_recolhimento,specific_high_precision,rule_that_solves_or_clarifies_question,True,False,strict,228,not_applicable_or_not_outdated,,,remocao; recolhimento; documento; veiculo,documento; veiculo,Das Medidas Administrativas (arts. 269 a 279 da Lei nº 9.503/1997),Vínculo por assunto + termos do enunciado/alternativas/comentário. Exibir como card principal somente se importador aceitar score e revisão.,
1974478,ctb_medidas_retencao_remocao_recolhimento,specific_high_precision,rule_that_solves_or_clarifies_question,True,False,strict,226,not_applicable_or_not_outdated,,,retencao; recolhimento; veiculo,retencao; recolhimento; veiculo,Das Medidas Administrativas (arts. 269 a 279 da Lei nº 9.503/1997),Vínculo por assunto + termos do enunciado/alternativas/comentário. Exibir como card principal somente se importador aceitar score e revisão.,
27894,ctb_normas_circulacao_ultrapassagem_esquerda,specific_high_precision,rule_that_solves_or_clarifies_question,True,False,strict,172,not_applicable_or_not_outdated,,,ultrapassagem,ultrapassagem,Das Normas Gerais de Circulação e Conduta (arts. 26 a 67 da Lei nº 9.503/1997),Vínculo por assunto + termos do enunciado/alternativas/comentário. Exibir como card principal somente se importador aceitar score e revisão.,
27895,ctb_veiculos_classificacao_especie_categoria,specific_high_precision,rule_that_solves_or_clarifies_question,True,False,strict,152,not_applicable_or_not_outdated,,,tracao,tracao,Das Normas Gerais de Circulação e Conduta (arts. 26 a 67 da Lei nº 9.503/1997),Vínculo por assunto + termos do enunciado/alternativas/comentário. Exibir como card principal somente se importador aceitar score e revisão.,
27940,ctb_normas_circulacao_luzes_baixa,specific_high_precision,rule_that_solves_or_clarifies_question,True,False,strict,240,not_applicable_or_not_outdated,,,luz baixa; farois acesos; tuneis; chuva; neblina,farois acesos; chuva; neblina,Das Normas Gerais de Circulação e Conduta (arts. 26 a 67 da Lei nº 9.503/1997),Vínculo por assunto + termos do enunciado/alternativas/comentário. Exibir como card principal somente se importador aceitar score e revisão.,
27960,subject_overview::das-normas-gerais-de-circulacao-e-conduta-arts-26-a-67-da-lei-n-9-503-1997,subject_overview_fallback,general_orientation_only,False,False,fallback_by_assunto,50,not_applicable_or_not_outdated,,,Das Normas Gerais de Circulação e Conduta (arts. 26 a 67 da Lei nº 9.503/1997),,Das Normas Gerais de Circulação e Conduta (arts. 26 a 67 da Lei nº 9.503/1997),"Sem evidência suficiente para microcard específico. Exibir apenas como panorama do assunto, nunca como regra que resolve a questão.",
27961,subject_overview::das-normas-gerais-de-circulacao-e-conduta-arts-26-a-67-da-lei-n-9-503-1997,subject_overview_fallback,general_orientation_only,False,False,fallback_by_assunto,50,not_applicable_or_not_outdated,,,Das Normas Gerais de Circulação e Conduta (arts. 26 a 67 da Lei nº 9.503/1997),,Das Normas Gerais de Circulação e Conduta (arts. 26 a 67 da Lei nº 9.503/1997),"Sem evidência suficiente para microcard específico. Exibir apenas como panorama do assunto, nunca como regra que resolve a questão.",
28050,ctb_normas_circulacao_ultrapassagem_esquerda,specific_high_precision,suggested_card_needs_review,False,True,comment_or_subject_evidence_only,162,not_applicable_or_not_outdated,,,sentido contrario,,Das Normas Gerais de Circulação e Conduta (arts. 26 a 67 da Lei nº 9.503/1997),Vínculo por assunto + termos do enunciado/alternativas/comentário. Exibir como card principal somente se importador aceitar score e revisão. Termos fortes não apareceram no enunciado/alternativas; não exibir automaticamente no modo Estudar agora.,
28081,ctb_normas_circulacao_ultrapassagem_esquerda,specific_high_precision,rule_that_solves_or_clarifies_question,True,False,strict,208,not_applicable_or_not_outdated,,,ultrapassagem; ultrapassar; entrar a esquerda; sentido contrario,entrar a esquerda,Das Normas Gerais de Circulação e Conduta (arts. 26 a 67 da Lei nº 9.503/1997),Vínculo por assunto + termos do enunciado/alternativas/comentário. Exibir como card principal somente se importador aceitar score e revisão.,
28082,ctb_normas_circulacao_ultrapassagem_esquerda,specific_high_precision,rule_that_solves_or_clarifies_question,True,False,strict,172,not_applicable_or_not_outdated,,,ultrapassagem,ultrapassagem,Das Normas Gerais de Circulação e Conduta (arts. 26 a 67 da Lei nº 9.503/1997),Vínculo por assunto + termos do enunciado/alternativas/comentário. Exibir como card principal somente se importador aceitar score e revisão.,
28083,ctb_normas_circulacao_distancia_seguranca,specific_high_precision,rule_that_solves_or_clarifies_question,True,False,strict,216,not_applicable_or_not_outdated,,,distancia de seguranca; distancia frontal; guardar distancia,distancia de seguranca; distancia frontal; guardar distancia,Das Normas Gerais de Circulação e Conduta (arts. 26 a 67 da Lei nº 9.503/1997),Vínculo por assunto + termos do enunciado/alternativas/comentário. Exibir como card principal somente se importador aceitar score e revisão.,
28090,subject_overview::das-normas-gerais-de-circulacao-e-conduta-arts-26-a-67-da-lei-n-9-503-1997,subject_overview_fallback,general_orientation_only,False,False,fallback_by_assunto,50,not_applicable_or_not_outdated,,,Das Normas Gerais de Circulação e Conduta (arts. 26 a 67 da Lei nº 9.503/1997),,Das Normas Gerais de Circulação e Conduta (arts. 26 a 67 da Lei nº 9.503/1997),"Sem evidência suficiente para microcard específico. Exibir apenas como panorama do assunto, nunca como regra que resolve a questão.",
28091,subject_overview::das-normas-gerais-de-circulacao-e-conduta-arts-26-a-67-da-lei-n-9-503-1997,subject_overview_fallback,general_orientation_only,False,False,fallback_by_assunto,50,not_applicable_or_not_outdated,,,Das Normas Gerais de Circulação e Conduta (arts. 26 a 67 da Lei nº 9.503/1997),,Das Normas Gerais de Circulação e Conduta (arts. 26 a 67 da Lei nº 9.503/1997),"Sem evidência suficiente para microcard específico. Exibir apenas como panorama do assunto, nunca como regra que resolve a questão.",
28099,ctb_normas_circulacao_ultrapassagem_esquerda,specific_high_precision,rule_that_solves_or_clarifies_question,True,False,strict,172,not_applicable_or_not_outdated,,,sentido contrario,sentido contrario,Das Normas Gerais de Circulação e Conduta (arts. 26 a 67 da Lei nº 9.503/1997),Vínculo por assunto + termos do enunciado/alternativas/comentário. Exibir como card principal somente se importador aceitar score e revisão.,
28225,subject_overview::das-normas-gerais-de-circulacao-e-conduta-arts-26-a-67-da-lei-n-9-503-1997,subject_overview_fallback,general_orientation_only,False,False,fallback_by_assunto,50,not_applicable_or_not_outdated,,,Das Normas Gerais de Circulação e Conduta (arts. 26 a 67 da Lei nº 9.503/1997),,Das Normas Gerais de Circulação e Conduta (arts. 26 a 67 da Lei nº 9.503/1997),"Sem evidência suficiente para microcard específico. Exibir apenas como panorama do assunto, nunca como regra que resolve a questão.",
28228,subject_overview::das-normas-gerais-de-circulacao-e-conduta-arts-26-a-67-da-lei-n-9-503-1997,subject_overview_fallback,general_orientation_only,False,False,fallback_by_assunto,50,not_applicable_or_not_outdated,,,Das Normas Gerais de Circulação e Conduta (arts. 26 a 67 da Lei nº 9.503/1997),,Das Normas Gerais de Circulação e Conduta (arts. 26 a 67 da Lei nº 9.503/1997),"Sem evidência suficiente para microcard específico. Exibir apenas como panorama do assunto, nunca como regra que resolve a questão.",
28229,subject_overview::das-normas-gerais-de-circulacao-e-conduta-arts-26-a-67-da-lei-n-9-503-1997,subject_overview_fallback,general_orientation_only,False,False,fallback_by_assunto,50,not_applicable_or_not_outdated,,,Das Normas Gerais de Circulação e Conduta (arts. 26 a 67 da Lei nº 9.503/1997),,Das Normas Gerais de Circulação e Conduta (arts. 26 a 67 da Lei nº 9.503/1997),"Sem evidência suficiente para microcard específico. Exibir apenas como panorama do assunto, nunca como regra que resolve a questão.",
28231,subject_overview::das-normas-gerais-de-circulacao-e-conduta-arts-26-a-67-da-lei-n-9-503-1997,subject_overview_fallback,general_orientation_only,False,False,fallback_by_assunto,50,not_applicable_or_not_outdated,,,Das Normas Gerais de Circulação e Conduta (arts. 26 a 67 da Lei nº 9.503/1997),,Das Normas Gerais de Circulação e Conduta (arts. 26 a 67 da Lei nº 9.503/1997),"Sem evidência suficiente para microcard específico. Exibir apenas como panorama do assunto, nunca como regra que resolve a questão.",
28238,subject_overview::das-normas-gerais-de-circulacao-e-conduta-arts-26-a-67-da-lei-n-9-503-1997,subject_overview_fallback,general_orientation_only,False,False,fallback_by_assunto,50,not_applicable_or_not_outdated,,,Das Normas Gerais de Circulação e Conduta (arts. 26 a 67 da Lei nº 9.503/1997),,Das Normas Gerais de Circulação e Conduta (arts. 26 a 67 da Lei nº 9.503/1997),"Sem evidência suficiente para microcard específico. Exibir apenas como panorama do assunto, nunca como regra que resolve a questão.",
28239,subject_overview::das-normas-gerais-de-circulacao-e-conduta-arts-26-a-67-da-lei-n-9-503-1997,subject_overview_fallback,general_orientation_only,False,False,fallback_by_assunto,50,not_applicable_or_not_outdated,,,Das Normas Gerais de Circulação e Conduta (arts. 26 a 67 da Lei nº 9.503/1997),,Das Normas Gerais de Circulação e Conduta (arts. 26 a 67 da Lei nº 9.503/1997),"Sem evidência suficiente para microcard específico. Exibir apenas como panorama do assunto, nunca como regra que resolve a questão.",
28240,ctb_normas_circulacao_distancia_seguranca,specific_high_precision,suggested_card_needs_review,False,True,comment_or_subject_evidence_only,174,not_applicable_or_not_outdated,,,distancia de seguranca; guardar distancia,,Das Normas Gerais de Circulação e Conduta (arts. 26 a 67 da Lei nº 9.503/1997),Vínculo por assunto + termos do enunciado/alternativas/comentário. Exibir como card principal somente se importador aceitar score e revisão. Termos fortes não apareceram no enunciado/alternativas; não exibir automaticamente no modo Estudar agora.,
28241,subject_overview::das-normas-gerais-de-circulacao-e-conduta-arts-26-a-67-da-lei-n-9-503-1997,subject_overview_fallback,general_orientation_only,False,False,fallback_by_assunto,50,not_applicable_or_not_outdated,,,Das Normas Gerais de Circulação e Conduta (arts. 26 a 67 da Lei nº 9.503/1997),,Das Normas Gerais de Circulação e Conduta (arts. 26 a 67 da Lei nº 9.503/1997),"Sem evidência suficiente para microcard específico. Exibir apenas como panorama do assunto, nunca como regra que resolve a questão.",
28242,subject_overview::das-normas-gerais-de-circulacao-e-conduta-arts-26-a-67-da-lei-n-9-503-1997,subject_overview_fallback,general_orientation_only,False,False,fallback_by_assunto,50,not_applicable_or_not_outdated,,,Das Normas Gerais de Circulação e Conduta (arts. 26 a 67 da Lei nº 9.503/1997),,Das Normas Gerais de Circulação e Conduta (arts. 26 a 67 da Lei nº 9.503/1997),"Sem evidência suficiente para microcard específico. Exibir apenas como panorama do assunto, nunca como regra que resolve a questão.",
28243,ctb_normas_circulacao_emergencia,specific_high_precision,rule_that_solves_or_clarifies_question,True,False,strict,208,not_applicable_or_not_outdated,,,ambulancia; policia; servico de urgencia; livre circulacao,ambulancia,Das Normas Gerais de Circulação e Conduta (arts. 26 a 67 da Lei nº 9.503/1997),Vínculo por assunto + termos do enunciado/alternativas/comentário. Exibir como card principal somente se importador aceitar score e revisão.,
42747,ctb_normas_circulacao_luzes_baixa,specific_high_precision,theory_reference_only__not_solution_current_law,False,True,strict,250,needs_audit,False,,luz baixa; tuneis; chuva; neblina; cerracao,luz baixa; tuneis; chuva; neblina,Das Normas Gerais de Circulação e Conduta (arts. 26 a 67 da Lei nº 9.503/1997),Vínculo por assunto + termos do enunciado/alternativas/comentário. Exibir como card principal somente se importador aceitar score e revisão.,Questão desatualizada sem gabarito atual pontuável; não exibir como regra que resolve a questão no modo legislação atual.
202736,ctb_normas_circulacao_ultrapassagem_esquerda,specific_high_precision,rule_that_solves_or_clarifies_question,True,False,strict,172,not_applicable_or_not_outdated,,,sentido contrario,sentido contrario,Das Normas Gerais de Circulação e Conduta (arts. 26 a 67 da Lei nº 9.503/1997),Vínculo por assunto + termos do enunciado/alternativas/comentário. Exibir como card principal somente se importador aceitar score e revisão.,
477797,ctb_normas_circulacao_buzina,specific_high_precision,rule_that_solves_or_clarifies_question,True,False,strict,172,not_applicable_or_not_outdated,,,buzina,buzina,Das Normas Gerais de Circulação e Conduta (arts. 26 a 67 da Lei nº 9.503/1997),Vínculo por assunto + termos do enunciado/alternativas/comentário. Exibir como card principal somente se importador aceitar score e revisão.,
533485,ctb_normas_circulacao_emergencia,specific_high_precision,theory_reference_only__not_solution_current_law,False,True,strict,262,needs_audit,False,,ambulancia; policia; bombeiros; servico de urgencia; livre circulacao; prioridade de transito,bombeiros; servico de urgencia; livre circulacao; prioridade de transito,Das Normas Gerais de Circulação e Conduta (arts. 26 a 67 da Lei nº 9.503/1997),Vínculo por assunto + termos do enunciado/alternativas/comentário. Exibir como card principal somente se importador aceitar score e revisão.,Questão desatualizada sem gabarito atual pontuável; não exibir como regra que resolve a questão no modo legislação atual.
778168,subject_overview::das-normas-gerais-de-circulacao-e-conduta-arts-26-a-67-da-lei-n-9-503-1997,subject_overview_fallback,general_orientation_only,False,False,fallback_by_assunto,50,not_applicable_or_not_outdated,,,Das Normas Gerais de Circulação e Conduta (arts. 26 a 67 da Lei nº 9.503/1997),,Das Normas Gerais de Circulação e Conduta (arts. 26 a 67 da Lei nº 9.503/1997),"Sem evidência suficiente para microcard específico. Exibir apenas como panorama do assunto, nunca como regra que resolve a questão.",
810480,ctb_normas_circulacao_pisca_alerta,specific_high_precision,rule_that_solves_or_clarifies_question,True,False,strict,172,not_applicable_or_not_outdated,,,imobilizacao,imobilizacao,Das Normas Gerais de Circulação e Conduta (arts. 26 a 67 da Lei nº 9.503/1997),Vínculo por assunto + termos do enunciado/alternativas/comentário. Exibir como card principal somente se importador aceitar score e revisão.,
931568,subject_overview::das-normas-gerais-de-circulacao-e-conduta-arts-26-a-67-da-lei-n-9-503-1997,subject_overview_fallback,general_orientation_only,False,False,fallback_by_assunto,50,not_applicable_or_not_outdated,,,Das Normas Gerais de Circulação e Conduta (arts. 26 a 67 da Lei nº 9.503/1997),,Das Normas Gerais de Circulação e Conduta (arts. 26 a 67 da Lei nº 9.503/1997),"Sem evidência suficiente para microcard específico. Exibir apenas como panorama do assunto, nunca como regra que resolve a questão.",
1002866,subject_overview::das-normas-gerais-de-circulacao-e-conduta-arts-26-a-67-da-lei-n-9-503-1997,subject_overview_fallback,general_orientation_only,False,False,fallback_by_assunto,50,not_applicable_or_not_outdated,,,Das Normas Gerais de Circulação e Conduta (arts. 26 a 67 da Lei nº 9.503/1997),,Das Normas Gerais de Circulação e Conduta (arts. 26 a 67 da Lei nº 9.503/1997),"Sem evidência suficiente para microcard específico. Exibir apenas como panorama do assunto, nunca como regra que resolve a questão.",
1024879,ctb_normas_circulacao_emergencia,specific_high_precision,rule_that_solves_or_clarifies_question,False,True,ambiguous_top_candidate,194,not_applicable_or_not_outdated,,,ambulancia; policia,ambulancia; policia,Das Normas Gerais de Circulação e Conduta (arts. 26 a 67 da Lei nº 9.503/1997),Vínculo por assunto + termos do enunciado/alternativas/comentário. Exibir como card principal somente se importador aceitar score e revisão.,
1144054,subject_overview::das-normas-gerais-de-circulacao-e-conduta-arts-26-a-67-da-lei-n-9-503-1997,subject_overview_fallback,general_orientation_only,False,False,fallback_by_assunto,50,not_applicable_or_not_outdated,,,Das Normas Gerais de Circulação e Conduta (arts. 26 a 67 da Lei nº 9.503/1997),,Das Normas Gerais de Circulação e Conduta (arts. 26 a 67 da Lei nº 9.503/1997),"Sem evidência suficiente para microcard específico. Exibir apenas como panorama do assunto, nunca como regra que resolve a questão.",
1484853,subject_overview::das-normas-gerais-de-circulacao-e-conduta-arts-26-a-67-da-lei-n-9-503-1997,subject_overview_fallback,general_orientation_only,False,False,fallback_by_assunto,50,not_applicable_or_not_outdated,,,Das Normas Gerais de Circulação e Conduta (arts. 26 a 67 da Lei nº 9.503/1997),,Das Normas Gerais de Circulação e Conduta (arts. 26 a 67 da Lei nº 9.503/1997),"Sem evidência suficiente para microcard específico. Exibir apenas como panorama do assunto, nunca como regra que resolve a questão.",
1489564,subject_overview::das-normas-gerais-de-circulacao-e-conduta-arts-26-a-67-da-lei-n-9-503-1997,subject_overview_fallback,general_orientation_only,False,False,fallback_by_assunto,50,not_applicable_or_not_outdated,,,Das Normas Gerais de Circulação e Conduta (arts. 26 a 67 da Lei nº 9.503/1997),,Das Normas Gerais de Circulação e Conduta (arts. 26 a 67 da Lei nº 9.503/1997),"Sem evidência suficiente para microcard específico. Exibir apenas como panorama do assunto, nunca como regra que resolve a questão.",
1489565,subject_overview::das-normas-gerais-de-circulacao-e-conduta-arts-26-a-67-da-lei-n-9-503-1997,subject_overview_fallback,general_orientation_only,False,False,fallback_by_assunto,50,not_applicable_or_not_outdated,,,Das Normas Gerais de Circulação e Conduta (arts. 26 a 67 da Lei nº 9.503/1997),,Das Normas Gerais de Circulação e Conduta (arts. 26 a 67 da Lei nº 9.503/1997),"Sem evidência suficiente para microcard específico. Exibir apenas como panorama do assunto, nunca como regra que resolve a questão.",
1489566,subject_overview::das-normas-gerais-de-circulacao-e-conduta-arts-26-a-67-da-lei-n-9-503-1997,subject_overview_fallback,general_orientation_only,False,False,fallback_by_assunto,50,not_applicable_or_not_outdated,,,Das Normas Gerais de Circulação e Conduta (arts. 26 a 67 da Lei nº 9.503/1997),,Das Normas Gerais de Circulação e Conduta (arts. 26 a 67 da Lei nº 9.503/1997),"Sem evidência suficiente para microcard específico. Exibir apenas como panorama do assunto, nunca como regra que resolve a questão.",
1489567,subject_overview::das-normas-gerais-de-circulacao-e-conduta-arts-26-a-67-da-lei-n-9-503-1997,subject_overview_fallback,general_orientation_only,False,False,fallback_by_assunto,50,not_applicable_or_not_outdated,,,Das Normas Gerais de Circulação e Conduta (arts. 26 a 67 da Lei nº 9.503/1997),,Das Normas Gerais de Circulação e Conduta (arts. 26 a 67 da Lei nº 9.503/1997),"Sem evidência suficiente para microcard específico. Exibir apenas como panorama do assunto, nunca como regra que resolve a questão.",
1490436,subject_overview::das-normas-gerais-de-circulacao-e-conduta-arts-26-a-67-da-lei-n-9-503-1997,subject_overview_fallback,general_orientation_only,False,False,fallback_by_assunto,50,not_applicable_or_not_outdated,,,Das Normas Gerais de Circulação e Conduta (arts. 26 a 67 da Lei nº 9.503/1997),,Das Normas Gerais de Circulação e Conduta (arts. 26 a 67 da Lei nº 9.503/1997),"Sem evidência suficiente para microcard específico. Exibir apenas como panorama do assunto, nunca como regra que resolve a questão.",
1490441,ctb_normas_circulacao_luzes_baixa,specific_high_precision,rule_that_solves_or_clarifies_question,True,False,strict,230,not_applicable_or_not_outdated,,,luz baixa; tuneis; chuva; neblina; cerracao,luz baixa; tuneis,Das Normas Gerais de Circulação e Conduta (arts. 26 a 67 da Lei nº 9.503/1997),Vínculo por assunto + termos do enunciado/alternativas/comentário. Exibir como card principal somente se importador aceitar score e revisão.,
1490443,ctb_normas_circulacao_emergencia,specific_high_precision,rule_that_solves_or_clarifies_question,True,False,strict,250,not_applicable_or_not_outdated,,,ambulancia; policia; servico de urgencia; livre circulacao; prioridade de transito,policia; servico de urgencia; livre circulacao; prioridade de transito,Das Normas Gerais de Circulação e Conduta (arts. 26 a 67 da Lei nº 9.503/1997),Vínculo por assunto + termos do enunciado/alternativas/comentário. Exibir como card principal somente se importador aceitar score e revisão.,
1490449,ctb_normas_circulacao_emergencia,specific_high_precision,rule_that_solves_or_clarifies_question,True,False,strict,250,not_applicable_or_not_outdated,,,ambulancia; policia; servico de urgencia; livre circulacao; prioridade de transito,policia; servico de urgencia; livre circulacao; prioridade de transito,Das Normas Gerais de Circulação e Conduta (arts. 26 a 67 da Lei nº 9.503/1997),Vínculo por assunto + termos do enunciado/alternativas/comentário. Exibir como card principal somente se importador aceitar score e revisão.,
1490452,ctb_normas_circulacao_emergencia,specific_high_precision,rule_that_solves_or_clarifies_question,True,False,strict,218,not_applicable_or_not_outdated,,,ambulancia; policia; servico de urgencia; livre circulacao,policia; livre circulacao,Das Normas Gerais de Circulação e Conduta (arts. 26 a 67 da Lei nº 9.503/1997),Vínculo por assunto + termos do enunciado/alternativas/comentário. Exibir como card principal somente se importador aceitar score e revisão.,
1490453,ctb_normas_circulacao_emergencia,specific_high_precision,rule_that_solves_or_clarifies_question,True,False,strict,228,not_applicable_or_not_outdated,,,ambulancia; policia; servico de urgencia; livre circulacao,ambulancia; policia; livre circulacao,Das Normas Gerais de Circulação e Conduta (arts. 26 a 67 da Lei nº 9.503/1997),Vínculo por assunto + termos do enunciado/alternativas/comentário. Exibir como card principal somente se importador aceitar score e revisão.,
1490459,subject_overview::das-normas-gerais-de-circulacao-e-conduta-arts-26-a-67-da-lei-n-9-503-1997,subject_overview_fallback,general_orientation_only,False,False,fallback_by_assunto,50,not_applicable_or_not_outdated,,,Das Normas Gerais de Circulação e Conduta (arts. 26 a 67 da Lei nº 9.503/1997),,Das Normas Gerais de Circulação e Conduta (arts. 26 a 67 da Lei nº 9.503/1997),"Sem evidência suficiente para microcard específico. Exibir apenas como panorama do assunto, nunca como regra que resolve a questão.",
1490461,subject_overview::das-normas-gerais-de-circulacao-e-conduta-arts-26-a-67-da-lei-n-9-503-1997,subject_overview_fallback,general_orientation_only,False,False,fallback_by_assunto,50,not_applicable_or_not_outdated,,,Das Normas Gerais de Circulação e Conduta (arts. 26 a 67 da Lei nº 9.503/1997),,Das Normas Gerais de Circulação e Conduta (arts. 26 a 67 da Lei nº 9.503/1997),"Sem evidência suficiente para microcard específico. Exibir apenas como panorama do assunto, nunca como regra que resolve a questão.",
1490464,subject_overview::das-normas-gerais-de-circulacao-e-conduta-arts-26-a-67-da-lei-n-9-503-1997,subject_overview_fallback,general_orientation_only,False,False,fallback_by_assunto,50,not_applicable_or_not_outdated,,,Das Normas Gerais de Circulação e Conduta (arts. 26 a 67 da Lei nº 9.503/1997),,Das Normas Gerais de Circulação e Conduta (arts. 26 a 67 da Lei nº 9.503/1997),"Sem evidência suficiente para microcard específico. Exibir apenas como panorama do assunto, nunca como regra que resolve a questão.",
1490478,subject_overview::das-normas-gerais-de-circulacao-e-conduta-arts-26-a-67-da-lei-n-9-503-1997,subject_overview_fallback,general_orientation_only,False,False,fallback_by_assunto,50,not_applicable_or_not_outdated,,,Das Normas Gerais de Circulação e Conduta (arts. 26 a 67 da Lei nº 9.503/1997),,Das Normas Gerais de Circulação e Conduta (arts. 26 a 67 da Lei nº 9.503/1997),"Sem evidência suficiente para microcard específico. Exibir apenas como panorama do assunto, nunca como regra que resolve a questão.",
1490482,subject_overview::das-normas-gerais-de-circulacao-e-conduta-arts-26-a-67-da-lei-n-9-503-1997,subject_overview_fallback,general_orientation_only,False,False,fallback_by_assunto,50,not_applicable_or_not_outdated,,,Das Normas Gerais de Circulação e Conduta (arts. 26 a 67 da Lei nº 9.503/1997),,Das Normas Gerais de Circulação e Conduta (arts. 26 a 67 da Lei nº 9.503/1997),"Sem evidência suficiente para microcard específico. Exibir apenas como panorama do assunto, nunca como regra que resolve a questão.",
1490483,subject_overview::das-normas-gerais-de-circulacao-e-conduta-arts-26-a-67-da-lei-n-9-503-1997,subject_overview_fallback,general_orientation_only,False,False,fallback_by_assunto,50,not_applicable_or_not_outdated,,,Das Normas Gerais de Circulação e Conduta (arts. 26 a 67 da Lei nº 9.503/1997),,Das Normas Gerais de Circulação e Conduta (arts. 26 a 67 da Lei nº 9.503/1997),"Sem evidência suficiente para microcard específico. Exibir apenas como panorama do assunto, nunca como regra que resolve a questão.",
1490484,subject_overview::das-normas-gerais-de-circulacao-e-conduta-arts-26-a-67-da-lei-n-9-503-1997,subject_overview_fallback,general_orientation_only,False,False,fallback_by_assunto,50,not_applicable_or_not_outdated,,,Das Normas Gerais de Circulação e Conduta (arts. 26 a 67 da Lei nº 9.503/1997),,Das Normas Gerais de Circulação e Conduta (arts. 26 a 67 da Lei nº 9.503/1997),"Sem evidência suficiente para microcard específico. Exibir apenas como panorama do assunto, nunca como regra que resolve a questão.",
1521245,ctb_normas_circulacao_emergencia,specific_high_precision,rule_that_solves_or_clarifies_question,True,False,strict,228,not_applicable_or_not_outdated,,,ambulancia; policia; servico de urgencia; livre circulacao,ambulancia; policia; livre circulacao,Das Normas Gerais de Circulação e Conduta (arts. 26 a 67 da Lei nº 9.503/1997),Vínculo por assunto + termos do enunciado/alternativas/comentário. Exibir como card principal somente se importador aceitar score e revisão.,
1521246,ctb_normas_circulacao_emergencia,specific_high_precision,rule_that_solves_or_clarifies_question,True,False,strict,218,not_applicable_or_not_outdated,,,ambulancia; policia; servico de urgencia; livre circulacao,ambulancia; livre circulacao,Das Normas Gerais de Circulação e Conduta (arts. 26 a 67 da Lei nº 9.503/1997),Vínculo por assunto + termos do enunciado/alternativas/comentário. Exibir como card principal somente se importador aceitar score e revisão.,
1521247,ctb_normas_circulacao_emergencia,specific_high_precision,rule_that_solves_or_clarifies_question,True,False,strict,218,not_applicable_or_not_outdated,,,ambulancia; policia; servico de urgencia; livre circulacao,ambulancia; policia,Das Normas Gerais de Circulação e Conduta (arts. 26 a 67 da Lei nº 9.503/1997),Vínculo por assunto + termos do enunciado/alternativas/comentário. Exibir como card principal somente se importador aceitar score e revisão.,
1521249,ctb_normas_circulacao_luzes_baixa,specific_high_precision,rule_that_solves_or_clarifies_question,True,False,strict,250,not_applicable_or_not_outdated,,,luz baixa; tuneis; chuva; neblina; cerracao,tuneis; chuva; neblina; cerracao,Das Normas Gerais de Circulação e Conduta (arts. 26 a 67 da Lei nº 9.503/1997),Vínculo por assunto + termos do enunciado/alternativas/comentário. Exibir como card principal somente se importador aceitar score e revisão.,
1521251,ctb_normas_circulacao_luzes_baixa,specific_high_precision,rule_that_solves_or_clarifies_question,True,False,strict,172,not_applicable_or_not_outdated,,,luz baixa,luz baixa,Das Normas Gerais de Circulação e Conduta (arts. 26 a 67 da Lei nº 9.503/1997),Vínculo por assunto + termos do enunciado/alternativas/comentário. Exibir como card principal somente se importador aceitar score e revisão.,
1521252,subject_overview::das-normas-gerais-de-circulacao-e-conduta-arts-26-a-67-da-lei-n-9-503-1997,subject_overview_fallback,general_orientation_only,False,False,fallback_by_assunto,50,not_applicable_or_not_outdated,,,Das Normas Gerais de Circulação e Conduta (arts. 26 a 67 da Lei nº 9.503/1997),,Das Normas Gerais de Circulação e Conduta (arts. 26 a 67 da Lei nº 9.503/1997),"Sem evidência suficiente para microcard específico. Exibir apenas como panorama do assunto, nunca como regra que resolve a questão.",
1521254,subject_overview::das-normas-gerais-de-circulacao-e-conduta-arts-26-a-67-da-lei-n-9-503-1997,subject_overview_fallback,general_orientation_only,False,False,fallback_by_assunto,50,not_applicable_or_not_outdated,,,Das Normas Gerais de Circulação e Conduta (arts. 26 a 67 da Lei nº 9.503/1997),,Das Normas Gerais de Circulação e Conduta (arts. 26 a 67 da Lei nº 9.503/1997),"Sem evidência suficiente para microcard específico. Exibir apenas como panorama do assunto, nunca como regra que resolve a questão.",
1525659,ctb_normas_circulacao_luzes_baixa,specific_high_precision,rule_that_solves_or_clarifies_question,True,False,strict,260,not_applicable_or_not_outdated,,,luz baixa; tuneis; chuva; neblina; cerracao,luz baixa; tuneis; chuva; neblina; cerracao,Das Normas Gerais de Circulação e Conduta (arts. 26 a 67 da Lei nº 9.503/1997),Vínculo por assunto + termos do enunciado/alternativas/comentário. Exibir como card principal somente se importador aceitar score e revisão.,
1525661,subject_overview::das-normas-gerais-de-circulacao-e-conduta-arts-26-a-67-da-lei-n-9-503-1997,subject_overview_fallback,general_orientation_only,False,False,fallback_by_assunto,50,not_applicable_or_not_outdated,,,Das Normas Gerais de Circulação e Conduta (arts. 26 a 67 da Lei nº 9.503/1997),,Das Normas Gerais de Circulação e Conduta (arts. 26 a 67 da Lei nº 9.503/1997),"Sem evidência suficiente para microcard específico. Exibir apenas como panorama do assunto, nunca como regra que resolve a questão.",
1525684,ctb_normas_circulacao_luzes_baixa,specific_high_precision,rule_that_solves_or_clarifies_question,True,False,strict,172,not_applicable_or_not_outdated,,,luz baixa,luz baixa,Das Normas Gerais de Circulação e Conduta (arts. 26 a 67 da Lei nº 9.503/1997),Vínculo por assunto + termos do enunciado/alternativas/comentário. Exibir como card principal somente se importador aceitar score e revisão.,
1572188,ctb_normas_circulacao_ultrapassagem_esquerda,specific_high_precision,suggested_card_needs_review,False,True,comment_or_subject_evidence_only,174,not_applicable_or_not_outdated,,,ultrapassagem; entrar a esquerda,,Das Normas Gerais de Circulação e Conduta (arts. 26 a 67 da Lei nº 9.503/1997),Vínculo por assunto + termos do enunciado/alternativas/comentário. Exibir como card principal somente se importador aceitar score e revisão. Termos fortes não apareceram no enunciado/alternativas; não exibir automaticamente no modo Estudar agora.,
1572189,ctb_normas_circulacao_emergencia,specific_high_precision,rule_that_solves_or_clarifies_question,True,False,strict,216,not_applicable_or_not_outdated,,,bombeiros; servico de urgencia; livre circulacao,bombeiros; servico de urgencia; livre circulacao,Das Normas Gerais de Circulação e Conduta (arts. 26 a 67 da Lei nº 9.503/1997),Vínculo por assunto + termos do enunciado/alternativas/comentário. Exibir como card principal somente se importador aceitar score e revisão.,
1572190,ctb_normas_circulacao_luzes_baixa,specific_high_precision,rule_that_solves_or_clarifies_question,True,False,strict,260,not_applicable_or_not_outdated,,,luz baixa; tuneis; chuva; neblina; cerracao,luz baixa; tuneis; chuva; neblina; cerracao,Das Normas Gerais de Circulação e Conduta (arts. 26 a 67 da Lei nº 9.503/1997),Vínculo por assunto + termos do enunciado/alternativas/comentário. Exibir como card principal somente se importador aceitar score e revisão.,
1572191,subject_overview::das-normas-gerais-de-circulacao-e-conduta-arts-26-a-67-da-lei-n-9-503-1997,subject_overview_fallback,general_orientation_only,False,False,fallback_by_assunto,50,not_applicable_or_not_outdated,,,Das Normas Gerais de Circulação e Conduta (arts. 26 a 67 da Lei nº 9.503/1997),,Das Normas Gerais de Circulação e Conduta (arts. 26 a 67 da Lei nº 9.503/1997),"Sem evidência suficiente para microcard específico. Exibir apenas como panorama do assunto, nunca como regra que resolve a questão.",
1572194,ctb_normas_circulacao_buzina,specific_high_precision,theory_reference_only__not_solution_current_law,False,True,strict,194,needs_audit,False,,buzina; advertencias necessarias,buzina; advertencias necessarias,Das Normas Gerais de Circulação e Conduta (arts. 26 a 67 da Lei nº 9.503/1997),Vínculo por assunto + termos do enunciado/alternativas/comentário. Exibir como card principal somente se importador aceitar score e revisão.,Questão desatualizada sem gabarito atual pontuável; não exibir como regra que resolve a questão no modo legislação atual.
1573553,subject_overview::das-normas-gerais-de-circulacao-e-conduta-arts-26-a-67-da-lei-n-9-503-1997,subject_overview_fallback,general_orientation_only,False,False,fallback_by_assunto,50,not_applicable_or_not_outdated,,,Das Normas Gerais de Circulação e Conduta (arts. 26 a 67 da Lei nº 9.503/1997),,Das Normas Gerais de Circulação e Conduta (arts. 26 a 67 da Lei nº 9.503/1997),"Sem evidência suficiente para microcard específico. Exibir apenas como panorama do assunto, nunca como regra que resolve a questão.",
1573554,ctb_normas_circulacao_ultrapassagem_esquerda,specific_high_precision,rule_that_solves_or_clarifies_question,True,False,strict,172,not_applicable_or_not_outdated,,,ultrapassagem,ultrapassagem,Das Normas Gerais de Circulação e Conduta (arts. 26 a 67 da Lei nº 9.503/1997),Vínculo por assunto + termos do enunciado/alternativas/comentário. Exibir como card principal somente se importador aceitar score e revisão.,
1573555,subject_overview::das-normas-gerais-de-circulacao-e-conduta-arts-26-a-67-da-lei-n-9-503-1997,subject_overview_fallback,general_orientation_only,False,False,fallback_by_assunto,50,not_applicable_or_not_outdated,,,Das Normas Gerais de Circulação e Conduta (arts. 26 a 67 da Lei nº 9.503/1997),,Das Normas Gerais de Circulação e Conduta (arts. 26 a 67 da Lei nº 9.503/1997),"Sem evidência suficiente para microcard específico. Exibir apenas como panorama do assunto, nunca como regra que resolve a questão.",
1573557,subject_overview::das-normas-gerais-de-circulacao-e-conduta-arts-26-a-67-da-lei-n-9-503-1997,subject_overview_fallback,general_orientation_only,False,False,fallback_by_assunto,50,not_applicable_or_not_outdated,,,Das Normas Gerais de Circulação e Conduta (arts. 26 a 67 da Lei nº 9.503/1997),,Das Normas Gerais de Circulação e Conduta (arts. 26 a 67 da Lei nº 9.503/1997),"Sem evidência suficiente para microcard específico. Exibir apenas como panorama do assunto, nunca como regra que resolve a questão.",
1576569,contran_973_sinais_sonoros_gestos,specific_high_precision,rule_that_solves_or_clarifies_question,True,False,strict,216,not_applicable_or_not_outdated,,,gesto; braco; agente de transito,gesto; braco,Das Normas Gerais de Circulação e Conduta (arts. 26 a 67 da Lei nº 9.503/1997),Vínculo por assunto + termos do enunciado/alternativas/comentário. Exibir como card principal somente se importador aceitar score e revisão.,
1576570,ctb_normas_circulacao_ultrapassagem_esquerda,specific_high_precision,suggested_card_needs_review,False,True,comment_or_subject_evidence_only,162,not_applicable_or_not_outdated,,,ultrapassagem,,Das Normas Gerais de Circulação e Conduta (arts. 26 a 67 da Lei nº 9.503/1997),Vínculo por assunto + termos do enunciado/alternativas/comentário. Exibir como card principal somente se importador aceitar score e revisão. Termos fortes não apareceram no enunciado/alternativas; não exibir automaticamente no modo Estudar agora.,
1577630,ctb_normas_circulacao_ultrapassagem_esquerda,specific_high_precision,rule_that_solves_or_clarifies_question,True,False,strict,172,not_applicable_or_not_outdated,,,ultrapassagem,ultrapassagem,Das Normas Gerais de Circulação e Conduta (arts. 26 a 67 da Lei nº 9.503/1997),Vínculo por assunto + termos do enunciado/alternativas/comentário. Exibir como card principal somente se importador aceitar score e revisão.,
1577631,ctb_normas_circulacao_ultrapassagem_esquerda,specific_high_precision,suggested_card_needs_review,False,True,comment_or_subject_evidence_only,162,not_applicable_or_not_outdated,,,ultrapassagem,,Das Normas Gerais de Circulação e Conduta (arts. 26 a 67 da Lei nº 9.503/1997),Vínculo por assunto + termos do enunciado/alternativas/comentário. Exibir como card principal somente se importador aceitar score e revisão. Termos fortes não apareceram no enunciado/alternativas; não exibir automaticamente no modo Estudar agora.,
1593282,ctb_normas_circulacao_ultrapassagem_esquerda,specific_high_precision,rule_that_solves_or_clarifies_question,True,False,strict,184,not_applicable_or_not_outdated,,,ultrapassagem; ultrapassar,ultrapassar,Das Normas Gerais de Circulação e Conduta (arts. 26 a 67 da Lei nº 9.503/1997),Vínculo por assunto + termos do enunciado/alternativas/comentário. Exibir como card principal somente se importador aceitar score e revisão.,
1611233,subject_overview::das-normas-gerais-de-circulacao-e-conduta-arts-26-a-67-da-lei-n-9-503-1997,subject_overview_fallback,general_orientation_only,False,False,fallback_by_assunto,50,not_applicable_or_not_outdated,,,Das Normas Gerais de Circulação e Conduta (arts. 26 a 67 da Lei nº 9.503/1997),,Das Normas Gerais de Circulação e Conduta (arts. 26 a 67 da Lei nº 9.503/1997),"Sem evidência suficiente para microcard específico. Exibir apenas como panorama do assunto, nunca como regra que resolve a questão.",
1743674,ctb_normas_circulacao_ultrapassagem_esquerda,specific_high_precision,rule_that_solves_or_clarifies_question,True,False,strict,184,not_applicable_or_not_outdated,,,ultrapassagem; entrar a esquerda,ultrapassagem,Das Normas Gerais de Circulação e Conduta (arts. 26 a 67 da Lei nº 9.503/1997),Vínculo por assunto + termos do enunciado/alternativas/comentário. Exibir como card principal somente se importador aceitar score e revisão.,
2025453,ctb_normas_circulacao_ultrapassagem_esquerda,specific_high_precision,rule_that_solves_or_clarifies_question,True,False,strict,184,not_applicable_or_not_outdated,,,ultrapassagem; ultrapassar,ultrapassagem,Das Normas Gerais de Circulação e Conduta (arts. 26 a 67 da Lei nº 9.503/1997),Vínculo por assunto + termos do enunciado/alternativas/comentário. Exibir como card principal somente se importador aceitar score e revisão.,
2116736,ctb_normas_circulacao_ultrapassagem_esquerda,specific_high_precision,rule_that_solves_or_clarifies_question,True,False,strict,206,not_applicable_or_not_outdated,,,ultrapassar; intencao de ultrapassar; sentido contrario,ultrapassar; intencao de ultrapassar,Das Normas Gerais de Circulação e Conduta (arts. 26 a 67 da Lei nº 9.503/1997),Vínculo por assunto + termos do enunciado/alternativas/comentário. Exibir como card principal somente se importador aceitar score e revisão.,
2465541,ctb_normas_circulacao_ultrapassagem_esquerda,specific_high_precision,rule_that_solves_or_clarifies_question,True,False,strict,228,not_applicable_or_not_outdated,,,ultrapassagem; ultrapassar; intencao de ultrapassar; sentido contrario,ultrapassar; intencao de ultrapassar; sentido contrario,Das Normas Gerais de Circulação e Conduta (arts. 26 a 67 da Lei nº 9.503/1997),Vínculo por assunto + termos do enunciado/alternativas/comentário. Exibir como card principal somente se importador aceitar score e revisão.,
2465548,subject_overview::das-normas-gerais-de-circulacao-e-conduta-arts-26-a-67-da-lei-n-9-503-1997,subject_overview_fallback,general_orientation_only,False,False,fallback_by_assunto,50,not_applicable_or_not_outdated,,,Das Normas Gerais de Circulação e Conduta (arts. 26 a 67 da Lei nº 9.503/1997),,Das Normas Gerais de Circulação e Conduta (arts. 26 a 67 da Lei nº 9.503/1997),"Sem evidência suficiente para microcard específico. Exibir apenas como panorama do assunto, nunca como regra que resolve a questão.",
28163,ctb_penalidades_suspensao_cassacao,specific_high_precision,suggested_card_needs_review,False,True,comment_or_subject_evidence_only,184,not_applicable_or_not_outdated,,,suspensao; direito de dirigir,,Das Penalidades (arts. 256 a 268-A da Lei nº 9.503/1997),Vínculo por assunto + termos do enunciado/alternativas/comentário. Exibir como card principal somente se importador aceitar score e revisão. Termos fortes não apareceram no enunciado/alternativas; não exibir automaticamente no modo Estudar agora.,
28164,ctb_penalidades_suspensao_cassacao,specific_high_precision,rule_that_solves_or_clarifies_question,True,False,strict,216,not_applicable_or_not_outdated,,,suspensao; direito de dirigir; reincidencia,suspensao; direito de dirigir,Das Penalidades (arts. 256 a 268-A da Lei nº 9.503/1997),Vínculo por assunto + termos do enunciado/alternativas/comentário. Exibir como card principal somente se importador aceitar score e revisão.,
118053,ctb_penalidades_suspensao_cassacao,specific_high_precision,rule_that_solves_or_clarifies_question,True,False,strict,218,not_applicable_or_not_outdated,,,suspensao; cassacao; direito de dirigir; curso de reciclagem,curso de reciclagem,Das Penalidades (arts. 256 a 268-A da Lei nº 9.503/1997),Vínculo por assunto + termos do enunciado/alternativas/comentário. Exibir como card principal somente se importador aceitar score e revisão.,
434571,ctb_penalidades_suspensao_cassacao,specific_high_precision,suggested_card_needs_review,False,True,comment_or_subject_evidence_only,220,not_applicable_or_not_outdated,,,suspensao; cassacao; direito de dirigir; reincidencia; curso de reciclagem,,Das Penalidades (arts. 256 a 268-A da Lei nº 9.503/1997),Vínculo por assunto + termos do enunciado/alternativas/comentário. Exibir como card principal somente se importador aceitar score e revisão. Termos fortes não apareceram no enunciado/alternativas; não exibir automaticamente no modo Estudar agora.,
706845,subject_overview::das-penalidades-arts-256-a-268-a-da-lei-n-9-503-1997,subject_overview_fallback,general_orientation_only,False,False,downgraded_weak_evidence,50,not_applicable_or_not_outdated,,,Das Penalidades (arts. 256 a 268-A da Lei nº 9.503/1997),,Das Penalidades (arts. 256 a 268-A da Lei nº 9.503/1997),Vínculo específico rebaixado: a evidência era genérica/fraca. Exibir apenas panorama do assunto até revisão humana.,
778162,ctb_penalidades_medidas,specific_high_precision,suggested_card_needs_review,False,True,comment_or_subject_evidence_only,186,not_applicable_or_not_outdated,,,medida administrativa; penalidade; retencao,,Das Penalidades (arts. 256 a 268-A da Lei nº 9.503/1997),Vínculo por assunto + termos do enunciado/alternativas/comentário. Exibir como card principal somente se importador aceitar score e revisão. Termos fortes não apareceram no enunciado/alternativas; não exibir automaticamente no modo Estudar agora.,
778163,subject_overview::das-penalidades-arts-256-a-268-a-da-lei-n-9-503-1997,subject_overview_fallback,general_orientation_only,False,False,downgraded_weak_evidence,50,not_applicable_or_not_outdated,,,Das Penalidades (arts. 256 a 268-A da Lei nº 9.503/1997),,Das Penalidades (arts. 256 a 268-A da Lei nº 9.503/1997),Vínculo específico rebaixado: a evidência era genérica/fraca. Exibir apenas panorama do assunto até revisão humana.,
778166,ctb_penalidades_suspensao_cassacao,specific_high_precision,rule_that_solves_or_clarifies_question,True,False,strict,182,not_applicable_or_not_outdated,,,direito de dirigir,direito de dirigir,Das Penalidades (arts. 256 a 268-A da Lei nº 9.503/1997),Vínculo por assunto + termos do enunciado/alternativas/comentário. Exibir como card principal somente se importador aceitar score e revisão.,
820248,subject_overview::das-penalidades-arts-256-a-268-a-da-lei-n-9-503-1997,subject_overview_fallback,general_orientation_only,False,False,downgraded_weak_evidence,50,not_applicable_or_not_outdated,,,Das Penalidades (arts. 256 a 268-A da Lei nº 9.503/1997),,Das Penalidades (arts. 256 a 268-A da Lei nº 9.503/1997),Vínculo específico rebaixado: a evidência era genérica/fraca. Exibir apenas panorama do assunto até revisão humana.,
849148,ctb_penalidades_reincidencia,specific_high_precision,rule_that_solves_or_clarifies_question,True,False,strict,196,not_applicable_or_not_outdated,,,multa; penalidade; advertencia por escrito,multa; penalidade; advertencia por escrito,Das Penalidades (arts. 256 a 268-A da Lei nº 9.503/1997),Vínculo por assunto + termos do enunciado/alternativas/comentário. Exibir como card principal somente se importador aceitar score e revisão.,
1402664,ctb_penalidades_suspensao_cassacao,specific_high_precision,rule_that_solves_or_clarifies_question,True,False,strict,218,not_applicable_or_not_outdated,,,suspensao; cassacao; direito de dirigir; curso de reciclagem,curso de reciclagem,Das Penalidades (arts. 256 a 268-A da Lei nº 9.503/1997),Vínculo por assunto + termos do enunciado/alternativas/comentário. Exibir como card principal somente se importador aceitar score e revisão.,
1402666,ctb_penalidades_suspensao_cassacao,specific_high_precision,suggested_card_needs_review,False,True,comment_or_subject_evidence_only,208,not_applicable_or_not_outdated,,,suspensao; cassacao; direito de dirigir; curso de reciclagem,,Das Penalidades (arts. 256 a 268-A da Lei nº 9.503/1997),Vínculo por assunto + termos do enunciado/alternativas/comentário. Exibir como card principal somente se importador aceitar score e revisão. Termos fortes não apareceram no enunciado/alternativas; não exibir automaticamente no modo Estudar agora.,
1402669,ctb_penalidades_suspensao_cassacao,specific_high_precision,rule_that_solves_or_clarifies_question,True,False,strict,228,not_applicable_or_not_outdated,,,suspensao; cassacao; direito de dirigir; reincidencia,cassacao; reincidencia,Das Penalidades (arts. 256 a 268-A da Lei nº 9.503/1997),Vínculo por assunto + termos do enunciado/alternativas/comentário. Exibir como card principal somente se importador aceitar score e revisão.,
1403460,subject_overview::das-penalidades-arts-256-a-268-a-da-lei-n-9-503-1997,subject_overview_fallback,general_orientation_only,False,False,downgraded_weak_evidence,50,not_applicable_or_not_outdated,,,Das Penalidades (arts. 256 a 268-A da Lei nº 9.503/1997),,Das Penalidades (arts. 256 a 268-A da Lei nº 9.503/1997),Vínculo específico rebaixado: a evidência era genérica/fraca. Exibir apenas panorama do assunto até revisão humana.,
1403523,ctb_penalidades_reincidencia,specific_high_precision,rule_that_solves_or_clarifies_question,True,False,strict,196,not_applicable_or_not_outdated,,,multa; penalidade; advertencia por escrito,multa; penalidade; advertencia por escrito,Das Penalidades (arts. 256 a 268-A da Lei nº 9.503/1997),Vínculo por assunto + termos do enunciado/alternativas/comentário. Exibir como card principal somente se importador aceitar score e revisão.,
1403528,ctb_penalidades_suspensao_cassacao,specific_high_precision,rule_that_solves_or_clarifies_question,True,False,strict,204,not_applicable_or_not_outdated,,,direito de dirigir; curso de reciclagem,direito de dirigir; curso de reciclagem,Das Penalidades (arts. 256 a 268-A da Lei nº 9.503/1997),Vínculo por assunto + termos do enunciado/alternativas/comentário. Exibir como card principal somente se importador aceitar score e revisão.,
1490437,ctb_penalidades_suspensao_cassacao,specific_high_precision,rule_that_solves_or_clarifies_question,True,False,strict,226,not_applicable_or_not_outdated,,,suspensao; cassacao; direito de dirigir,suspensao; cassacao; direito de dirigir,Das Penalidades (arts. 256 a 268-A da Lei nº 9.503/1997),Vínculo por assunto + termos do enunciado/alternativas/comentário. Exibir como card principal somente se importador aceitar score e revisão.,
1490438,ctb_penalidades_suspensao_cassacao,specific_high_precision,rule_that_solves_or_clarifies_question,True,False,strict,182,not_applicable_or_not_outdated,,,cassacao,cassacao,Das Penalidades (arts. 256 a 268-A da Lei nº 9.503/1997),Vínculo por assunto + termos do enunciado/alternativas/comentário. Exibir como card principal somente se importador aceitar score e revisão.,
1490440,ctb_penalidades_reincidencia,specific_high_precision,rule_that_solves_or_clarifies_question,True,False,strict,196,not_applicable_or_not_outdated,,,multa; penalidade; advertencia por escrito,multa; penalidade; advertencia por escrito,Das Penalidades (arts. 256 a 268-A da Lei nº 9.503/1997),Vínculo por assunto + termos do enunciado/alternativas/comentário. Exibir como card principal somente se importador aceitar score e revisão.,
1521297,subject_overview::das-penalidades-arts-256-a-268-a-da-lei-n-9-503-1997,subject_overview_fallback,general_orientation_only,False,False,downgraded_weak_evidence,50,not_applicable_or_not_outdated,,,Das Penalidades (arts. 256 a 268-A da Lei nº 9.503/1997),,Das Penalidades (arts. 256 a 268-A da Lei nº 9.503/1997),Vínculo específico rebaixado: a evidência era genérica/fraca. Exibir apenas panorama do assunto até revisão humana.,
1521298,ctb_penalidades_suspensao_cassacao,specific_high_precision,rule_that_solves_or_clarifies_question,True,False,strict,204,not_applicable_or_not_outdated,,,suspensao; direito de dirigir,suspensao; direito de dirigir,Das Penalidades (arts. 256 a 268-A da Lei nº 9.503/1997),Vínculo por assunto + termos do enunciado/alternativas/comentário. Exibir como card principal somente se importador aceitar score e revisão.,
1521300,ctb_penalidades_suspensao_cassacao,specific_high_precision,rule_that_solves_or_clarifies_question,True,False,strict,204,not_applicable_or_not_outdated,,,suspensao; direito de dirigir,suspensao; direito de dirigir,Das Penalidades (arts. 256 a 268-A da Lei nº 9.503/1997),Vínculo por assunto + termos do enunciado/alternativas/comentário. Exibir como card principal somente se importador aceitar score e revisão.,
1521302,ctb_penalidades_suspensao_cassacao,specific_high_precision,rule_that_solves_or_clarifies_question,True,False,strict,204,not_applicable_or_not_outdated,,,suspensao; direito de dirigir,suspensao; direito de dirigir,Das Penalidades (arts. 256 a 268-A da Lei nº 9.503/1997),Vínculo por assunto + termos do enunciado/alternativas/comentário. Exibir como card principal somente se importador aceitar score e revisão.,
1521305,subject_overview::das-penalidades-arts-256-a-268-a-da-lei-n-9-503-1997,subject_overview_fallback,general_orientation_only,False,False,downgraded_weak_evidence,50,not_applicable_or_not_outdated,,,Das Penalidades (arts. 256 a 268-A da Lei nº 9.503/1997),,Das Penalidades (arts. 256 a 268-A da Lei nº 9.503/1997),Vínculo específico rebaixado: a evidência era genérica/fraca. Exibir apenas panorama do assunto até revisão humana.,
1521306,ctb_penalidades_suspensao_cassacao,specific_high_precision,rule_that_solves_or_clarifies_question,True,False,strict,204,not_applicable_or_not_outdated,,,suspensao; direito de dirigir,suspensao; direito de dirigir,Das Penalidades (arts. 256 a 268-A da Lei nº 9.503/1997),Vínculo por assunto + termos do enunciado/alternativas/comentário. Exibir como card principal somente se importador aceitar score e revisão.,
1521308,ctb_penalidades_reincidencia,specific_high_precision,rule_that_solves_or_clarifies_question,True,False,strict,196,not_applicable_or_not_outdated,,,multa; penalidade; advertencia por escrito,multa; penalidade; advertencia por escrito,Das Penalidades (arts. 256 a 268-A da Lei nº 9.503/1997),Vínculo por assunto + termos do enunciado/alternativas/comentário. Exibir como card principal somente se importador aceitar score e revisão.,
1521309,subject_overview::das-penalidades-arts-256-a-268-a-da-lei-n-9-503-1997,subject_overview_fallback,general_orientation_only,False,False,downgraded_weak_evidence,50,not_applicable_or_not_outdated,,,Das Penalidades (arts. 256 a 268-A da Lei nº 9.503/1997),,Das Penalidades (arts. 256 a 268-A da Lei nº 9.503/1997),Vínculo específico rebaixado: a evidência era genérica/fraca. Exibir apenas panorama do assunto até revisão humana.,
1521311,ctb_penalidades_suspensao_cassacao,specific_high_precision,rule_that_solves_or_clarifies_question,True,False,strict,182,not_applicable_or_not_outdated,,,direito de dirigir,direito de dirigir,Das Penalidades (arts. 256 a 268-A da Lei nº 9.503/1997),Vínculo por assunto + termos do enunciado/alternativas/comentário. Exibir como card principal somente se importador aceitar score e revisão.,
1521313,subject_overview::das-penalidades-arts-256-a-268-a-da-lei-n-9-503-1997,subject_overview_fallback,general_orientation_only,False,False,downgraded_weak_evidence,50,not_applicable_or_not_outdated,,,Das Penalidades (arts. 256 a 268-A da Lei nº 9.503/1997),,Das Penalidades (arts. 256 a 268-A da Lei nº 9.503/1997),Vínculo específico rebaixado: a evidência era genérica/fraca. Exibir apenas panorama do assunto até revisão humana.,
1525674,subject_overview::das-penalidades-arts-256-a-268-a-da-lei-n-9-503-1997,subject_overview_fallback,general_orientation_only,False,False,downgraded_weak_evidence,50,not_applicable_or_not_outdated,,,Das Penalidades (arts. 256 a 268-A da Lei nº 9.503/1997),,Das Penalidades (arts. 256 a 268-A da Lei nº 9.503/1997),Vínculo específico rebaixado: a evidência era genérica/fraca. Exibir apenas panorama do assunto até revisão humana.,
1525675,subject_overview::das-penalidades-arts-256-a-268-a-da-lei-n-9-503-1997,subject_overview_fallback,general_orientation_only,False,False,downgraded_weak_evidence,50,not_applicable_or_not_outdated,,,Das Penalidades (arts. 256 a 268-A da Lei nº 9.503/1997),,Das Penalidades (arts. 256 a 268-A da Lei nº 9.503/1997),Vínculo específico rebaixado: a evidência era genérica/fraca. Exibir apenas panorama do assunto até revisão humana.,
1525677,ctb_penalidades_suspensao_cassacao,specific_high_precision,suggested_card_needs_review,False,True,comment_or_subject_evidence_only,172,not_applicable_or_not_outdated,,,direito de dirigir,,Das Penalidades (arts. 256 a 268-A da Lei nº 9.503/1997),Vínculo por assunto + termos do enunciado/alternativas/comentário. Exibir como card principal somente se importador aceitar score e revisão. Termos fortes não apareceram no enunciado/alternativas; não exibir automaticamente no modo Estudar agora.,
1525679,ctb_penalidades_suspensao_cassacao,specific_high_precision,suggested_card_needs_review,False,True,comment_or_subject_evidence_only,172,not_applicable_or_not_outdated,,,direito de dirigir,,Das Penalidades (arts. 256 a 268-A da Lei nº 9.503/1997),Vínculo por assunto + termos do enunciado/alternativas/comentário. Exibir como card principal somente se importador aceitar score e revisão. Termos fortes não apareceram no enunciado/alternativas; não exibir automaticamente no modo Estudar agora.,
1525695,subject_overview::das-penalidades-arts-256-a-268-a-da-lei-n-9-503-1997,subject_overview_fallback,general_orientation_only,False,False,downgraded_weak_evidence,50,not_applicable_or_not_outdated,,,Das Penalidades (arts. 256 a 268-A da Lei nº 9.503/1997),,Das Penalidades (arts. 256 a 268-A da Lei nº 9.503/1997),Vínculo específico rebaixado: a evidência era genérica/fraca. Exibir apenas panorama do assunto até revisão humana.,
1525701,ctb_penalidades_suspensao_cassacao,specific_high_precision,rule_that_solves_or_clarifies_question,True,False,strict,204,not_applicable_or_not_outdated,,,suspensao; direito de dirigir,suspensao; direito de dirigir,Das Penalidades (arts. 256 a 268-A da Lei nº 9.503/1997),Vínculo por assunto + termos do enunciado/alternativas/comentário. Exibir como card principal somente se importador aceitar score e revisão.,
1577043,ctb_penalidades_reincidencia,specific_high_precision,rule_that_solves_or_clarifies_question,False,True,ambiguous_top_candidate,176,not_applicable_or_not_outdated,,,multa; penalidade; advertencia por escrito,multa,Das Penalidades (arts. 256 a 268-A da Lei nº 9.503/1997),Vínculo por assunto + termos do enunciado/alternativas/comentário. Exibir como card principal somente se importador aceitar score e revisão.,
1577062,ctb_penalidades_medidas,specific_high_precision,rule_that_solves_or_clarifies_question,True,False,strict,208,not_applicable_or_not_outdated,,,medida administrativa; penalidade; retencao; recolhimento,penalidade,Das Penalidades (arts. 256 a 268-A da Lei nº 9.503/1997),Vínculo por assunto + termos do enunciado/alternativas/comentário. Exibir como card principal somente se importador aceitar score e revisão.,
1587780,subject_overview::das-penalidades-arts-256-a-268-a-da-lei-n-9-503-1997,subject_overview_fallback,general_orientation_only,False,False,downgraded_weak_evidence,50,not_applicable_or_not_outdated,,,Das Penalidades (arts. 256 a 268-A da Lei nº 9.503/1997),,Das Penalidades (arts. 256 a 268-A da Lei nº 9.503/1997),Vínculo específico rebaixado: a evidência era genérica/fraca. Exibir apenas panorama do assunto até revisão humana.,
1820856,ctb_penalidades_medidas,specific_high_precision,rule_that_solves_or_clarifies_question,True,False,strict,196,not_applicable_or_not_outdated,,,medida administrativa; penalidade; remocao,penalidade,Das Penalidades (arts. 256 a 268-A da Lei nº 9.503/1997),Vínculo por assunto + termos do enunciado/alternativas/comentário. Exibir como card principal somente se importador aceitar score e revisão.,
1944607,subject_overview::das-penalidades-arts-256-a-268-a-da-lei-n-9-503-1997,subject_overview_fallback,general_orientation_only,False,False,downgraded_weak_evidence,50,not_applicable_or_not_outdated,,,Das Penalidades (arts. 256 a 268-A da Lei nº 9.503/1997),,Das Penalidades (arts. 256 a 268-A da Lei nº 9.503/1997),Vínculo específico rebaixado: a evidência era genérica/fraca. Exibir apenas panorama do assunto até revisão humana.,
1969479,ctb_penalidades_suspensao_cassacao,specific_high_precision,rule_that_solves_or_clarifies_question,True,False,strict,204,not_applicable_or_not_outdated,,,suspensao; direito de dirigir,suspensao; direito de dirigir,Das Penalidades (arts. 256 a 268-A da Lei nº 9.503/1997),Vínculo por assunto + termos do enunciado/alternativas/comentário. Exibir como card principal somente se importador aceitar score e revisão.,
2115679,ctb_penalidades_suspensao_cassacao,specific_high_precision,rule_that_solves_or_clarifies_question,True,False,strict,238,not_applicable_or_not_outdated,,,suspensao; cassacao; direito de dirigir; reincidencia,suspensao; cassacao; direito de dirigir,Das Penalidades (arts. 256 a 268-A da Lei nº 9.503/1997),Vínculo por assunto + termos do enunciado/alternativas/comentário. Exibir como card principal somente se importador aceitar score e revisão.,
27870,contran_945_amarracao_carga,specific_high_precision,rule_that_solves_or_clarifies_question,False,True,ambiguous_top_candidate,194,not_applicable_or_not_outdated,,,carga; transporte de carga,carga; transporte de carga,Demais Resoluções CONTRAN,Vínculo por assunto + termos do enunciado/alternativas/comentário. Exibir como card principal somente se importador aceitar score e revisão.,
27877,contran_945_amarracao_carga,specific_high_precision,rule_that_solves_or_clarifies_question,False,True,ambiguous_top_candidate,194,not_applicable_or_not_outdated,,,carga; transporte de carga,carga; transporte de carga,Demais Resoluções CONTRAN,Vínculo por assunto + termos do enunciado/alternativas/comentário. Exibir como card principal somente se importador aceitar score e revisão.,
27882,contran_916_modificacoes_veiculares,specific_high_precision,rule_that_solves_or_clarifies_question,True,False,strict,187,not_applicable_or_not_outdated,,,cor,cor,Demais Resoluções CONTRAN,Vínculo por assunto + termos do enunciado/alternativas/comentário. Exibir como card principal somente se importador aceitar score e revisão.,
27884,contran_916_modificacoes_veiculares,specific_high_precision,rule_that_solves_or_clarifies_question,True,False,strict,187,not_applicable_or_not_outdated,,,cor,cor,Demais Resoluções CONTRAN,Vínculo por assunto + termos do enunciado/alternativas/comentário. Exibir como card principal somente se importador aceitar score e revisão.,
27886,ctb_licenciamento_crlv_digital,specific_high_precision,theory_reference_only__not_solution_current_law,False,True,ambiguous_top_candidate,189,needs_audit,False,,licenciamento; crlv e,licenciamento; crlv e,Demais Resoluções CONTRAN,Vínculo por assunto + termos do enunciado/alternativas/comentário. Exibir como card principal somente se importador aceitar score e revisão.,Questão desatualizada sem gabarito atual pontuável; não exibir como regra que resolve a questão no modo legislação atual.
27890,contran_916_modificacoes_veiculares,specific_high_precision,rule_that_solves_or_clarifies_question,False,True,ambiguous_top_candidate,187,not_applicable_or_not_outdated,,,cor,cor,Demais Resoluções CONTRAN,Vínculo por assunto + termos do enunciado/alternativas/comentário. Exibir como card principal somente se importador aceitar score e revisão.,
28220,contran_916_modificacoes_veiculares,specific_high_precision,suggested_card_needs_review,False,True,comment_or_subject_evidence_only,177,not_applicable_or_not_outdated,,,cor,,Demais Resoluções CONTRAN,Vínculo por assunto + termos do enunciado/alternativas/comentário. Exibir como card principal somente se importador aceitar score e revisão. Termos fortes não apareceram no enunciado/alternativas; não exibir automaticamente no modo Estudar agora.,
28254,contran_940_capacete_viseira_oculos,specific_high_precision,rule_that_solves_or_clarifies_question,True,False,strict,226,not_applicable_or_not_outdated,,,capacete; viseira; oculos de protecao,capacete; viseira,Demais Resoluções CONTRAN,Vínculo por assunto + termos do enunciado/alternativas/comentário. Exibir como card principal somente se importador aceitar score e revisão.,
28261,contran_967_baixa_sinistro,specific_high_precision,rule_that_solves_or_clarifies_question,True,False,strict,231,not_applicable_or_not_outdated,,,perda total; sinistrado; laudo,perda total; sinistrado; laudo,Demais Resoluções CONTRAN,Vínculo por assunto + termos do enunciado/alternativas/comentário. Exibir como card principal somente se importador aceitar score e revisão.,
70196,ctb_documentos_crlv_porte,specific_high_precision,theory_reference_only__not_solution_current_law,False,True,strict,208,needs_audit,False,,crlv; certificado de licenciamento; licenciamento anual; porte do certificado,crlv,Demais Resoluções CONTRAN,Vínculo por assunto + termos do enunciado/alternativas/comentário. Exibir como card principal somente se importador aceitar score e revisão.,Questão desatualizada sem gabarito atual pontuável; não exibir como regra que resolve a questão no modo legislação atual.
174567,ctb_documentos_cnh_porte,specific_high_precision,theory_reference_only__not_solution_current_law,False,True,strict,208,needs_audit,False,,cnh; permissao para dirigir; porte do documento de habilitacao; habilitado,cnh,Demais Resoluções CONTRAN,Vínculo por assunto + termos do enunciado/alternativas/comentário. Exibir como card principal somente se importador aceitar score e revisão.,Questão desatualizada sem gabarito atual pontuável; não exibir como regra que resolve a questão no modo legislação atual.
254765,contran_940_capacete_viseira_oculos,specific_high_precision,rule_that_solves_or_clarifies_question,True,False,strict,270,verified,True,CERTO,capacete; viseira; oculos de protecao; oculos de seguranca do trabalho; epi,capacete; viseira; oculos de protecao; oculos de seguranca do trabalho,Demais Resoluções CONTRAN,Vínculo por assunto + termos do enunciado/alternativas/comentário. Exibir como card principal somente se importador aceitar score e revisão.,
254775,contran_1020_condutor_estrangeiro,specific_high_precision,theory_reference_only__not_solution_current_law,False,True,strict,221,needs_audit,False,,estrangeiro; pais estrangeiro; missao diplomatica,estrangeiro; pais estrangeiro; missao diplomatica,Demais Resoluções CONTRAN,Vínculo por assunto + termos do enunciado/alternativas/comentário. Exibir como card principal somente se importador aceitar score e revisão.,Questão desatualizada sem gabarito atual pontuável; não exibir como regra que resolve a questão no modo legislação atual.
300180,contran_916_modificacoes_veiculares,specific_high_precision,rule_that_solves_or_clarifies_question,True,False,strict,187,not_applicable_or_not_outdated,,,cor,cor,Demais Resoluções CONTRAN,Vínculo por assunto + termos do enunciado/alternativas/comentário. Exibir como card principal somente se importador aceitar score e revisão.,
300181,contran_916_modificacoes_veiculares,specific_high_precision,rule_that_solves_or_clarifies_question,True,False,strict,199,not_applicable_or_not_outdated,,,rodas; cor,rodas,Demais Resoluções CONTRAN,Vínculo por assunto + termos do enunciado/alternativas/comentário. Exibir como card principal somente se importador aceitar score e revisão.,
305781,contran_916_modificacoes_veiculares,specific_high_precision,theory_reference_only__not_solution_current_law,False,True,strict,321,needs_audit,False,,modificacao; xenon; rebaixamento; rodas; adesivamento; cor; 4 eixo; descarga de gas,modificacao; rodas; adesivamento; cor; 4 eixo; descarga de gas,Demais Resoluções CONTRAN,Vínculo por assunto + termos do enunciado/alternativas/comentário. Exibir como card principal somente se importador aceitar score e revisão.,Questão desatualizada sem gabarito atual pontuável; não exibir como regra que resolve a questão no modo legislação atual.
306145,contran_940_capacete_viseira_oculos,specific_high_precision,rule_that_solves_or_clarifies_question,True,False,strict,226,verified,True,B,capacete; viseira; oculos de protecao,capacete; viseira,Demais Resoluções CONTRAN,Vínculo por assunto + termos do enunciado/alternativas/comentário. Exibir como card principal somente se importador aceitar score e revisão.,
368018,contran_943_motofrete_mototaxi_requisitos,specific_high_precision,theory_reference_only__not_solution_current_law,False,True,strict,238,needs_audit,False,,motofrete; mototaxi; mata cachorro; aparador de linha,mata cachorro; aparador de linha,Demais Resoluções CONTRAN,Vínculo por assunto + termos do enunciado/alternativas/comentário. Exibir como card principal somente se importador aceitar score e revisão.,Questão desatualizada sem gabarito atual pontuável; não exibir como regra que resolve a questão no modo legislação atual.
434582,contran_955_carga_externa,specific_high_precision,theory_reference_only__not_solution_current_law,False,True,strict,258,needs_audit,False,,bicicleta; bagageiro; suporte; altura maxima,bicicleta; bagageiro; suporte; altura maxima,Demais Resoluções CONTRAN,Vínculo por assunto + termos do enunciado/alternativas/comentário. Exibir como card principal somente se importador aceitar score e revisão.,Questão desatualizada sem gabarito atual pontuável; não exibir como regra que resolve a questão no modo legislação atual.
477779,ctb_documentos_crlv_porte,specific_high_precision,theory_reference_only__not_solution_current_law,False,True,strict,208,needs_audit,False,,crlv; certificado de licenciamento; licenciamento anual; porte do certificado,crlv,Demais Resoluções CONTRAN,Vínculo por assunto + termos do enunciado/alternativas/comentário. Exibir como card principal somente se importador aceitar score e revisão.,Questão desatualizada sem gabarito atual pontuável; não exibir como regra que resolve a questão no modo legislação atual.
517988,contran_945_amarracao_carga,specific_high_precision,suggested_card_needs_review,False,True,comment_or_subject_evidence_only,162,not_applicable_or_not_outdated,,,carga,,Demais Resoluções CONTRAN,Vínculo por assunto + termos do enunciado/alternativas/comentário. Exibir como card principal somente se importador aceitar score e revisão. Termos fortes não apareceram no enunciado/alternativas; não exibir automaticamente no modo Estudar agora.,
519124,contran_1020_condutor_estrangeiro,specific_high_precision,theory_reference_only__not_solution_current_law,False,True,strict,235,needs_audit,False,,estrangeiro; pais estrangeiro; convencoes; reciprocidade; 180 dias,estrangeiro; pais estrangeiro,Demais Resoluções CONTRAN,Vínculo por assunto + termos do enunciado/alternativas/comentário. Exibir como card principal somente se importador aceitar score e revisão.,Questão desatualizada sem gabarito atual pontuável; não exibir como regra que resolve a questão no modo legislação atual.
589275,ctb_documentos_crlv_porte,specific_high_precision,theory_reference_only__not_solution_current_law,False,True,strict,172,discard,False,,crlv,crlv,Demais Resoluções CONTRAN,Vínculo por assunto + termos do enunciado/alternativas/comentário. Exibir como card principal somente se importador aceitar score e revisão.,Questão desatualizada sem gabarito atual pontuável; não exibir como regra que resolve a questão no modo legislação atual.
624728,contran_916_modificacoes_veiculares,specific_high_precision,rule_that_solves_or_clarifies_question,True,False,strict,187,not_applicable_or_not_outdated,,,cor,cor,Demais Resoluções CONTRAN,Vínculo por assunto + termos do enunciado/alternativas/comentário. Exibir como card principal somente se importador aceitar score e revisão.,
624737,contran_940_capacete_viseira_oculos,specific_high_precision,rule_that_solves_or_clarifies_question,False,True,ambiguous_top_candidate,192,verified,True,C,capacete,capacete,Demais Resoluções CONTRAN,Vínculo por assunto + termos do enunciado/alternativas/comentário. Exibir como card principal somente se importador aceitar score e revisão.,
624802,ctb_documentos_cnh_porte,specific_high_precision,theory_reference_only__not_solution_current_law,False,True,ambiguous_top_candidate,194,needs_audit,False,,cnh; permissao para dirigir,cnh; permissao para dirigir,Demais Resoluções CONTRAN,Vínculo por assunto + termos do enunciado/alternativas/comentário. Exibir como card principal somente se importador aceitar score e revisão.,Questão desatualizada sem gabarito atual pontuável; não exibir como regra que resolve a questão no modo legislação atual.
715538,contran_916_modificacoes_veiculares,specific_high_precision,rule_that_solves_or_clarifies_question,True,False,strict,187,not_applicable_or_not_outdated,,,cor,cor,Demais Resoluções CONTRAN,Vínculo por assunto + termos do enunciado/alternativas/comentário. Exibir como card principal somente se importador aceitar score e revisão.,
778176,contran_916_modificacoes_veiculares,specific_high_precision,suggested_card_needs_review,False,True,comment_or_subject_evidence_only,177,not_applicable_or_not_outdated,,,cor,,Demais Resoluções CONTRAN,Vínculo por assunto + termos do enunciado/alternativas/comentário. Exibir como card principal somente se importador aceitar score e revisão. Termos fortes não apareceram no enunciado/alternativas; não exibir automaticamente no modo Estudar agora.,
778177,contran_955_carga_externa,specific_high_precision,theory_reference_only__not_solution_current_law,False,True,ambiguous_top_candidate,192,needs_audit,False,,bicicleta,bicicleta,Demais Resoluções CONTRAN,Vínculo por assunto + termos do enunciado/alternativas/comentário. Exibir como card principal somente se importador aceitar score e revisão.,Questão desatualizada sem gabarito atual pontuável; não exibir como regra que resolve a questão no modo legislação atual.
778178,contran_955_carga_externa,specific_high_precision,theory_reference_only__not_solution_current_law,False,True,strict,228,needs_audit,False,,bicicleta; bagageiro; suporte; altura maxima,bicicleta,Demais Resoluções CONTRAN,Vínculo por assunto + termos do enunciado/alternativas/comentário. Exibir como card principal somente se importador aceitar score e revisão.,Questão desatualizada sem gabarito atual pontuável; não exibir como regra que resolve a questão no modo legislação atual.
778183,contran_945_amarracao_carga,specific_high_precision,theory_reference_only__not_solution_current_law,False,True,strict,216,needs_audit,False,,amarracao; amarracao; carga,amarracao; amarracao; carga,Demais Resoluções CONTRAN,Vínculo por assunto + termos do enunciado/alternativas/comentário. Exibir como card principal somente se importador aceitar score e revisão.,Questão desatualizada sem gabarito atual pontuável; não exibir como regra que resolve a questão no modo legislação atual.
778184,contran_945_amarracao_carga,specific_high_precision,theory_reference_only__not_solution_current_law,False,True,strict,216,needs_audit,False,,amarracao; amarracao; carga,amarracao; amarracao; carga,Demais Resoluções CONTRAN,Vínculo por assunto + termos do enunciado/alternativas/comentário. Exibir como card principal somente se importador aceitar score e revisão.,Questão desatualizada sem gabarito atual pontuável; não exibir como regra que resolve a questão no modo legislação atual.
778187,contran_945_amarracao_carga,specific_high_precision,theory_reference_only__not_solution_current_law,False,True,strict,216,needs_audit,False,,amarracao; amarracao; carga,amarracao; amarracao; carga,Demais Resoluções CONTRAN,Vínculo por assunto + termos do enunciado/alternativas/comentário. Exibir como card principal somente se importador aceitar score e revisão.,Questão desatualizada sem gabarito atual pontuável; não exibir como regra que resolve a questão no modo legislação atual.
778188,contran_943_motofrete_mototaxi_requisitos,specific_high_precision,theory_reference_only__not_solution_current_law,False,True,comment_or_subject_evidence_only,182,needs_audit,False,,motofrete,,Demais Resoluções CONTRAN,Vínculo por assunto + termos do enunciado/alternativas/comentário. Exibir como card principal somente se importador aceitar score e revisão. Termos fortes não apareceram no enunciado/alternativas; não exibir automaticamente no modo Estudar agora.,Questão desatualizada sem gabarito atual pontuável; não exibir como regra que resolve a questão no modo legislação atual.
778189,contran_940_capacete_viseira_oculos,specific_high_precision,rule_that_solves_or_clarifies_question,True,False,strict,226,verified,True,CERTO,capacete; viseira; oculos de protecao,capacete; viseira,Demais Resoluções CONTRAN,Vínculo por assunto + termos do enunciado/alternativas/comentário. Exibir como card principal somente se importador aceitar score e revisão.,
778190,contran_940_capacete_viseira_oculos,specific_high_precision,rule_that_solves_or_clarifies_question,True,False,strict,204,verified,True,ERRADO,capacete; viseira,capacete,Demais Resoluções CONTRAN,Vínculo por assunto + termos do enunciado/alternativas/comentário. Exibir como card principal somente se importador aceitar score e revisão.,
778192,subject_overview::demais-resolucoes-contran,subject_overview_fallback,general_orientation_only,False,False,fallback_by_assunto,50,not_applicable_or_not_outdated,,,Demais Resoluções CONTRAN,,Demais Resoluções CONTRAN,"Sem evidência suficiente para microcard específico. Exibir apenas como panorama do assunto, nunca como regra que resolve a questão.",
805508,ctb_documentos_cnh_porte,specific_high_precision,theory_reference_only__not_solution_current_law,False,True,ambiguous_top_candidate,194,discard,False,,cnh; permissao para dirigir,cnh; permissao para dirigir,Demais Resoluções CONTRAN,Vínculo por assunto + termos do enunciado/alternativas/comentário. Exibir como card principal somente se importador aceitar score e revisão.,Questão desatualizada sem gabarito atual pontuável; não exibir como regra que resolve a questão no modo legislação atual.
807286,contran_916_modificacoes_veiculares,specific_high_precision,rule_that_solves_or_clarifies_question,True,False,strict,187,not_applicable_or_not_outdated,,,cor,cor,Demais Resoluções CONTRAN,Vínculo por assunto + termos do enunciado/alternativas/comentário. Exibir como card principal somente se importador aceitar score e revisão.,
875304,contran_1020_condutor_estrangeiro,specific_high_precision,theory_reference_only__not_solution_current_law,False,True,strict,225,needs_audit,False,,estrangeiro; pais estrangeiro; convencoes; reciprocidade; 180 dias,estrangeiro,Demais Resoluções CONTRAN,Vínculo por assunto + termos do enunciado/alternativas/comentário. Exibir como card principal somente se importador aceitar score e revisão.,Questão desatualizada sem gabarito atual pontuável; não exibir como regra que resolve a questão no modo legislação atual.
876889,contran_916_modificacoes_veiculares,specific_high_precision,rule_that_solves_or_clarifies_question,True,False,strict,187,not_applicable_or_not_outdated,,,cor,cor,Demais Resoluções CONTRAN,Vínculo por assunto + termos do enunciado/alternativas/comentário. Exibir como card principal somente se importador aceitar score e revisão.,
878836,contran_916_modificacoes_veiculares,specific_high_precision,rule_that_solves_or_clarifies_question,True,False,strict,187,not_applicable_or_not_outdated,,,cor,cor,Demais Resoluções CONTRAN,Vínculo por assunto + termos do enunciado/alternativas/comentário. Exibir como card principal somente se importador aceitar score e revisão.,
878845,ctb_documentos_crlv_porte,specific_high_precision,rule_that_solves_or_clarifies_question,True,False,strict,206,not_applicable_or_not_outdated,,,crlv; certificado de licenciamento; licenciamento anual,crlv; licenciamento anual,Demais Resoluções CONTRAN,Vínculo por assunto + termos do enunciado/alternativas/comentário. Exibir como card principal somente se importador aceitar score e revisão.,
916974,contran_955_carga_externa,specific_high_precision,theory_reference_only__not_solution_current_law,False,True,strict,258,needs_audit,False,,bicicleta; bagageiro; suporte; altura maxima,bicicleta; bagageiro; suporte; altura maxima,Demais Resoluções CONTRAN,Vínculo por assunto + termos do enunciado/alternativas/comentário. Exibir como card principal somente se importador aceitar score e revisão.,Questão desatualizada sem gabarito atual pontuável; não exibir como regra que resolve a questão no modo legislação atual.
916975,contran_1020_condutor_estrangeiro,specific_high_precision,theory_reference_only__not_solution_current_law,False,True,strict,235,needs_audit,False,,estrangeiro; pais estrangeiro; convencoes; reciprocidade; 180 dias,estrangeiro; 180 dias,Demais Resoluções CONTRAN,Vínculo por assunto + termos do enunciado/alternativas/comentário. Exibir como card principal somente se importador aceitar score e revisão.,Questão desatualizada sem gabarito atual pontuável; não exibir como regra que resolve a questão no modo legislação atual.
917879,contran_916_modificacoes_veiculares,specific_high_precision,theory_reference_only__not_solution_current_law,False,True,strict,187,needs_audit,False,,modificacao,modificacao,Demais Resoluções CONTRAN,Vínculo por assunto + termos do enunciado/alternativas/comentário. Exibir como card principal somente se importador aceitar score e revisão.,Questão desatualizada sem gabarito atual pontuável; não exibir como regra que resolve a questão no modo legislação atual.
920559,ctb_documentos_cnh_porte,specific_high_precision,rule_that_solves_or_clarifies_question,False,True,ambiguous_top_candidate,172,not_applicable_or_not_outdated,,,cnh,cnh,Demais Resoluções CONTRAN,Vínculo por assunto + termos do enunciado/alternativas/comentário. Exibir como card principal somente se importador aceitar score e revisão.,
921198,ctb_documentos_crlv_porte,specific_high_precision,theory_reference_only__not_solution_current_law,False,True,strict,208,needs_audit,False,,crlv; certificado de licenciamento; licenciamento anual; porte do certificado,crlv,Demais Resoluções CONTRAN,Vínculo por assunto + termos do enunciado/alternativas/comentário. Exibir como card principal somente se importador aceitar score e revisão.,Questão desatualizada sem gabarito atual pontuável; não exibir como regra que resolve a questão no modo legislação atual.
937073,ctb_documentos_cnh_porte,specific_high_precision,theory_reference_only__not_solution_current_law,False,True,strict,216,needs_audit,False,,cnh; permissao para dirigir; renach,cnh; permissao para dirigir; renach,Demais Resoluções CONTRAN,Vínculo por assunto + termos do enunciado/alternativas/comentário. Exibir como card principal somente se importador aceitar score e revisão.,Questão desatualizada sem gabarito atual pontuável; não exibir como regra que resolve a questão no modo legislação atual.
945656,contran_943_motofrete_mototaxi_requisitos,specific_high_precision,theory_reference_only__not_solution_current_law,False,True,strict,250,needs_audit,False,,motofrete; mototaxi; colete; mata cachorro; aparador de linha,motofrete; mototaxi,Demais Resoluções CONTRAN,Vínculo por assunto + termos do enunciado/alternativas/comentário. Exibir como card principal somente se importador aceitar score e revisão.,Questão desatualizada sem gabarito atual pontuável; não exibir como regra que resolve a questão no modo legislação atual.
970023,contran_916_modificacoes_veiculares,specific_high_precision,theory_reference_only__not_solution_current_law,False,True,strict,187,needs_audit,False,,cor,cor,Demais Resoluções CONTRAN,Vínculo por assunto + termos do enunciado/alternativas/comentário. Exibir como card principal somente se importador aceitar score e revisão.,Questão desatualizada sem gabarito atual pontuável; não exibir como regra que resolve a questão no modo legislação atual.
986274,contran_916_modificacoes_veiculares,specific_high_precision,theory_reference_only__not_solution_current_law,False,True,ambiguous_top_candidate,187,needs_audit,False,,cor,cor,Demais Resoluções CONTRAN,Vínculo por assunto + termos do enunciado/alternativas/comentário. Exibir como card principal somente se importador aceitar score e revisão.,Questão desatualizada sem gabarito atual pontuável; não exibir como regra que resolve a questão no modo legislação atual.
1018630,contran_955_carga_externa,specific_high_precision,theory_reference_only__not_solution_current_law,False,True,strict,280,needs_audit,False,,bagageiro; suporte; comprimento da carga; altura maxima; 50 cm,bagageiro; suporte; comprimento da carga; altura maxima; 50 cm,Demais Resoluções CONTRAN,Vínculo por assunto + termos do enunciado/alternativas/comentário. Exibir como card principal somente se importador aceitar score e revisão.,Questão desatualizada sem gabarito atual pontuável; não exibir como regra que resolve a questão no modo legislação atual.
1091826,contran_940_capacete_viseira_oculos,specific_high_precision,rule_that_solves_or_clarifies_question,True,False,strict,258,verified,True,E,capacete; viseira; oculos de protecao; epi,capacete; viseira; oculos de protecao; epi,Demais Resoluções CONTRAN,Vínculo por assunto + termos do enunciado/alternativas/comentário. Exibir como card principal somente se importador aceitar score e revisão.,
1112246,contran_940_capacete_viseira_oculos,specific_high_precision,rule_that_solves_or_clarifies_question,True,False,strict,248,verified,True,A,capacete; viseira; oculos de protecao; epi,capacete; viseira; oculos de protecao,Demais Resoluções CONTRAN,Vínculo por assunto + termos do enunciado/alternativas/comentário. Exibir como card principal somente se importador aceitar score e revisão.,
1114480,contran_940_capacete_viseira_oculos,specific_high_precision,rule_that_solves_or_clarifies_question,True,False,strict,258,verified,True,E,capacete; viseira; oculos de protecao; epi,capacete; viseira; oculos de protecao; epi,Demais Resoluções CONTRAN,Vínculo por assunto + termos do enunciado/alternativas/comentário. Exibir como card principal somente se importador aceitar score e revisão.,
1114772,contran_916_modificacoes_veiculares,specific_high_precision,theory_reference_only__not_solution_current_law,False,True,strict,209,needs_audit,False,,rodas; cor,rodas; cor,Demais Resoluções CONTRAN,Vínculo por assunto + termos do enunciado/alternativas/comentário. Exibir como card principal somente se importador aceitar score e revisão.,Questão desatualizada sem gabarito atual pontuável; não exibir como regra que resolve a questão no modo legislação atual.
1119061,contran_943_motofrete_mototaxi_requisitos,specific_high_precision,theory_reference_only__not_solution_current_law,False,True,strict,214,needs_audit,False,,motofrete; mototaxi,motofrete; mototaxi,Demais Resoluções CONTRAN,Vínculo por assunto + termos do enunciado/alternativas/comentário. Exibir como card principal somente se importador aceitar score e revisão.,Questão desatualizada sem gabarito atual pontuável; não exibir como regra que resolve a questão no modo legislação atual.
1119546,contran_916_modificacoes_veiculares,specific_high_precision,rule_that_solves_or_clarifies_question,True,False,strict,187,not_applicable_or_not_outdated,,,cor,cor,Demais Resoluções CONTRAN,Vínculo por assunto + termos do enunciado/alternativas/comentário. Exibir como card principal somente se importador aceitar score e revisão.,
1119572,contran_945_amarracao_carga,specific_high_precision,theory_reference_only__not_solution_current_law,False,True,ambiguous_top_candidate,194,needs_audit,False,,carga; transporte de carga,carga; transporte de carga,Demais Resoluções CONTRAN,Vínculo por assunto + termos do enunciado/alternativas/comentário. Exibir como card principal somente se importador aceitar score e revisão.,Questão desatualizada sem gabarito atual pontuável; não exibir como regra que resolve a questão no modo legislação atual.
1140616,contran_916_modificacoes_veiculares,specific_high_precision,theory_reference_only__not_solution_current_law,False,True,strict,187,needs_audit,False,,cor,cor,Demais Resoluções CONTRAN,Vínculo por assunto + termos do enunciado/alternativas/comentário. Exibir como card principal somente se importador aceitar score e revisão.,Questão desatualizada sem gabarito atual pontuável; não exibir como regra que resolve a questão no modo legislação atual.
1171405,contran_916_modificacoes_veiculares,specific_high_precision,theory_reference_only__not_solution_current_law,False,True,strict,187,needs_audit,False,,cor,cor,Demais Resoluções CONTRAN,Vínculo por assunto + termos do enunciado/alternativas/comentário. Exibir como card principal somente se importador aceitar score e revisão.,Questão desatualizada sem gabarito atual pontuável; não exibir como regra que resolve a questão no modo legislação atual.
1176135,contran_955_carga_externa,specific_high_precision,theory_reference_only__not_solution_current_law,False,True,strict,214,needs_audit,False,,bicicleta; suporte,bicicleta; suporte,Demais Resoluções CONTRAN,Vínculo por assunto + termos do enunciado/alternativas/comentário. Exibir como card principal somente se importador aceitar score e revisão.,Questão desatualizada sem gabarito atual pontuável; não exibir como regra que resolve a questão no modo legislação atual.
1191724,ctb_documentos_crlv_porte,specific_high_precision,rule_that_solves_or_clarifies_question,True,False,strict,194,not_applicable_or_not_outdated,,,crlv; licenciamento anual,crlv; licenciamento anual,Demais Resoluções CONTRAN,Vínculo por assunto + termos do enunciado/alternativas/comentário. Exibir como card principal somente se importador aceitar score e revisão.,
1191777,contran_916_modificacoes_veiculares,specific_high_precision,rule_that_solves_or_clarifies_question,True,False,strict,187,not_applicable_or_not_outdated,,,cor,cor,Demais Resoluções CONTRAN,Vínculo por assunto + termos do enunciado/alternativas/comentário. Exibir como card principal somente se importador aceitar score e revisão.,
1201312,contran_916_modificacoes_veiculares,specific_high_precision,rule_that_solves_or_clarifies_question,True,False,strict,187,not_applicable_or_not_outdated,,,cor,cor,Demais Resoluções CONTRAN,Vínculo por assunto + termos do enunciado/alternativas/comentário. Exibir como card principal somente se importador aceitar score e revisão.,
1213370,contran_916_modificacoes_veiculares,specific_high_precision,suggested_card_needs_review,False,True,comment_or_subject_evidence_only,177,not_applicable_or_not_outdated,,,cor,,Demais Resoluções CONTRAN,Vínculo por assunto + termos do enunciado/alternativas/comentário. Exibir como card principal somente se importador aceitar score e revisão. Termos fortes não apareceram no enunciado/alternativas; não exibir automaticamente no modo Estudar agora.,
1290659,contran_1020_condutor_estrangeiro,specific_high_precision,theory_reference_only__not_solution_current_law,False,True,strict,267,needs_audit,False,,estrangeiro; pais estrangeiro; habilitado no exterior; convencoes; reciprocidade; 180 dias,estrangeiro; pais estrangeiro; convencoes; 180 dias,Demais Resoluções CONTRAN,Vínculo por assunto + termos do enunciado/alternativas/comentário. Exibir como card principal somente se importador aceitar score e revisão.,Questão desatualizada sem gabarito atual pontuável; não exibir como regra que resolve a questão no modo legislação atual.
1295470,contran_970_luzes_veiculares,specific_high_precision,theory_reference_only__not_solution_current_law,False,True,ambiguous_top_candidate,194,needs_audit,False,,iluminacao; lanterna,lanterna,Demais Resoluções CONTRAN,Vínculo por assunto + termos do enunciado/alternativas/comentário. Exibir como card principal somente se importador aceitar score e revisão.,Questão desatualizada sem gabarito atual pontuável; não exibir como regra que resolve a questão no modo legislação atual.
1336580,contran_1020_condutor_estrangeiro,specific_high_precision,theory_reference_only__not_solution_current_law,False,True,strict,221,needs_audit,False,,estrangeiro; pais estrangeiro; 180 dias,estrangeiro; pais estrangeiro; 180 dias,Demais Resoluções CONTRAN,Vínculo por assunto + termos do enunciado/alternativas/comentário. Exibir como card principal somente se importador aceitar score e revisão.,Questão desatualizada sem gabarito atual pontuável; não exibir como regra que resolve a questão no modo legislação atual.
1336584,contran_916_modificacoes_veiculares,specific_high_precision,rule_that_solves_or_clarifies_question,True,False,strict,187,not_applicable_or_not_outdated,,,cor,cor,Demais Resoluções CONTRAN,Vínculo por assunto + termos do enunciado/alternativas/comentário. Exibir como card principal somente se importador aceitar score e revisão.,
1371121,contran_916_modificacoes_veiculares,specific_high_precision,rule_that_solves_or_clarifies_question,True,False,strict,187,not_applicable_or_not_outdated,,,cor,cor,Demais Resoluções CONTRAN,Vínculo por assunto + termos do enunciado/alternativas/comentário. Exibir como card principal somente se importador aceitar score e revisão.,
1371128,contran_916_modificacoes_veiculares,specific_high_precision,theory_reference_only__not_solution_current_law,False,True,strict,187,needs_audit,False,,cor,cor,Demais Resoluções CONTRAN,Vínculo por assunto + termos do enunciado/alternativas/comentário. Exibir como card principal somente se importador aceitar score e revisão.,Questão desatualizada sem gabarito atual pontuável; não exibir como regra que resolve a questão no modo legislação atual.
1402573,subject_overview::demais-resolucoes-contran,subject_overview_fallback,general_orientation_only,False,False,fallback_by_assunto,50,not_applicable_or_not_outdated,,,Demais Resoluções CONTRAN,,Demais Resoluções CONTRAN,"Sem evidência suficiente para microcard específico. Exibir apenas como panorama do assunto, nunca como regra que resolve a questão.",
1402677,contran_945_amarracao_carga,specific_high_precision,suggested_card_needs_review,False,True,comment_or_subject_evidence_only,174,not_applicable_or_not_outdated,,,carga; transporte de carga,,Demais Resoluções CONTRAN,Vínculo por assunto + termos do enunciado/alternativas/comentário. Exibir como card principal somente se importador aceitar score e revisão. Termos fortes não apareceram no enunciado/alternativas; não exibir automaticamente no modo Estudar agora.,
1473815,contran_916_modificacoes_veiculares,specific_high_precision,theory_reference_only__not_solution_current_law,False,True,comment_or_subject_evidence_only,177,needs_audit,False,,cor,,Demais Resoluções CONTRAN,Vínculo por assunto + termos do enunciado/alternativas/comentário. Exibir como card principal somente se importador aceitar score e revisão. Termos fortes não apareceram no enunciado/alternativas; não exibir automaticamente no modo Estudar agora.,Questão desatualizada sem gabarito atual pontuável; não exibir como regra que resolve a questão no modo legislação atual.
1498075,contran_916_modificacoes_veiculares,specific_high_precision,theory_reference_only__not_solution_current_law,False,True,comment_or_subject_evidence_only,177,needs_audit,False,,modificacao,,Demais Resoluções CONTRAN,Vínculo por assunto + termos do enunciado/alternativas/comentário. Exibir como card principal somente se importador aceitar score e revisão. Termos fortes não apareceram no enunciado/alternativas; não exibir automaticamente no modo Estudar agora.,Questão desatualizada sem gabarito atual pontuável; não exibir como regra que resolve a questão no modo legislação atual.
1498077,contran_916_modificacoes_veiculares,specific_high_precision,theory_reference_only__not_solution_current_law,False,True,strict,231,needs_audit,False,,modificacao; rodas; cor,modificacao; rodas; cor,Demais Resoluções CONTRAN,Vínculo por assunto + termos do enunciado/alternativas/comentário. Exibir como card principal somente se importador aceitar score e revisão.,Questão desatualizada sem gabarito atual pontuável; não exibir como regra que resolve a questão no modo legislação atual.
1498079,contran_916_modificacoes_veiculares,specific_high_precision,theory_reference_only__not_solution_current_law,False,True,strict,253,needs_audit,False,,modificacao; rodas; adesivamento; cor,modificacao; rodas; adesivamento; cor,Demais Resoluções CONTRAN,Vínculo por assunto + termos do enunciado/alternativas/comentário. Exibir como card principal somente se importador aceitar score e revisão.,Questão desatualizada sem gabarito atual pontuável; não exibir como regra que resolve a questão no modo legislação atual.
1498081,contran_916_modificacoes_veiculares,specific_high_precision,theory_reference_only__not_solution_current_law,False,True,comment_or_subject_evidence_only,177,needs_audit,False,,cor,,Demais Resoluções CONTRAN,Vínculo por assunto + termos do enunciado/alternativas/comentário. Exibir como card principal somente se importador aceitar score e revisão. Termos fortes não apareceram no enunciado/alternativas; não exibir automaticamente no modo Estudar agora.,Questão desatualizada sem gabarito atual pontuável; não exibir como regra que resolve a questão no modo legislação atual.
1498083,contran_916_modificacoes_veiculares,specific_high_precision,theory_reference_only__not_solution_current_law,False,True,strict,187,needs_audit,False,,modificacao,modificacao,Demais Resoluções CONTRAN,Vínculo por assunto + termos do enunciado/alternativas/comentário. Exibir como card principal somente se importador aceitar score e revisão.,Questão desatualizada sem gabarito atual pontuável; não exibir como regra que resolve a questão no modo legislação atual.
1498084,ctb_documentos_crlv_porte,specific_high_precision,theory_reference_only__not_solution_current_law,False,True,strict,172,needs_audit,False,,crlv,crlv,Demais Resoluções CONTRAN,Vínculo por assunto + termos do enunciado/alternativas/comentário. Exibir como card principal somente se importador aceitar score e revisão.,Questão desatualizada sem gabarito atual pontuável; não exibir como regra que resolve a questão no modo legislação atual.
1498085,subject_overview::demais-resolucoes-contran,subject_overview_fallback,theory_reference_only__not_solution_current_law,False,True,fallback_by_assunto,50,needs_audit,False,,Demais Resoluções CONTRAN,,Demais Resoluções CONTRAN,"Sem evidência suficiente para microcard específico. Exibir apenas como panorama do assunto, nunca como regra que resolve a questão.",Questão desatualizada sem gabarito atual pontuável; não exibir como regra que resolve a questão no modo legislação atual.
1498087,contran_916_modificacoes_veiculares,specific_high_precision,theory_reference_only__not_solution_current_law,False,True,comment_or_subject_evidence_only,177,needs_audit,False,,modificacao,,Demais Resoluções CONTRAN,Vínculo por assunto + termos do enunciado/alternativas/comentário. Exibir como card principal somente se importador aceitar score e revisão. Termos fortes não apareceram no enunciado/alternativas; não exibir automaticamente no modo Estudar agora.,Questão desatualizada sem gabarito atual pontuável; não exibir como regra que resolve a questão no modo legislação atual.
1503689,contran_916_modificacoes_veiculares,specific_high_precision,theory_reference_only__not_solution_current_law,False,True,strict,187,needs_audit,False,,cor,cor,Demais Resoluções CONTRAN,Vínculo por assunto + termos do enunciado/alternativas/comentário. Exibir como card principal somente se importador aceitar score e revisão.,Questão desatualizada sem gabarito atual pontuável; não exibir como regra que resolve a questão no modo legislação atual.
1503690,contran_916_modificacoes_veiculares,specific_high_precision,theory_reference_only__not_solution_current_law,False,True,strict,187,needs_audit,False,,cor,cor,Demais Resoluções CONTRAN,Vínculo por assunto + termos do enunciado/alternativas/comentário. Exibir como card principal somente se importador aceitar score e revisão.,Questão desatualizada sem gabarito atual pontuável; não exibir como regra que resolve a questão no modo legislação atual.
1503691,contran_916_modificacoes_veiculares,specific_high_precision,theory_reference_only__not_solution_current_law,False,True,strict,187,needs_audit,False,,cor,cor,Demais Resoluções CONTRAN,Vínculo por assunto + termos do enunciado/alternativas/comentário. Exibir como card principal somente se importador aceitar score e revisão.,Questão desatualizada sem gabarito atual pontuável; não exibir como regra que resolve a questão no modo legislação atual.
1503692,contran_916_modificacoes_veiculares,specific_high_precision,theory_reference_only__not_solution_current_law,False,True,strict,187,needs_audit,False,,cor,cor,Demais Resoluções CONTRAN,Vínculo por assunto + termos do enunciado/alternativas/comentário. Exibir como card principal somente se importador aceitar score e revisão.,Questão desatualizada sem gabarito atual pontuável; não exibir como regra que resolve a questão no modo legislação atual.
1503693,contran_916_modificacoes_veiculares,specific_high_precision,theory_reference_only__not_solution_current_law,False,True,strict,187,needs_audit,False,,cor,cor,Demais Resoluções CONTRAN,Vínculo por assunto + termos do enunciado/alternativas/comentário. Exibir como card principal somente se importador aceitar score e revisão.,Questão desatualizada sem gabarito atual pontuável; não exibir como regra que resolve a questão no modo legislação atual.
1503694,contran_916_modificacoes_veiculares,specific_high_precision,theory_reference_only__not_solution_current_law,False,True,strict,187,needs_audit,False,,cor,cor,Demais Resoluções CONTRAN,Vínculo por assunto + termos do enunciado/alternativas/comentário. Exibir como card principal somente se importador aceitar score e revisão.,Questão desatualizada sem gabarito atual pontuável; não exibir como regra que resolve a questão no modo legislação atual.
1503695,contran_916_modificacoes_veiculares,specific_high_precision,theory_reference_only__not_solution_current_law,False,True,strict,187,needs_audit,False,,cor,cor,Demais Resoluções CONTRAN,Vínculo por assunto + termos do enunciado/alternativas/comentário. Exibir como card principal somente se importador aceitar score e revisão.,Questão desatualizada sem gabarito atual pontuável; não exibir como regra que resolve a questão no modo legislação atual.
1503696,contran_916_modificacoes_veiculares,specific_high_precision,theory_reference_only__not_solution_current_law,False,True,strict,187,needs_audit,False,,cor,cor,Demais Resoluções CONTRAN,Vínculo por assunto + termos do enunciado/alternativas/comentário. Exibir como card principal somente se importador aceitar score e revisão.,Questão desatualizada sem gabarito atual pontuável; não exibir como regra que resolve a questão no modo legislação atual.
1503697,contran_916_modificacoes_veiculares,specific_high_precision,theory_reference_only__not_solution_current_law,False,True,strict,187,needs_audit,False,,cor,cor,Demais Resoluções CONTRAN,Vínculo por assunto + termos do enunciado/alternativas/comentário. Exibir como card principal somente se importador aceitar score e revisão.,Questão desatualizada sem gabarito atual pontuável; não exibir como regra que resolve a questão no modo legislação atual.
1503698,contran_916_modificacoes_veiculares,specific_high_precision,theory_reference_only__not_solution_current_law,False,True,strict,187,needs_audit,False,,cor,cor,Demais Resoluções CONTRAN,Vínculo por assunto + termos do enunciado/alternativas/comentário. Exibir como card principal somente se importador aceitar score e revisão.,Questão desatualizada sem gabarito atual pontuável; não exibir como regra que resolve a questão no modo legislação atual.
1503699,contran_916_modificacoes_veiculares,specific_high_precision,theory_reference_only__not_solution_current_law,False,True,strict,187,needs_audit,False,,cor,cor,Demais Resoluções CONTRAN,Vínculo por assunto + termos do enunciado/alternativas/comentário. Exibir como card principal somente se importador aceitar score e revisão.,Questão desatualizada sem gabarito atual pontuável; não exibir como regra que resolve a questão no modo legislação atual.
1503700,contran_916_modificacoes_veiculares,specific_high_precision,theory_reference_only__not_solution_current_law,False,True,strict,187,needs_audit,False,,cor,cor,Demais Resoluções CONTRAN,Vínculo por assunto + termos do enunciado/alternativas/comentário. Exibir como card principal somente se importador aceitar score e revisão.,Questão desatualizada sem gabarito atual pontuável; não exibir como regra que resolve a questão no modo legislação atual.
1508607,contran_945_amarracao_carga,specific_high_precision,theory_reference_only__not_solution_current_law,False,True,ambiguous_top_candidate,194,needs_audit,False,,carga; transporte de carga,carga; transporte de carga,Demais Resoluções CONTRAN,Vínculo por assunto + termos do enunciado/alternativas/comentário. Exibir como card principal somente se importador aceitar score e revisão.,Questão desatualizada sem gabarito atual pontuável; não exibir como regra que resolve a questão no modo legislação atual.
1508608,contran_955_carga_externa,specific_high_precision,theory_reference_only__not_solution_current_law,False,True,ambiguous_top_candidate,192,needs_audit,False,,bicicleta,bicicleta,Demais Resoluções CONTRAN,Vínculo por assunto + termos do enunciado/alternativas/comentário. Exibir como card principal somente se importador aceitar score e revisão.,Questão desatualizada sem gabarito atual pontuável; não exibir como regra que resolve a questão no modo legislação atual.
1508610,contran_955_carga_externa,specific_high_precision,theory_reference_only__not_solution_current_law,False,True,ambiguous_top_candidate,192,needs_audit,False,,bicicleta,bicicleta,Demais Resoluções CONTRAN,Vínculo por assunto + termos do enunciado/alternativas/comentário. Exibir como card principal somente se importador aceitar score e revisão.,Questão desatualizada sem gabarito atual pontuável; não exibir como regra que resolve a questão no modo legislação atual.
1508615,contran_955_carga_externa,specific_high_precision,theory_reference_only__not_solution_current_law,False,True,ambiguous_top_candidate,192,needs_audit,False,,bicicleta,bicicleta,Demais Resoluções CONTRAN,Vínculo por assunto + termos do enunciado/alternativas/comentário. Exibir como card principal somente se importador aceitar score e revisão.,Questão desatualizada sem gabarito atual pontuável; não exibir como regra que resolve a questão no modo legislação atual.
1508616,contran_955_carga_externa,specific_high_precision,theory_reference_only__not_solution_current_law,False,True,ambiguous_top_candidate,192,needs_audit,False,,bicicleta,bicicleta,Demais Resoluções CONTRAN,Vínculo por assunto + termos do enunciado/alternativas/comentário. Exibir como card principal somente se importador aceitar score e revisão.,Questão desatualizada sem gabarito atual pontuável; não exibir como regra que resolve a questão no modo legislação atual.
1508618,contran_955_carga_externa,specific_high_precision,theory_reference_only__not_solution_current_law,False,True,ambiguous_top_candidate,192,needs_audit,False,,bicicleta,bicicleta,Demais Resoluções CONTRAN,Vínculo por assunto + termos do enunciado/alternativas/comentário. Exibir como card principal somente se importador aceitar score e revisão.,Questão desatualizada sem gabarito atual pontuável; não exibir como regra que resolve a questão no modo legislação atual.
1508620,contran_955_carga_externa,specific_high_precision,theory_reference_only__not_solution_current_law,False,True,strict,236,needs_audit,False,,bicicleta; bagageiro; suporte,bicicleta; bagageiro; suporte,Demais Resoluções CONTRAN,Vínculo por assunto + termos do enunciado/alternativas/comentário. Exibir como card principal somente se importador aceitar score e revisão.,Questão desatualizada sem gabarito atual pontuável; não exibir como regra que resolve a questão no modo legislação atual.
1508622,contran_955_carga_externa,specific_high_precision,theory_reference_only__not_solution_current_law,False,True,ambiguous_top_candidate,192,needs_audit,False,,bicicleta,bicicleta,Demais Resoluções CONTRAN,Vínculo por assunto + termos do enunciado/alternativas/comentário. Exibir como card principal somente se importador aceitar score e revisão.,Questão desatualizada sem gabarito atual pontuável; não exibir como regra que resolve a questão no modo legislação atual.
1508625,contran_955_carga_externa,specific_high_precision,theory_reference_only__not_solution_current_law,False,True,ambiguous_top_candidate,192,needs_audit,False,,bicicleta,bicicleta,Demais Resoluções CONTRAN,Vínculo por assunto + termos do enunciado/alternativas/comentário. Exibir como card principal somente se importador aceitar score e revisão.,Questão desatualizada sem gabarito atual pontuável; não exibir como regra que resolve a questão no modo legislação atual.
1508626,contran_955_carga_externa,specific_high_precision,theory_reference_only__not_solution_current_law,False,True,strict,228,needs_audit,False,,bicicleta; bagageiro; suporte; altura maxima,bicicleta,Demais Resoluções CONTRAN,Vínculo por assunto + termos do enunciado/alternativas/comentário. Exibir como card principal somente se importador aceitar score e revisão.,Questão desatualizada sem gabarito atual pontuável; não exibir como regra que resolve a questão no modo legislação atual.
1508628,ctb_veiculos_classificacao_especie_categoria,specific_high_precision,theory_reference_only__not_solution_current_law,False,True,ambiguous_top_candidate,198,needs_audit,False,,tracao; especie; passageiros; carga,especie; carga,Demais Resoluções CONTRAN,Vínculo por assunto + termos do enunciado/alternativas/comentário. Exibir como card principal somente se importador aceitar score e revisão.,Questão desatualizada sem gabarito atual pontuável; não exibir como regra que resolve a questão no modo legislação atual.
1508629,contran_955_carga_externa,specific_high_precision,theory_reference_only__not_solution_current_law,False,True,ambiguous_top_candidate,192,needs_audit,False,,bicicleta,bicicleta,Demais Resoluções CONTRAN,Vínculo por assunto + termos do enunciado/alternativas/comentário. Exibir como card principal somente se importador aceitar score e revisão.,Questão desatualizada sem gabarito atual pontuável; não exibir como regra que resolve a questão no modo legislação atual.
1508664,contran_1020_condutor_estrangeiro,specific_high_precision,theory_reference_only__not_solution_current_law,False,True,strict,255,needs_audit,False,,estrangeiro; pais estrangeiro; convencoes; reciprocidade; 180 dias,estrangeiro; pais estrangeiro; convencoes; reciprocidade,Demais Resoluções CONTRAN,Vínculo por assunto + termos do enunciado/alternativas/comentário. Exibir como card principal somente se importador aceitar score e revisão.,Questão desatualizada sem gabarito atual pontuável; não exibir como regra que resolve a questão no modo legislação atual.
1508665,contran_1020_condutor_estrangeiro,specific_high_precision,theory_reference_only__not_solution_current_law,False,True,ambiguous_top_candidate,213,needs_audit,False,,estrangeiro; pais estrangeiro; convencoes; reciprocidade,estrangeiro,Demais Resoluções CONTRAN,Vínculo por assunto + termos do enunciado/alternativas/comentário. Exibir como card principal somente se importador aceitar score e revisão.,Questão desatualizada sem gabarito atual pontuável; não exibir como regra que resolve a questão no modo legislação atual.
1508666,contran_916_modificacoes_veiculares,specific_high_precision,theory_reference_only__not_solution_current_law,False,True,ambiguous_top_candidate,187,needs_audit,False,,cor,cor,Demais Resoluções CONTRAN,Vínculo por assunto + termos do enunciado/alternativas/comentário. Exibir como card principal somente se importador aceitar score e revisão.,Questão desatualizada sem gabarito atual pontuável; não exibir como regra que resolve a questão no modo legislação atual.
1508667,contran_1020_condutor_estrangeiro,specific_high_precision,theory_reference_only__not_solution_current_law,False,True,strict,199,needs_audit,False,,estrangeiro; pais estrangeiro,estrangeiro; pais estrangeiro,Demais Resoluções CONTRAN,Vínculo por assunto + termos do enunciado/alternativas/comentário. Exibir como card principal somente se importador aceitar score e revisão.,Questão desatualizada sem gabarito atual pontuável; não exibir como regra que resolve a questão no modo legislação atual.
1508668,contran_1020_condutor_estrangeiro,specific_high_precision,theory_reference_only__not_solution_current_law,False,True,strict,211,needs_audit,False,,estrangeiro; pais estrangeiro; habilitado no exterior,estrangeiro; habilitado no exterior,Demais Resoluções CONTRAN,Vínculo por assunto + termos do enunciado/alternativas/comentário. Exibir como card principal somente se importador aceitar score e revisão.,Questão desatualizada sem gabarito atual pontuável; não exibir como regra que resolve a questão no modo legislação atual.
1508670,contran_916_modificacoes_veiculares,specific_high_precision,theory_reference_only__not_solution_current_law,False,True,ambiguous_top_candidate,187,needs_audit,False,,cor,cor,Demais Resoluções CONTRAN,Vínculo por assunto + termos do enunciado/alternativas/comentário. Exibir como card principal somente se importador aceitar score e revisão.,Questão desatualizada sem gabarito atual pontuável; não exibir como regra que resolve a questão no modo legislação atual.
1508671,contran_1020_condutor_estrangeiro,specific_high_precision,theory_reference_only__not_solution_current_law,False,True,strict,211,needs_audit,False,,estrangeiro; pais estrangeiro; missao diplomatica,estrangeiro; pais estrangeiro,Demais Resoluções CONTRAN,Vínculo por assunto + termos do enunciado/alternativas/comentário. Exibir como card principal somente se importador aceitar score e revisão.,Questão desatualizada sem gabarito atual pontuável; não exibir como regra que resolve a questão no modo legislação atual.
1508673,contran_1020_condutor_estrangeiro,specific_high_precision,theory_reference_only__not_solution_current_law,False,True,strict,221,needs_audit,False,,estrangeiro; pais estrangeiro; missao diplomatica,estrangeiro; pais estrangeiro; missao diplomatica,Demais Resoluções CONTRAN,Vínculo por assunto + termos do enunciado/alternativas/comentário. Exibir como card principal somente se importador aceitar score e revisão.,Questão desatualizada sem gabarito atual pontuável; não exibir como regra que resolve a questão no modo legislação atual.
1508677,contran_916_modificacoes_veiculares,specific_high_precision,theory_reference_only__not_solution_current_law,False,True,ambiguous_top_candidate,187,needs_audit,False,,cor,cor,Demais Resoluções CONTRAN,Vínculo por assunto + termos do enunciado/alternativas/comentário. Exibir como card principal somente se importador aceitar score e revisão.,Questão desatualizada sem gabarito atual pontuável; não exibir como regra que resolve a questão no modo legislação atual.
1508679,contran_916_modificacoes_veiculares,specific_high_precision,theory_reference_only__not_solution_current_law,False,True,ambiguous_top_candidate,187,needs_audit,False,,cor,cor,Demais Resoluções CONTRAN,Vínculo por assunto + termos do enunciado/alternativas/comentário. Exibir como card principal somente se importador aceitar score e revisão.,Questão desatualizada sem gabarito atual pontuável; não exibir como regra que resolve a questão no modo legislação atual.
1508790,contran_945_amarracao_carga,specific_high_precision,theory_reference_only__not_solution_current_law,False,True,ambiguous_top_candidate,194,needs_audit,False,,carga; transporte de carga,carga; transporte de carga,Demais Resoluções CONTRAN,Vínculo por assunto + termos do enunciado/alternativas/comentário. Exibir como card principal somente se importador aceitar score e revisão.,Questão desatualizada sem gabarito atual pontuável; não exibir como regra que resolve a questão no modo legislação atual.
1508791,contran_945_amarracao_carga,specific_high_precision,theory_reference_only__not_solution_current_law,False,True,ambiguous_top_candidate,194,needs_audit,False,,carga; transporte de carga,carga; transporte de carga,Demais Resoluções CONTRAN,Vínculo por assunto + termos do enunciado/alternativas/comentário. Exibir como card principal somente se importador aceitar score e revisão.,Questão desatualizada sem gabarito atual pontuável; não exibir como regra que resolve a questão no modo legislação atual.
1508793,contran_945_amarracao_carga,specific_high_precision,theory_reference_only__not_solution_current_law,False,True,ambiguous_top_candidate,194,needs_audit,False,,carga; transporte de carga,carga; transporte de carga,Demais Resoluções CONTRAN,Vínculo por assunto + termos do enunciado/alternativas/comentário. Exibir como card principal somente se importador aceitar score e revisão.,Questão desatualizada sem gabarito atual pontuável; não exibir como regra que resolve a questão no modo legislação atual.
1508796,contran_945_amarracao_carga,specific_high_precision,theory_reference_only__not_solution_current_law,False,True,ambiguous_top_candidate,194,needs_audit,False,,carga; transporte de carga,carga; transporte de carga,Demais Resoluções CONTRAN,Vínculo por assunto + termos do enunciado/alternativas/comentário. Exibir como card principal somente se importador aceitar score e revisão.,Questão desatualizada sem gabarito atual pontuável; não exibir como regra que resolve a questão no modo legislação atual.
1508799,contran_945_amarracao_carga,specific_high_precision,theory_reference_only__not_solution_current_law,False,True,ambiguous_top_candidate,194,needs_audit,False,,carga; transporte de carga,carga; transporte de carga,Demais Resoluções CONTRAN,Vínculo por assunto + termos do enunciado/alternativas/comentário. Exibir como card principal somente se importador aceitar score e revisão.,Questão desatualizada sem gabarito atual pontuável; não exibir como regra que resolve a questão no modo legislação atual.
1508801,contran_945_amarracao_carga,specific_high_precision,theory_reference_only__not_solution_current_law,False,True,ambiguous_top_candidate,194,needs_audit,False,,carga; transporte de carga,carga; transporte de carga,Demais Resoluções CONTRAN,Vínculo por assunto + termos do enunciado/alternativas/comentário. Exibir como card principal somente se importador aceitar score e revisão.,Questão desatualizada sem gabarito atual pontuável; não exibir como regra que resolve a questão no modo legislação atual.
1508806,contran_945_amarracao_carga,specific_high_precision,theory_reference_only__not_solution_current_law,False,True,ambiguous_top_candidate,194,needs_audit,False,,carga; transporte de carga,carga; transporte de carga,Demais Resoluções CONTRAN,Vínculo por assunto + termos do enunciado/alternativas/comentário. Exibir como card principal somente se importador aceitar score e revisão.,Questão desatualizada sem gabarito atual pontuável; não exibir como regra que resolve a questão no modo legislação atual.
1515766,contran_945_amarracao_carga,specific_high_precision,theory_reference_only__not_solution_current_law,False,True,strict,228,needs_audit,False,,amarracao; amarracao; carga; transporte de carga,amarracao; amarracao; carga,Demais Resoluções CONTRAN,Vínculo por assunto + termos do enunciado/alternativas/comentário. Exibir como card principal somente se importador aceitar score e revisão.,Questão desatualizada sem gabarito atual pontuável; não exibir como regra que resolve a questão no modo legislação atual.
1515768,contran_945_amarracao_carga,specific_high_precision,theory_reference_only__not_solution_current_law,False,True,strict,216,needs_audit,False,,amarracao; amarracao; carga,amarracao; amarracao; carga,Demais Resoluções CONTRAN,Vínculo por assunto + termos do enunciado/alternativas/comentário. Exibir como card principal somente se importador aceitar score e revisão.,Questão desatualizada sem gabarito atual pontuável; não exibir como regra que resolve a questão no modo legislação atual.
1515770,contran_945_amarracao_carga,specific_high_precision,theory_reference_only__not_solution_current_law,False,True,strict,228,needs_audit,False,,amarracao; amarracao; cintas; carga,amarracao; amarracao; carga,Demais Resoluções CONTRAN,Vínculo por assunto + termos do enunciado/alternativas/comentário. Exibir como card principal somente se importador aceitar score e revisão.,Questão desatualizada sem gabarito atual pontuável; não exibir como regra que resolve a questão no modo legislação atual.
1515773,contran_945_amarracao_carga,specific_high_precision,theory_reference_only__not_solution_current_law,False,True,strict,238,needs_audit,False,,amarracao; amarracao; cintas; carga,amarracao; amarracao; cintas; carga,Demais Resoluções CONTRAN,Vínculo por assunto + termos do enunciado/alternativas/comentário. Exibir como card principal somente se importador aceitar score e revisão.,Questão desatualizada sem gabarito atual pontuável; não exibir como regra que resolve a questão no modo legislação atual.
1515775,contran_945_amarracao_carga,specific_high_precision,theory_reference_only__not_solution_current_law,False,True,strict,216,needs_audit,False,,amarracao; amarracao; carga,amarracao; amarracao; carga,Demais Resoluções CONTRAN,Vínculo por assunto + termos do enunciado/alternativas/comentário. Exibir como card principal somente se importador aceitar score e revisão.,Questão desatualizada sem gabarito atual pontuável; não exibir como regra que resolve a questão no modo legislação atual.
1515777,contran_945_amarracao_carga,specific_high_precision,theory_reference_only__not_solution_current_law,False,True,strict,216,needs_audit,False,,amarracao; amarracao; carga,amarracao; amarracao; carga,Demais Resoluções CONTRAN,Vínculo por assunto + termos do enunciado/alternativas/comentário. Exibir como card principal somente se importador aceitar score e revisão.,Questão desatualizada sem gabarito atual pontuável; não exibir como regra que resolve a questão no modo legislação atual.
1515779,contran_945_amarracao_carga,specific_high_precision,theory_reference_only__not_solution_current_law,False,True,strict,216,needs_audit,False,,amarracao; amarracao; carga,amarracao; amarracao; carga,Demais Resoluções CONTRAN,Vínculo por assunto + termos do enunciado/alternativas/comentário. Exibir como card principal somente se importador aceitar score e revisão.,Questão desatualizada sem gabarito atual pontuável; não exibir como regra que resolve a questão no modo legislação atual.
1515781,contran_945_amarracao_carga,specific_high_precision,theory_reference_only__not_solution_current_law,False,True,strict,216,needs_audit,False,,amarracao; amarracao; carga,amarracao; amarracao; carga,Demais Resoluções CONTRAN,Vínculo por assunto + termos do enunciado/alternativas/comentário. Exibir como card principal somente se importador aceitar score e revisão.,Questão desatualizada sem gabarito atual pontuável; não exibir como regra que resolve a questão no modo legislação atual.
1515785,contran_945_amarracao_carga,specific_high_precision,theory_reference_only__not_solution_current_law,False,True,strict,238,needs_audit,False,,amarracao; amarracao; carga; transporte de carga,amarracao; amarracao; carga; transporte de carga,Demais Resoluções CONTRAN,Vínculo por assunto + termos do enunciado/alternativas/comentário. Exibir como card principal somente se importador aceitar score e revisão.,Questão desatualizada sem gabarito atual pontuável; não exibir como regra que resolve a questão no modo legislação atual.
1515880,contran_970_luzes_veiculares,specific_high_precision,theory_reference_only__not_solution_current_law,False,True,ambiguous_top_candidate,194,needs_audit,False,,iluminacao; lanterna,lanterna,Demais Resoluções CONTRAN,Vínculo por assunto + termos do enunciado/alternativas/comentário. Exibir como card principal somente se importador aceitar score e revisão.,Questão desatualizada sem gabarito atual pontuável; não exibir como regra que resolve a questão no modo legislação atual.
1515881,contran_970_luzes_veiculares,specific_high_precision,theory_reference_only__not_solution_current_law,False,True,strict,204,needs_audit,False,,sinalizacao e iluminacao; iluminacao,sinalizacao e iluminacao; iluminacao,Demais Resoluções CONTRAN,Vínculo por assunto + termos do enunciado/alternativas/comentário. Exibir como card principal somente se importador aceitar score e revisão.,Questão desatualizada sem gabarito atual pontuável; não exibir como regra que resolve a questão no modo legislação atual.
1515882,contran_916_modificacoes_veiculares,specific_high_precision,theory_reference_only__not_solution_current_law,False,True,ambiguous_top_candidate,187,needs_audit,False,,cor,cor,Demais Resoluções CONTRAN,Vínculo por assunto + termos do enunciado/alternativas/comentário. Exibir como card principal somente se importador aceitar score e revisão.,Questão desatualizada sem gabarito atual pontuável; não exibir como regra que resolve a questão no modo legislação atual.
1515883,contran_970_luzes_veiculares,specific_high_precision,theory_reference_only__not_solution_current_law,False,True,ambiguous_top_candidate,194,needs_audit,False,,iluminacao; lanterna,lanterna,Demais Resoluções CONTRAN,Vínculo por assunto + termos do enunciado/alternativas/comentário. Exibir como card principal somente se importador aceitar score e revisão.,Questão desatualizada sem gabarito atual pontuável; não exibir como regra que resolve a questão no modo legislação atual.
1515885,contran_916_modificacoes_veiculares,specific_high_precision,theory_reference_only__not_solution_current_law,False,True,strict,187,needs_audit,False,,cor,cor,Demais Resoluções CONTRAN,Vínculo por assunto + termos do enunciado/alternativas/comentário. Exibir como card principal somente se importador aceitar score e revisão.,Questão desatualizada sem gabarito atual pontuável; não exibir como regra que resolve a questão no modo legislação atual.
1515886,contran_916_modificacoes_veiculares,specific_high_precision,theory_reference_only__not_solution_current_law,False,True,ambiguous_top_candidate,187,needs_audit,False,,cor,cor,Demais Resoluções CONTRAN,Vínculo por assunto + termos do enunciado/alternativas/comentário. Exibir como card principal somente se importador aceitar score e revisão.,Questão desatualizada sem gabarito atual pontuável; não exibir como regra que resolve a questão no modo legislação atual.
1515887,contran_916_modificacoes_veiculares,specific_high_precision,theory_reference_only__not_solution_current_law,False,True,strict,187,needs_audit,False,,cor,cor,Demais Resoluções CONTRAN,Vínculo por assunto + termos do enunciado/alternativas/comentário. Exibir como card principal somente se importador aceitar score e revisão.,Questão desatualizada sem gabarito atual pontuável; não exibir como regra que resolve a questão no modo legislação atual.
1515888,contran_916_modificacoes_veiculares,specific_high_precision,theory_reference_only__not_solution_current_law,False,True,strict,187,needs_audit,False,,cor,cor,Demais Resoluções CONTRAN,Vínculo por assunto + termos do enunciado/alternativas/comentário. Exibir como card principal somente se importador aceitar score e revisão.,Questão desatualizada sem gabarito atual pontuável; não exibir como regra que resolve a questão no modo legislação atual.
1515889,contran_970_luzes_veiculares,specific_high_precision,theory_reference_only__not_solution_current_law,False,True,ambiguous_top_candidate,194,needs_audit,False,,iluminacao; lanterna,lanterna,Demais Resoluções CONTRAN,Vínculo por assunto + termos do enunciado/alternativas/comentário. Exibir como card principal somente se importador aceitar score e revisão.,Questão desatualizada sem gabarito atual pontuável; não exibir como regra que resolve a questão no modo legislação atual.
1515955,contran_916_modificacoes_veiculares,specific_high_precision,theory_reference_only__not_solution_current_law,False,True,strict,187,discard,False,,cor,cor,Demais Resoluções CONTRAN,Vínculo por assunto + termos do enunciado/alternativas/comentário. Exibir como card principal somente se importador aceitar score e revisão.,Questão desatualizada sem gabarito atual pontuável; não exibir como regra que resolve a questão no modo legislação atual.
1576693,contran_916_modificacoes_veiculares,specific_high_precision,rule_that_solves_or_clarifies_question,True,False,strict,187,not_applicable_or_not_outdated,,,cor,cor,Demais Resoluções CONTRAN,Vínculo por assunto + termos do enunciado/alternativas/comentário. Exibir como card principal somente se importador aceitar score e revisão.,
1576695,contran_916_modificacoes_veiculares,specific_high_precision,suggested_card_needs_review,False,True,comment_or_subject_evidence_only,177,not_applicable_or_not_outdated,,,cor,,Demais Resoluções CONTRAN,Vínculo por assunto + termos do enunciado/alternativas/comentário. Exibir como card principal somente se importador aceitar score e revisão. Termos fortes não apareceram no enunciado/alternativas; não exibir automaticamente no modo Estudar agora.,
1576700,contran_916_modificacoes_veiculares,specific_high_precision,rule_that_solves_or_clarifies_question,True,False,strict,187,not_applicable_or_not_outdated,,,cor,cor,Demais Resoluções CONTRAN,Vínculo por assunto + termos do enunciado/alternativas/comentário. Exibir como card principal somente se importador aceitar score e revisão.,
1577040,ctb_snt_competencias_municipio_estado_uniao,specific_high_precision,rule_that_solves_or_clarifies_question,True,False,strict,210,not_applicable_or_not_outdated,,,conselho; contran; municipio; estado; distrito federal,conselho; contran,Demais Resoluções CONTRAN,Vínculo por assunto + termos do enunciado/alternativas/comentário. Exibir como card principal somente se importador aceitar score e revisão.,
1577629,contran_916_modificacoes_veiculares,specific_high_precision,theory_reference_only__not_solution_current_law,False,True,strict,231,needs_audit,False,,modificacao; adesivamento; cor,modificacao; adesivamento; cor,Demais Resoluções CONTRAN,Vínculo por assunto + termos do enunciado/alternativas/comentário. Exibir como card principal somente se importador aceitar score e revisão.,Questão desatualizada sem gabarito atual pontuável; não exibir como regra que resolve a questão no modo legislação atual.
1577976,contran_916_modificacoes_veiculares,specific_high_precision,theory_reference_only__not_solution_current_law,False,True,ambiguous_top_candidate,187,needs_audit,False,,cor,cor,Demais Resoluções CONTRAN,Vínculo por assunto + termos do enunciado/alternativas/comentário. Exibir como card principal somente se importador aceitar score e revisão.,Questão desatualizada sem gabarito atual pontuável; não exibir como regra que resolve a questão no modo legislação atual.
1577985,contran_940_capacete_viseira_oculos,specific_high_precision,theory_reference_only__not_solution_current_law,False,True,strict,236,needs_audit,False,,capacete; viseira; oculos de protecao,capacete; viseira; oculos de protecao,Demais Resoluções CONTRAN,Vínculo por assunto + termos do enunciado/alternativas/comentário. Exibir como card principal somente se importador aceitar score e revisão.,Questão desatualizada sem gabarito atual pontuável; não exibir como regra que resolve a questão no modo legislação atual.
1611242,contran_916_modificacoes_veiculares,specific_high_precision,theory_reference_only__not_solution_current_law,False,True,strict,187,discard,False,,cor,cor,Demais Resoluções CONTRAN,Vínculo por assunto + termos do enunciado/alternativas/comentário. Exibir como card principal somente se importador aceitar score e revisão.,Questão desatualizada sem gabarito atual pontuável; não exibir como regra que resolve a questão no modo legislação atual.
1611249,contran_916_modificacoes_veiculares,specific_high_precision,rule_that_solves_or_clarifies_question,True,False,strict,187,not_applicable_or_not_outdated,,,cor,cor,Demais Resoluções CONTRAN,Vínculo por assunto + termos do enunciado/alternativas/comentário. Exibir como card principal somente se importador aceitar score e revisão.,
1611252,contran_916_modificacoes_veiculares,specific_high_precision,theory_reference_only__not_solution_current_law,False,True,comment_or_subject_evidence_only,177,needs_audit,False,,cor,,Demais Resoluções CONTRAN,Vínculo por assunto + termos do enunciado/alternativas/comentário. Exibir como card principal somente se importador aceitar score e revisão. Termos fortes não apareceram no enunciado/alternativas; não exibir automaticamente no modo Estudar agora.,Questão desatualizada sem gabarito atual pontuável; não exibir como regra que resolve a questão no modo legislação atual.
1611254,contran_916_modificacoes_veiculares,specific_high_precision,theory_reference_only__not_solution_current_law,False,True,strict,187,needs_audit,False,,cor,cor,Demais Resoluções CONTRAN,Vínculo por assunto + termos do enunciado/alternativas/comentário. Exibir como card principal somente se importador aceitar score e revisão.,Questão desatualizada sem gabarito atual pontuável; não exibir como regra que resolve a questão no modo legislação atual.
1611255,contran_916_modificacoes_veiculares,specific_high_precision,theory_reference_only__not_solution_current_law,False,True,comment_or_subject_evidence_only,177,needs_audit,False,,cor,,Demais Resoluções CONTRAN,Vínculo por assunto + termos do enunciado/alternativas/comentário. Exibir como card principal somente se importador aceitar score e revisão. Termos fortes não apareceram no enunciado/alternativas; não exibir automaticamente no modo Estudar agora.,Questão desatualizada sem gabarito atual pontuável; não exibir como regra que resolve a questão no modo legislação atual.
1611263,ctb_snt_competencias_municipio_estado_uniao,specific_medium_precision,theory_reference_only__not_solution_current_law,False,True,comment_or_subject_evidence_only,142,discard,False,,contran,,Demais Resoluções CONTRAN,Vínculo por assunto + termos do enunciado/alternativas/comentário. Exibir como card principal somente se importador aceitar score e revisão. Termos fortes não apareceram no enunciado/alternativas; não exibir automaticamente no modo Estudar agora.,Questão desatualizada sem gabarito atual pontuável; não exibir como regra que resolve a questão no modo legislação atual.
1611264,contran_945_amarracao_carga,specific_high_precision,rule_that_solves_or_clarifies_question,False,True,ambiguous_top_candidate,172,not_applicable_or_not_outdated,,,carga,carga,Demais Resoluções CONTRAN,Vínculo por assunto + termos do enunciado/alternativas/comentário. Exibir como card principal somente se importador aceitar score e revisão.,
1611265,contran_945_amarracao_carga,specific_high_precision,suggested_card_needs_review,False,True,comment_or_subject_evidence_only,162,not_applicable_or_not_outdated,,,carga,,Demais Resoluções CONTRAN,Vínculo por assunto + termos do enunciado/alternativas/comentário. Exibir como card principal somente se importador aceitar score e revisão. Termos fortes não apareceram no enunciado/alternativas; não exibir automaticamente no modo Estudar agora.,
1611266,contran_945_amarracao_carga,specific_high_precision,rule_that_solves_or_clarifies_question,True,False,strict,238,not_applicable_or_not_outdated,,,amarracao; amarracao; carga; transporte de carga,amarracao; amarracao; carga; transporte de carga,Demais Resoluções CONTRAN,Vínculo por assunto + termos do enunciado/alternativas/comentário. Exibir como card principal somente se importador aceitar score e revisão.,
1611267,contran_945_amarracao_carga,specific_high_precision,theory_reference_only__not_solution_current_law,False,True,strict,238,needs_audit,False,,amarracao; amarracao; carga; transporte de carga,amarracao; amarracao; carga; transporte de carga,Demais Resoluções CONTRAN,Vínculo por assunto + termos do enunciado/alternativas/comentário. Exibir como card principal somente se importador aceitar score e revisão.,Questão desatualizada sem gabarito atual pontuável; não exibir como regra que resolve a questão no modo legislação atual.
1611268,contran_945_amarracao_carga,specific_high_precision,theory_reference_only__not_solution_current_law,False,True,strict,260,needs_audit,False,,amarracao; amarracao; cintas; carga; transporte de carga,amarracao; amarracao; cintas; carga; transporte de carga,Demais Resoluções CONTRAN,Vínculo por assunto + termos do enunciado/alternativas/comentário. Exibir como card principal somente se importador aceitar score e revisão.,Questão desatualizada sem gabarito atual pontuável; não exibir como regra que resolve a questão no modo legislação atual.
1701319,contran_1020_condutor_estrangeiro,specific_high_precision,theory_reference_only__not_solution_current_law,False,True,strict,235,needs_audit,False,,estrangeiro; pais estrangeiro; convencoes; reciprocidade; 180 dias,convencoes; 180 dias,Demais Resoluções CONTRAN,Vínculo por assunto + termos do enunciado/alternativas/comentário. Exibir como card principal somente se importador aceitar score e revisão.,Questão desatualizada sem gabarito atual pontuável; não exibir como regra que resolve a questão no modo legislação atual.
1752806,contran_916_modificacoes_veiculares,specific_high_precision,theory_reference_only__not_solution_current_law,False,True,strict,187,needs_audit,False,,cor,cor,Demais Resoluções CONTRAN,Vínculo por assunto + termos do enunciado/alternativas/comentário. Exibir como card principal somente se importador aceitar score e revisão.,Questão desatualizada sem gabarito atual pontuável; não exibir como regra que resolve a questão no modo legislação atual.
1797708,contran_916_modificacoes_veiculares,specific_high_precision,rule_that_solves_or_clarifies_question,True,False,strict,187,not_applicable_or_not_outdated,,,cor,cor,Demais Resoluções CONTRAN,Vínculo por assunto + termos do enunciado/alternativas/comentário. Exibir como card principal somente se importador aceitar score e revisão.,
1829457,contran_916_modificacoes_veiculares,specific_high_precision,theory_reference_only__not_solution_current_law,False,True,strict,187,discard,False,,cor,cor,Demais Resoluções CONTRAN,Vínculo por assunto + termos do enunciado/alternativas/comentário. Exibir como card principal somente se importador aceitar score e revisão.,Questão desatualizada sem gabarito atual pontuável; não exibir como regra que resolve a questão no modo legislação atual.
1829627,contran_916_modificacoes_veiculares,specific_high_precision,theory_reference_only__not_solution_current_law,False,True,strict,221,needs_audit,False,,modificacao; rodas; cor,modificacao; rodas,Demais Resoluções CONTRAN,Vínculo por assunto + termos do enunciado/alternativas/comentário. Exibir como card principal somente se importador aceitar score e revisão.,Questão desatualizada sem gabarito atual pontuável; não exibir como regra que resolve a questão no modo legislação atual.
1865800,contran_945_amarracao_carga,specific_high_precision,rule_that_solves_or_clarifies_question,True,False,strict,194,not_applicable_or_not_outdated,,,amarracao; amarracao,amarracao; amarracao,Demais Resoluções CONTRAN,Vínculo por assunto + termos do enunciado/alternativas/comentário. Exibir como card principal somente se importador aceitar score e revisão.,
1970088,subject_overview::demais-resolucoes-contran,subject_overview_fallback,general_orientation_only,False,False,fallback_by_assunto,50,not_applicable_or_not_outdated,,,Demais Resoluções CONTRAN,,Demais Resoluções CONTRAN,"Sem evidência suficiente para microcard específico. Exibir apenas como panorama do assunto, nunca como regra que resolve a questão.",
1971392,ctb_documentos_cnh_porte,specific_high_precision,rule_that_solves_or_clarifies_question,True,False,strict,172,not_applicable_or_not_outdated,,,renach,renach,Demais Resoluções CONTRAN,Vínculo por assunto + termos do enunciado/alternativas/comentário. Exibir como card principal somente se importador aceitar score e revisão.,
1971399,contran_945_amarracao_carga,specific_high_precision,rule_that_solves_or_clarifies_question,True,False,strict,194,not_applicable_or_not_outdated,,,carga; transporte de carga,carga; transporte de carga,Demais Resoluções CONTRAN,Vínculo por assunto + termos do enunciado/alternativas/comentário. Exibir como card principal somente se importador aceitar score e revisão.,
2000532,contran_916_modificacoes_veiculares,specific_high_precision,rule_that_solves_or_clarifies_question,True,False,strict,187,not_applicable_or_not_outdated,,,cor,cor,Demais Resoluções CONTRAN,Vínculo por assunto + termos do enunciado/alternativas/comentário. Exibir como card principal somente se importador aceitar score e revisão.,
2002334,contran_916_modificacoes_veiculares,specific_high_precision,suggested_card_needs_review,False,True,comment_or_subject_evidence_only,177,not_applicable_or_not_outdated,,,cor,,Demais Resoluções CONTRAN,Vínculo por assunto + termos do enunciado/alternativas/comentário. Exibir como card principal somente se importador aceitar score e revisão. Termos fortes não apareceram no enunciado/alternativas; não exibir automaticamente no modo Estudar agora.,
2003212,contran_916_modificacoes_veiculares,specific_high_precision,suggested_card_needs_review,False,True,comment_or_subject_evidence_only,177,not_applicable_or_not_outdated,,,cor,,Demais Resoluções CONTRAN,Vínculo por assunto + termos do enunciado/alternativas/comentário. Exibir como card principal somente se importador aceitar score e revisão. Termos fortes não apareceram no enunciado/alternativas; não exibir automaticamente no modo Estudar agora.,
2003392,contran_916_modificacoes_veiculares,specific_high_precision,rule_that_solves_or_clarifies_question,True,False,strict,187,not_applicable_or_not_outdated,,,cor,cor,Demais Resoluções CONTRAN,Vínculo por assunto + termos do enunciado/alternativas/comentário. Exibir como card principal somente se importador aceitar score e revisão.,
2011766,contran_916_modificacoes_veiculares,specific_high_precision,rule_that_solves_or_clarifies_question,True,False,strict,187,not_applicable_or_not_outdated,,,cor,cor,Demais Resoluções CONTRAN,Vínculo por assunto + termos do enunciado/alternativas/comentário. Exibir como card principal somente se importador aceitar score e revisão.,
2011769,contran_916_modificacoes_veiculares,specific_high_precision,suggested_card_needs_review,False,True,comment_or_subject_evidence_only,177,not_applicable_or_not_outdated,,,cor,,Demais Resoluções CONTRAN,Vínculo por assunto + termos do enunciado/alternativas/comentário. Exibir como card principal somente se importador aceitar score e revisão. Termos fortes não apareceram no enunciado/alternativas; não exibir automaticamente no modo Estudar agora.,
2011880,contran_916_modificacoes_veiculares,specific_high_precision,rule_that_solves_or_clarifies_question,True,False,strict,187,not_applicable_or_not_outdated,,,cor,cor,Demais Resoluções CONTRAN,Vínculo por assunto + termos do enunciado/alternativas/comentário. Exibir como card principal somente se importador aceitar score e revisão.,
2017207,ctb_documentos_cnh_porte,specific_high_precision,rule_that_solves_or_clarifies_question,False,True,ambiguous_top_candidate,194,not_applicable_or_not_outdated,,,renach; habilitado,renach; habilitado,Demais Resoluções CONTRAN,Vínculo por assunto + termos do enunciado/alternativas/comentário. Exibir como card principal somente se importador aceitar score e revisão.,
2017212,contran_916_modificacoes_veiculares,specific_high_precision,rule_that_solves_or_clarifies_question,True,False,strict,187,not_applicable_or_not_outdated,,,cor,cor,Demais Resoluções CONTRAN,Vínculo por assunto + termos do enunciado/alternativas/comentário. Exibir como card principal somente se importador aceitar score e revisão.,
2066601,contran_916_modificacoes_veiculares,specific_high_precision,rule_that_solves_or_clarifies_question,True,False,strict,187,not_applicable_or_not_outdated,,,cor,cor,Demais Resoluções CONTRAN,Vínculo por assunto + termos do enunciado/alternativas/comentário. Exibir como card principal somente se importador aceitar score e revisão.,
254757,subject_overview::disposicoes-finais-e-transitorias-do-ctb-arts-313-a-341-da-lei-n-9-503-1997,subject_overview_fallback,theory_reference_only__not_solution_current_law,False,True,fallback_by_assunto,50,needs_audit,False,,Disposições Finais e Transitórias do CTB (arts. 313 a 341 da Lei nº 9.503/1997),,Disposições Finais e Transitórias do CTB (arts. 313 a 341 da Lei nº 9.503/1997),"Sem evidência suficiente para microcard específico. Exibir apenas como panorama do assunto, nunca como regra que resolve a questão.",Questão desatualizada sem gabarito atual pontuável; não exibir como regra que resolve a questão no modo legislação atual.
300182,subject_overview::disposicoes-finais-e-transitorias-do-ctb-arts-313-a-341-da-lei-n-9-503-1997,subject_overview_fallback,theory_reference_only__not_solution_current_law,False,True,fallback_by_assunto,50,needs_audit,False,,Disposições Finais e Transitórias do CTB (arts. 313 a 341 da Lei nº 9.503/1997),,Disposições Finais e Transitórias do CTB (arts. 313 a 341 da Lei nº 9.503/1997),"Sem evidência suficiente para microcard específico. Exibir apenas como panorama do assunto, nunca como regra que resolve a questão.",Questão desatualizada sem gabarito atual pontuável; não exibir como regra que resolve a questão no modo legislação atual.
367428,subject_overview::disposicoes-finais-e-transitorias-do-ctb-arts-313-a-341-da-lei-n-9-503-1997,subject_overview_fallback,general_orientation_only,False,False,fallback_by_assunto,50,not_applicable_or_not_outdated,,,Disposições Finais e Transitórias do CTB (arts. 313 a 341 da Lei nº 9.503/1997),,Disposições Finais e Transitórias do CTB (arts. 313 a 341 da Lei nº 9.503/1997),"Sem evidência suficiente para microcard específico. Exibir apenas como panorama do assunto, nunca como regra que resolve a questão.",
376960,subject_overview::disposicoes-finais-e-transitorias-do-ctb-arts-313-a-341-da-lei-n-9-503-1997,subject_overview_fallback,general_orientation_only,False,False,fallback_by_assunto,50,not_applicable_or_not_outdated,,,Disposições Finais e Transitórias do CTB (arts. 313 a 341 da Lei nº 9.503/1997),,Disposições Finais e Transitórias do CTB (arts. 313 a 341 da Lei nº 9.503/1997),"Sem evidência suficiente para microcard específico. Exibir apenas como panorama do assunto, nunca como regra que resolve a questão.",
535353,ctb_veiculos_classificacao_especie_categoria,specific_high_precision,rule_that_solves_or_clarifies_question,True,False,strict,196,not_applicable_or_not_outdated,,,tracao; passageiros; carga,tracao; passageiros; carga,Disposições Finais e Transitórias do CTB (arts. 313 a 341 da Lei nº 9.503/1997),Vínculo por assunto + termos do enunciado/alternativas/comentário. Exibir como card principal somente se importador aceitar score e revisão.,
619953,subject_overview::disposicoes-finais-e-transitorias-do-ctb-arts-313-a-341-da-lei-n-9-503-1997,subject_overview_fallback,general_orientation_only,False,False,fallback_by_assunto,50,not_applicable_or_not_outdated,,,Disposições Finais e Transitórias do CTB (arts. 313 a 341 da Lei nº 9.503/1997),,Disposições Finais e Transitórias do CTB (arts. 313 a 341 da Lei nº 9.503/1997),"Sem evidência suficiente para microcard específico. Exibir apenas como panorama do assunto, nunca como regra que resolve a questão.",
625999,subject_overview::disposicoes-finais-e-transitorias-do-ctb-arts-313-a-341-da-lei-n-9-503-1997,subject_overview_fallback,general_orientation_only,False,False,fallback_by_assunto,50,not_applicable_or_not_outdated,,,Disposições Finais e Transitórias do CTB (arts. 313 a 341 da Lei nº 9.503/1997),,Disposições Finais e Transitórias do CTB (arts. 313 a 341 da Lei nº 9.503/1997),"Sem evidência suficiente para microcard específico. Exibir apenas como panorama do assunto, nunca como regra que resolve a questão.",
677913,subject_overview::disposicoes-finais-e-transitorias-do-ctb-arts-313-a-341-da-lei-n-9-503-1997,subject_overview_fallback,general_orientation_only,False,False,fallback_by_assunto,50,not_applicable_or_not_outdated,,,Disposições Finais e Transitórias do CTB (arts. 313 a 341 da Lei nº 9.503/1997),,Disposições Finais e Transitórias do CTB (arts. 313 a 341 da Lei nº 9.503/1997),"Sem evidência suficiente para microcard específico. Exibir apenas como panorama do assunto, nunca como regra que resolve a questão.",
713255,subject_overview::disposicoes-finais-e-transitorias-do-ctb-arts-313-a-341-da-lei-n-9-503-1997,subject_overview_fallback,general_orientation_only,False,False,downgraded_weak_evidence,50,not_applicable_or_not_outdated,,,Disposições Finais e Transitórias do CTB (arts. 313 a 341 da Lei nº 9.503/1997),,Disposições Finais e Transitórias do CTB (arts. 313 a 341 da Lei nº 9.503/1997),Vínculo específico rebaixado: a evidência era genérica/fraca. Exibir apenas panorama do assunto até revisão humana.,
752155,ctb_habilitacao_categorias,specific_high_precision,rule_that_solves_or_clarifies_question,True,False,strict,172,not_applicable_or_not_outdated,,,categoria e,categoria e,Disposições Finais e Transitórias do CTB (arts. 313 a 341 da Lei nº 9.503/1997),Vínculo por assunto + termos do enunciado/alternativas/comentário. Exibir como card principal somente se importador aceitar score e revisão.,
752504,subject_overview::disposicoes-finais-e-transitorias-do-ctb-arts-313-a-341-da-lei-n-9-503-1997,subject_overview_fallback,general_orientation_only,False,False,fallback_by_assunto,50,not_applicable_or_not_outdated,,,Disposições Finais e Transitórias do CTB (arts. 313 a 341 da Lei nº 9.503/1997),,Disposições Finais e Transitórias do CTB (arts. 313 a 341 da Lei nº 9.503/1997),"Sem evidência suficiente para microcard específico. Exibir apenas como panorama do assunto, nunca como regra que resolve a questão.",
807281,subject_overview::disposicoes-finais-e-transitorias-do-ctb-arts-313-a-341-da-lei-n-9-503-1997,subject_overview_fallback,general_orientation_only,False,False,fallback_by_assunto,50,not_applicable_or_not_outdated,,,Disposições Finais e Transitórias do CTB (arts. 313 a 341 da Lei nº 9.503/1997),,Disposições Finais e Transitórias do CTB (arts. 313 a 341 da Lei nº 9.503/1997),"Sem evidência suficiente para microcard específico. Exibir apenas como panorama do assunto, nunca como regra que resolve a questão.",
811058,subject_overview::disposicoes-finais-e-transitorias-do-ctb-arts-313-a-341-da-lei-n-9-503-1997,subject_overview_fallback,general_orientation_only,False,False,fallback_by_assunto,50,not_applicable_or_not_outdated,,,Disposições Finais e Transitórias do CTB (arts. 313 a 341 da Lei nº 9.503/1997),,Disposições Finais e Transitórias do CTB (arts. 313 a 341 da Lei nº 9.503/1997),"Sem evidência suficiente para microcard específico. Exibir apenas como panorama do assunto, nunca como regra que resolve a questão.",
844999,subject_overview::disposicoes-finais-e-transitorias-do-ctb-arts-313-a-341-da-lei-n-9-503-1997,subject_overview_fallback,general_orientation_only,False,False,fallback_by_assunto,50,not_applicable_or_not_outdated,,,Disposições Finais e Transitórias do CTB (arts. 313 a 341 da Lei nº 9.503/1997),,Disposições Finais e Transitórias do CTB (arts. 313 a 341 da Lei nº 9.503/1997),"Sem evidência suficiente para microcard específico. Exibir apenas como panorama do assunto, nunca como regra que resolve a questão.",
874683,ctb_veiculos_classificacao_especie_categoria,specific_high_precision,rule_that_solves_or_clarifies_question,True,False,strict,164,not_applicable_or_not_outdated,,,automotor; passageiros,automotor,Disposições Finais e Transitórias do CTB (arts. 313 a 341 da Lei nº 9.503/1997),Vínculo por assunto + termos do enunciado/alternativas/comentário. Exibir como card principal somente se importador aceitar score e revisão.,
876891,subject_overview::disposicoes-finais-e-transitorias-do-ctb-arts-313-a-341-da-lei-n-9-503-1997,subject_overview_fallback,general_orientation_only,False,False,fallback_by_assunto,50,not_applicable_or_not_outdated,,,Disposições Finais e Transitórias do CTB (arts. 313 a 341 da Lei nº 9.503/1997),,Disposições Finais e Transitórias do CTB (arts. 313 a 341 da Lei nº 9.503/1997),"Sem evidência suficiente para microcard específico. Exibir apenas como panorama do assunto, nunca como regra que resolve a questão.",
886433,subject_overview::disposicoes-finais-e-transitorias-do-ctb-arts-313-a-341-da-lei-n-9-503-1997,subject_overview_fallback,theory_reference_only__not_solution_current_law,False,True,fallback_by_assunto,50,needs_audit,False,,Disposições Finais e Transitórias do CTB (arts. 313 a 341 da Lei nº 9.503/1997),,Disposições Finais e Transitórias do CTB (arts. 313 a 341 da Lei nº 9.503/1997),"Sem evidência suficiente para microcard específico. Exibir apenas como panorama do assunto, nunca como regra que resolve a questão.",Questão desatualizada sem gabarito atual pontuável; não exibir como regra que resolve a questão no modo legislação atual.
886434,subject_overview::disposicoes-finais-e-transitorias-do-ctb-arts-313-a-341-da-lei-n-9-503-1997,subject_overview_fallback,general_orientation_only,False,False,fallback_by_assunto,50,not_applicable_or_not_outdated,,,Disposições Finais e Transitórias do CTB (arts. 313 a 341 da Lei nº 9.503/1997),,Disposições Finais e Transitórias do CTB (arts. 313 a 341 da Lei nº 9.503/1997),"Sem evidência suficiente para microcard específico. Exibir apenas como panorama do assunto, nunca como regra que resolve a questão.",
916839,subject_overview::disposicoes-finais-e-transitorias-do-ctb-arts-313-a-341-da-lei-n-9-503-1997,subject_overview_fallback,general_orientation_only,False,False,fallback_by_assunto,50,not_applicable_or_not_outdated,,,Disposições Finais e Transitórias do CTB (arts. 313 a 341 da Lei nº 9.503/1997),,Disposições Finais e Transitórias do CTB (arts. 313 a 341 da Lei nº 9.503/1997),"Sem evidência suficiente para microcard específico. Exibir apenas como panorama do assunto, nunca como regra que resolve a questão.",
986288,subject_overview::disposicoes-finais-e-transitorias-do-ctb-arts-313-a-341-da-lei-n-9-503-1997,subject_overview_fallback,general_orientation_only,False,False,fallback_by_assunto,50,not_applicable_or_not_outdated,,,Disposições Finais e Transitórias do CTB (arts. 313 a 341 da Lei nº 9.503/1997),,Disposições Finais e Transitórias do CTB (arts. 313 a 341 da Lei nº 9.503/1997),"Sem evidência suficiente para microcard específico. Exibir apenas como panorama do assunto, nunca como regra que resolve a questão.",
1003981,subject_overview::disposicoes-finais-e-transitorias-do-ctb-arts-313-a-341-da-lei-n-9-503-1997,subject_overview_fallback,general_orientation_only,False,False,fallback_by_assunto,50,not_applicable_or_not_outdated,,,Disposições Finais e Transitórias do CTB (arts. 313 a 341 da Lei nº 9.503/1997),,Disposições Finais e Transitórias do CTB (arts. 313 a 341 da Lei nº 9.503/1997),"Sem evidência suficiente para microcard específico. Exibir apenas como panorama do assunto, nunca como regra que resolve a questão.",
1090611,subject_overview::disposicoes-finais-e-transitorias-do-ctb-arts-313-a-341-da-lei-n-9-503-1997,subject_overview_fallback,general_orientation_only,False,False,fallback_by_assunto,50,not_applicable_or_not_outdated,,,Disposições Finais e Transitórias do CTB (arts. 313 a 341 da Lei nº 9.503/1997),,Disposições Finais e Transitórias do CTB (arts. 313 a 341 da Lei nº 9.503/1997),"Sem evidência suficiente para microcard específico. Exibir apenas como panorama do assunto, nunca como regra que resolve a questão.",
1127221,subject_overview::disposicoes-finais-e-transitorias-do-ctb-arts-313-a-341-da-lei-n-9-503-1997,subject_overview_fallback,general_orientation_only,False,False,fallback_by_assunto,50,not_applicable_or_not_outdated,,,Disposições Finais e Transitórias do CTB (arts. 313 a 341 da Lei nº 9.503/1997),,Disposições Finais e Transitórias do CTB (arts. 313 a 341 da Lei nº 9.503/1997),"Sem evidência suficiente para microcard específico. Exibir apenas como panorama do assunto, nunca como regra que resolve a questão.",
1129590,subject_overview::disposicoes-finais-e-transitorias-do-ctb-arts-313-a-341-da-lei-n-9-503-1997,subject_overview_fallback,general_orientation_only,False,False,fallback_by_assunto,50,not_applicable_or_not_outdated,,,Disposições Finais e Transitórias do CTB (arts. 313 a 341 da Lei nº 9.503/1997),,Disposições Finais e Transitórias do CTB (arts. 313 a 341 da Lei nº 9.503/1997),"Sem evidência suficiente para microcard específico. Exibir apenas como panorama do assunto, nunca como regra que resolve a questão.",
1136039,subject_overview::disposicoes-finais-e-transitorias-do-ctb-arts-313-a-341-da-lei-n-9-503-1997,subject_overview_fallback,general_orientation_only,False,False,fallback_by_assunto,50,not_applicable_or_not_outdated,,,Disposições Finais e Transitórias do CTB (arts. 313 a 341 da Lei nº 9.503/1997),,Disposições Finais e Transitórias do CTB (arts. 313 a 341 da Lei nº 9.503/1997),"Sem evidência suficiente para microcard específico. Exibir apenas como panorama do assunto, nunca como regra que resolve a questão.",
1142122,subject_overview::disposicoes-finais-e-transitorias-do-ctb-arts-313-a-341-da-lei-n-9-503-1997,subject_overview_fallback,general_orientation_only,False,False,fallback_by_assunto,50,not_applicable_or_not_outdated,,,Disposições Finais e Transitórias do CTB (arts. 313 a 341 da Lei nº 9.503/1997),,Disposições Finais e Transitórias do CTB (arts. 313 a 341 da Lei nº 9.503/1997),"Sem evidência suficiente para microcard específico. Exibir apenas como panorama do assunto, nunca como regra que resolve a questão.",
1356767,subject_overview::disposicoes-finais-e-transitorias-do-ctb-arts-313-a-341-da-lei-n-9-503-1997,subject_overview_fallback,general_orientation_only,False,False,fallback_by_assunto,50,not_applicable_or_not_outdated,,,Disposições Finais e Transitórias do CTB (arts. 313 a 341 da Lei nº 9.503/1997),,Disposições Finais e Transitórias do CTB (arts. 313 a 341 da Lei nº 9.503/1997),"Sem evidência suficiente para microcard específico. Exibir apenas como panorama do assunto, nunca como regra que resolve a questão.",
1388875,subject_overview::disposicoes-finais-e-transitorias-do-ctb-arts-313-a-341-da-lei-n-9-503-1997,subject_overview_fallback,general_orientation_only,False,False,fallback_by_assunto,50,not_applicable_or_not_outdated,,,Disposições Finais e Transitórias do CTB (arts. 313 a 341 da Lei nº 9.503/1997),,Disposições Finais e Transitórias do CTB (arts. 313 a 341 da Lei nº 9.503/1997),"Sem evidência suficiente para microcard específico. Exibir apenas como panorama do assunto, nunca como regra que resolve a questão.",
1563390,subject_overview::disposicoes-finais-e-transitorias-do-ctb-arts-313-a-341-da-lei-n-9-503-1997,subject_overview_fallback,general_orientation_only,False,False,fallback_by_assunto,50,not_applicable_or_not_outdated,,,Disposições Finais e Transitórias do CTB (arts. 313 a 341 da Lei nº 9.503/1997),,Disposições Finais e Transitórias do CTB (arts. 313 a 341 da Lei nº 9.503/1997),"Sem evidência suficiente para microcard específico. Exibir apenas como panorama do assunto, nunca como regra que resolve a questão.",
1563392,subject_overview::disposicoes-finais-e-transitorias-do-ctb-arts-313-a-341-da-lei-n-9-503-1997,subject_overview_fallback,general_orientation_only,False,False,fallback_by_assunto,50,not_applicable_or_not_outdated,,,Disposições Finais e Transitórias do CTB (arts. 313 a 341 da Lei nº 9.503/1997),,Disposições Finais e Transitórias do CTB (arts. 313 a 341 da Lei nº 9.503/1997),"Sem evidência suficiente para microcard específico. Exibir apenas como panorama do assunto, nunca como regra que resolve a questão.",
1569974,ctb_veiculos_classificacao_especie_categoria,specific_high_precision,rule_that_solves_or_clarifies_question,True,False,strict,152,not_applicable_or_not_outdated,,,passageiros,passageiros,Disposições Finais e Transitórias do CTB (arts. 313 a 341 da Lei nº 9.503/1997),Vínculo por assunto + termos do enunciado/alternativas/comentário. Exibir como card principal somente se importador aceitar score e revisão.,
1578030,subject_overview::disposicoes-finais-e-transitorias-do-ctb-arts-313-a-341-da-lei-n-9-503-1997,subject_overview_fallback,general_orientation_only,False,False,fallback_by_assunto,50,not_applicable_or_not_outdated,,,Disposições Finais e Transitórias do CTB (arts. 313 a 341 da Lei nº 9.503/1997),,Disposições Finais e Transitórias do CTB (arts. 313 a 341 da Lei nº 9.503/1997),"Sem evidência suficiente para microcard específico. Exibir apenas como panorama do assunto, nunca como regra que resolve a questão.",
1593387,subject_overview::disposicoes-finais-e-transitorias-do-ctb-arts-313-a-341-da-lei-n-9-503-1997,subject_overview_fallback,general_orientation_only,False,False,fallback_by_assunto,50,not_applicable_or_not_outdated,,,Disposições Finais e Transitórias do CTB (arts. 313 a 341 da Lei nº 9.503/1997),,Disposições Finais e Transitórias do CTB (arts. 313 a 341 da Lei nº 9.503/1997),"Sem evidência suficiente para microcard específico. Exibir apenas como panorama do assunto, nunca como regra que resolve a questão.",
1661707,subject_overview::disposicoes-finais-e-transitorias-do-ctb-arts-313-a-341-da-lei-n-9-503-1997,subject_overview_fallback,general_orientation_only,False,False,fallback_by_assunto,50,not_applicable_or_not_outdated,,,Disposições Finais e Transitórias do CTB (arts. 313 a 341 da Lei nº 9.503/1997),,Disposições Finais e Transitórias do CTB (arts. 313 a 341 da Lei nº 9.503/1997),"Sem evidência suficiente para microcard específico. Exibir apenas como panorama do assunto, nunca como regra que resolve a questão.",
1701315,subject_overview::disposicoes-finais-e-transitorias-do-ctb-arts-313-a-341-da-lei-n-9-503-1997,subject_overview_fallback,general_orientation_only,False,False,fallback_by_assunto,50,not_applicable_or_not_outdated,,,Disposições Finais e Transitórias do CTB (arts. 313 a 341 da Lei nº 9.503/1997),,Disposições Finais e Transitórias do CTB (arts. 313 a 341 da Lei nº 9.503/1997),"Sem evidência suficiente para microcard específico. Exibir apenas como panorama do assunto, nunca como regra que resolve a questão.",
1701322,subject_overview::disposicoes-finais-e-transitorias-do-ctb-arts-313-a-341-da-lei-n-9-503-1997,subject_overview_fallback,general_orientation_only,False,False,fallback_by_assunto,50,not_applicable_or_not_outdated,,,Disposições Finais e Transitórias do CTB (arts. 313 a 341 da Lei nº 9.503/1997),,Disposições Finais e Transitórias do CTB (arts. 313 a 341 da Lei nº 9.503/1997),"Sem evidência suficiente para microcard específico. Exibir apenas como panorama do assunto, nunca como regra que resolve a questão.",
1752818,subject_overview::disposicoes-finais-e-transitorias-do-ctb-arts-313-a-341-da-lei-n-9-503-1997,subject_overview_fallback,general_orientation_only,False,False,fallback_by_assunto,50,not_applicable_or_not_outdated,,,Disposições Finais e Transitórias do CTB (arts. 313 a 341 da Lei nº 9.503/1997),,Disposições Finais e Transitórias do CTB (arts. 313 a 341 da Lei nº 9.503/1997),"Sem evidência suficiente para microcard específico. Exibir apenas como panorama do assunto, nunca como regra que resolve a questão.",
1962888,subject_overview::disposicoes-finais-e-transitorias-do-ctb-arts-313-a-341-da-lei-n-9-503-1997,subject_overview_fallback,general_orientation_only,False,False,fallback_by_assunto,50,not_applicable_or_not_outdated,,,Disposições Finais e Transitórias do CTB (arts. 313 a 341 da Lei nº 9.503/1997),,Disposições Finais e Transitórias do CTB (arts. 313 a 341 da Lei nº 9.503/1997),"Sem evidência suficiente para microcard específico. Exibir apenas como panorama do assunto, nunca como regra que resolve a questão.",
2115669,subject_overview::disposicoes-finais-e-transitorias-do-ctb-arts-313-a-341-da-lei-n-9-503-1997,subject_overview_fallback,general_orientation_only,False,False,fallback_by_assunto,50,not_applicable_or_not_outdated,,,Disposições Finais e Transitórias do CTB (arts. 313 a 341 da Lei nº 9.503/1997),,Disposições Finais e Transitórias do CTB (arts. 313 a 341 da Lei nº 9.503/1997),"Sem evidência suficiente para microcard específico. Exibir apenas como panorama do assunto, nunca como regra que resolve a questão.",
2143102,subject_overview::disposicoes-finais-e-transitorias-do-ctb-arts-313-a-341-da-lei-n-9-503-1997,subject_overview_fallback,general_orientation_only,False,False,fallback_by_assunto,50,not_applicable_or_not_outdated,,,Disposições Finais e Transitórias do CTB (arts. 313 a 341 da Lei nº 9.503/1997),,Disposições Finais e Transitórias do CTB (arts. 313 a 341 da Lei nº 9.503/1997),"Sem evidência suficiente para microcard específico. Exibir apenas como panorama do assunto, nunca como regra que resolve a questão.",
2143105,ctb_snt_competencias_municipio_estado_uniao,specific_medium_precision,suggested_card_needs_review,False,True,comment_or_subject_evidence_only,142,not_applicable_or_not_outdated,,,contran,,Disposições Finais e Transitórias do CTB (arts. 313 a 341 da Lei nº 9.503/1997),Vínculo por assunto + termos do enunciado/alternativas/comentário. Exibir como card principal somente se importador aceitar score e revisão. Termos fortes não apareceram no enunciado/alternativas; não exibir automaticamente no modo Estudar agora.,
312774,subject_overview::disposicoes-preliminares-arts-1-a-4-da-lei-n-9-503-1997,subject_overview_fallback,general_orientation_only,False,False,fallback_by_assunto,50,not_applicable_or_not_outdated,,,Disposições Preliminares (arts. 1º a 4º da Lei nº 9.503/1997),,Disposições Preliminares (arts. 1º a 4º da Lei nº 9.503/1997),"Sem evidência suficiente para microcard específico. Exibir apenas como panorama do assunto, nunca como regra que resolve a questão.",
624798,subject_overview::disposicoes-preliminares-arts-1-a-4-da-lei-n-9-503-1997,subject_overview_fallback,general_orientation_only,False,False,downgraded_weak_evidence,50,not_applicable_or_not_outdated,,,Disposições Preliminares (arts. 1º a 4º da Lei nº 9.503/1997),,Disposições Preliminares (arts. 1º a 4º da Lei nº 9.503/1997),Vínculo específico rebaixado: a evidência era genérica/fraca. Exibir apenas panorama do assunto até revisão humana.,
704973,subject_overview::disposicoes-preliminares-arts-1-a-4-da-lei-n-9-503-1997,subject_overview_fallback,general_orientation_only,False,False,fallback_by_assunto,50,not_applicable_or_not_outdated,,,Disposições Preliminares (arts. 1º a 4º da Lei nº 9.503/1997),,Disposições Preliminares (arts. 1º a 4º da Lei nº 9.503/1997),"Sem evidência suficiente para microcard específico. Exibir apenas como panorama do assunto, nunca como regra que resolve a questão.",
712682,subject_overview::disposicoes-preliminares-arts-1-a-4-da-lei-n-9-503-1997,subject_overview_fallback,general_orientation_only,False,False,downgraded_weak_evidence,50,not_applicable_or_not_outdated,,,Disposições Preliminares (arts. 1º a 4º da Lei nº 9.503/1997),,Disposições Preliminares (arts. 1º a 4º da Lei nº 9.503/1997),Vínculo específico rebaixado: a evidência era genérica/fraca. Exibir apenas panorama do assunto até revisão humana.,
920679,subject_overview::disposicoes-preliminares-arts-1-a-4-da-lei-n-9-503-1997,subject_overview_fallback,general_orientation_only,False,False,downgraded_weak_evidence,50,not_applicable_or_not_outdated,,,Disposições Preliminares (arts. 1º a 4º da Lei nº 9.503/1997),,Disposições Preliminares (arts. 1º a 4º da Lei nº 9.503/1997),Vínculo específico rebaixado: a evidência era genérica/fraca. Exibir apenas panorama do assunto até revisão humana.,
1192765,subject_overview::disposicoes-preliminares-arts-1-a-4-da-lei-n-9-503-1997,subject_overview_fallback,general_orientation_only,False,False,downgraded_weak_evidence,50,not_applicable_or_not_outdated,,,Disposições Preliminares (arts. 1º a 4º da Lei nº 9.503/1997),,Disposições Preliminares (arts. 1º a 4º da Lei nº 9.503/1997),Vínculo específico rebaixado: a evidência era genérica/fraca. Exibir apenas panorama do assunto até revisão humana.,
1259552,subject_overview::disposicoes-preliminares-arts-1-a-4-da-lei-n-9-503-1997,subject_overview_fallback,general_orientation_only,False,False,fallback_by_assunto,50,not_applicable_or_not_outdated,,,Disposições Preliminares (arts. 1º a 4º da Lei nº 9.503/1997),,Disposições Preliminares (arts. 1º a 4º da Lei nº 9.503/1997),"Sem evidência suficiente para microcard específico. Exibir apenas como panorama do assunto, nunca como regra que resolve a questão.",
1400755,ctb_anexo_i_conceitos_basicos,specific_high_precision,rule_that_solves_or_clarifies_question,False,True,ambiguous_top_candidate,249,not_applicable_or_not_outdated,,,conceito; definicao; anexo i; via; transito; parada; estacionamento,via; transito,Disposições Preliminares (arts. 1º a 4º da Lei nº 9.503/1997),Vínculo por assunto + termos do enunciado/alternativas/comentário. Exibir como card principal somente se importador aceitar score e revisão.,
1402899,subject_overview::disposicoes-preliminares-arts-1-a-4-da-lei-n-9-503-1997,subject_overview_fallback,general_orientation_only,False,False,fallback_by_assunto,50,not_applicable_or_not_outdated,,,Disposições Preliminares (arts. 1º a 4º da Lei nº 9.503/1997),,Disposições Preliminares (arts. 1º a 4º da Lei nº 9.503/1997),"Sem evidência suficiente para microcard específico. Exibir apenas como panorama do assunto, nunca como regra que resolve a questão.",
1513200,subject_overview::disposicoes-preliminares-arts-1-a-4-da-lei-n-9-503-1997,subject_overview_fallback,general_orientation_only,False,False,downgraded_weak_evidence,50,not_applicable_or_not_outdated,,,Disposições Preliminares (arts. 1º a 4º da Lei nº 9.503/1997),,Disposições Preliminares (arts. 1º a 4º da Lei nº 9.503/1997),Vínculo específico rebaixado: a evidência era genérica/fraca. Exibir apenas panorama do assunto até revisão humana.,
1577114,subject_overview::disposicoes-preliminares-arts-1-a-4-da-lei-n-9-503-1997,subject_overview_fallback,general_orientation_only,False,False,fallback_by_assunto,50,not_applicable_or_not_outdated,,,Disposições Preliminares (arts. 1º a 4º da Lei nº 9.503/1997),,Disposições Preliminares (arts. 1º a 4º da Lei nº 9.503/1997),"Sem evidência suficiente para microcard específico. Exibir apenas como panorama do assunto, nunca como regra que resolve a questão.",
1820535,subject_overview::disposicoes-preliminares-arts-1-a-4-da-lei-n-9-503-1997,subject_overview_fallback,general_orientation_only,False,False,fallback_by_assunto,50,not_applicable_or_not_outdated,,,Disposições Preliminares (arts. 1º a 4º da Lei nº 9.503/1997),,Disposições Preliminares (arts. 1º a 4º da Lei nº 9.503/1997),"Sem evidência suficiente para microcard específico. Exibir apenas como panorama do assunto, nunca como regra que resolve a questão.",
27964,ctb_snt_competencias_municipio_estado_uniao,specific_high_precision,rule_that_solves_or_clarifies_question,True,False,strict,164,not_applicable_or_not_outdated,,,contran; orgao executivo,orgao executivo,Do Cidadão e Educação para o Trânsito (arts 72 a 79 da Lei nº 9.503/1997),Vínculo por assunto + termos do enunciado/alternativas/comentário. Exibir como card principal somente se importador aceitar score e revisão.,
27968,ctb_snt_competencias_municipio_estado_uniao,specific_high_precision,rule_that_solves_or_clarifies_question,True,False,strict,200,not_applicable_or_not_outdated,,,conselho; contran; municipio; estado; distrito federal,estado,Do Cidadão e Educação para o Trânsito (arts 72 a 79 da Lei nº 9.503/1997),Vínculo por assunto + termos do enunciado/alternativas/comentário. Exibir como card principal somente se importador aceitar score e revisão.,
363322,ctb_snt_competencias_municipio_estado_uniao,specific_high_precision,rule_that_solves_or_clarifies_question,True,False,strict,218,not_applicable_or_not_outdated,,,conselho; municipio; estado; distrito federal,conselho; municipio; estado; distrito federal,Do Cidadão e Educação para o Trânsito (arts 72 a 79 da Lei nº 9.503/1997),Vínculo por assunto + termos do enunciado/alternativas/comentário. Exibir como card principal somente se importador aceitar score e revisão.,
366868,ctb_snt_competencias_municipio_estado_uniao,specific_high_precision,rule_that_solves_or_clarifies_question,True,False,strict,220,not_applicable_or_not_outdated,,,conselho; contran; municipio; estado; distrito federal,municipio; estado; distrito federal,Do Cidadão e Educação para o Trânsito (arts 72 a 79 da Lei nº 9.503/1997),Vínculo por assunto + termos do enunciado/alternativas/comentário. Exibir como card principal somente se importador aceitar score e revisão.,
542009,subject_overview::do-cidadao-e-educacao-para-o-transito-arts-72-a-79-da-lei-n-9-503-1997,subject_overview_fallback,general_orientation_only,False,False,fallback_by_assunto,50,not_applicable_or_not_outdated,,,Do Cidadão e Educação para o Trânsito (arts 72 a 79 da Lei nº 9.503/1997),,Do Cidadão e Educação para o Trânsito (arts 72 a 79 da Lei nº 9.503/1997),"Sem evidência suficiente para microcard específico. Exibir apenas como panorama do assunto, nunca como regra que resolve a questão.",
707039,ctb_snt_competencias_municipio_estado_uniao,specific_medium_precision,suggested_card_needs_review,False,True,comment_or_subject_evidence_only,142,not_applicable_or_not_outdated,,,contran,,Do Cidadão e Educação para o Trânsito (arts 72 a 79 da Lei nº 9.503/1997),Vínculo por assunto + termos do enunciado/alternativas/comentário. Exibir como card principal somente se importador aceitar score e revisão. Termos fortes não apareceram no enunciado/alternativas; não exibir automaticamente no modo Estudar agora.,
707041,ctb_snt_competencias_municipio_estado_uniao,specific_high_precision,rule_that_solves_or_clarifies_question,True,False,strict,152,not_applicable_or_not_outdated,,,contran,contran,Do Cidadão e Educação para o Trânsito (arts 72 a 79 da Lei nº 9.503/1997),Vínculo por assunto + termos do enunciado/alternativas/comentário. Exibir como card principal somente se importador aceitar score e revisão.,
1100692,subject_overview::do-cidadao-e-educacao-para-o-transito-arts-72-a-79-da-lei-n-9-503-1997,subject_overview_fallback,general_orientation_only,False,False,fallback_by_assunto,50,not_applicable_or_not_outdated,,,Do Cidadão e Educação para o Trânsito (arts 72 a 79 da Lei nº 9.503/1997),,Do Cidadão e Educação para o Trânsito (arts 72 a 79 da Lei nº 9.503/1997),"Sem evidência suficiente para microcard específico. Exibir apenas como panorama do assunto, nunca como regra que resolve a questão.",
1401459,ctb_snt_competencias_municipio_estado_uniao,specific_medium_precision,suggested_card_needs_review,False,True,comment_or_subject_evidence_only,142,not_applicable_or_not_outdated,,,contran,,Do Cidadão e Educação para o Trânsito (arts 72 a 79 da Lei nº 9.503/1997),Vínculo por assunto + termos do enunciado/alternativas/comentário. Exibir como card principal somente se importador aceitar score e revisão. Termos fortes não apareceram no enunciado/alternativas; não exibir automaticamente no modo Estudar agora.,
1403010,ctb_snt_competencias_municipio_estado_uniao,specific_high_precision,suggested_card_needs_review,False,True,comment_or_subject_evidence_only,166,not_applicable_or_not_outdated,,,municipio; estado; distrito federal,,Do Cidadão e Educação para o Trânsito (arts 72 a 79 da Lei nº 9.503/1997),Vínculo por assunto + termos do enunciado/alternativas/comentário. Exibir como card principal somente se importador aceitar score e revisão. Termos fortes não apareceram no enunciado/alternativas; não exibir automaticamente no modo Estudar agora.,
1421834,ctb_snt_competencias_municipio_estado_uniao,specific_high_precision,rule_that_solves_or_clarifies_question,True,False,strict,240,not_applicable_or_not_outdated,,,conselho; contran; municipio; estado; distrito federal,conselho; contran; municipio; estado; distrito federal,Do Cidadão e Educação para o Trânsito (arts 72 a 79 da Lei nº 9.503/1997),Vínculo por assunto + termos do enunciado/alternativas/comentário. Exibir como card principal somente se importador aceitar score e revisão.,
1563391,ctb_snt_competencias_municipio_estado_uniao,specific_high_precision,rule_that_solves_or_clarifies_question,True,False,strict,198,not_applicable_or_not_outdated,,,competencia; conselho; contran; cetran,contran; cetran,Do Cidadão e Educação para o Trânsito (arts 72 a 79 da Lei nº 9.503/1997),Vínculo por assunto + termos do enunciado/alternativas/comentário. Exibir como card principal somente se importador aceitar score e revisão.,
1576597,subject_overview::do-cidadao-e-educacao-para-o-transito-arts-72-a-79-da-lei-n-9-503-1997,subject_overview_fallback,general_orientation_only,False,False,fallback_by_assunto,50,not_applicable_or_not_outdated,,,Do Cidadão e Educação para o Trânsito (arts 72 a 79 da Lei nº 9.503/1997),,Do Cidadão e Educação para o Trânsito (arts 72 a 79 da Lei nº 9.503/1997),"Sem evidência suficiente para microcard específico. Exibir apenas como panorama do assunto, nunca como regra que resolve a questão.",
1610954,subject_overview::do-cidadao-e-educacao-para-o-transito-arts-72-a-79-da-lei-n-9-503-1997,subject_overview_fallback,general_orientation_only,False,False,fallback_by_assunto,50,not_applicable_or_not_outdated,,,Do Cidadão e Educação para o Trânsito (arts 72 a 79 da Lei nº 9.503/1997),,Do Cidadão e Educação para o Trânsito (arts 72 a 79 da Lei nº 9.503/1997),"Sem evidência suficiente para microcard específico. Exibir apenas como panorama do assunto, nunca como regra que resolve a questão.",
2074014,subject_overview::do-cidadao-e-educacao-para-o-transito-arts-72-a-79-da-lei-n-9-503-1997,subject_overview_fallback,general_orientation_only,False,False,fallback_by_assunto,50,not_applicable_or_not_outdated,,,Do Cidadão e Educação para o Trânsito (arts 72 a 79 da Lei nº 9.503/1997),,Do Cidadão e Educação para o Trânsito (arts 72 a 79 da Lei nº 9.503/1997),"Sem evidência suficiente para microcard específico. Exibir apenas como panorama do assunto, nunca como regra que resolve a questão.",
112173,ctb_licenciamento_crlv_digital,specific_high_precision,rule_that_solves_or_clarifies_question,False,True,ambiguous_top_candidate,179,not_applicable_or_not_outdated,,,licenciamento; licenciado,licenciamento,Do Licenciamento (arts. 130 e 135 da Lei nº 9.503/1997),Vínculo por assunto + termos do enunciado/alternativas/comentário. Exibir como card principal somente se importador aceitar score e revisão.,
344874,ctb_documentos_crlv_porte,specific_high_precision,rule_that_solves_or_clarifies_question,False,True,ambiguous_top_candidate,194,not_applicable_or_not_outdated,,,certificado de licenciamento; licenciamento anual,certificado de licenciamento; licenciamento anual,Do Licenciamento (arts. 130 e 135 da Lei nº 9.503/1997),Vínculo por assunto + termos do enunciado/alternativas/comentário. Exibir como card principal somente se importador aceitar score e revisão.,
823012,ctb_documentos_crlv_porte,specific_high_precision,rule_that_solves_or_clarifies_question,False,True,ambiguous_top_candidate,172,not_applicable_or_not_outdated,,,crlv,crlv,Do Licenciamento (arts. 130 e 135 da Lei nº 9.503/1997),Vínculo por assunto + termos do enunciado/alternativas/comentário. Exibir como card principal somente se importador aceitar score e revisão.,
848888,subject_overview::do-licenciamento-arts-130-e-135-da-lei-n-9-503-1997,subject_overview_fallback,general_orientation_only,False,False,downgraded_weak_evidence,50,not_applicable_or_not_outdated,,,Do Licenciamento (arts. 130 e 135 da Lei nº 9.503/1997),,Do Licenciamento (arts. 130 e 135 da Lei nº 9.503/1997),Vínculo específico rebaixado: a evidência era genérica/fraca. Exibir apenas panorama do assunto até revisão humana.,
934695,ctb_documentos_crlv_porte,specific_high_precision,rule_that_solves_or_clarifies_question,True,False,strict,230,not_applicable_or_not_outdated,,,crlv; certificado de licenciamento; licenciamento anual; porte do certificado; renavam,crlv; renavam,Do Licenciamento (arts. 130 e 135 da Lei nº 9.503/1997),Vínculo por assunto + termos do enunciado/alternativas/comentário. Exibir como card principal somente se importador aceitar score e revisão.,
1177917,ctb_licenciamento_crlv_digital,specific_high_precision,rule_that_solves_or_clarifies_question,True,False,strict,189,not_applicable_or_not_outdated,,,licenciamento; licenciado,licenciamento; licenciado,Do Licenciamento (arts. 130 e 135 da Lei nº 9.503/1997),Vínculo por assunto + termos do enunciado/alternativas/comentário. Exibir como card principal somente se importador aceitar score e revisão.,
1403545,ctb_documentos_crlv_porte,specific_high_precision,rule_that_solves_or_clarifies_question,True,False,strict,208,not_applicable_or_not_outdated,,,crlv; certificado de licenciamento; licenciamento anual; porte do certificado,porte do certificado,Do Licenciamento (arts. 130 e 135 da Lei nº 9.503/1997),Vínculo por assunto + termos do enunciado/alternativas/comentário. Exibir como card principal somente se importador aceitar score e revisão.,
1504179,ctb_documentos_crlv_porte,specific_high_precision,theory_reference_only__not_solution_current_law,False,True,strict,216,needs_audit,False,,certificado de licenciamento; licenciamento anual; porte do certificado,certificado de licenciamento; licenciamento anual; porte do certificado,Do Licenciamento (arts. 130 e 135 da Lei nº 9.503/1997),Vínculo por assunto + termos do enunciado/alternativas/comentário. Exibir como card principal somente se importador aceitar score e revisão.,Questão desatualizada sem gabarito atual pontuável; não exibir como regra que resolve a questão no modo legislação atual.
1505488,ctb_documentos_crlv_porte,specific_high_precision,theory_reference_only__not_solution_current_law,False,True,strict,216,needs_audit,False,,certificado de licenciamento; licenciamento anual; porte do certificado,certificado de licenciamento; licenciamento anual; porte do certificado,Do Licenciamento (arts. 130 e 135 da Lei nº 9.503/1997),Vínculo por assunto + termos do enunciado/alternativas/comentário. Exibir como card principal somente se importador aceitar score e revisão.,Questão desatualizada sem gabarito atual pontuável; não exibir como regra que resolve a questão no modo legislação atual.
1521261,ctb_documentos_crlv_porte,specific_high_precision,rule_that_solves_or_clarifies_question,True,False,strict,194,not_applicable_or_not_outdated,,,certificado de licenciamento; licenciamento anual,certificado de licenciamento; licenciamento anual,Do Licenciamento (arts. 130 e 135 da Lei nº 9.503/1997),Vínculo por assunto + termos do enunciado/alternativas/comentário. Exibir como card principal somente se importador aceitar score e revisão.,
1521262,subject_overview::do-licenciamento-arts-130-e-135-da-lei-n-9-503-1997,subject_overview_fallback,general_orientation_only,False,False,downgraded_weak_evidence,50,not_applicable_or_not_outdated,,,Do Licenciamento (arts. 130 e 135 da Lei nº 9.503/1997),,Do Licenciamento (arts. 130 e 135 da Lei nº 9.503/1997),Vínculo específico rebaixado: a evidência era genérica/fraca. Exibir apenas panorama do assunto até revisão humana.,
1521263,subject_overview::do-licenciamento-arts-130-e-135-da-lei-n-9-503-1997,subject_overview_fallback,general_orientation_only,False,False,downgraded_weak_evidence,50,not_applicable_or_not_outdated,,,Do Licenciamento (arts. 130 e 135 da Lei nº 9.503/1997),,Do Licenciamento (arts. 130 e 135 da Lei nº 9.503/1997),Vínculo específico rebaixado: a evidência era genérica/fraca. Exibir apenas panorama do assunto até revisão humana.,
1521264,subject_overview::do-licenciamento-arts-130-e-135-da-lei-n-9-503-1997,subject_overview_fallback,general_orientation_only,False,False,downgraded_weak_evidence,50,not_applicable_or_not_outdated,,,Do Licenciamento (arts. 130 e 135 da Lei nº 9.503/1997),,Do Licenciamento (arts. 130 e 135 da Lei nº 9.503/1997),Vínculo específico rebaixado: a evidência era genérica/fraca. Exibir apenas panorama do assunto até revisão humana.,
1574048,ctb_licenciamento_crlv_digital,specific_high_precision,theory_reference_only__not_solution_current_law,False,True,strict,179,needs_audit,False,,licenciamento; licenciado,licenciado,Do Licenciamento (arts. 130 e 135 da Lei nº 9.503/1997),Vínculo por assunto + termos do enunciado/alternativas/comentário. Exibir como card principal somente se importador aceitar score e revisão.,Questão desatualizada sem gabarito atual pontuável; não exibir como regra que resolve a questão no modo legislação atual.
1663766,ctb_documentos_crlv_porte,specific_high_precision,rule_that_solves_or_clarifies_question,True,False,strict,228,not_applicable_or_not_outdated,,,cla; certificado de licenciamento; licenciamento anual; porte do certificado,certificado de licenciamento; licenciamento anual; porte do certificado,Do Licenciamento (arts. 130 e 135 da Lei nº 9.503/1997),Vínculo por assunto + termos do enunciado/alternativas/comentário. Exibir como card principal somente se importador aceitar score e revisão.,
2017200,ctb_documentos_crlv_porte,specific_high_precision,rule_that_solves_or_clarifies_question,False,True,ambiguous_top_candidate,194,not_applicable_or_not_outdated,,,certificado de licenciamento; licenciamento anual,certificado de licenciamento; licenciamento anual,Do Licenciamento (arts. 130 e 135 da Lei nº 9.503/1997),Vínculo por assunto + termos do enunciado/alternativas/comentário. Exibir como card principal somente se importador aceitar score e revisão.,
2074210,ctb_documentos_crlv_porte,specific_high_precision,theory_reference_only__not_solution_current_law,False,True,ambiguous_top_candidate,196,needs_audit,False,,cla; certificado de licenciamento; licenciamento anual,licenciamento anual,Do Licenciamento (arts. 130 e 135 da Lei nº 9.503/1997),Vínculo por assunto + termos do enunciado/alternativas/comentário. Exibir como card principal somente se importador aceitar score e revisão.,Questão desatualizada sem gabarito atual pontuável; não exibir como regra que resolve a questão no modo legislação atual.
27929,ctb_processo_ait,specific_high_precision,rule_that_solves_or_clarifies_question,True,False,strict,218,not_applicable_or_not_outdated,,,auto de infracao; notificacao; autuacao; infrator,auto de infracao,Do Processo Administrativo (arts. 280 a 290 da Lei nº 9.503/1997),Vínculo por assunto + termos do enunciado/alternativas/comentário. Exibir como card principal somente se importador aceitar score e revisão.,
28039,ctb_processo_recurso_jari_cetran,specific_high_precision,rule_that_solves_or_clarifies_question,False,True,ambiguous_top_candidate,238,not_applicable_or_not_outdated,,,recurso; jari; defesa; notificacao da penalidade,recurso; jari; notificacao da penalidade,Do Processo Administrativo (arts. 280 a 290 da Lei nº 9.503/1997),Vínculo por assunto + termos do enunciado/alternativas/comentário. Exibir como card principal somente se importador aceitar score e revisão.,
333403,ctb_processo_ait,specific_high_precision,rule_that_solves_or_clarifies_question,True,False,strict,270,not_applicable_or_not_outdated,,,auto de infracao; ait; notificacao; autuacao; infrator,auto de infracao; ait; notificacao; autuacao; infrator,Do Processo Administrativo (arts. 280 a 290 da Lei nº 9.503/1997),Vínculo por assunto + termos do enunciado/alternativas/comentário. Exibir como card principal somente se importador aceitar score e revisão.,
845001,ctb_processo_recurso_jari_cetran,specific_high_precision,rule_that_solves_or_clarifies_question,True,False,strict,238,not_applicable_or_not_outdated,,,recurso; jari; cetran; defesa,recurso; jari; cetran,Do Processo Administrativo (arts. 280 a 290 da Lei nº 9.503/1997),Vínculo por assunto + termos do enunciado/alternativas/comentário. Exibir como card principal somente se importador aceitar score e revisão.,
1169105,ctb_processo_ait,specific_high_precision,rule_that_solves_or_clarifies_question,True,False,strict,194,not_applicable_or_not_outdated,,,auto de infracao; infrator,auto de infracao,Do Processo Administrativo (arts. 280 a 290 da Lei nº 9.503/1997),Vínculo por assunto + termos do enunciado/alternativas/comentário. Exibir como card principal somente se importador aceitar score e revisão.,
1198977,ctb_processo_recurso_jari_cetran,specific_high_precision,rule_that_solves_or_clarifies_question,True,False,strict,204,not_applicable_or_not_outdated,,,recurso; jari,recurso; jari,Do Processo Administrativo (arts. 280 a 290 da Lei nº 9.503/1997),Vínculo por assunto + termos do enunciado/alternativas/comentário. Exibir como card principal somente se importador aceitar score e revisão.,
1326952,ctb_processo_ait,specific_high_precision,rule_that_solves_or_clarifies_question,True,False,strict,182,not_applicable_or_not_outdated,,,autuacao,autuacao,Do Processo Administrativo (arts. 280 a 290 da Lei nº 9.503/1997),Vínculo por assunto + termos do enunciado/alternativas/comentário. Exibir como card principal somente se importador aceitar score e revisão.,
1327708,ctb_processo_recurso_jari_cetran,specific_high_precision,rule_that_solves_or_clarifies_question,True,False,strict,228,not_applicable_or_not_outdated,,,recurso; jari; cetran; defesa,recurso; jari,Do Processo Administrativo (arts. 280 a 290 da Lei nº 9.503/1997),Vínculo por assunto + termos do enunciado/alternativas/comentário. Exibir como card principal somente se importador aceitar score e revisão.,
1402575,ctb_processo_ait,specific_high_precision,rule_that_solves_or_clarifies_question,True,False,strict,226,not_applicable_or_not_outdated,,,auto de infracao; notificacao; autuacao,auto de infracao; notificacao; autuacao,Do Processo Administrativo (arts. 280 a 290 da Lei nº 9.503/1997),Vínculo por assunto + termos do enunciado/alternativas/comentário. Exibir como card principal somente se importador aceitar score e revisão.,
1402616,ctb_processo_ait,specific_high_precision,rule_that_solves_or_clarifies_question,True,False,strict,230,not_applicable_or_not_outdated,,,auto de infracao; ait; notificacao; autuacao; infrator,auto de infracao,Do Processo Administrativo (arts. 280 a 290 da Lei nº 9.503/1997),Vínculo por assunto + termos do enunciado/alternativas/comentário. Exibir como card principal somente se importador aceitar score e revisão.,
1402643,ctb_processo_ait,specific_high_precision,rule_that_solves_or_clarifies_question,True,False,strict,238,not_applicable_or_not_outdated,,,auto de infracao; ait; notificacao; autuacao,auto de infracao; notificacao; autuacao,Do Processo Administrativo (arts. 280 a 290 da Lei nº 9.503/1997),Vínculo por assunto + termos do enunciado/alternativas/comentário. Exibir como card principal somente se importador aceitar score e revisão.,
1402654,ctb_processo_ait,specific_high_precision,rule_that_solves_or_clarifies_question,False,True,ambiguous_top_candidate,194,not_applicable_or_not_outdated,,,notificacao; infrator,infrator,Do Processo Administrativo (arts. 280 a 290 da Lei nº 9.503/1997),Vínculo por assunto + termos do enunciado/alternativas/comentário. Exibir como card principal somente se importador aceitar score e revisão.,
1403509,ctb_processo_recurso_jari_cetran,specific_high_precision,rule_that_solves_or_clarifies_question,True,False,strict,206,not_applicable_or_not_outdated,,,recurso; jari; cetran,recurso,Do Processo Administrativo (arts. 280 a 290 da Lei nº 9.503/1997),Vínculo por assunto + termos do enunciado/alternativas/comentário. Exibir como card principal somente se importador aceitar score e revisão.,
1403512,subject_overview::do-processo-administrativo-arts-280-a-290-da-lei-n-9-503-1997,subject_overview_fallback,general_orientation_only,False,False,fallback_by_assunto,50,not_applicable_or_not_outdated,,,Do Processo Administrativo (arts. 280 a 290 da Lei nº 9.503/1997),,Do Processo Administrativo (arts. 280 a 290 da Lei nº 9.503/1997),"Sem evidência suficiente para microcard específico. Exibir apenas como panorama do assunto, nunca como regra que resolve a questão.",
1403515,ctb_processo_ait,specific_high_precision,rule_that_solves_or_clarifies_question,True,False,strict,226,not_applicable_or_not_outdated,,,auto de infracao; notificacao; autuacao,auto de infracao; notificacao; autuacao,Do Processo Administrativo (arts. 280 a 290 da Lei nº 9.503/1997),Vínculo por assunto + termos do enunciado/alternativas/comentário. Exibir como card principal somente se importador aceitar score e revisão.,
1403519,ctb_processo_ait,specific_high_precision,rule_that_solves_or_clarifies_question,False,True,ambiguous_top_candidate,182,not_applicable_or_not_outdated,,,auto de infracao,auto de infracao,Do Processo Administrativo (arts. 280 a 290 da Lei nº 9.503/1997),Vínculo por assunto + termos do enunciado/alternativas/comentário. Exibir como card principal somente se importador aceitar score e revisão.,
1521317,ctb_processo_ait,specific_high_precision,rule_that_solves_or_clarifies_question,True,False,strict,248,not_applicable_or_not_outdated,,,auto de infracao; notificacao; defesa previa; autuacao,auto de infracao; notificacao; defesa previa; autuacao,Do Processo Administrativo (arts. 280 a 290 da Lei nº 9.503/1997),Vínculo por assunto + termos do enunciado/alternativas/comentário. Exibir como card principal somente se importador aceitar score e revisão.,
1521319,ctb_processo_ait,specific_high_precision,rule_that_solves_or_clarifies_question,True,False,strict,226,not_applicable_or_not_outdated,,,notificacao; defesa previa; infrator,notificacao; defesa previa; infrator,Do Processo Administrativo (arts. 280 a 290 da Lei nº 9.503/1997),Vínculo por assunto + termos do enunciado/alternativas/comentário. Exibir como card principal somente se importador aceitar score e revisão.,
1521320,ctb_processo_ait,specific_high_precision,rule_that_solves_or_clarifies_question,True,False,strict,204,not_applicable_or_not_outdated,,,notificacao; autuacao,notificacao; autuacao,Do Processo Administrativo (arts. 280 a 290 da Lei nº 9.503/1997),Vínculo por assunto + termos do enunciado/alternativas/comentário. Exibir como card principal somente se importador aceitar score e revisão.,
1521321,ctb_processo_ait,specific_high_precision,rule_that_solves_or_clarifies_question,True,False,strict,226,not_applicable_or_not_outdated,,,notificacao; defesa previa; infrator,notificacao; defesa previa; infrator,Do Processo Administrativo (arts. 280 a 290 da Lei nº 9.503/1997),Vínculo por assunto + termos do enunciado/alternativas/comentário. Exibir como card principal somente se importador aceitar score e revisão.,
1521322,ctb_processo_recurso_jari_cetran,specific_high_precision,rule_that_solves_or_clarifies_question,True,False,strict,204,not_applicable_or_not_outdated,,,recurso; defesa,recurso; defesa,Do Processo Administrativo (arts. 280 a 290 da Lei nº 9.503/1997),Vínculo por assunto + termos do enunciado/alternativas/comentário. Exibir como card principal somente se importador aceitar score e revisão.,
1521328,ctb_processo_recurso_jari_cetran,specific_high_precision,rule_that_solves_or_clarifies_question,True,False,strict,204,not_applicable_or_not_outdated,,,recurso; defesa,recurso; defesa,Do Processo Administrativo (arts. 280 a 290 da Lei nº 9.503/1997),Vínculo por assunto + termos do enunciado/alternativas/comentário. Exibir como card principal somente se importador aceitar score e revisão.,
1521331,ctb_processo_ait,specific_high_precision,rule_that_solves_or_clarifies_question,True,False,strict,226,not_applicable_or_not_outdated,,,notificacao; defesa previa; infrator,notificacao; defesa previa; infrator,Do Processo Administrativo (arts. 280 a 290 da Lei nº 9.503/1997),Vínculo por assunto + termos do enunciado/alternativas/comentário. Exibir como card principal somente se importador aceitar score e revisão.,
1525697,ctb_processo_ait,specific_high_precision,rule_that_solves_or_clarifies_question,True,False,strict,216,not_applicable_or_not_outdated,,,notificacao; defesa previa; infrator,notificacao; defesa previa,Do Processo Administrativo (arts. 280 a 290 da Lei nº 9.503/1997),Vínculo por assunto + termos do enunciado/alternativas/comentário. Exibir como card principal somente se importador aceitar score e revisão.,
1525699,ctb_processo_ait,specific_high_precision,rule_that_solves_or_clarifies_question,True,False,strict,226,not_applicable_or_not_outdated,,,notificacao; defesa previa; infrator,notificacao; defesa previa; infrator,Do Processo Administrativo (arts. 280 a 290 da Lei nº 9.503/1997),Vínculo por assunto + termos do enunciado/alternativas/comentário. Exibir como card principal somente se importador aceitar score e revisão.,
1525700,ctb_processo_ait,specific_high_precision,rule_that_solves_or_clarifies_question,True,False,strict,248,not_applicable_or_not_outdated,,,auto de infracao; notificacao; defesa previa; autuacao,auto de infracao; notificacao; defesa previa; autuacao,Do Processo Administrativo (arts. 280 a 290 da Lei nº 9.503/1997),Vínculo por assunto + termos do enunciado/alternativas/comentário. Exibir como card principal somente se importador aceitar score e revisão.,
1576521,ctb_processo_ait,specific_high_precision,rule_that_solves_or_clarifies_question,True,False,strict,228,not_applicable_or_not_outdated,,,auto de infracao; notificacao; autuacao; infrator,auto de infracao; notificacao,Do Processo Administrativo (arts. 280 a 290 da Lei nº 9.503/1997),Vínculo por assunto + termos do enunciado/alternativas/comentário. Exibir como card principal somente se importador aceitar score e revisão.,
1576522,ctb_processo_ait,specific_high_precision,rule_that_solves_or_clarifies_question,True,False,strict,194,not_applicable_or_not_outdated,,,auto de infracao; infrator,auto de infracao,Do Processo Administrativo (arts. 280 a 290 da Lei nº 9.503/1997),Vínculo por assunto + termos do enunciado/alternativas/comentário. Exibir como card principal somente se importador aceitar score e revisão.,
1576523,ctb_processo_ait,specific_high_precision,rule_that_solves_or_clarifies_question,True,False,strict,194,not_applicable_or_not_outdated,,,auto de infracao; penalidade de multa,auto de infracao,Do Processo Administrativo (arts. 280 a 290 da Lei nº 9.503/1997),Vínculo por assunto + termos do enunciado/alternativas/comentário. Exibir como card principal somente se importador aceitar score e revisão.,
1576524,ctb_processo_ait,specific_high_precision,rule_that_solves_or_clarifies_question,True,False,strict,218,not_applicable_or_not_outdated,,,auto de infracao; notificacao; autuacao; infrator,auto de infracao,Do Processo Administrativo (arts. 280 a 290 da Lei nº 9.503/1997),Vínculo por assunto + termos do enunciado/alternativas/comentário. Exibir como card principal somente se importador aceitar score e revisão.,
1576553,ctb_processo_ait,specific_high_precision,rule_that_solves_or_clarifies_question,True,False,strict,216,not_applicable_or_not_outdated,,,notificacao; autuacao; infrator,autuacao; infrator,Do Processo Administrativo (arts. 280 a 290 da Lei nº 9.503/1997),Vínculo por assunto + termos do enunciado/alternativas/comentário. Exibir como card principal somente se importador aceitar score e revisão.,
1576554,ctb_processo_ait,specific_high_precision,rule_that_solves_or_clarifies_question,False,True,ambiguous_top_candidate,230,not_applicable_or_not_outdated,,,auto de infracao; notificacao; defesa previa; autuacao; infrator,autuacao,Do Processo Administrativo (arts. 280 a 290 da Lei nº 9.503/1997),Vínculo por assunto + termos do enunciado/alternativas/comentário. Exibir como card principal somente se importador aceitar score e revisão.,
1576555,ctb_processo_recurso_jari_cetran,specific_high_precision,rule_that_solves_or_clarifies_question,True,False,strict,194,not_applicable_or_not_outdated,,,recurso; jari,recurso,Do Processo Administrativo (arts. 280 a 290 da Lei nº 9.503/1997),Vínculo por assunto + termos do enunciado/alternativas/comentário. Exibir como card principal somente se importador aceitar score e revisão.,
1576556,ctb_processo_recurso_jari_cetran,specific_high_precision,rule_that_solves_or_clarifies_question,True,False,strict,206,not_applicable_or_not_outdated,,,recurso; jari; cetran,recurso,Do Processo Administrativo (arts. 280 a 290 da Lei nº 9.503/1997),Vínculo por assunto + termos do enunciado/alternativas/comentário. Exibir como card principal somente se importador aceitar score e revisão.,
1576557,ctb_processo_ait,specific_high_precision,rule_that_solves_or_clarifies_question,True,False,strict,216,not_applicable_or_not_outdated,,,auto de infracao; notificacao; autuacao,auto de infracao; notificacao,Do Processo Administrativo (arts. 280 a 290 da Lei nº 9.503/1997),Vínculo por assunto + termos do enunciado/alternativas/comentário. Exibir como card principal somente se importador aceitar score e revisão.,
1577049,ctb_processo_ait,specific_high_precision,rule_that_solves_or_clarifies_question,True,False,strict,228,not_applicable_or_not_outdated,,,auto de infracao; notificacao; defesa previa; autuacao,notificacao; autuacao,Do Processo Administrativo (arts. 280 a 290 da Lei nº 9.503/1997),Vínculo por assunto + termos do enunciado/alternativas/comentário. Exibir como card principal somente se importador aceitar score e revisão.,
1577052,ctb_processo_recurso_jari_cetran,specific_high_precision,rule_that_solves_or_clarifies_question,True,False,strict,206,not_applicable_or_not_outdated,,,recurso; jari; defesa,recurso,Do Processo Administrativo (arts. 280 a 290 da Lei nº 9.503/1997),Vínculo por assunto + termos do enunciado/alternativas/comentário. Exibir como card principal somente se importador aceitar score e revisão.,
1577410,ctb_processo_ait,specific_high_precision,rule_that_solves_or_clarifies_question,True,False,strict,216,not_applicable_or_not_outdated,,,notificacao; autuacao; infrator,autuacao; infrator,Do Processo Administrativo (arts. 280 a 290 da Lei nº 9.503/1997),Vínculo por assunto + termos do enunciado/alternativas/comentário. Exibir como card principal somente se importador aceitar score e revisão.,
1577411,ctb_processo_recurso_jari_cetran,specific_high_precision,rule_that_solves_or_clarifies_question,False,True,ambiguous_top_candidate,226,not_applicable_or_not_outdated,,,recurso; jari; defesa,recurso; jari; defesa,Do Processo Administrativo (arts. 280 a 290 da Lei nº 9.503/1997),Vínculo por assunto + termos do enunciado/alternativas/comentário. Exibir como card principal somente se importador aceitar score e revisão.,
1577412,ctb_processo_recurso_jari_cetran,specific_high_precision,rule_that_solves_or_clarifies_question,True,False,strict,182,not_applicable_or_not_outdated,,,recurso,recurso,Do Processo Administrativo (arts. 280 a 290 da Lei nº 9.503/1997),Vínculo por assunto + termos do enunciado/alternativas/comentário. Exibir como card principal somente se importador aceitar score e revisão.,
1577413,ctb_processo_ait,specific_high_precision,rule_that_solves_or_clarifies_question,False,True,ambiguous_top_candidate,194,not_applicable_or_not_outdated,,,notificacao; infrator,infrator,Do Processo Administrativo (arts. 280 a 290 da Lei nº 9.503/1997),Vínculo por assunto + termos do enunciado/alternativas/comentário. Exibir como card principal somente se importador aceitar score e revisão.,
1577415,ctb_processo_ait,specific_high_precision,rule_that_solves_or_clarifies_question,True,False,strict,228,not_applicable_or_not_outdated,,,auto de infracao; notificacao; autuacao; infrator,auto de infracao; notificacao,Do Processo Administrativo (arts. 280 a 290 da Lei nº 9.503/1997),Vínculo por assunto + termos do enunciado/alternativas/comentário. Exibir como card principal somente se importador aceitar score e revisão.,
1594536,ctb_processo_ait,specific_high_precision,rule_that_solves_or_clarifies_question,True,False,strict,182,not_applicable_or_not_outdated,,,auto de infracao,auto de infracao,Do Processo Administrativo (arts. 280 a 290 da Lei nº 9.503/1997),Vínculo por assunto + termos do enunciado/alternativas/comentário. Exibir como card principal somente se importador aceitar score e revisão.,
1915275,ctb_processo_recurso_jari_cetran,specific_high_precision,rule_that_solves_or_clarifies_question,True,False,strict,226,not_applicable_or_not_outdated,,,recurso; jari; cetran,recurso; jari; cetran,Do Processo Administrativo (arts. 280 a 290 da Lei nº 9.503/1997),Vínculo por assunto + termos do enunciado/alternativas/comentário. Exibir como card principal somente se importador aceitar score e revisão.,
28246,ctb_registro_transferencia_propriedade,specific_high_precision,rule_that_solves_or_clarifies_question,True,False,strict,206,not_applicable_or_not_outdated,,,registro; proprietario; crv,registro; crv,Do Registro de Veículos (arts. 120 e 129-B da Lei nº 9.503/1997),Vínculo por assunto + termos do enunciado/alternativas/comentário. Exibir como card principal somente se importador aceitar score e revisão.,
28247,ctb_registro_transferencia_propriedade,specific_high_precision,rule_that_solves_or_clarifies_question,True,False,strict,218,not_applicable_or_not_outdated,,,transferencia; registro; proprietario; crv,registro; crv,Do Registro de Veículos (arts. 120 e 129-B da Lei nº 9.503/1997),Vínculo por assunto + termos do enunciado/alternativas/comentário. Exibir como card principal somente se importador aceitar score e revisão.,
28248,ctb_registro_transferencia_propriedade,specific_high_precision,rule_that_solves_or_clarifies_question,True,False,strict,206,not_applicable_or_not_outdated,,,registro; proprietario; crv,registro; crv,Do Registro de Veículos (arts. 120 e 129-B da Lei nº 9.503/1997),Vínculo por assunto + termos do enunciado/alternativas/comentário. Exibir como card principal somente se importador aceitar score e revisão.,
28249,ctb_registro_transferencia_propriedade,specific_high_precision,rule_that_solves_or_clarifies_question,True,False,strict,206,not_applicable_or_not_outdated,,,transferencia; registro; crv,registro; crv,Do Registro de Veículos (arts. 120 e 129-B da Lei nº 9.503/1997),Vínculo por assunto + termos do enunciado/alternativas/comentário. Exibir como card principal somente se importador aceitar score e revisão.,
28250,ctb_registro_transferencia_propriedade,specific_high_precision,rule_that_solves_or_clarifies_question,True,False,strict,228,not_applicable_or_not_outdated,,,transferencia; registro; proprietario; crv,registro; proprietario; crv,Do Registro de Veículos (arts. 120 e 129-B da Lei nº 9.503/1997),Vínculo por assunto + termos do enunciado/alternativas/comentário. Exibir como card principal somente se importador aceitar score e revisão.,
128221,subject_overview::do-registro-de-veiculos-arts-120-e-129-b-da-lei-n-9-503-1997,subject_overview_fallback,general_orientation_only,False,False,downgraded_weak_evidence,50,not_applicable_or_not_outdated,,,Do Registro de Veículos (arts. 120 e 129-B da Lei nº 9.503/1997),,Do Registro de Veículos (arts. 120 e 129-B da Lei nº 9.503/1997),Vínculo específico rebaixado: a evidência era genérica/fraca. Exibir apenas panorama do assunto até revisão humana.,
300031,ctb_registro_transferencia_propriedade,specific_high_precision,rule_that_solves_or_clarifies_question,True,False,strict,196,not_applicable_or_not_outdated,,,registro; proprietario; crv,crv,Do Registro de Veículos (arts. 120 e 129-B da Lei nº 9.503/1997),Vínculo por assunto + termos do enunciado/alternativas/comentário. Exibir como card principal somente se importador aceitar score e revisão.,
363326,ctb_registro_transferencia_propriedade,specific_high_precision,rule_that_solves_or_clarifies_question,True,False,strict,216,not_applicable_or_not_outdated,,,transferencia; registro; proprietario,transferencia; registro; proprietario,Do Registro de Veículos (arts. 120 e 129-B da Lei nº 9.503/1997),Vínculo por assunto + termos do enunciado/alternativas/comentário. Exibir como card principal somente se importador aceitar score e revisão.,
517837,subject_overview::do-registro-de-veiculos-arts-120-e-129-b-da-lei-n-9-503-1997,subject_overview_fallback,general_orientation_only,False,False,downgraded_weak_evidence,50,not_applicable_or_not_outdated,,,Do Registro de Veículos (arts. 120 e 129-B da Lei nº 9.503/1997),,Do Registro de Veículos (arts. 120 e 129-B da Lei nº 9.503/1997),Vínculo específico rebaixado: a evidência era genérica/fraca. Exibir apenas panorama do assunto até revisão humana.,
1046069,ctb_registro_transferencia_propriedade,specific_high_precision,rule_that_solves_or_clarifies_question,True,False,strict,206,not_applicable_or_not_outdated,,,registro; proprietario; crv,registro; proprietario,Do Registro de Veículos (arts. 120 e 129-B da Lei nº 9.503/1997),Vínculo por assunto + termos do enunciado/alternativas/comentário. Exibir como card principal somente se importador aceitar score e revisão.,
1144064,ctb_licenciamento_crlv_digital,specific_high_precision,rule_that_solves_or_clarifies_question,False,True,ambiguous_top_candidate,191,not_applicable_or_not_outdated,,,licenciamento; licenciado; renavam,licenciamento,Do Registro de Veículos (arts. 120 e 129-B da Lei nº 9.503/1997),Vínculo por assunto + termos do enunciado/alternativas/comentário. Exibir como card principal somente se importador aceitar score e revisão.,
1200623,subject_overview::do-registro-de-veiculos-arts-120-e-129-b-da-lei-n-9-503-1997,subject_overview_fallback,general_orientation_only,False,False,downgraded_weak_evidence,50,not_applicable_or_not_outdated,,,Do Registro de Veículos (arts. 120 e 129-B da Lei nº 9.503/1997),,Do Registro de Veículos (arts. 120 e 129-B da Lei nº 9.503/1997),Vínculo específico rebaixado: a evidência era genérica/fraca. Exibir apenas panorama do assunto até revisão humana.,
1403192,subject_overview::do-registro-de-veiculos-arts-120-e-129-b-da-lei-n-9-503-1997,subject_overview_fallback,general_orientation_only,False,False,downgraded_weak_evidence,50,not_applicable_or_not_outdated,,,Do Registro de Veículos (arts. 120 e 129-B da Lei nº 9.503/1997),,Do Registro de Veículos (arts. 120 e 129-B da Lei nº 9.503/1997),Vínculo específico rebaixado: a evidência era genérica/fraca. Exibir apenas panorama do assunto até revisão humana.,
1505586,subject_overview::do-registro-de-veiculos-arts-120-e-129-b-da-lei-n-9-503-1997,subject_overview_fallback,general_orientation_only,False,False,downgraded_weak_evidence,50,not_applicable_or_not_outdated,,,Do Registro de Veículos (arts. 120 e 129-B da Lei nº 9.503/1997),,Do Registro de Veículos (arts. 120 e 129-B da Lei nº 9.503/1997),Vínculo específico rebaixado: a evidência era genérica/fraca. Exibir apenas panorama do assunto até revisão humana.,
1521259,ctb_registro_transferencia_propriedade,specific_high_precision,rule_that_solves_or_clarifies_question,True,False,strict,206,not_applicable_or_not_outdated,,,registro; proprietario; crv,registro; crv,Do Registro de Veículos (arts. 120 e 129-B da Lei nº 9.503/1997),Vínculo por assunto + termos do enunciado/alternativas/comentário. Exibir como card principal somente se importador aceitar score e revisão.,
1521260,ctb_registro_transferencia_propriedade,specific_high_precision,rule_that_solves_or_clarifies_question,True,False,strict,194,not_applicable_or_not_outdated,,,registro; alienacao,registro; alienacao,Do Registro de Veículos (arts. 120 e 129-B da Lei nº 9.503/1997),Vínculo por assunto + termos do enunciado/alternativas/comentário. Exibir como card principal somente se importador aceitar score e revisão.,
1525686,ctb_registro_transferencia_propriedade,specific_high_precision,rule_that_solves_or_clarifies_question,True,False,strict,206,not_applicable_or_not_outdated,,,registro; proprietario; crv,registro; proprietario,Do Registro de Veículos (arts. 120 e 129-B da Lei nº 9.503/1997),Vínculo por assunto + termos do enunciado/alternativas/comentário. Exibir como card principal somente se importador aceitar score e revisão.,
1574045,subject_overview::do-registro-de-veiculos-arts-120-e-129-b-da-lei-n-9-503-1997,subject_overview_fallback,general_orientation_only,False,False,downgraded_weak_evidence,50,not_applicable_or_not_outdated,,,Do Registro de Veículos (arts. 120 e 129-B da Lei nº 9.503/1997),,Do Registro de Veículos (arts. 120 e 129-B da Lei nº 9.503/1997),Vínculo específico rebaixado: a evidência era genérica/fraca. Exibir apenas panorama do assunto até revisão humana.,
1958954,ctb_registro_transferencia_propriedade,specific_high_precision,rule_that_solves_or_clarifies_question,True,False,strict,216,not_applicable_or_not_outdated,,,transferencia; registro; proprietario,transferencia; registro; proprietario,Do Registro de Veículos (arts. 120 e 129-B da Lei nº 9.503/1997),Vínculo por assunto + termos do enunciado/alternativas/comentário. Exibir como card principal somente se importador aceitar score e revisão.,
2072215,ctb_registro_transferencia_propriedade,specific_high_precision,rule_that_solves_or_clarifies_question,True,False,strict,218,not_applicable_or_not_outdated,,,transferencia; registro; proprietario; crv,registro; proprietario,Do Registro de Veículos (arts. 120 e 129-B da Lei nº 9.503/1997),Vínculo por assunto + termos do enunciado/alternativas/comentário. Exibir como card principal somente se importador aceitar score e revisão.,
2465557,ctb_registro_transferencia_propriedade,specific_high_precision,rule_that_solves_or_clarifies_question,True,False,strict,260,not_applicable_or_not_outdated,,,transferencia; registro; proprietario; crv; novo proprietario,transferencia; registro; proprietario; crv; novo proprietario,Do Registro de Veículos (arts. 120 e 129-B da Lei nº 9.503/1997),Vínculo por assunto + termos do enunciado/alternativas/comentário. Exibir como card principal somente se importador aceitar score e revisão.,
27889,ctb_prf_competencias,specific_high_precision,theory_reference_only__not_solution_current_law,False,True,strict,238,needs_audit,False,,policia rodoviaria federal; prf; rodovias e estradas federais; patrulhamento ostensivo,prf; rodovias e estradas federais; patrulhamento ostensivo,Do Sistema Nacional de Trânsito (arts. 5º a 25 da Lei nº 9.503/1997),Vínculo por assunto + termos do enunciado/alternativas/comentário. Exibir como card principal somente se importador aceitar score e revisão.,Questão desatualizada sem gabarito atual pontuável; não exibir como regra que resolve a questão no modo legislação atual.
27893,ctb_snt_competencias_municipio_estado_uniao,specific_high_precision,rule_that_solves_or_clarifies_question,True,False,strict,284,not_applicable_or_not_outdated,,,competencia; conselho; contran; municipio; estado; distrito federal; cetran,competencia; conselho; contran; municipio; estado; distrito federal; cetran,Do Sistema Nacional de Trânsito (arts. 5º a 25 da Lei nº 9.503/1997),Vínculo por assunto + termos do enunciado/alternativas/comentário. Exibir como card principal somente se importador aceitar score e revisão.,
27924,ctb_prf_competencias,specific_high_precision,rule_that_solves_or_clarifies_question,True,False,strict,226,not_applicable_or_not_outdated,,,policia rodoviaria federal; prf; rodovias e estradas federais,policia rodoviaria federal; prf; rodovias e estradas federais,Do Sistema Nacional de Trânsito (arts. 5º a 25 da Lei nº 9.503/1997),Vínculo por assunto + termos do enunciado/alternativas/comentário. Exibir como card principal somente se importador aceitar score e revisão.,
28036,ctb_prf_competencias,specific_high_precision,rule_that_solves_or_clarifies_question,True,False,strict,218,not_applicable_or_not_outdated,,,policia rodoviaria federal; prf; rodovias e estradas federais; patrulhamento ostensivo,prf,Do Sistema Nacional de Trânsito (arts. 5º a 25 da Lei nº 9.503/1997),Vínculo por assunto + termos do enunciado/alternativas/comentário. Exibir como card principal somente se importador aceitar score e revisão.,
28066,ctb_prf_competencias,specific_high_precision,rule_that_solves_or_clarifies_question,True,False,strict,228,not_applicable_or_not_outdated,,,policia rodoviaria federal; prf; rodovias e estradas federais; patrulhamento ostensivo,prf; patrulhamento ostensivo,Do Sistema Nacional de Trânsito (arts. 5º a 25 da Lei nº 9.503/1997),Vínculo por assunto + termos do enunciado/alternativas/comentário. Exibir como card principal somente se importador aceitar score e revisão.,
282556,ctb_snt_competencias_municipio_estado_uniao,specific_high_precision,rule_that_solves_or_clarifies_question,True,False,strict,224,not_applicable_or_not_outdated,,,conselho; contran; municipio; estado; distrito federal; jari; cetran,conselho,Do Sistema Nacional de Trânsito (arts. 5º a 25 da Lei nº 9.503/1997),Vínculo por assunto + termos do enunciado/alternativas/comentário. Exibir como card principal somente se importador aceitar score e revisão.,
360696,ctb_snt_competencias_municipio_estado_uniao,specific_medium_precision,suggested_card_needs_review,False,True,comment_or_subject_evidence_only,142,not_applicable_or_not_outdated,,,jari,,Do Sistema Nacional de Trânsito (arts. 5º a 25 da Lei nº 9.503/1997),Vínculo por assunto + termos do enunciado/alternativas/comentário. Exibir como card principal somente se importador aceitar score e revisão. Termos fortes não apareceram no enunciado/alternativas; não exibir automaticamente no modo Estudar agora.,
774574,ctb_snt_competencias_municipio_estado_uniao,specific_high_precision,rule_that_solves_or_clarifies_question,True,False,strict,218,not_applicable_or_not_outdated,,,competencia; municipio; estado; distrito federal,competencia; municipio; estado; distrito federal,Do Sistema Nacional de Trânsito (arts. 5º a 25 da Lei nº 9.503/1997),Vínculo por assunto + termos do enunciado/alternativas/comentário. Exibir como card principal somente se importador aceitar score e revisão.,
778170,ctb_prf_competencias,specific_high_precision,rule_that_solves_or_clarifies_question,True,False,strict,216,not_applicable_or_not_outdated,,,policia rodoviaria federal; prf; rodovias e estradas federais,policia rodoviaria federal; rodovias e estradas federais,Do Sistema Nacional de Trânsito (arts. 5º a 25 da Lei nº 9.503/1997),Vínculo por assunto + termos do enunciado/alternativas/comentário. Exibir como card principal somente se importador aceitar score e revisão.,
778171,ctb_snt_competencias_municipio_estado_uniao,specific_high_precision,rule_that_solves_or_clarifies_question,True,False,strict,188,not_applicable_or_not_outdated,,,competencia; conselho; contran; senatran,contran,Do Sistema Nacional de Trânsito (arts. 5º a 25 da Lei nº 9.503/1997),Vínculo por assunto + termos do enunciado/alternativas/comentário. Exibir como card principal somente se importador aceitar score e revisão.,
860370,ctb_snt_competencias_municipio_estado_uniao,specific_high_precision,rule_that_solves_or_clarifies_question,True,False,strict,198,not_applicable_or_not_outdated,,,competencia; conselho; contran; municipio,competencia; municipio,Do Sistema Nacional de Trânsito (arts. 5º a 25 da Lei nº 9.503/1997),Vínculo por assunto + termos do enunciado/alternativas/comentário. Exibir como card principal somente se importador aceitar score e revisão.,
903191,ctb_snt_competencias_municipio_estado_uniao,specific_high_precision,rule_that_solves_or_clarifies_question,True,False,strict,196,not_applicable_or_not_outdated,,,contran; jari; cetran,contran; jari; cetran,Do Sistema Nacional de Trânsito (arts. 5º a 25 da Lei nº 9.503/1997),Vínculo por assunto + termos do enunciado/alternativas/comentário. Exibir como card principal somente se importador aceitar score e revisão.,
1018716,ctb_snt_competencias_municipio_estado_uniao,specific_high_precision,rule_that_solves_or_clarifies_question,True,False,strict,196,not_applicable_or_not_outdated,,,competencia; municipio; estado,competencia; municipio; estado,Do Sistema Nacional de Trânsito (arts. 5º a 25 da Lei nº 9.503/1997),Vínculo por assunto + termos do enunciado/alternativas/comentário. Exibir como card principal somente se importador aceitar score e revisão.,
1144053,ctb_snt_competencias_municipio_estado_uniao,specific_high_precision,rule_that_solves_or_clarifies_question,True,False,strict,220,not_applicable_or_not_outdated,,,competencia; conselho; contran; estado; distrito federal,conselho; contran; distrito federal,Do Sistema Nacional de Trânsito (arts. 5º a 25 da Lei nº 9.503/1997),Vínculo por assunto + termos do enunciado/alternativas/comentário. Exibir como card principal somente se importador aceitar score e revisão.,
1165400,ctb_snt_competencias_municipio_estado_uniao,specific_high_precision,rule_that_solves_or_clarifies_question,True,False,strict,196,not_applicable_or_not_outdated,,,conselho; contran; distrito federal,conselho; contran; distrito federal,Do Sistema Nacional de Trânsito (arts. 5º a 25 da Lei nº 9.503/1997),Vínculo por assunto + termos do enunciado/alternativas/comentário. Exibir como card principal somente se importador aceitar score e revisão.,
1402576,ctb_snt_competencias_municipio_estado_uniao,specific_high_precision,rule_that_solves_or_clarifies_question,True,False,strict,176,not_applicable_or_not_outdated,,,municipio; estado; distrito federal,municipio,Do Sistema Nacional de Trânsito (arts. 5º a 25 da Lei nº 9.503/1997),Vínculo por assunto + termos do enunciado/alternativas/comentário. Exibir como card principal somente se importador aceitar score e revisão.,
1403011,ctb_prf_competencias,specific_high_precision,rule_that_solves_or_clarifies_question,True,False,strict,218,not_applicable_or_not_outdated,,,policia rodoviaria federal; prf; rodovias e estradas federais; patrulhamento ostensivo,prf,Do Sistema Nacional de Trânsito (arts. 5º a 25 da Lei nº 9.503/1997),Vínculo por assunto + termos do enunciado/alternativas/comentário. Exibir como card principal somente se importador aceitar score e revisão.,
1403487,ctb_snt_competencias_municipio_estado_uniao,specific_high_precision,rule_that_solves_or_clarifies_question,True,False,strict,198,not_applicable_or_not_outdated,,,competencia; municipio; estado; jari,competencia; jari,Do Sistema Nacional de Trânsito (arts. 5º a 25 da Lei nº 9.503/1997),Vínculo por assunto + termos do enunciado/alternativas/comentário. Exibir como card principal somente se importador aceitar score e revisão.,
1403489,ctb_snt_competencias_municipio_estado_uniao,specific_high_precision,rule_that_solves_or_clarifies_question,True,False,strict,200,not_applicable_or_not_outdated,,,competencia; orgao executivo; municipio; estado; distrito federal,orgao executivo,Do Sistema Nacional de Trânsito (arts. 5º a 25 da Lei nº 9.503/1997),Vínculo por assunto + termos do enunciado/alternativas/comentário. Exibir como card principal somente se importador aceitar score e revisão.,
1403491,ctb_snt_competencias_municipio_estado_uniao,specific_high_precision,rule_that_solves_or_clarifies_question,True,False,strict,210,not_applicable_or_not_outdated,,,competencia; conselho; contran; estado; distrito federal,conselho; contran,Do Sistema Nacional de Trânsito (arts. 5º a 25 da Lei nº 9.503/1997),Vínculo por assunto + termos do enunciado/alternativas/comentário. Exibir como card principal somente se importador aceitar score e revisão.,
1403494,ctb_prf_competencias,specific_high_precision,rule_that_solves_or_clarifies_question,True,False,strict,206,not_applicable_or_not_outdated,,,policia rodoviaria federal; prf; rodovias e estradas federais,prf,Do Sistema Nacional de Trânsito (arts. 5º a 25 da Lei nº 9.503/1997),Vínculo por assunto + termos do enunciado/alternativas/comentário. Exibir como card principal somente se importador aceitar score e revisão.,
1403497,ctb_snt_competencias_municipio_estado_uniao,specific_high_precision,rule_that_solves_or_clarifies_question,True,False,strict,152,not_applicable_or_not_outdated,,,contran,contran,Do Sistema Nacional de Trânsito (arts. 5º a 25 da Lei nº 9.503/1997),Vínculo por assunto + termos do enunciado/alternativas/comentário. Exibir como card principal somente se importador aceitar score e revisão.,
1415238,ctb_snt_competencias_municipio_estado_uniao,specific_high_precision,rule_that_solves_or_clarifies_question,True,False,strict,152,not_applicable_or_not_outdated,,,conselho,conselho,Do Sistema Nacional de Trânsito (arts. 5º a 25 da Lei nº 9.503/1997),Vínculo por assunto + termos do enunciado/alternativas/comentário. Exibir como card principal somente se importador aceitar score e revisão.,
1489560,ctb_prf_competencias,specific_high_precision,rule_that_solves_or_clarifies_question,True,False,strict,206,not_applicable_or_not_outdated,,,policia rodoviaria federal; prf; rodovias e estradas federais,prf,Do Sistema Nacional de Trânsito (arts. 5º a 25 da Lei nº 9.503/1997),Vínculo por assunto + termos do enunciado/alternativas/comentário. Exibir como card principal somente se importador aceitar score e revisão.,
1489561,ctb_snt_competencias_municipio_estado_uniao,specific_high_precision,rule_that_solves_or_clarifies_question,True,False,strict,188,not_applicable_or_not_outdated,,,conselho; contran; estado; distrito federal,conselho,Do Sistema Nacional de Trânsito (arts. 5º a 25 da Lei nº 9.503/1997),Vínculo por assunto + termos do enunciado/alternativas/comentário. Exibir como card principal somente se importador aceitar score e revisão.,
1489562,ctb_snt_competencias_municipio_estado_uniao,specific_high_precision,rule_that_solves_or_clarifies_question,True,False,strict,210,not_applicable_or_not_outdated,,,competencia; conselho; contran; estado; distrito federal,conselho; contran,Do Sistema Nacional de Trânsito (arts. 5º a 25 da Lei nº 9.503/1997),Vínculo por assunto + termos do enunciado/alternativas/comentário. Exibir como card principal somente se importador aceitar score e revisão.,
1489563,ctb_snt_competencias_municipio_estado_uniao,specific_high_precision,rule_that_solves_or_clarifies_question,True,False,strict,164,not_applicable_or_not_outdated,,,estado; distrito federal,estado,Do Sistema Nacional de Trânsito (arts. 5º a 25 da Lei nº 9.503/1997),Vínculo por assunto + termos do enunciado/alternativas/comentário. Exibir como card principal somente se importador aceitar score e revisão.,
1521202,ctb_snt_competencias_municipio_estado_uniao,specific_high_precision,rule_that_solves_or_clarifies_question,True,False,strict,220,not_applicable_or_not_outdated,,,competencia; conselho; contran; estado; distrito federal,conselho; contran; estado,Do Sistema Nacional de Trânsito (arts. 5º a 25 da Lei nº 9.503/1997),Vínculo por assunto + termos do enunciado/alternativas/comentário. Exibir como card principal somente se importador aceitar score e revisão.,
1521206,ctb_snt_competencias_municipio_estado_uniao,specific_high_precision,rule_that_solves_or_clarifies_question,True,False,strict,152,not_applicable_or_not_outdated,,,contran,contran,Do Sistema Nacional de Trânsito (arts. 5º a 25 da Lei nº 9.503/1997),Vínculo por assunto + termos do enunciado/alternativas/comentário. Exibir como card principal somente se importador aceitar score e revisão.,
1521207,ctb_snt_competencias_municipio_estado_uniao,specific_high_precision,rule_that_solves_or_clarifies_question,True,False,strict,152,not_applicable_or_not_outdated,,,contran,contran,Do Sistema Nacional de Trânsito (arts. 5º a 25 da Lei nº 9.503/1997),Vínculo por assunto + termos do enunciado/alternativas/comentário. Exibir como card principal somente se importador aceitar score e revisão.,
1521209,ctb_snt_competencias_municipio_estado_uniao,specific_high_precision,rule_that_solves_or_clarifies_question,True,False,strict,152,not_applicable_or_not_outdated,,,contran,contran,Do Sistema Nacional de Trânsito (arts. 5º a 25 da Lei nº 9.503/1997),Vínculo por assunto + termos do enunciado/alternativas/comentário. Exibir como card principal somente se importador aceitar score e revisão.,
1521211,subject_overview::do-sistema-nacional-de-transito-arts-5-a-25-da-lei-n-9-503-1997,subject_overview_fallback,general_orientation_only,False,False,downgraded_weak_evidence,50,not_applicable_or_not_outdated,,,Do Sistema Nacional de Trânsito (arts. 5º a 25 da Lei nº 9.503/1997),,Do Sistema Nacional de Trânsito (arts. 5º a 25 da Lei nº 9.503/1997),Vínculo específico rebaixado: a evidência era genérica/fraca. Exibir apenas panorama do assunto até revisão humana.,
1521216,subject_overview::do-sistema-nacional-de-transito-arts-5-a-25-da-lei-n-9-503-1997,subject_overview_fallback,general_orientation_only,False,False,downgraded_weak_evidence,50,not_applicable_or_not_outdated,,,Do Sistema Nacional de Trânsito (arts. 5º a 25 da Lei nº 9.503/1997),,Do Sistema Nacional de Trânsito (arts. 5º a 25 da Lei nº 9.503/1997),Vínculo específico rebaixado: a evidência era genérica/fraca. Exibir apenas panorama do assunto até revisão humana.,
1521220,subject_overview::do-sistema-nacional-de-transito-arts-5-a-25-da-lei-n-9-503-1997,subject_overview_fallback,general_orientation_only,False,False,downgraded_weak_evidence,50,not_applicable_or_not_outdated,,,Do Sistema Nacional de Trânsito (arts. 5º a 25 da Lei nº 9.503/1997),,Do Sistema Nacional de Trânsito (arts. 5º a 25 da Lei nº 9.503/1997),Vínculo específico rebaixado: a evidência era genérica/fraca. Exibir apenas panorama do assunto até revisão humana.,
1521225,ctb_snt_competencias_municipio_estado_uniao,specific_high_precision,rule_that_solves_or_clarifies_question,True,False,strict,152,not_applicable_or_not_outdated,,,contran,contran,Do Sistema Nacional de Trânsito (arts. 5º a 25 da Lei nº 9.503/1997),Vínculo por assunto + termos do enunciado/alternativas/comentário. Exibir como card principal somente se importador aceitar score e revisão.,
1521226,ctb_snt_competencias_municipio_estado_uniao,specific_high_precision,rule_that_solves_or_clarifies_question,True,False,strict,174,not_applicable_or_not_outdated,,,competencia; jari,competencia; jari,Do Sistema Nacional de Trânsito (arts. 5º a 25 da Lei nº 9.503/1997),Vínculo por assunto + termos do enunciado/alternativas/comentário. Exibir como card principal somente se importador aceitar score e revisão.,
1521227,ctb_prf_competencias,specific_high_precision,rule_that_solves_or_clarifies_question,True,False,strict,194,not_applicable_or_not_outdated,,,policia rodoviaria federal; rodovias e estradas federais,policia rodoviaria federal,Do Sistema Nacional de Trânsito (arts. 5º a 25 da Lei nº 9.503/1997),Vínculo por assunto + termos do enunciado/alternativas/comentário. Exibir como card principal somente se importador aceitar score e revisão.,
1521228,ctb_snt_competencias_municipio_estado_uniao,specific_high_precision,rule_that_solves_or_clarifies_question,True,False,strict,196,not_applicable_or_not_outdated,,,municipio; estado; distrito federal,municipio; estado; distrito federal,Do Sistema Nacional de Trânsito (arts. 5º a 25 da Lei nº 9.503/1997),Vínculo por assunto + termos do enunciado/alternativas/comentário. Exibir como card principal somente se importador aceitar score e revisão.,
1521230,ctb_snt_competencias_municipio_estado_uniao,specific_high_precision,rule_that_solves_or_clarifies_question,True,False,strict,186,not_applicable_or_not_outdated,,,competencia; estado; distrito federal,estado; distrito federal,Do Sistema Nacional de Trânsito (arts. 5º a 25 da Lei nº 9.503/1997),Vínculo por assunto + termos do enunciado/alternativas/comentário. Exibir como card principal somente se importador aceitar score e revisão.,
1521232,ctb_snt_competencias_municipio_estado_uniao,specific_high_precision,rule_that_solves_or_clarifies_question,True,False,strict,188,not_applicable_or_not_outdated,,,competencia; estado; distrito federal; jari,jari,Do Sistema Nacional de Trânsito (arts. 5º a 25 da Lei nº 9.503/1997),Vínculo por assunto + termos do enunciado/alternativas/comentário. Exibir como card principal somente se importador aceitar score e revisão.,
1521233,ctb_snt_competencias_municipio_estado_uniao,specific_high_precision,rule_that_solves_or_clarifies_question,True,False,strict,196,not_applicable_or_not_outdated,,,competencia; estado; distrito federal,competencia; estado; distrito federal,Do Sistema Nacional de Trânsito (arts. 5º a 25 da Lei nº 9.503/1997),Vínculo por assunto + termos do enunciado/alternativas/comentário. Exibir como card principal somente se importador aceitar score e revisão.,
1521234,ctb_snt_competencias_municipio_estado_uniao,specific_high_precision,rule_that_solves_or_clarifies_question,True,False,strict,208,not_applicable_or_not_outdated,,,competencia; municipio; estado; distrito federal,competencia; estado; distrito federal,Do Sistema Nacional de Trânsito (arts. 5º a 25 da Lei nº 9.503/1997),Vínculo por assunto + termos do enunciado/alternativas/comentário. Exibir como card principal somente se importador aceitar score e revisão.,
1521237,ctb_snt_competencias_municipio_estado_uniao,specific_high_precision,rule_that_solves_or_clarifies_question,True,False,strict,152,not_applicable_or_not_outdated,,,municipio,municipio,Do Sistema Nacional de Trânsito (arts. 5º a 25 da Lei nº 9.503/1997),Vínculo por assunto + termos do enunciado/alternativas/comentário. Exibir como card principal somente se importador aceitar score e revisão.,
1521238,ctb_snt_competencias_municipio_estado_uniao,specific_high_precision,rule_that_solves_or_clarifies_question,True,False,strict,164,not_applicable_or_not_outdated,,,competencia; municipio,municipio,Do Sistema Nacional de Trânsito (arts. 5º a 25 da Lei nº 9.503/1997),Vínculo por assunto + termos do enunciado/alternativas/comentário. Exibir como card principal somente se importador aceitar score e revisão.,
1521240,ctb_snt_competencias_municipio_estado_uniao,specific_high_precision,rule_that_solves_or_clarifies_question,True,False,strict,152,not_applicable_or_not_outdated,,,municipio,municipio,Do Sistema Nacional de Trânsito (arts. 5º a 25 da Lei nº 9.503/1997),Vínculo por assunto + termos do enunciado/alternativas/comentário. Exibir como card principal somente se importador aceitar score e revisão.,
1521242,ctb_snt_competencias_municipio_estado_uniao,specific_high_precision,rule_that_solves_or_clarifies_question,True,False,strict,164,not_applicable_or_not_outdated,,,competencia; contran,competencia,Do Sistema Nacional de Trânsito (arts. 5º a 25 da Lei nº 9.503/1997),Vínculo por assunto + termos do enunciado/alternativas/comentário. Exibir como card principal somente se importador aceitar score e revisão.,
1521243,ctb_snt_competencias_municipio_estado_uniao,specific_high_precision,rule_that_solves_or_clarifies_question,True,False,strict,152,not_applicable_or_not_outdated,,,contran,contran,Do Sistema Nacional de Trânsito (arts. 5º a 25 da Lei nº 9.503/1997),Vínculo por assunto + termos do enunciado/alternativas/comentário. Exibir como card principal somente se importador aceitar score e revisão.,
1525650,ctb_snt_competencias_municipio_estado_uniao,specific_high_precision,rule_that_solves_or_clarifies_question,True,False,strict,198,not_applicable_or_not_outdated,,,conselho; contran; estado; distrito federal,conselho; contran,Do Sistema Nacional de Trânsito (arts. 5º a 25 da Lei nº 9.503/1997),Vínculo por assunto + termos do enunciado/alternativas/comentário. Exibir como card principal somente se importador aceitar score e revisão.,
1525651,ctb_snt_competencias_municipio_estado_uniao,specific_high_precision,rule_that_solves_or_clarifies_question,True,False,strict,152,not_applicable_or_not_outdated,,,estado,estado,Do Sistema Nacional de Trânsito (arts. 5º a 25 da Lei nº 9.503/1997),Vínculo por assunto + termos do enunciado/alternativas/comentário. Exibir como card principal somente se importador aceitar score e revisão.,
1525653,subject_overview::do-sistema-nacional-de-transito-arts-5-a-25-da-lei-n-9-503-1997,subject_overview_fallback,general_orientation_only,False,False,fallback_by_assunto,50,not_applicable_or_not_outdated,,,Do Sistema Nacional de Trânsito (arts. 5º a 25 da Lei nº 9.503/1997),,Do Sistema Nacional de Trânsito (arts. 5º a 25 da Lei nº 9.503/1997),"Sem evidência suficiente para microcard específico. Exibir apenas como panorama do assunto, nunca como regra que resolve a questão.",
1525654,ctb_prf_competencias,specific_high_precision,rule_that_solves_or_clarifies_question,True,False,strict,204,not_applicable_or_not_outdated,,,policia rodoviaria federal; rodovias e estradas federais,policia rodoviaria federal; rodovias e estradas federais,Do Sistema Nacional de Trânsito (arts. 5º a 25 da Lei nº 9.503/1997),Vínculo por assunto + termos do enunciado/alternativas/comentário. Exibir como card principal somente se importador aceitar score e revisão.,
1525655,ctb_snt_competencias_municipio_estado_uniao,specific_high_precision,rule_that_solves_or_clarifies_question,True,False,strict,174,not_applicable_or_not_outdated,,,estado; distrito federal,estado; distrito federal,Do Sistema Nacional de Trânsito (arts. 5º a 25 da Lei nº 9.503/1997),Vínculo por assunto + termos do enunciado/alternativas/comentário. Exibir como card principal somente se importador aceitar score e revisão.,
1525657,ctb_snt_competencias_municipio_estado_uniao,specific_high_precision,rule_that_solves_or_clarifies_question,True,False,strict,152,not_applicable_or_not_outdated,,,municipio,municipio,Do Sistema Nacional de Trânsito (arts. 5º a 25 da Lei nº 9.503/1997),Vínculo por assunto + termos do enunciado/alternativas/comentário. Exibir como card principal somente se importador aceitar score e revisão.,
1525681,ctb_snt_competencias_municipio_estado_uniao,specific_high_precision,rule_that_solves_or_clarifies_question,True,False,strict,152,not_applicable_or_not_outdated,,,contran,contran,Do Sistema Nacional de Trânsito (arts. 5º a 25 da Lei nº 9.503/1997),Vínculo por assunto + termos do enunciado/alternativas/comentário. Exibir como card principal somente se importador aceitar score e revisão.,
1525682,ctb_snt_competencias_municipio_estado_uniao,specific_high_precision,rule_that_solves_or_clarifies_question,True,False,strict,152,not_applicable_or_not_outdated,,,municipio,municipio,Do Sistema Nacional de Trânsito (arts. 5º a 25 da Lei nº 9.503/1997),Vínculo por assunto + termos do enunciado/alternativas/comentário. Exibir como card principal somente se importador aceitar score e revisão.,
1525691,ctb_snt_competencias_municipio_estado_uniao,specific_high_precision,rule_that_solves_or_clarifies_question,True,False,strict,152,not_applicable_or_not_outdated,,,contran,contran,Do Sistema Nacional de Trânsito (arts. 5º a 25 da Lei nº 9.503/1997),Vínculo por assunto + termos do enunciado/alternativas/comentário. Exibir como card principal somente se importador aceitar score e revisão.,
1525692,ctb_snt_competencias_municipio_estado_uniao,specific_high_precision,rule_that_solves_or_clarifies_question,True,False,strict,152,not_applicable_or_not_outdated,,,contran,contran,Do Sistema Nacional de Trânsito (arts. 5º a 25 da Lei nº 9.503/1997),Vínculo por assunto + termos do enunciado/alternativas/comentário. Exibir como card principal somente se importador aceitar score e revisão.,
1525693,ctb_snt_competencias_municipio_estado_uniao,specific_high_precision,rule_that_solves_or_clarifies_question,True,False,strict,152,not_applicable_or_not_outdated,,,contran,contran,Do Sistema Nacional de Trânsito (arts. 5º a 25 da Lei nº 9.503/1997),Vínculo por assunto + termos do enunciado/alternativas/comentário. Exibir como card principal somente se importador aceitar score e revisão.,
1573549,ctb_snt_competencias_municipio_estado_uniao,specific_high_precision,rule_that_solves_or_clarifies_question,True,False,strict,224,not_applicable_or_not_outdated,,,conselho; contran; municipio; estado; distrito federal; jari; cetran,estado,Do Sistema Nacional de Trânsito (arts. 5º a 25 da Lei nº 9.503/1997),Vínculo por assunto + termos do enunciado/alternativas/comentário. Exibir como card principal somente se importador aceitar score e revisão.,
1573550,subject_overview::do-sistema-nacional-de-transito-arts-5-a-25-da-lei-n-9-503-1997,subject_overview_fallback,general_orientation_only,False,False,fallback_by_assunto,50,not_applicable_or_not_outdated,,,Do Sistema Nacional de Trânsito (arts. 5º a 25 da Lei nº 9.503/1997),,Do Sistema Nacional de Trânsito (arts. 5º a 25 da Lei nº 9.503/1997),"Sem evidência suficiente para microcard específico. Exibir apenas como panorama do assunto, nunca como regra que resolve a questão.",
1577045,ctb_snt_competencias_municipio_estado_uniao,specific_high_precision,rule_that_solves_or_clarifies_question,True,False,strict,198,not_applicable_or_not_outdated,,,conselho; contran; senatran; estado,conselho; contran,Do Sistema Nacional de Trânsito (arts. 5º a 25 da Lei nº 9.503/1997),Vínculo por assunto + termos do enunciado/alternativas/comentário. Exibir como card principal somente se importador aceitar score e revisão.,
1577108,ctb_snt_competencias_municipio_estado_uniao,specific_high_precision,suggested_card_needs_review,False,True,comment_or_subject_evidence_only,166,not_applicable_or_not_outdated,,,municipio; estado; distrito federal,,Do Sistema Nacional de Trânsito (arts. 5º a 25 da Lei nº 9.503/1997),Vínculo por assunto + termos do enunciado/alternativas/comentário. Exibir como card principal somente se importador aceitar score e revisão. Termos fortes não apareceram no enunciado/alternativas; não exibir automaticamente no modo Estudar agora.,
1609842,ctb_prf_competencias,specific_high_precision,rule_that_solves_or_clarifies_question,False,True,ambiguous_top_candidate,218,not_applicable_or_not_outdated,,,policia rodoviaria federal; prf; rodovias e estradas federais; patrulhamento ostensivo,policia rodoviaria federal,Do Sistema Nacional de Trânsito (arts. 5º a 25 da Lei nº 9.503/1997),Vínculo por assunto + termos do enunciado/alternativas/comentário. Exibir como card principal somente se importador aceitar score e revisão.,
1619515,ctb_snt_competencias_municipio_estado_uniao,specific_high_precision,rule_that_solves_or_clarifies_question,False,True,ambiguous_top_candidate,188,not_applicable_or_not_outdated,,,competencia; conselho; municipio; estado,municipio,Do Sistema Nacional de Trânsito (arts. 5º a 25 da Lei nº 9.503/1997),Vínculo por assunto + termos do enunciado/alternativas/comentário. Exibir como card principal somente se importador aceitar score e revisão.,
1905644,ctb_veiculos_classificacao_especie_categoria,specific_high_precision,suggested_card_needs_review,False,True,comment_or_subject_evidence_only,166,not_applicable_or_not_outdated,,,tracao; especie; categoria,,Do Sistema Nacional de Trânsito (arts. 5º a 25 da Lei nº 9.503/1997),Vínculo por assunto + termos do enunciado/alternativas/comentário. Exibir como card principal somente se importador aceitar score e revisão. Termos fortes não apareceram no enunciado/alternativas; não exibir automaticamente no modo Estudar agora.,
2450590,ctb_snt_competencias_municipio_estado_uniao,specific_high_precision,rule_that_solves_or_clarifies_question,True,False,strict,208,not_applicable_or_not_outdated,,,conselho; contran; estado; distrito federal,conselho; estado; distrito federal,Do Sistema Nacional de Trânsito (arts. 5º a 25 da Lei nº 9.503/1997),Vínculo por assunto + termos do enunciado/alternativas/comentário. Exibir como card principal somente se importador aceitar score e revisão.,
27883,ctb_conceitos_anexo_i,specific_high_precision,rule_that_solves_or_clarifies_question,True,False,strict,218,not_applicable_or_not_outdated,,,anexo i; conceito; veiculo; transito,conceito; veiculo; transito,Dos Conceitos e Definições (Anexo I da Lei nº 9.503/1997),Vínculo por assunto + termos do enunciado/alternativas/comentário. Exibir como card principal somente se importador aceitar score e revisão.,
28065,ctb_anexo_i_conceitos_basicos,specific_high_precision,rule_that_solves_or_clarifies_question,True,False,strict,235,not_applicable_or_not_outdated,,,conceito; anexo i; transito; parada; estacionamento,transito; parada; estacionamento,Dos Conceitos e Definições (Anexo I da Lei nº 9.503/1997),Vínculo por assunto + termos do enunciado/alternativas/comentário. Exibir como card principal somente se importador aceitar score e revisão.,
28217,ctb_conceitos_anexo_i,specific_high_precision,rule_that_solves_or_clarifies_question,True,False,strict,242,not_applicable_or_not_outdated,,,anexo i; conceito; definicao; via; veiculo; transito,via; veiculo; transito,Dos Conceitos e Definições (Anexo I da Lei nº 9.503/1997),Vínculo por assunto + termos do enunciado/alternativas/comentário. Exibir como card principal somente se importador aceitar score e revisão.,
554162,ctb_anexo_i_conceitos_basicos,specific_high_precision,rule_that_solves_or_clarifies_question,True,False,strict,279,not_applicable_or_not_outdated,,,conceito; definicao; anexo i; via; transito; parada; estacionamento,definicao; anexo i; via; transito; parada,Dos Conceitos e Definições (Anexo I da Lei nº 9.503/1997),Vínculo por assunto + termos do enunciado/alternativas/comentário. Exibir como card principal somente se importador aceitar score e revisão.,
752272,ctb_conceitos_anexo_i,specific_high_precision,rule_that_solves_or_clarifies_question,True,False,strict,220,not_applicable_or_not_outdated,,,anexo i; conceito; definicao; veiculo; transito,veiculo; transito,Dos Conceitos e Definições (Anexo I da Lei nº 9.503/1997),Vínculo por assunto + termos do enunciado/alternativas/comentário. Exibir como card principal somente se importador aceitar score e revisão.,
911719,ctb_conceitos_anexo_i,specific_high_precision,rule_that_solves_or_clarifies_question,True,False,strict,220,not_applicable_or_not_outdated,,,anexo i; conceito; definicao; veiculo; transito,veiculo; transito,Dos Conceitos e Definições (Anexo I da Lei nº 9.503/1997),Vínculo por assunto + termos do enunciado/alternativas/comentário. Exibir como card principal somente se importador aceitar score e revisão.,
1256715,ctb_conceitos_anexo_i,specific_high_precision,rule_that_solves_or_clarifies_question,True,False,strict,196,not_applicable_or_not_outdated,,,anexo i; conceito; veiculo,anexo i; veiculo,Dos Conceitos e Definições (Anexo I da Lei nº 9.503/1997),Vínculo por assunto + termos do enunciado/alternativas/comentário. Exibir como card principal somente se importador aceitar score e revisão.,
1295473,ctb_conceitos_anexo_i,specific_high_precision,rule_that_solves_or_clarifies_question,False,True,ambiguous_top_candidate,198,not_applicable_or_not_outdated,,,anexo i; conceito; veiculo; transito,transito,Dos Conceitos e Definições (Anexo I da Lei nº 9.503/1997),Vínculo por assunto + termos do enunciado/alternativas/comentário. Exibir como card principal somente se importador aceitar score e revisão.,
1400753,ctb_anexo_i_conceitos_basicos,specific_high_precision,rule_that_solves_or_clarifies_question,False,True,ambiguous_top_candidate,247,not_applicable_or_not_outdated,,,conceito; definicao; anexo i; via; transito; acostamento,via; transito; acostamento,Dos Conceitos e Definições (Anexo I da Lei nº 9.503/1997),Vínculo por assunto + termos do enunciado/alternativas/comentário. Exibir como card principal somente se importador aceitar score e revisão.,
1400754,ctb_anexo_i_conceitos_basicos,specific_high_precision,rule_that_solves_or_clarifies_question,True,False,strict,291,not_applicable_or_not_outdated,,,conceito; definicao; anexo i; via; transito; acostamento; parada; estacionamento,via; transito; acostamento; parada; estacionamento,Dos Conceitos e Definições (Anexo I da Lei nº 9.503/1997),Vínculo por assunto + termos do enunciado/alternativas/comentário. Exibir como card principal somente se importador aceitar score e revisão.,
1441604,ctb_anexo_i_conceitos_basicos,specific_high_precision,rule_that_solves_or_clarifies_question,True,False,strict,257,not_applicable_or_not_outdated,,,conceito; anexo i; via; transito; parada; estacionamento,via; transito; parada; estacionamento,Dos Conceitos e Definições (Anexo I da Lei nº 9.503/1997),Vínculo por assunto + termos do enunciado/alternativas/comentário. Exibir como card principal somente se importador aceitar score e revisão.,
1492824,ctb_conceitos_anexo_i,specific_high_precision,rule_that_solves_or_clarifies_question,True,False,strict,220,not_applicable_or_not_outdated,,,anexo i; conceito; definicao; veiculo; transito,veiculo; transito,Dos Conceitos e Definições (Anexo I da Lei nº 9.503/1997),Vínculo por assunto + termos do enunciado/alternativas/comentário. Exibir como card principal somente se importador aceitar score e revisão.,
1572192,ctb_conceitos_anexo_i,specific_high_precision,rule_that_solves_or_clarifies_question,True,False,strict,210,not_applicable_or_not_outdated,,,anexo i; conceito; definicao; veiculo; transito,veiculo,Dos Conceitos e Definições (Anexo I da Lei nº 9.503/1997),Vínculo por assunto + termos do enunciado/alternativas/comentário. Exibir como card principal somente se importador aceitar score e revisão.,
1577111,ctb_conceitos_anexo_i,specific_high_precision,rule_that_solves_or_clarifies_question,False,True,ambiguous_top_candidate,220,not_applicable_or_not_outdated,,,anexo i; conceito; via; veiculo; transito,via; transito,Dos Conceitos e Definições (Anexo I da Lei nº 9.503/1997),Vínculo por assunto + termos do enunciado/alternativas/comentário. Exibir como card principal somente se importador aceitar score e revisão.,
1724633,ctb_conceitos_anexo_i,specific_high_precision,rule_that_solves_or_clarifies_question,False,True,ambiguous_top_candidate,230,not_applicable_or_not_outdated,,,anexo i; conceito; definicao; via; veiculo,conceito; via; veiculo,Dos Conceitos e Definições (Anexo I da Lei nº 9.503/1997),Vínculo por assunto + termos do enunciado/alternativas/comentário. Exibir como card principal somente se importador aceitar score e revisão.,
1752819,ctb_conceitos_anexo_i,specific_high_precision,rule_that_solves_or_clarifies_question,True,False,strict,220,not_applicable_or_not_outdated,,,anexo i; conceito; definicao; veiculo; transito,veiculo; transito,Dos Conceitos e Definições (Anexo I da Lei nº 9.503/1997),Vínculo por assunto + termos do enunciado/alternativas/comentário. Exibir como card principal somente se importador aceitar score e revisão.,
27942,ctb_pedestres_prioridade,specific_high_precision,rule_that_solves_or_clarifies_question,True,False,strict,228,not_applicable_or_not_outdated,,,pedestre; faixa; prioridade; travessia,pedestre; faixa; travessia,Dos Pedestres e Veículos Não-Motorizados (arts. 68 a 71 da Lei nº 9.503/1997),Vínculo por assunto + termos do enunciado/alternativas/comentário. Exibir como card principal somente se importador aceitar score e revisão.,
28051,ctb_pedestre_ciclista_passagem,specific_high_precision,rule_that_solves_or_clarifies_question,True,False,strict,206,not_applicable_or_not_outdated,,,pedestre; ciclista; bicicleta,bicicleta,Dos Pedestres e Veículos Não-Motorizados (arts. 68 a 71 da Lei nº 9.503/1997),Vínculo por assunto + termos do enunciado/alternativas/comentário. Exibir como card principal somente se importador aceitar score e revisão.,
28053,ctb_pedestre_ciclista_passagem,specific_high_precision,rule_that_solves_or_clarifies_question,True,False,strict,238,not_applicable_or_not_outdated,,,pedestre; ciclista; faixa de pedestre; bicicleta,pedestre; faixa de pedestre; bicicleta,Dos Pedestres e Veículos Não-Motorizados (arts. 68 a 71 da Lei nº 9.503/1997),Vínculo por assunto + termos do enunciado/alternativas/comentário. Exibir como card principal somente se importador aceitar score e revisão.,
300155,ctb_pedestres_prioridade,specific_high_precision,rule_that_solves_or_clarifies_question,True,False,strict,216,not_applicable_or_not_outdated,,,pedestre; faixa; travessia,pedestre; faixa; travessia,Dos Pedestres e Veículos Não-Motorizados (arts. 68 a 71 da Lei nº 9.503/1997),Vínculo por assunto + termos do enunciado/alternativas/comentário. Exibir como card principal somente se importador aceitar score e revisão.,
312779,ctb_pedestres_prioridade,specific_high_precision,rule_that_solves_or_clarifies_question,True,False,strict,238,not_applicable_or_not_outdated,,,pedestre; faixa; prioridade; travessia,pedestre; faixa; prioridade; travessia,Dos Pedestres e Veículos Não-Motorizados (arts. 68 a 71 da Lei nº 9.503/1997),Vínculo por assunto + termos do enunciado/alternativas/comentário. Exibir como card principal somente se importador aceitar score e revisão.,
1197322,ctb_pedestres_prioridade,specific_high_precision,rule_that_solves_or_clarifies_question,True,False,strict,194,not_applicable_or_not_outdated,,,pedestre; faixa,pedestre; faixa,Dos Pedestres e Veículos Não-Motorizados (arts. 68 a 71 da Lei nº 9.503/1997),Vínculo por assunto + termos do enunciado/alternativas/comentário. Exibir como card principal somente se importador aceitar score e revisão.,
1370017,ctb_pedestres_prioridade,specific_high_precision,rule_that_solves_or_clarifies_question,True,False,strict,194,not_applicable_or_not_outdated,,,pedestre; faixa,pedestre; faixa,Dos Pedestres e Veículos Não-Motorizados (arts. 68 a 71 da Lei nº 9.503/1997),Vínculo por assunto + termos do enunciado/alternativas/comentário. Exibir como card principal somente se importador aceitar score e revisão.,
1579346,ctb_pedestre_ciclista_passagem,specific_high_precision,rule_that_solves_or_clarifies_question,True,False,strict,226,not_applicable_or_not_outdated,,,pedestre; ciclista; bicicleta,pedestre; ciclista; bicicleta,Dos Pedestres e Veículos Não-Motorizados (arts. 68 a 71 da Lei nº 9.503/1997),Vínculo por assunto + termos do enunciado/alternativas/comentário. Exibir como card principal somente se importador aceitar score e revisão.,
1963256,ctb_pedestre_ciclista_passagem,specific_high_precision,rule_that_solves_or_clarifies_question,True,False,strict,226,not_applicable_or_not_outdated,,,pedestre; ciclista; bicicleta,pedestre; ciclista; bicicleta,Dos Pedestres e Veículos Não-Motorizados (arts. 68 a 71 da Lei nº 9.503/1997),Vínculo por assunto + termos do enunciado/alternativas/comentário. Exibir como card principal somente se importador aceitar score e revisão.,
2063998,ctb_pedestres_prioridade,specific_high_precision,rule_that_solves_or_clarifies_question,False,True,ambiguous_top_candidate,228,not_applicable_or_not_outdated,,,pedestre; faixa; prioridade; travessia,pedestre; faixa; prioridade,Dos Pedestres e Veículos Não-Motorizados (arts. 68 a 71 da Lei nº 9.503/1997),Vínculo por assunto + termos do enunciado/alternativas/comentário. Exibir como card principal somente se importador aceitar score e revisão.,
2115683,ctb_pedestres_prioridade,specific_high_precision,rule_that_solves_or_clarifies_question,True,False,strict,206,not_applicable_or_not_outdated,,,pedestre; faixa; travessia,pedestre; faixa,Dos Pedestres e Veículos Não-Motorizados (arts. 68 a 71 da Lei nº 9.503/1997),Vínculo por assunto + termos do enunciado/alternativas/comentário. Exibir como card principal somente se importador aceitar score e revisão.,
27896,subject_overview::dos-veiculos-arts-96-a-117-da-lei-n-9-503-1997,subject_overview_fallback,general_orientation_only,False,False,fallback_by_assunto,50,not_applicable_or_not_outdated,,,Dos Veículos (arts. 96 a 117 da Lei nº 9.503/1997),,Dos Veículos (arts. 96 a 117 da Lei nº 9.503/1997),"Sem evidência suficiente para microcard específico. Exibir apenas como panorama do assunto, nunca como regra que resolve a questão.",
28069,contran_967_baixa_sinistro,specific_high_precision,rule_that_solves_or_clarifies_question,False,True,ambiguous_top_candidate,187,not_applicable_or_not_outdated,,,baixa do registro,baixa do registro,Dos Veículos (arts. 96 a 117 da Lei nº 9.503/1997),Vínculo por assunto + termos do enunciado/alternativas/comentário. Exibir como card principal somente se importador aceitar score e revisão.,
28102,ctb_veiculos_classificacao_especie_categoria,specific_high_precision,suggested_card_needs_review,False,True,comment_or_subject_evidence_only,154,not_applicable_or_not_outdated,,,especie; misto,,Dos Veículos (arts. 96 a 117 da Lei nº 9.503/1997),Vínculo por assunto + termos do enunciado/alternativas/comentário. Exibir como card principal somente se importador aceitar score e revisão. Termos fortes não apareceram no enunciado/alternativas; não exibir automaticamente no modo Estudar agora.,
28216,ctb_veiculos_classificacao_especie_categoria,specific_high_precision,theory_reference_only__not_solution_current_law,False,True,strict,208,needs_audit,False,,classificacao; tracao; automotor; eletrico,tracao; automotor; eletrico,Dos Veículos (arts. 96 a 117 da Lei nº 9.503/1997),Vínculo por assunto + termos do enunciado/alternativas/comentário. Exibir como card principal somente se importador aceitar score e revisão.,Questão desatualizada sem gabarito atual pontuável; não exibir como regra que resolve a questão no modo legislação atual.
28218,subject_overview::dos-veiculos-arts-96-a-117-da-lei-n-9-503-1997,subject_overview_fallback,general_orientation_only,False,False,downgraded_weak_evidence,50,not_applicable_or_not_outdated,,,Dos Veículos (arts. 96 a 117 da Lei nº 9.503/1997),,Dos Veículos (arts. 96 a 117 da Lei nº 9.503/1997),Vínculo específico rebaixado: a evidência era genérica/fraca. Exibir apenas panorama do assunto até revisão humana.,
28219,subject_overview::dos-veiculos-arts-96-a-117-da-lei-n-9-503-1997,subject_overview_fallback,general_orientation_only,False,False,downgraded_weak_evidence,50,not_applicable_or_not_outdated,,,Dos Veículos (arts. 96 a 117 da Lei nº 9.503/1997),,Dos Veículos (arts. 96 a 117 da Lei nº 9.503/1997),Vínculo específico rebaixado: a evidência era genérica/fraca. Exibir apenas panorama do assunto até revisão humana.,
28244,ctb_veiculos_classificacao_especie_categoria,specific_high_precision,rule_that_solves_or_clarifies_question,True,False,strict,186,not_applicable_or_not_outdated,,,passageiros; carga; misto,passageiros; carga,Dos Veículos (arts. 96 a 117 da Lei nº 9.503/1997),Vínculo por assunto + termos do enunciado/alternativas/comentário. Exibir como card principal somente se importador aceitar score e revisão.,
403625,ctb_veiculos_classificacao_especie_categoria,specific_high_precision,rule_that_solves_or_clarifies_question,True,False,strict,262,not_applicable_or_not_outdated,,,tracao; especie; automotor; passageiros; carga; misto,tracao; especie; automotor; passageiros; carga; misto,Dos Veículos (arts. 96 a 117 da Lei nº 9.503/1997),Vínculo por assunto + termos do enunciado/alternativas/comentário. Exibir como card principal somente se importador aceitar score e revisão.,
415845,subject_overview::dos-veiculos-arts-96-a-117-da-lei-n-9-503-1997,subject_overview_fallback,general_orientation_only,False,False,downgraded_weak_evidence,50,not_applicable_or_not_outdated,,,Dos Veículos (arts. 96 a 117 da Lei nº 9.503/1997),,Dos Veículos (arts. 96 a 117 da Lei nº 9.503/1997),Vínculo específico rebaixado: a evidência era genérica/fraca. Exibir apenas panorama do assunto até revisão humana.,
778181,ctb_veiculos_classificacao_especie_categoria,specific_high_precision,suggested_card_needs_review,False,True,comment_or_subject_evidence_only,154,not_applicable_or_not_outdated,,,passageiros; carga,,Dos Veículos (arts. 96 a 117 da Lei nº 9.503/1997),Vínculo por assunto + termos do enunciado/alternativas/comentário. Exibir como card principal somente se importador aceitar score e revisão. Termos fortes não apareceram no enunciado/alternativas; não exibir automaticamente no modo Estudar agora.,
933745,ctb_veiculos_classificacao_especie_categoria,specific_high_precision,rule_that_solves_or_clarifies_question,True,False,strict,164,not_applicable_or_not_outdated,,,passageiros; carga,passageiros,Dos Veículos (arts. 96 a 117 da Lei nº 9.503/1997),Vínculo por assunto + termos do enunciado/alternativas/comentário. Exibir como card principal somente se importador aceitar score e revisão.,
1018167,ctb_veiculos_classificacao_especie_categoria,specific_high_precision,rule_that_solves_or_clarifies_question,True,False,strict,244,not_applicable_or_not_outdated,,,classificacao; tracao; especie; categoria; passageiros; carga; misto,especie; categoria; passageiros,Dos Veículos (arts. 96 a 117 da Lei nº 9.503/1997),Vínculo por assunto + termos do enunciado/alternativas/comentário. Exibir como card principal somente se importador aceitar score e revisão.,
1032490,subject_overview::dos-veiculos-arts-96-a-117-da-lei-n-9-503-1997,subject_overview_fallback,general_orientation_only,False,False,downgraded_weak_evidence,50,not_applicable_or_not_outdated,,,Dos Veículos (arts. 96 a 117 da Lei nº 9.503/1997),,Dos Veículos (arts. 96 a 117 da Lei nº 9.503/1997),Vínculo específico rebaixado: a evidência era genérica/fraca. Exibir apenas panorama do assunto até revisão humana.,
1042262,contran_24_968_identificacao_chassi_vin,specific_high_precision,rule_that_solves_or_clarifies_question,True,False,strict,204,not_applicable_or_not_outdated,,,chassi; gravacao,chassi; gravacao,Dos Veículos (arts. 96 a 117 da Lei nº 9.503/1997),Vínculo por assunto + termos do enunciado/alternativas/comentário. Exibir como card principal somente se importador aceitar score e revisão.,
1144063,ctb_veiculos_classificacao_especie_categoria,specific_high_precision,rule_that_solves_or_clarifies_question,True,False,strict,186,not_applicable_or_not_outdated,,,passageiros; carga; misto,passageiros; carga,Dos Veículos (arts. 96 a 117 da Lei nº 9.503/1997),Vínculo por assunto + termos do enunciado/alternativas/comentário. Exibir como card principal somente se importador aceitar score e revisão.,
1521255,ctb_veiculos_classificacao_especie_categoria,specific_high_precision,rule_that_solves_or_clarifies_question,True,False,strict,174,not_applicable_or_not_outdated,,,especie; misto,especie; misto,Dos Veículos (arts. 96 a 117 da Lei nº 9.503/1997),Vínculo por assunto + termos do enunciado/alternativas/comentário. Exibir como card principal somente se importador aceitar score e revisão.,
1521256,ctb_veiculos_classificacao_especie_categoria,specific_high_precision,rule_that_solves_or_clarifies_question,True,False,strict,152,not_applicable_or_not_outdated,,,carga,carga,Dos Veículos (arts. 96 a 117 da Lei nº 9.503/1997),Vínculo por assunto + termos do enunciado/alternativas/comentário. Exibir como card principal somente se importador aceitar score e revisão.,
1521257,ctb_veiculos_classificacao_especie_categoria,specific_high_precision,suggested_card_needs_review,False,True,comment_or_subject_evidence_only,166,not_applicable_or_not_outdated,,,automotor; passageiros; carga,,Dos Veículos (arts. 96 a 117 da Lei nº 9.503/1997),Vínculo por assunto + termos do enunciado/alternativas/comentário. Exibir como card principal somente se importador aceitar score e revisão. Termos fortes não apareceram no enunciado/alternativas; não exibir automaticamente no modo Estudar agora.,
1521258,subject_overview::dos-veiculos-arts-96-a-117-da-lei-n-9-503-1997,subject_overview_fallback,general_orientation_only,False,False,fallback_by_assunto,50,not_applicable_or_not_outdated,,,Dos Veículos (arts. 96 a 117 da Lei nº 9.503/1997),,Dos Veículos (arts. 96 a 117 da Lei nº 9.503/1997),"Sem evidência suficiente para microcard específico. Exibir apenas como panorama do assunto, nunca como regra que resolve a questão.",
1531238,ctb_veiculos_classificacao_especie_categoria,specific_high_precision,rule_that_solves_or_clarifies_question,True,False,strict,218,not_applicable_or_not_outdated,,,classificacao; tracao; passageiros; carga,classificacao; tracao; passageiros; carga,Dos Veículos (arts. 96 a 117 da Lei nº 9.503/1997),Vínculo por assunto + termos do enunciado/alternativas/comentário. Exibir como card principal somente se importador aceitar score e revisão.,
1574039,ctb_veiculos_classificacao_especie_categoria,specific_high_precision,suggested_card_needs_review,False,True,comment_or_subject_evidence_only,166,not_applicable_or_not_outdated,,,automotor; passageiros; carga,,Dos Veículos (arts. 96 a 117 da Lei nº 9.503/1997),Vínculo por assunto + termos do enunciado/alternativas/comentário. Exibir como card principal somente se importador aceitar score e revisão. Termos fortes não apareceram no enunciado/alternativas; não exibir automaticamente no modo Estudar agora.,
1574040,subject_overview::dos-veiculos-arts-96-a-117-da-lei-n-9-503-1997,subject_overview_fallback,general_orientation_only,False,False,fallback_by_assunto,50,not_applicable_or_not_outdated,,,Dos Veículos (arts. 96 a 117 da Lei nº 9.503/1997),,Dos Veículos (arts. 96 a 117 da Lei nº 9.503/1997),"Sem evidência suficiente para microcard específico. Exibir apenas como panorama do assunto, nunca como regra que resolve a questão.",
1574041,ctb_veiculos_classificacao_especie_categoria,specific_high_precision,rule_that_solves_or_clarifies_question,True,False,strict,164,not_applicable_or_not_outdated,,,especie; categoria,especie,Dos Veículos (arts. 96 a 117 da Lei nº 9.503/1997),Vínculo por assunto + termos do enunciado/alternativas/comentário. Exibir como card principal somente se importador aceitar score e revisão.,
1574043,contran_24_968_identificacao_chassi_vin,specific_high_precision,rule_that_solves_or_clarifies_question,True,False,strict,182,not_applicable_or_not_outdated,,,vin,vin,Dos Veículos (arts. 96 a 117 da Lei nº 9.503/1997),Vínculo por assunto + termos do enunciado/alternativas/comentário. Exibir como card principal somente se importador aceitar score e revisão.,
1577073,ctb_veiculos_classificacao_especie_categoria,specific_high_precision,rule_that_solves_or_clarifies_question,True,False,strict,152,not_applicable_or_not_outdated,,,passageiros,passageiros,Dos Veículos (arts. 96 a 117 da Lei nº 9.503/1997),Vínculo por assunto + termos do enunciado/alternativas/comentário. Exibir como card principal somente se importador aceitar score e revisão.,
1611235,subject_overview::dos-veiculos-arts-96-a-117-da-lei-n-9-503-1997,subject_overview_fallback,general_orientation_only,False,False,fallback_by_assunto,50,not_applicable_or_not_outdated,,,Dos Veículos (arts. 96 a 117 da Lei nº 9.503/1997),,Dos Veículos (arts. 96 a 117 da Lei nº 9.503/1997),"Sem evidência suficiente para microcard específico. Exibir apenas como panorama do assunto, nunca como regra que resolve a questão.",
2004441,ctb_veiculos_classificacao_especie_categoria,specific_high_precision,suggested_card_needs_review,False,True,comment_or_subject_evidence_only,154,not_applicable_or_not_outdated,,,especie; misto,,Dos Veículos (arts. 96 a 117 da Lei nº 9.503/1997),Vínculo por assunto + termos do enunciado/alternativas/comentário. Exibir como card principal somente se importador aceitar score e revisão. Termos fortes não apareceram no enunciado/alternativas; não exibir automaticamente no modo Estudar agora.,
2066607,subject_overview::dos-veiculos-arts-96-a-117-da-lei-n-9-503-1997,subject_overview_fallback,general_orientation_only,False,False,downgraded_weak_evidence,50,not_applicable_or_not_outdated,,,Dos Veículos (arts. 96 a 117 da Lei nº 9.503/1997),,Dos Veículos (arts. 96 a 117 da Lei nº 9.503/1997),Vínculo específico rebaixado: a evidência era genérica/fraca. Exibir apenas panorama do assunto até revisão humana.,
2452616,ctb_veiculos_classificacao_especie_categoria,specific_high_precision,rule_that_solves_or_clarifies_question,True,False,strict,264,not_applicable_or_not_outdated,,,classificacao; tracao; especie; categoria; automotor; eletrico; passageiros,classificacao; tracao; categoria; automotor; eletrico,Dos Veículos (arts. 96 a 117 da Lei nº 9.503/1997),Vínculo por assunto + termos do enunciado/alternativas/comentário. Exibir como card principal somente se importador aceitar score e revisão.,
2465552,ctb_veiculos_classificacao_especie_categoria,specific_high_precision,rule_that_solves_or_clarifies_question,True,False,strict,186,not_applicable_or_not_outdated,,,automotor; passageiros; carga,automotor; passageiros,Dos Veículos (arts. 96 a 117 da Lei nº 9.503/1997),Vínculo por assunto + termos do enunciado/alternativas/comentário. Exibir como card principal somente se importador aceitar score e revisão.,
2465554,subject_overview::dos-veiculos-arts-96-a-117-da-lei-n-9-503-1997,subject_overview_fallback,general_orientation_only,False,False,fallback_by_assunto,50,not_applicable_or_not_outdated,,,Dos Veículos (arts. 96 a 117 da Lei nº 9.503/1997),,Dos Veículos (arts. 96 a 117 da Lei nº 9.503/1997),"Sem evidência suficiente para microcard específico. Exibir apenas como panorama do assunto, nunca como regra que resolve a questão.",
300160,subject_overview::dos-veiculos-em-circulacao-internacional-arts-118-e-119-da-lei-n-9-503-1997,subject_overview_fallback,general_orientation_only,False,False,fallback_by_assunto,50,not_applicable_or_not_outdated,,,Dos Veículos em Circulação Internacional (arts. 118 e 119 da Lei nº 9.503/1997),,Dos Veículos em Circulação Internacional (arts. 118 e 119 da Lei nº 9.503/1997),"Sem evidência suficiente para microcard específico. Exibir apenas como panorama do assunto, nunca como regra que resolve a questão.",
825154,subject_overview::dos-veiculos-em-circulacao-internacional-arts-118-e-119-da-lei-n-9-503-1997,subject_overview_fallback,general_orientation_only,False,False,fallback_by_assunto,50,not_applicable_or_not_outdated,,,Dos Veículos em Circulação Internacional (arts. 118 e 119 da Lei nº 9.503/1997),,Dos Veículos em Circulação Internacional (arts. 118 e 119 da Lei nº 9.503/1997),"Sem evidência suficiente para microcard específico. Exibir apenas como panorama do assunto, nunca como regra que resolve a questão.",
1219576,subject_overview::dos-veiculos-em-circulacao-internacional-arts-118-e-119-da-lei-n-9-503-1997,subject_overview_fallback,general_orientation_only,False,False,fallback_by_assunto,50,not_applicable_or_not_outdated,,,Dos Veículos em Circulação Internacional (arts. 118 e 119 da Lei nº 9.503/1997),,Dos Veículos em Circulação Internacional (arts. 118 e 119 da Lei nº 9.503/1997),"Sem evidência suficiente para microcard específico. Exibir apenas como panorama do assunto, nunca como regra que resolve a questão.",
1490466,subject_overview::dos-veiculos-em-circulacao-internacional-arts-118-e-119-da-lei-n-9-503-1997,subject_overview_fallback,general_orientation_only,False,False,fallback_by_assunto,50,not_applicable_or_not_outdated,,,Dos Veículos em Circulação Internacional (arts. 118 e 119 da Lei nº 9.503/1997),,Dos Veículos em Circulação Internacional (arts. 118 e 119 da Lei nº 9.503/1997),"Sem evidência suficiente para microcard específico. Exibir apenas como panorama do assunto, nunca como regra que resolve a questão.",
1701323,subject_overview::dos-veiculos-em-circulacao-internacional-arts-118-e-119-da-lei-n-9-503-1997,subject_overview_fallback,general_orientation_only,False,False,fallback_by_assunto,50,not_applicable_or_not_outdated,,,Dos Veículos em Circulação Internacional (arts. 118 e 119 da Lei nº 9.503/1997),,Dos Veículos em Circulação Internacional (arts. 118 e 119 da Lei nº 9.503/1997),"Sem evidência suficiente para microcard específico. Exibir apenas como panorama do assunto, nunca como regra que resolve a questão.",
1829616,subject_overview::dos-veiculos-em-circulacao-internacional-arts-118-e-119-da-lei-n-9-503-1997,subject_overview_fallback,general_orientation_only,False,False,fallback_by_assunto,50,not_applicable_or_not_outdated,,,Dos Veículos em Circulação Internacional (arts. 118 e 119 da Lei nº 9.503/1997),,Dos Veículos em Circulação Internacional (arts. 118 e 119 da Lei nº 9.503/1997),"Sem evidência suficiente para microcard específico. Exibir apenas como panorama do assunto, nunca como regra que resolve a questão.",
1964700,subject_overview::dos-veiculos-em-circulacao-internacional-arts-118-e-119-da-lei-n-9-503-1997,subject_overview_fallback,general_orientation_only,False,False,fallback_by_assunto,50,not_applicable_or_not_outdated,,,Dos Veículos em Circulação Internacional (arts. 118 e 119 da Lei nº 9.503/1997),,Dos Veículos em Circulação Internacional (arts. 118 e 119 da Lei nº 9.503/1997),"Sem evidência suficiente para microcard específico. Exibir apenas como panorama do assunto, nunca como regra que resolve a questão.",
2002416,subject_overview::dos-veiculos-em-circulacao-internacional-arts-118-e-119-da-lei-n-9-503-1997,subject_overview_fallback,general_orientation_only,False,False,fallback_by_assunto,50,not_applicable_or_not_outdated,,,Dos Veículos em Circulação Internacional (arts. 118 e 119 da Lei nº 9.503/1997),,Dos Veículos em Circulação Internacional (arts. 118 e 119 da Lei nº 9.503/1997),"Sem evidência suficiente para microcard específico. Exibir apenas como panorama do assunto, nunca como regra que resolve a questão.",
2115654,subject_overview::dos-veiculos-em-circulacao-internacional-arts-118-e-119-da-lei-n-9-503-1997,subject_overview_fallback,general_orientation_only,False,False,downgraded_weak_evidence,50,not_applicable_or_not_outdated,,,Dos Veículos em Circulação Internacional (arts. 118 e 119 da Lei nº 9.503/1997),,Dos Veículos em Circulação Internacional (arts. 118 e 119 da Lei nº 9.503/1997),Vínculo específico rebaixado: a evidência era genérica/fraca. Exibir apenas panorama do assunto até revisão humana.,
28097,subject_overview::engenharia-de-trafego-operacao-fiscalizacao-e-policiamento-ostensivo-de-transito-arts-91-a,subject_overview_fallback,general_orientation_only,False,False,fallback_by_assunto,50,not_applicable_or_not_outdated,,,"Engenharia de Tráfego, Operação, Fiscalização e Policiamento Ostensivo de Trânsito (arts. 91 a 95)",,"Engenharia de Tráfego, Operação, Fiscalização e Policiamento Ostensivo de Trânsito (arts. 91 a 95)","Sem evidência suficiente para microcard específico. Exibir apenas como panorama do assunto, nunca como regra que resolve a questão.",
479988,subject_overview::engenharia-de-trafego-operacao-fiscalizacao-e-policiamento-ostensivo-de-transito-arts-91-a,subject_overview_fallback,general_orientation_only,False,False,fallback_by_assunto,50,not_applicable_or_not_outdated,,,"Engenharia de Tráfego, Operação, Fiscalização e Policiamento Ostensivo de Trânsito (arts. 91 a 95)",,"Engenharia de Tráfego, Operação, Fiscalização e Policiamento Ostensivo de Trânsito (arts. 91 a 95)","Sem evidência suficiente para microcard específico. Exibir apenas como panorama do assunto, nunca como regra que resolve a questão.",
714609,subject_overview::engenharia-de-trafego-operacao-fiscalizacao-e-policiamento-ostensivo-de-transito-arts-91-a,subject_overview_fallback,general_orientation_only,False,False,fallback_by_assunto,50,not_applicable_or_not_outdated,,,"Engenharia de Tráfego, Operação, Fiscalização e Policiamento Ostensivo de Trânsito (arts. 91 a 95)",,"Engenharia de Tráfego, Operação, Fiscalização e Policiamento Ostensivo de Trânsito (arts. 91 a 95)","Sem evidência suficiente para microcard específico. Exibir apenas como panorama do assunto, nunca como regra que resolve a questão.",
754233,subject_overview::engenharia-de-trafego-operacao-fiscalizacao-e-policiamento-ostensivo-de-transito-arts-91-a,subject_overview_fallback,general_orientation_only,False,False,fallback_by_assunto,50,not_applicable_or_not_outdated,,,"Engenharia de Tráfego, Operação, Fiscalização e Policiamento Ostensivo de Trânsito (arts. 91 a 95)",,"Engenharia de Tráfego, Operação, Fiscalização e Policiamento Ostensivo de Trânsito (arts. 91 a 95)","Sem evidência suficiente para microcard específico. Exibir apenas como panorama do assunto, nunca como regra que resolve a questão.",
766974,subject_overview::engenharia-de-trafego-operacao-fiscalizacao-e-policiamento-ostensivo-de-transito-arts-91-a,subject_overview_fallback,general_orientation_only,False,False,fallback_by_assunto,50,not_applicable_or_not_outdated,,,"Engenharia de Tráfego, Operação, Fiscalização e Policiamento Ostensivo de Trânsito (arts. 91 a 95)",,"Engenharia de Tráfego, Operação, Fiscalização e Policiamento Ostensivo de Trânsito (arts. 91 a 95)","Sem evidência suficiente para microcard específico. Exibir apenas como panorama do assunto, nunca como regra que resolve a questão.",
810496,subject_overview::engenharia-de-trafego-operacao-fiscalizacao-e-policiamento-ostensivo-de-transito-arts-91-a,subject_overview_fallback,general_orientation_only,False,False,fallback_by_assunto,50,not_applicable_or_not_outdated,,,"Engenharia de Tráfego, Operação, Fiscalização e Policiamento Ostensivo de Trânsito (arts. 91 a 95)",,"Engenharia de Tráfego, Operação, Fiscalização e Policiamento Ostensivo de Trânsito (arts. 91 a 95)","Sem evidência suficiente para microcard específico. Exibir apenas como panorama do assunto, nunca como regra que resolve a questão.",
811089,subject_overview::engenharia-de-trafego-operacao-fiscalizacao-e-policiamento-ostensivo-de-transito-arts-91-a,subject_overview_fallback,general_orientation_only,False,False,fallback_by_assunto,50,not_applicable_or_not_outdated,,,"Engenharia de Tráfego, Operação, Fiscalização e Policiamento Ostensivo de Trânsito (arts. 91 a 95)",,"Engenharia de Tráfego, Operação, Fiscalização e Policiamento Ostensivo de Trânsito (arts. 91 a 95)","Sem evidência suficiente para microcard específico. Exibir apenas como panorama do assunto, nunca como regra que resolve a questão.",
920465,subject_overview::engenharia-de-trafego-operacao-fiscalizacao-e-policiamento-ostensivo-de-transito-arts-91-a,subject_overview_fallback,general_orientation_only,False,False,fallback_by_assunto,50,not_applicable_or_not_outdated,,,"Engenharia de Tráfego, Operação, Fiscalização e Policiamento Ostensivo de Trânsito (arts. 91 a 95)",,"Engenharia de Tráfego, Operação, Fiscalização e Policiamento Ostensivo de Trânsito (arts. 91 a 95)","Sem evidência suficiente para microcard específico. Exibir apenas como panorama do assunto, nunca como regra que resolve a questão.",
1144060,subject_overview::engenharia-de-trafego-operacao-fiscalizacao-e-policiamento-ostensivo-de-transito-arts-91-a,subject_overview_fallback,general_orientation_only,False,False,fallback_by_assunto,50,not_applicable_or_not_outdated,,,"Engenharia de Tráfego, Operação, Fiscalização e Policiamento Ostensivo de Trânsito (arts. 91 a 95)",,"Engenharia de Tráfego, Operação, Fiscalização e Policiamento Ostensivo de Trânsito (arts. 91 a 95)","Sem evidência suficiente para microcard específico. Exibir apenas como panorama do assunto, nunca como regra que resolve a questão.",
1829416,ctb_snt_competencias_municipio_estado_uniao,specific_high_precision,rule_that_solves_or_clarifies_question,True,False,strict,174,not_applicable_or_not_outdated,,,contran; jari,contran; jari,"Engenharia de Tráfego, Operação, Fiscalização e Policiamento Ostensivo de Trânsito (arts. 91 a 95)",Vínculo por assunto + termos do enunciado/alternativas/comentário. Exibir como card principal somente se importador aceitar score e revisão.,
2450589,subject_overview::engenharia-de-trafego-operacao-fiscalizacao-e-policiamento-ostensivo-de-transito-arts-91-a,subject_overview_fallback,general_orientation_only,False,False,fallback_by_assunto,50,not_applicable_or_not_outdated,,,"Engenharia de Tráfego, Operação, Fiscalização e Policiamento Ostensivo de Trânsito (arts. 91 a 95)",,"Engenharia de Tráfego, Operação, Fiscalização e Policiamento Ostensivo de Trânsito (arts. 91 a 95)","Sem evidência suficiente para microcard específico. Exibir apenas como panorama do assunto, nunca como regra que resolve a questão.",
110842,contran_973_sinais_sonoros_gestos,specific_high_precision,rule_that_solves_or_clarifies_question,True,False,strict,194,not_applicable_or_not_outdated,,,gesto; agente de transito,gesto,Gestos (Antiga Res. CONTRAN nº 160/2004),Vínculo por assunto + termos do enunciado/alternativas/comentário. Exibir como card principal somente se importador aceitar score e revisão.,
167957,contran_973_sinais_sonoros_gestos,specific_high_precision,rule_that_solves_or_clarifies_question,True,False,strict,204,not_applicable_or_not_outdated,,,gesto; braco,gesto; braco,Gestos (Antiga Res. CONTRAN nº 160/2004),Vínculo por assunto + termos do enunciado/alternativas/comentário. Exibir como card principal somente se importador aceitar score e revisão.,
533625,contran_973_sinais_sonoros_gestos,specific_high_precision,rule_that_solves_or_clarifies_question,True,False,strict,204,not_applicable_or_not_outdated,,,gesto; braco,gesto; braco,Gestos (Antiga Res. CONTRAN nº 160/2004),Vínculo por assunto + termos do enunciado/alternativas/comentário. Exibir como card principal somente se importador aceitar score e revisão.,
553820,contran_973_sinais_sonoros_gestos,specific_high_precision,rule_that_solves_or_clarifies_question,True,False,strict,226,not_applicable_or_not_outdated,,,gesto; braco; agente de transito,gesto; braco; agente de transito,Gestos (Antiga Res. CONTRAN nº 160/2004),Vínculo por assunto + termos do enunciado/alternativas/comentário. Exibir como card principal somente se importador aceitar score e revisão.,
562129,contran_973_sinais_sonoros_gestos,specific_high_precision,rule_that_solves_or_clarifies_question,True,False,strict,226,not_applicable_or_not_outdated,,,gesto; braco; agente de transito,gesto; braco; agente de transito,Gestos (Antiga Res. CONTRAN nº 160/2004),Vínculo por assunto + termos do enunciado/alternativas/comentário. Exibir como card principal somente se importador aceitar score e revisão.,
748888,contran_973_sinais_sonoros_gestos,specific_high_precision,rule_that_solves_or_clarifies_question,True,False,strict,194,not_applicable_or_not_outdated,,,gesto; agente de transito,gesto,Gestos (Antiga Res. CONTRAN nº 160/2004),Vínculo por assunto + termos do enunciado/alternativas/comentário. Exibir como card principal somente se importador aceitar score e revisão.,
820235,contran_973_sinais_sonoros_gestos,specific_high_precision,rule_that_solves_or_clarifies_question,True,False,strict,238,not_applicable_or_not_outdated,,,gesto; apito; braco; silvo,apito; braco; silvo,Gestos (Antiga Res. CONTRAN nº 160/2004),Vínculo por assunto + termos do enunciado/alternativas/comentário. Exibir como card principal somente se importador aceitar score e revisão.,
934701,contran_973_sinais_sonoros_gestos,specific_high_precision,rule_that_solves_or_clarifies_question,True,False,strict,204,not_applicable_or_not_outdated,,,gesto; agente de transito,gesto; agente de transito,Gestos (Antiga Res. CONTRAN nº 160/2004),Vínculo por assunto + termos do enunciado/alternativas/comentário. Exibir como card principal somente se importador aceitar score e revisão.,
970016,contran_973_sinais_sonoros_gestos,specific_high_precision,rule_that_solves_or_clarifies_question,True,False,strict,194,not_applicable_or_not_outdated,,,gesto; braco,gesto,Gestos (Antiga Res. CONTRAN nº 160/2004),Vínculo por assunto + termos do enunciado/alternativas/comentário. Exibir como card principal somente se importador aceitar score e revisão.,
971486,contran_973_sinais_sonoros_gestos,specific_high_precision,rule_that_solves_or_clarifies_question,True,False,strict,204,not_applicable_or_not_outdated,,,gesto; braco,gesto; braco,Gestos (Antiga Res. CONTRAN nº 160/2004),Vínculo por assunto + termos do enunciado/alternativas/comentário. Exibir como card principal somente se importador aceitar score e revisão.,
1004216,contran_973_sinais_sonoros_gestos,specific_high_precision,rule_that_solves_or_clarifies_question,True,False,strict,204,not_applicable_or_not_outdated,,,gesto; braco,gesto; braco,Gestos (Antiga Res. CONTRAN nº 160/2004),Vínculo por assunto + termos do enunciado/alternativas/comentário. Exibir como card principal somente se importador aceitar score e revisão.,
1070608,contran_973_sinais_sonoros_gestos,specific_high_precision,rule_that_solves_or_clarifies_question,True,False,strict,204,not_applicable_or_not_outdated,,,gesto; braco,gesto; braco,Gestos (Antiga Res. CONTRAN nº 160/2004),Vínculo por assunto + termos do enunciado/alternativas/comentário. Exibir como card principal somente se importador aceitar score e revisão.,
1114478,contran_973_sinais_sonoros_gestos,specific_high_precision,rule_that_solves_or_clarifies_question,True,False,strict,226,not_applicable_or_not_outdated,,,gesto; apito; braco,gesto; apito; braco,Gestos (Antiga Res. CONTRAN nº 160/2004),Vínculo por assunto + termos do enunciado/alternativas/comentário. Exibir como card principal somente se importador aceitar score e revisão.,
1143563,contran_973_sinais_sonoros_gestos,specific_high_precision,rule_that_solves_or_clarifies_question,True,False,strict,194,not_applicable_or_not_outdated,,,gesto; braco,braco,Gestos (Antiga Res. CONTRAN nº 160/2004),Vínculo por assunto + termos do enunciado/alternativas/comentário. Exibir como card principal somente se importador aceitar score e revisão.,
1247710,contran_973_sinais_sonoros_gestos,specific_high_precision,rule_that_solves_or_clarifies_question,True,False,strict,216,not_applicable_or_not_outdated,,,gesto; braco; agente de transito,braco; agente de transito,Gestos (Antiga Res. CONTRAN nº 160/2004),Vínculo por assunto + termos do enunciado/alternativas/comentário. Exibir como card principal somente se importador aceitar score e revisão.,
1259445,contran_973_sinais_sonoros_gestos,specific_high_precision,rule_that_solves_or_clarifies_question,True,False,strict,204,not_applicable_or_not_outdated,,,gesto; braco,gesto; braco,Gestos (Antiga Res. CONTRAN nº 160/2004),Vínculo por assunto + termos do enunciado/alternativas/comentário. Exibir como card principal somente se importador aceitar score e revisão.,
1385615,contran_973_sinais_sonoros_gestos,specific_high_precision,rule_that_solves_or_clarifies_question,True,False,strict,194,not_applicable_or_not_outdated,,,gesto; agente de transito,agente de transito,Gestos (Antiga Res. CONTRAN nº 160/2004),Vínculo por assunto + termos do enunciado/alternativas/comentário. Exibir como card principal somente se importador aceitar score e revisão.,
1476166,contran_973_sinais_sonoros_gestos,specific_high_precision,rule_that_solves_or_clarifies_question,True,False,strict,194,not_applicable_or_not_outdated,,,gesto; braco,braco,Gestos (Antiga Res. CONTRAN nº 160/2004),Vínculo por assunto + termos do enunciado/alternativas/comentário. Exibir como card principal somente se importador aceitar score e revisão.,
1502056,contran_973_sinais_sonoros_gestos,specific_high_precision,rule_that_solves_or_clarifies_question,True,False,strict,204,not_applicable_or_not_outdated,,,gesto; braco,gesto; braco,Gestos (Antiga Res. CONTRAN nº 160/2004),Vínculo por assunto + termos do enunciado/alternativas/comentário. Exibir como card principal somente se importador aceitar score e revisão.,
1635091,contran_973_sinais_sonoros_gestos,specific_high_precision,rule_that_solves_or_clarifies_question,True,False,strict,194,not_applicable_or_not_outdated,,,gesto; braco,braco,Gestos (Antiga Res. CONTRAN nº 160/2004),Vínculo por assunto + termos do enunciado/alternativas/comentário. Exibir como card principal somente se importador aceitar score e revisão.,
1797197,contran_973_sinais_sonoros_gestos,specific_high_precision,rule_that_solves_or_clarifies_question,True,False,strict,206,not_applicable_or_not_outdated,,,gesto; braco; agente de transito,braco,Gestos (Antiga Res. CONTRAN nº 160/2004),Vínculo por assunto + termos do enunciado/alternativas/comentário. Exibir como card principal somente se importador aceitar score e revisão.,
1875932,contran_973_sinais_sonoros_gestos,specific_high_precision,rule_that_solves_or_clarifies_question,True,False,strict,206,not_applicable_or_not_outdated,,,gesto; braco; agente de transito,braco,Gestos (Antiga Res. CONTRAN nº 160/2004),Vínculo por assunto + termos do enunciado/alternativas/comentário. Exibir como card principal somente se importador aceitar score e revisão.,
27907,subject_overview::lei-n-9-654-1998-carreira-do-policial-rodoviario,subject_overview_fallback,general_orientation_only,False,False,fallback_by_assunto,50,not_applicable_or_not_outdated,,,Lei nº 9.654/1998 - Carreira do Policial Rodoviário,,Lei nº 9.654/1998 - Carreira do Policial Rodoviário,"Sem evidência suficiente para microcard específico. Exibir apenas como panorama do assunto, nunca como regra que resolve a questão.",
28341,subject_overview::lei-n-9-654-1998-carreira-do-policial-rodoviario,subject_overview_fallback,theory_reference_only__not_solution_current_law,False,True,fallback_by_assunto,50,needs_audit,False,,Lei nº 9.654/1998 - Carreira do Policial Rodoviário,,Lei nº 9.654/1998 - Carreira do Policial Rodoviário,"Sem evidência suficiente para microcard específico. Exibir apenas como panorama do assunto, nunca como regra que resolve a questão.",Questão desatualizada sem gabarito atual pontuável; não exibir como regra que resolve a questão no modo legislação atual.
335825,subject_overview::outros-temas-da-legislacao-de-transito,subject_overview_fallback,general_orientation_only,False,False,fallback_by_assunto,50,not_applicable_or_not_outdated,,,Outros Temas da Legislação de Trânsito,,Outros Temas da Legislação de Trânsito,"Sem evidência suficiente para microcard específico. Exibir apenas como panorama do assunto, nunca como regra que resolve a questão.",
1403184,subject_overview::outros-temas-da-legislacao-de-transito,subject_overview_fallback,general_orientation_only,False,False,fallback_by_assunto,50,not_applicable_or_not_outdated,,,Outros Temas da Legislação de Trânsito,,Outros Temas da Legislação de Trânsito,"Sem evidência suficiente para microcard específico. Exibir apenas como panorama do assunto, nunca como regra que resolve a questão.",
1554673,subject_overview::outros-temas-da-legislacao-de-transito,subject_overview_fallback,general_orientation_only,False,False,fallback_by_assunto,50,not_applicable_or_not_outdated,,,Outros Temas da Legislação de Trânsito,,Outros Temas da Legislação de Trânsito,"Sem evidência suficiente para microcard específico. Exibir apenas como panorama do assunto, nunca como regra que resolve a questão.",
1874280,subject_overview::outros-temas-da-legislacao-de-transito,subject_overview_fallback,general_orientation_only,False,False,fallback_by_assunto,50,not_applicable_or_not_outdated,,,Outros Temas da Legislação de Trânsito,,Outros Temas da Legislação de Trânsito,"Sem evidência suficiente para microcard específico. Exibir apenas como panorama do assunto, nunca como regra que resolve a questão.",
2094149,subject_overview::outros-temas-da-legislacao-de-transito,subject_overview_fallback,general_orientation_only,False,False,fallback_by_assunto,50,not_applicable_or_not_outdated,,,Outros Temas da Legislação de Trânsito,,Outros Temas da Legislação de Trânsito,"Sem evidência suficiente para microcard específico. Exibir apenas como panorama do assunto, nunca como regra que resolve a questão.",
1090476,subject_overview::resolucao-contran-n-1-017-2024-criterios-para-o-registro-e-circulacao-em-vias-publicas-de-,subject_overview_fallback,theory_reference_only__not_solution_current_law,False,True,fallback_by_assunto,50,needs_audit,False,,Resolução CONTRAN nº 1.017/2024 - Critérios para o Registro e Circulação em Vias Públicas de Tratores e Outros,,Resolução CONTRAN nº 1.017/2024 - Critérios para o Registro e Circulação em Vias Públicas de Tratores e Outros,"Sem evidência suficiente para microcard específico. Exibir apenas como panorama do assunto, nunca como regra que resolve a questão.",Questão desatualizada sem gabarito atual pontuável; não exibir como regra que resolve a questão no modo legislação atual.
1090481,subject_overview::resolucao-contran-n-1-017-2024-criterios-para-o-registro-e-circulacao-em-vias-publicas-de-,subject_overview_fallback,theory_reference_only__not_solution_current_law,False,True,downgraded_weak_evidence,50,needs_audit,False,,Resolução CONTRAN nº 1.017/2024 - Critérios para o Registro e Circulação em Vias Públicas de Tratores e Outros,,Resolução CONTRAN nº 1.017/2024 - Critérios para o Registro e Circulação em Vias Públicas de Tratores e Outros,Vínculo específico rebaixado: a evidência era genérica/fraca. Exibir apenas panorama do assunto até revisão humana.,Questão desatualizada sem gabarito atual pontuável; não exibir como regra que resolve a questão no modo legislação atual.
1307217,subject_overview::resolucao-contran-n-1-017-2024-criterios-para-o-registro-e-circulacao-em-vias-publicas-de-,subject_overview_fallback,theory_reference_only__not_solution_current_law,False,True,fallback_by_assunto,50,needs_audit,False,,Resolução CONTRAN nº 1.017/2024 - Critérios para o Registro e Circulação em Vias Públicas de Tratores e Outros,,Resolução CONTRAN nº 1.017/2024 - Critérios para o Registro e Circulação em Vias Públicas de Tratores e Outros,"Sem evidência suficiente para microcard específico. Exibir apenas como panorama do assunto, nunca como regra que resolve a questão.",Questão desatualizada sem gabarito atual pontuável; não exibir como regra que resolve a questão no modo legislação atual.
1502325,ctb_licenciamento_crlv_digital,specific_high_precision,theory_reference_only__not_solution_current_law,False,True,strict,189,needs_audit,False,,licenciamento; licenciado,licenciamento; licenciado,Resolução CONTRAN nº 1.017/2024 - Critérios para o Registro e Circulação em Vias Públicas de Tratores e Outros,Vínculo por assunto + termos do enunciado/alternativas/comentário. Exibir como card principal somente se importador aceitar score e revisão.,Questão desatualizada sem gabarito atual pontuável; não exibir como regra que resolve a questão no modo legislação atual.
27876,contran_110_licenciamento_anual,specific_high_precision,rule_that_solves_or_clarifies_question,True,False,strict,228,not_applicable_or_not_outdated,,,licenciamento anual; calendario; renovacao do licenciamento; final da placa,licenciamento anual; calendario; renovacao do licenciamento,Resolução CONTRAN nº 110/2000 - Renovação do Licenciamento Anual de Veículos,Vínculo por assunto + termos do enunciado/alternativas/comentário. Exibir como card principal somente se importador aceitar score e revisão.,
305756,contran_110_licenciamento_anual,specific_high_precision,rule_that_solves_or_clarifies_question,True,False,strict,216,not_applicable_or_not_outdated,,,licenciamento anual; renovacao do licenciamento; final da placa,licenciamento anual; renovacao do licenciamento; final da placa,Resolução CONTRAN nº 110/2000 - Renovação do Licenciamento Anual de Veículos,Vínculo por assunto + termos do enunciado/alternativas/comentário. Exibir como card principal somente se importador aceitar score e revisão.,
801649,contran_110_licenciamento_anual,specific_high_precision,rule_that_solves_or_clarifies_question,True,False,strict,216,not_applicable_or_not_outdated,,,licenciamento anual; renovacao do licenciamento; final da placa,licenciamento anual; renovacao do licenciamento; final da placa,Resolução CONTRAN nº 110/2000 - Renovação do Licenciamento Anual de Veículos,Vínculo por assunto + termos do enunciado/alternativas/comentário. Exibir como card principal somente se importador aceitar score e revisão.,
1503701,contran_110_licenciamento_anual,specific_high_precision,rule_that_solves_or_clarifies_question,True,False,strict,228,not_applicable_or_not_outdated,,,licenciamento anual; calendario; renovacao do licenciamento; final da placa,licenciamento anual; calendario; renovacao do licenciamento,Resolução CONTRAN nº 110/2000 - Renovação do Licenciamento Anual de Veículos,Vínculo por assunto + termos do enunciado/alternativas/comentário. Exibir como card principal somente se importador aceitar score e revisão.,
1503702,contran_110_licenciamento_anual,specific_high_precision,rule_that_solves_or_clarifies_question,True,False,strict,238,not_applicable_or_not_outdated,,,licenciamento anual; calendario; renovacao do licenciamento; final da placa,licenciamento anual; calendario; renovacao do licenciamento; final da placa,Resolução CONTRAN nº 110/2000 - Renovação do Licenciamento Anual de Veículos,Vínculo por assunto + termos do enunciado/alternativas/comentário. Exibir como card principal somente se importador aceitar score e revisão.,
1829454,contran_110_licenciamento_anual,specific_high_precision,rule_that_solves_or_clarifies_question,True,False,strict,216,not_applicable_or_not_outdated,,,licenciamento anual; renovacao do licenciamento; final da placa,licenciamento anual; renovacao do licenciamento; final da placa,Resolução CONTRAN nº 110/2000 - Renovação do Licenciamento Anual de Veículos,Vínculo por assunto + termos do enunciado/alternativas/comentário. Exibir como card principal somente se importador aceitar score e revisão.,
300141,contran_24_968_identificacao_chassi_vin,specific_high_precision,rule_that_solves_or_clarifies_question,True,False,strict,260,not_applicable_or_not_outdated,,,chassi; vin; identificacao veicular; gravacao; numero de identificacao,vin; identificacao veicular; gravacao; numero de identificacao,Resolução CONTRAN nº 24/1998 - Critério de Identificação de Veículos,Vínculo por assunto + termos do enunciado/alternativas/comentário. Exibir como card principal somente se importador aceitar score e revisão.,
1403181,contran_24_968_identificacao_chassi_vin,specific_high_precision,rule_that_solves_or_clarifies_question,True,False,strict,230,not_applicable_or_not_outdated,,,chassi; vin; identificacao veicular; gravacao; numero de identificacao,identificacao veicular,Resolução CONTRAN nº 24/1998 - Critério de Identificação de Veículos,Vínculo por assunto + termos do enunciado/alternativas/comentário. Exibir como card principal somente se importador aceitar score e revisão.,
1503676,subject_overview::resolucao-contran-n-24-1998-criterio-de-identificacao-de-veiculos,subject_overview_fallback,general_orientation_only,False,False,fallback_by_assunto,50,not_applicable_or_not_outdated,,,Resolução CONTRAN nº 24/1998 - Critério de Identificação de Veículos,,Resolução CONTRAN nº 24/1998 - Critério de Identificação de Veículos,"Sem evidência suficiente para microcard específico. Exibir apenas como panorama do assunto, nunca como regra que resolve a questão.",
1503677,contran_24_968_identificacao_chassi_vin,specific_high_precision,rule_that_solves_or_clarifies_question,True,False,strict,270,not_applicable_or_not_outdated,,,chassi; vin; identificacao veicular; gravacao; numero de identificacao,chassi; vin; identificacao veicular; gravacao; numero de identificacao,Resolução CONTRAN nº 24/1998 - Critério de Identificação de Veículos,Vínculo por assunto + termos do enunciado/alternativas/comentário. Exibir como card principal somente se importador aceitar score e revisão.,
1503678,contran_24_968_identificacao_chassi_vin,specific_high_precision,rule_that_solves_or_clarifies_question,True,False,strict,240,not_applicable_or_not_outdated,,,chassi; vin; identificacao veicular; gravacao; numero de identificacao,chassi; gravacao,Resolução CONTRAN nº 24/1998 - Critério de Identificação de Veículos,Vínculo por assunto + termos do enunciado/alternativas/comentário. Exibir como card principal somente se importador aceitar score e revisão.,
1503679,contran_24_968_identificacao_chassi_vin,specific_high_precision,rule_that_solves_or_clarifies_question,True,False,strict,230,not_applicable_or_not_outdated,,,chassi; vin; identificacao veicular; gravacao; numero de identificacao,chassi,Resolução CONTRAN nº 24/1998 - Critério de Identificação de Veículos,Vínculo por assunto + termos do enunciado/alternativas/comentário. Exibir como card principal somente se importador aceitar score e revisão.,
1503680,contran_24_968_identificacao_chassi_vin,specific_high_precision,rule_that_solves_or_clarifies_question,True,False,strict,230,not_applicable_or_not_outdated,,,chassi; vin; identificacao veicular; gravacao; numero de identificacao,chassi,Resolução CONTRAN nº 24/1998 - Critério de Identificação de Veículos,Vínculo por assunto + termos do enunciado/alternativas/comentário. Exibir como card principal somente se importador aceitar score e revisão.,
1503681,contran_24_968_identificacao_chassi_vin,specific_high_precision,rule_that_solves_or_clarifies_question,True,False,strict,250,not_applicable_or_not_outdated,,,chassi; vin; identificacao veicular; gravacao; numero de identificacao,vin; identificacao veicular; gravacao,Resolução CONTRAN nº 24/1998 - Critério de Identificação de Veículos,Vínculo por assunto + termos do enunciado/alternativas/comentário. Exibir como card principal somente se importador aceitar score e revisão.,
1503682,contran_24_968_identificacao_chassi_vin,specific_high_precision,rule_that_solves_or_clarifies_question,True,False,strict,204,not_applicable_or_not_outdated,,,chassi; gravacao,chassi; gravacao,Resolução CONTRAN nº 24/1998 - Critério de Identificação de Veículos,Vínculo por assunto + termos do enunciado/alternativas/comentário. Exibir como card principal somente se importador aceitar score e revisão.,
1503683,contran_24_968_identificacao_chassi_vin,specific_high_precision,rule_that_solves_or_clarifies_question,True,False,strict,182,not_applicable_or_not_outdated,,,identificacao veicular,identificacao veicular,Resolução CONTRAN nº 24/1998 - Critério de Identificação de Veículos,Vínculo por assunto + termos do enunciado/alternativas/comentário. Exibir como card principal somente se importador aceitar score e revisão.,
1503684,subject_overview::resolucao-contran-n-24-1998-criterio-de-identificacao-de-veiculos,subject_overview_fallback,general_orientation_only,False,False,fallback_by_assunto,50,not_applicable_or_not_outdated,,,Resolução CONTRAN nº 24/1998 - Critério de Identificação de Veículos,,Resolução CONTRAN nº 24/1998 - Critério de Identificação de Veículos,"Sem evidência suficiente para microcard específico. Exibir apenas como panorama do assunto, nunca como regra que resolve a questão.",
1503685,contran_24_968_identificacao_chassi_vin,specific_high_precision,theory_reference_only__not_solution_current_law,False,True,strict,270,needs_audit,False,,chassi; vin; identificacao veicular; gravacao; numero de identificacao,chassi; vin; identificacao veicular; gravacao; numero de identificacao,Resolução CONTRAN nº 24/1998 - Critério de Identificação de Veículos,Vínculo por assunto + termos do enunciado/alternativas/comentário. Exibir como card principal somente se importador aceitar score e revisão.,Questão desatualizada sem gabarito atual pontuável; não exibir como regra que resolve a questão no modo legislação atual.
1503686,subject_overview::resolucao-contran-n-24-1998-criterio-de-identificacao-de-veiculos,subject_overview_fallback,general_orientation_only,False,False,fallback_by_assunto,50,not_applicable_or_not_outdated,,,Resolução CONTRAN nº 24/1998 - Critério de Identificação de Veículos,,Resolução CONTRAN nº 24/1998 - Critério de Identificação de Veículos,"Sem evidência suficiente para microcard específico. Exibir apenas como panorama do assunto, nunca como regra que resolve a questão.",
1554670,contran_24_968_identificacao_chassi_vin,specific_high_precision,rule_that_solves_or_clarifies_question,True,False,strict,230,not_applicable_or_not_outdated,,,chassi; vin; identificacao veicular; gravacao; numero de identificacao,identificacao veicular,Resolução CONTRAN nº 24/1998 - Critério de Identificação de Veículos,Vínculo por assunto + termos do enunciado/alternativas/comentário. Exibir como card principal somente se importador aceitar score e revisão.,
1554671,contran_24_968_identificacao_chassi_vin,specific_high_precision,rule_that_solves_or_clarifies_question,True,False,strict,228,not_applicable_or_not_outdated,,,chassi; vin; identificacao veicular; numero de identificacao,identificacao veicular; numero de identificacao,Resolução CONTRAN nº 24/1998 - Critério de Identificação de Veículos,Vínculo por assunto + termos do enunciado/alternativas/comentário. Exibir como card principal somente se importador aceitar score e revisão.,
1554672,contran_24_968_identificacao_chassi_vin,specific_high_precision,rule_that_solves_or_clarifies_question,True,False,strict,240,not_applicable_or_not_outdated,,,chassi; vin; identificacao veicular; gravacao; numero de identificacao,identificacao veicular; numero de identificacao,Resolução CONTRAN nº 24/1998 - Critério de Identificação de Veículos,Vínculo por assunto + termos do enunciado/alternativas/comentário. Exibir como card principal somente se importador aceitar score e revisão.,
1576685,contran_24_968_identificacao_chassi_vin,specific_high_precision,rule_that_solves_or_clarifies_question,True,False,strict,240,not_applicable_or_not_outdated,,,chassi; vin; identificacao veicular; gravacao; numero de identificacao,gravacao; numero de identificacao,Resolução CONTRAN nº 24/1998 - Critério de Identificação de Veículos,Vínculo por assunto + termos do enunciado/alternativas/comentário. Exibir como card principal somente se importador aceitar score e revisão.,
1576687,contran_24_968_identificacao_chassi_vin,specific_high_precision,rule_that_solves_or_clarifies_question,True,False,strict,240,not_applicable_or_not_outdated,,,chassi; vin; identificacao veicular; gravacao; numero de identificacao,gravacao; numero de identificacao,Resolução CONTRAN nº 24/1998 - Critério de Identificação de Veículos,Vínculo por assunto + termos do enunciado/alternativas/comentário. Exibir como card principal somente se importador aceitar score e revisão.,
1576691,contran_24_968_identificacao_chassi_vin,specific_high_precision,rule_that_solves_or_clarifies_question,True,False,strict,230,not_applicable_or_not_outdated,,,chassi; vin; identificacao veicular; gravacao; numero de identificacao,gravacao,Resolução CONTRAN nº 24/1998 - Critério de Identificação de Veículos,Vínculo por assunto + termos do enunciado/alternativas/comentário. Exibir como card principal somente se importador aceitar score e revisão.,
1577722,contran_24_968_identificacao_chassi_vin,specific_high_precision,rule_that_solves_or_clarifies_question,True,False,strict,194,not_applicable_or_not_outdated,,,vin; numero de identificacao,numero de identificacao,Resolução CONTRAN nº 24/1998 - Critério de Identificação de Veículos,Vínculo por assunto + termos do enunciado/alternativas/comentário. Exibir como card principal somente se importador aceitar score e revisão.,
1577723,contran_24_968_identificacao_chassi_vin,specific_high_precision,rule_that_solves_or_clarifies_question,True,False,strict,240,not_applicable_or_not_outdated,,,chassi; vin; identificacao veicular; gravacao; numero de identificacao,gravacao; numero de identificacao,Resolução CONTRAN nº 24/1998 - Critério de Identificação de Veículos,Vínculo por assunto + termos do enunciado/alternativas/comentário. Exibir como card principal somente se importador aceitar score e revisão.,
1577724,contran_24_968_identificacao_chassi_vin,specific_high_precision,rule_that_solves_or_clarifies_question,True,False,strict,240,not_applicable_or_not_outdated,,,chassi; vin; identificacao veicular; gravacao; numero de identificacao,gravacao; numero de identificacao,Resolução CONTRAN nº 24/1998 - Critério de Identificação de Veículos,Vínculo por assunto + termos do enunciado/alternativas/comentário. Exibir como card principal somente se importador aceitar score e revisão.,
1577725,contran_24_968_identificacao_chassi_vin,specific_high_precision,rule_that_solves_or_clarifies_question,True,False,strict,230,not_applicable_or_not_outdated,,,chassi; vin; identificacao veicular; gravacao; numero de identificacao,gravacao,Resolução CONTRAN nº 24/1998 - Critério de Identificação de Veículos,Vínculo por assunto + termos do enunciado/alternativas/comentário. Exibir como card principal somente se importador aceitar score e revisão.,
1577726,contran_24_968_identificacao_chassi_vin,specific_high_precision,rule_that_solves_or_clarifies_question,True,False,strict,218,not_applicable_or_not_outdated,,,chassi; identificacao veicular; gravacao; numero de identificacao,numero de identificacao,Resolução CONTRAN nº 24/1998 - Critério de Identificação de Veículos,Vínculo por assunto + termos do enunciado/alternativas/comentário. Exibir como card principal somente se importador aceitar score e revisão.,
1691910,contran_24_968_identificacao_chassi_vin,specific_high_precision,rule_that_solves_or_clarifies_question,True,False,strict,194,not_applicable_or_not_outdated,,,chassi; vin,vin,Resolução CONTRAN nº 24/1998 - Critério de Identificação de Veículos,Vínculo por assunto + termos do enunciado/alternativas/comentário. Exibir como card principal somente se importador aceitar score e revisão.,
1961491,contran_24_968_identificacao_chassi_vin,specific_high_precision,rule_that_solves_or_clarifies_question,True,False,strict,248,not_applicable_or_not_outdated,,,chassi; identificacao veicular; gravacao; numero de identificacao,chassi; identificacao veicular; gravacao; numero de identificacao,Resolução CONTRAN nº 24/1998 - Critério de Identificação de Veículos,Vínculo por assunto + termos do enunciado/alternativas/comentário. Exibir como card principal somente se importador aceitar score e revisão.,
28255,subject_overview::resolucao-contran-n-26-1998-transporte-de-carga-em-veiculo-de-transporte-de-passageiros,subject_overview_fallback,general_orientation_only,False,False,fallback_by_assunto,50,not_applicable_or_not_outdated,,,Resolução CONTRAN nº 26/1998 - Transporte de carga em veículo de transporte de passageiros,,Resolução CONTRAN nº 26/1998 - Transporte de carga em veículo de transporte de passageiros,"Sem evidência suficiente para microcard específico. Exibir apenas como panorama do assunto, nunca como regra que resolve a questão.",
548684,ctb_veiculos_classificacao_especie_categoria,specific_high_precision,rule_that_solves_or_clarifies_question,True,False,strict,174,not_applicable_or_not_outdated,,,passageiros; carga,passageiros; carga,Resolução CONTRAN nº 26/1998 - Transporte de carga em veículo de transporte de passageiros,Vínculo por assunto + termos do enunciado/alternativas/comentário. Exibir como card principal somente se importador aceitar score e revisão.,
551201,subject_overview::resolucao-contran-n-26-1998-transporte-de-carga-em-veiculo-de-transporte-de-passageiros,subject_overview_fallback,general_orientation_only,False,False,fallback_by_assunto,50,not_applicable_or_not_outdated,,,Resolução CONTRAN nº 26/1998 - Transporte de carga em veículo de transporte de passageiros,,Resolução CONTRAN nº 26/1998 - Transporte de carga em veículo de transporte de passageiros,"Sem evidência suficiente para microcard específico. Exibir apenas como panorama do assunto, nunca como regra que resolve a questão.",
300169,contran_300_exames_crime_transito,specific_high_precision,rule_that_solves_or_clarifies_question,True,False,strict,238,not_applicable_or_not_outdated,,,pos condenacao; crime de transito; exames; condutor condenado,exames; condutor condenado,Resolução CONTRAN nº 300/2008 - Proc. Adm. de Exames Pós-Condenação por Crime de Trânsito e Outros,Vínculo por assunto + termos do enunciado/alternativas/comentário. Exibir como card principal somente se importador aceitar score e revisão.,
916970,contran_300_exames_crime_transito,specific_high_precision,rule_that_solves_or_clarifies_question,True,False,strict,240,not_applicable_or_not_outdated,,,pos condenacao; crime de transito; exames; reciclagem; condutor condenado,reciclagem,Resolução CONTRAN nº 300/2008 - Proc. Adm. de Exames Pós-Condenação por Crime de Trânsito e Outros,Vínculo por assunto + termos do enunciado/alternativas/comentário. Exibir como card principal somente se importador aceitar score e revisão.,
1277056,contran_300_exames_crime_transito,specific_high_precision,rule_that_solves_or_clarifies_question,True,False,strict,238,not_applicable_or_not_outdated,,,pos condenacao; crime de transito; exames; condutor condenado,exames; condutor condenado,Resolução CONTRAN nº 300/2008 - Proc. Adm. de Exames Pós-Condenação por Crime de Trânsito e Outros,Vínculo por assunto + termos do enunciado/alternativas/comentário. Exibir como card principal somente se importador aceitar score e revisão.,
1609823,contran_300_exames_crime_transito,specific_high_precision,suggested_card_needs_review,False,True,comment_or_subject_evidence_only,206,not_applicable_or_not_outdated,,,pos condenacao; crime de transito; exames,,Resolução CONTRAN nº 300/2008 - Proc. Adm. de Exames Pós-Condenação por Crime de Trânsito e Outros,Vínculo por assunto + termos do enunciado/alternativas/comentário. Exibir como card principal somente se importador aceitar score e revisão. Termos fortes não apareceram no enunciado/alternativas; não exibir automaticamente no modo Estudar agora.,
2000533,contran_300_exames_crime_transito,specific_high_precision,rule_that_solves_or_clarifies_question,True,False,strict,228,not_applicable_or_not_outdated,,,pos condenacao; crime de transito; exames; condutor condenado,condutor condenado,Resolução CONTRAN nº 300/2008 - Proc. Adm. de Exames Pós-Condenação por Crime de Trânsito e Outros,Vínculo por assunto + termos do enunciado/alternativas/comentário. Exibir como card principal somente se importador aceitar score e revisão.,
2011764,contran_300_exames_crime_transito,specific_high_precision,rule_that_solves_or_clarifies_question,True,False,strict,216,not_applicable_or_not_outdated,,,pos condenacao; crime de transito; exames,exames,Resolução CONTRAN nº 300/2008 - Proc. Adm. de Exames Pós-Condenação por Crime de Trânsito e Outros,Vínculo por assunto + termos do enunciado/alternativas/comentário. Exibir como card principal somente se importador aceitar score e revisão.,
2011765,contran_300_exames_crime_transito,specific_high_precision,rule_that_solves_or_clarifies_question,True,False,strict,216,not_applicable_or_not_outdated,,,pos condenacao; crime de transito; exames,exames,Resolução CONTRAN nº 300/2008 - Proc. Adm. de Exames Pós-Condenação por Crime de Trânsito e Outros,Vínculo por assunto + termos do enunciado/alternativas/comentário. Exibir como card principal somente se importador aceitar score e revisão.,
2011882,contran_300_exames_crime_transito,specific_high_precision,suggested_card_needs_review,False,True,comment_or_subject_evidence_only,206,not_applicable_or_not_outdated,,,pos condenacao; crime de transito; exames,,Resolução CONTRAN nº 300/2008 - Proc. Adm. de Exames Pós-Condenação por Crime de Trânsito e Outros,Vínculo por assunto + termos do enunciado/alternativas/comentário. Exibir como card principal somente se importador aceitar score e revisão. Termos fortes não apareceram no enunciado/alternativas; não exibir automaticamente no modo Estudar agora.,
2178174,contran_300_exames_crime_transito,specific_high_precision,rule_that_solves_or_clarifies_question,True,False,strict,248,not_applicable_or_not_outdated,,,pos condenacao; crime de transito; exames; condutor condenado,crime de transito; exames; condutor condenado,Resolução CONTRAN nº 300/2008 - Proc. Adm. de Exames Pós-Condenação por Crime de Trânsito e Outros,Vínculo por assunto + termos do enunciado/alternativas/comentário. Exibir como card principal somente se importador aceitar score e revisão.,
2178179,contran_300_exames_crime_transito,specific_high_precision,rule_that_solves_or_clarifies_question,True,False,strict,226,not_applicable_or_not_outdated,,,pos condenacao; crime de transito; exames,crime de transito; exames,Resolução CONTRAN nº 300/2008 - Proc. Adm. de Exames Pós-Condenação por Crime de Trânsito e Outros,Vínculo por assunto + termos do enunciado/alternativas/comentário. Exibir como card principal somente se importador aceitar score e revisão.,
2178196,contran_300_exames_crime_transito,specific_high_precision,rule_that_solves_or_clarifies_question,True,False,strict,226,not_applicable_or_not_outdated,,,pos condenacao; crime de transito; exames,crime de transito; exames,Resolução CONTRAN nº 300/2008 - Proc. Adm. de Exames Pós-Condenação por Crime de Trânsito e Outros,Vínculo por assunto + termos do enunciado/alternativas/comentário. Exibir como card principal somente se importador aceitar score e revisão.,
2178202,contran_300_exames_crime_transito,specific_high_precision,rule_that_solves_or_clarifies_question,True,False,strict,226,not_applicable_or_not_outdated,,,pos condenacao; crime de transito; exames,crime de transito; exames,Resolução CONTRAN nº 300/2008 - Proc. Adm. de Exames Pós-Condenação por Crime de Trânsito e Outros,Vínculo por assunto + termos do enunciado/alternativas/comentário. Exibir como card principal somente se importador aceitar score e revisão.,
2178247,contran_300_exames_crime_transito,specific_high_precision,rule_that_solves_or_clarifies_question,True,False,strict,226,not_applicable_or_not_outdated,,,pos condenacao; crime de transito; exames,crime de transito; exames,Resolução CONTRAN nº 300/2008 - Proc. Adm. de Exames Pós-Condenação por Crime de Trânsito e Outros,Vínculo por assunto + termos do enunciado/alternativas/comentário. Exibir como card principal somente se importador aceitar score e revisão.,
2178253,contran_300_exames_crime_transito,specific_high_precision,rule_that_solves_or_clarifies_question,True,False,strict,226,not_applicable_or_not_outdated,,,pos condenacao; crime de transito; exames,crime de transito; exames,Resolução CONTRAN nº 300/2008 - Proc. Adm. de Exames Pós-Condenação por Crime de Trânsito e Outros,Vínculo por assunto + termos do enunciado/alternativas/comentário. Exibir como card principal somente se importador aceitar score e revisão.,
2178254,contran_300_exames_crime_transito,specific_high_precision,rule_that_solves_or_clarifies_question,True,False,strict,226,not_applicable_or_not_outdated,,,pos condenacao; crime de transito; exames,crime de transito; exames,Resolução CONTRAN nº 300/2008 - Proc. Adm. de Exames Pós-Condenação por Crime de Trânsito e Outros,Vínculo por assunto + termos do enunciado/alternativas/comentário. Exibir como card principal somente se importador aceitar score e revisão.,
2178255,contran_300_exames_crime_transito,specific_high_precision,rule_that_solves_or_clarifies_question,True,False,strict,226,not_applicable_or_not_outdated,,,pos condenacao; crime de transito; exames,crime de transito; exames,Resolução CONTRAN nº 300/2008 - Proc. Adm. de Exames Pós-Condenação por Crime de Trânsito e Outros,Vínculo por assunto + termos do enunciado/alternativas/comentário. Exibir como card principal somente se importador aceitar score e revisão.,
2178259,contran_300_exames_crime_transito,specific_high_precision,rule_that_solves_or_clarifies_question,True,False,strict,226,not_applicable_or_not_outdated,,,pos condenacao; crime de transito; exames,crime de transito; exames,Resolução CONTRAN nº 300/2008 - Proc. Adm. de Exames Pós-Condenação por Crime de Trânsito e Outros,Vínculo por assunto + termos do enunciado/alternativas/comentário. Exibir como card principal somente se importador aceitar score e revisão.,
2178260,contran_300_exames_crime_transito,specific_high_precision,rule_that_solves_or_clarifies_question,True,False,strict,226,not_applicable_or_not_outdated,,,pos condenacao; crime de transito; exames,crime de transito; exames,Resolução CONTRAN nº 300/2008 - Proc. Adm. de Exames Pós-Condenação por Crime de Trânsito e Outros,Vínculo por assunto + termos do enunciado/alternativas/comentário. Exibir como card principal somente se importador aceitar score e revisão.,
2178261,contran_300_exames_crime_transito,specific_high_precision,rule_that_solves_or_clarifies_question,True,False,strict,226,not_applicable_or_not_outdated,,,pos condenacao; crime de transito; exames,crime de transito; exames,Resolução CONTRAN nº 300/2008 - Proc. Adm. de Exames Pós-Condenação por Crime de Trânsito e Outros,Vínculo por assunto + termos do enunciado/alternativas/comentário. Exibir como card principal somente se importador aceitar score e revisão.,
2178262,contran_300_exames_crime_transito,specific_high_precision,rule_that_solves_or_clarifies_question,True,False,strict,248,not_applicable_or_not_outdated,,,pos condenacao; crime de transito; exames; reciclagem,crime de transito; exames; reciclagem,Resolução CONTRAN nº 300/2008 - Proc. Adm. de Exames Pós-Condenação por Crime de Trânsito e Outros,Vínculo por assunto + termos do enunciado/alternativas/comentário. Exibir como card principal somente se importador aceitar score e revisão.,
2143096,ctb_snt_competencias_municipio_estado_uniao,specific_medium_precision,suggested_card_needs_review,False,True,comment_or_subject_evidence_only,142,not_applicable_or_not_outdated,,,contran,,Resolução CONTRAN nº 351/2010 - Procedimentos para Veiculação de Mensagens Educativas de Trânsito,Vínculo por assunto + termos do enunciado/alternativas/comentário. Exibir como card principal somente se importador aceitar score e revisão. Termos fortes não apareceram no enunciado/alternativas; não exibir automaticamente no modo Estudar agora.,
27873,contran_36_triangulo_imobilizado,specific_high_precision,rule_that_solves_or_clarifies_question,True,False,strict,236,not_applicable_or_not_outdated,,,triangulo; veiculo imobilizado; sinalizacao de advertencia,triangulo; veiculo imobilizado; sinalizacao de advertencia,Resolução CONTRAN nº 36/1998 - Sinalização de Advertência para os veículos Estiverem Imobilizados,Vínculo por assunto + termos do enunciado/alternativas/comentário. Exibir como card principal somente se importador aceitar score e revisão.,
28256,contran_36_triangulo_imobilizado,specific_high_precision,rule_that_solves_or_clarifies_question,True,False,strict,214,not_applicable_or_not_outdated,,,triangulo; sinalizacao de advertencia,triangulo; sinalizacao de advertencia,Resolução CONTRAN nº 36/1998 - Sinalização de Advertência para os veículos Estiverem Imobilizados,Vínculo por assunto + termos do enunciado/alternativas/comentário. Exibir como card principal somente se importador aceitar score e revisão.,
209024,contran_36_triangulo_imobilizado,specific_high_precision,rule_that_solves_or_clarifies_question,True,False,strict,226,not_applicable_or_not_outdated,,,triangulo; sinalizacao de advertencia; pista,triangulo; pista,Resolução CONTRAN nº 36/1998 - Sinalização de Advertência para os veículos Estiverem Imobilizados,Vínculo por assunto + termos do enunciado/alternativas/comentário. Exibir como card principal somente se importador aceitar score e revisão.,
435031,contran_36_triangulo_imobilizado,specific_high_precision,rule_that_solves_or_clarifies_question,True,False,strict,204,not_applicable_or_not_outdated,,,triangulo; sinalizacao de advertencia,triangulo,Resolução CONTRAN nº 36/1998 - Sinalização de Advertência para os veículos Estiverem Imobilizados,Vínculo por assunto + termos do enunciado/alternativas/comentário. Exibir como card principal somente se importador aceitar score e revisão.,
545330,contran_36_triangulo_imobilizado,specific_high_precision,rule_that_solves_or_clarifies_question,True,False,strict,204,not_applicable_or_not_outdated,,,triangulo; sinalizacao de advertencia,triangulo,Resolução CONTRAN nº 36/1998 - Sinalização de Advertência para os veículos Estiverem Imobilizados,Vínculo por assunto + termos do enunciado/alternativas/comentário. Exibir como card principal somente se importador aceitar score e revisão.,
934708,contran_36_triangulo_imobilizado,specific_high_precision,rule_that_solves_or_clarifies_question,True,False,strict,204,not_applicable_or_not_outdated,,,triangulo; sinalizacao de advertencia,triangulo,Resolução CONTRAN nº 36/1998 - Sinalização de Advertência para os veículos Estiverem Imobilizados,Vínculo por assunto + termos do enunciado/alternativas/comentário. Exibir como card principal somente se importador aceitar score e revisão.,
1052424,contran_36_triangulo_imobilizado,specific_high_precision,suggested_card_needs_review,False,True,comment_or_subject_evidence_only,194,not_applicable_or_not_outdated,,,triangulo; sinalizacao de advertencia,,Resolução CONTRAN nº 36/1998 - Sinalização de Advertência para os veículos Estiverem Imobilizados,Vínculo por assunto + termos do enunciado/alternativas/comentário. Exibir como card principal somente se importador aceitar score e revisão. Termos fortes não apareceram no enunciado/alternativas; não exibir automaticamente no modo Estudar agora.,
1071621,contran_36_triangulo_imobilizado,specific_high_precision,rule_that_solves_or_clarifies_question,True,False,strict,204,not_applicable_or_not_outdated,,,triangulo; sinalizacao de advertencia,sinalizacao de advertencia,Resolução CONTRAN nº 36/1998 - Sinalização de Advertência para os veículos Estiverem Imobilizados,Vínculo por assunto + termos do enunciado/alternativas/comentário. Exibir como card principal somente se importador aceitar score e revisão.,
1255308,contran_36_triangulo_imobilizado,specific_high_precision,rule_that_solves_or_clarifies_question,True,False,strict,216,not_applicable_or_not_outdated,,,triangulo; veiculo imobilizado; sinalizacao de advertencia,triangulo,Resolução CONTRAN nº 36/1998 - Sinalização de Advertência para os veículos Estiverem Imobilizados,Vínculo por assunto + termos do enunciado/alternativas/comentário. Exibir como card principal somente se importador aceitar score e revisão.,
1314253,contran_36_triangulo_imobilizado,specific_high_precision,rule_that_solves_or_clarifies_question,True,False,strict,226,not_applicable_or_not_outdated,,,triangulo; sinalizacao de advertencia; pista,triangulo; pista,Resolução CONTRAN nº 36/1998 - Sinalização de Advertência para os veículos Estiverem Imobilizados,Vínculo por assunto + termos do enunciado/alternativas/comentário. Exibir como card principal somente se importador aceitar score e revisão.,
1503687,contran_36_triangulo_imobilizado,specific_high_precision,rule_that_solves_or_clarifies_question,True,False,strict,214,not_applicable_or_not_outdated,,,triangulo; sinalizacao de advertencia,triangulo; sinalizacao de advertencia,Resolução CONTRAN nº 36/1998 - Sinalização de Advertência para os veículos Estiverem Imobilizados,Vínculo por assunto + termos do enunciado/alternativas/comentário. Exibir como card principal somente se importador aceitar score e revisão.,
1503688,contran_36_triangulo_imobilizado,specific_high_precision,rule_that_solves_or_clarifies_question,True,False,strict,236,not_applicable_or_not_outdated,,,triangulo; veiculo imobilizado; sinalizacao de advertencia,triangulo; veiculo imobilizado; sinalizacao de advertencia,Resolução CONTRAN nº 36/1998 - Sinalização de Advertência para os veículos Estiverem Imobilizados,Vínculo por assunto + termos do enunciado/alternativas/comentário. Exibir como card principal somente se importador aceitar score e revisão.,
28257,contran_432_alcoolemia,specific_high_precision,rule_that_solves_or_clarifies_question,True,False,strict,192,not_applicable_or_not_outdated,,,alcool,alcool,Resolução CONTRAN nº 432/2013 - Consumo de Álcool ou de Outra Substância Psicoativa,Vínculo por assunto + termos do enunciado/alternativas/comentário. Exibir como card principal somente se importador aceitar score e revisão.,
28258,contran_432_alcoolemia,specific_high_precision,suggested_card_needs_review,False,True,comment_or_subject_evidence_only,206,not_applicable_or_not_outdated,,,alcool; etilometro; sinais de alteracao,,Resolução CONTRAN nº 432/2013 - Consumo de Álcool ou de Outra Substância Psicoativa,Vínculo por assunto + termos do enunciado/alternativas/comentário. Exibir como card principal somente se importador aceitar score e revisão. Termos fortes não apareceram no enunciado/alternativas; não exibir automaticamente no modo Estudar agora.,
205370,contran_432_alcoolemia,specific_high_precision,rule_that_solves_or_clarifies_question,True,False,strict,260,not_applicable_or_not_outdated,,,alcool; etilometro; bafometro; recusa; sinais de alteracao,alcool; bafometro; sinais de alteracao,Resolução CONTRAN nº 432/2013 - Consumo de Álcool ou de Outra Substância Psicoativa,Vínculo por assunto + termos do enunciado/alternativas/comentário. Exibir como card principal somente se importador aceitar score e revisão.,
424415,contran_432_alcoolemia,specific_high_precision,rule_that_solves_or_clarifies_question,True,False,strict,226,not_applicable_or_not_outdated,,,alcool; etilometro; sinais de alteracao,alcool; etilometro,Resolução CONTRAN nº 432/2013 - Consumo de Álcool ou de Outra Substância Psicoativa,Vínculo por assunto + termos do enunciado/alternativas/comentário. Exibir como card principal somente se importador aceitar score e revisão.,
434218,contran_432_alcoolemia,specific_high_precision,rule_that_solves_or_clarifies_question,True,False,strict,248,not_applicable_or_not_outdated,,,alcool; etilometro; bafometro; teste de alcoolemia,alcool; etilometro; teste de alcoolemia,Resolução CONTRAN nº 432/2013 - Consumo de Álcool ou de Outra Substância Psicoativa,Vínculo por assunto + termos do enunciado/alternativas/comentário. Exibir como card principal somente se importador aceitar score e revisão.,
549773,contran_432_alcoolemia,specific_high_precision,rule_that_solves_or_clarifies_question,True,False,strict,250,not_applicable_or_not_outdated,,,alcool; etilometro; bafometro; recusa; sinais de alteracao,alcool; bafometro,Resolução CONTRAN nº 432/2013 - Consumo de Álcool ou de Outra Substância Psicoativa,Vínculo por assunto + termos do enunciado/alternativas/comentário. Exibir como card principal somente se importador aceitar score e revisão.,
849149,contran_432_alcoolemia,specific_high_precision,rule_that_solves_or_clarifies_question,True,False,strict,214,not_applicable_or_not_outdated,,,alcool; etilometro,alcool; etilometro,Resolução CONTRAN nº 432/2013 - Consumo de Álcool ou de Outra Substância Psicoativa,Vínculo por assunto + termos do enunciado/alternativas/comentário. Exibir como card principal somente se importador aceitar score e revisão.,
886443,contran_432_alcoolemia,specific_high_precision,rule_that_solves_or_clarifies_question,True,False,strict,214,not_applicable_or_not_outdated,,,alcool; etilometro,alcool; etilometro,Resolução CONTRAN nº 432/2013 - Consumo de Álcool ou de Outra Substância Psicoativa,Vínculo por assunto + termos do enunciado/alternativas/comentário. Exibir como card principal somente se importador aceitar score e revisão.,
1046070,contran_432_alcoolemia,specific_high_precision,rule_that_solves_or_clarifies_question,True,False,strict,204,not_applicable_or_not_outdated,,,alcool; bafometro,alcool,Resolução CONTRAN nº 432/2013 - Consumo de Álcool ou de Outra Substância Psicoativa,Vínculo por assunto + termos do enunciado/alternativas/comentário. Exibir como card principal somente se importador aceitar score e revisão.,
1403534,contran_432_alcoolemia,specific_high_precision,rule_that_solves_or_clarifies_question,True,False,strict,238,not_applicable_or_not_outdated,,,alcool; etilometro; recusa; sinais de alteracao,etilometro; sinais de alteracao,Resolução CONTRAN nº 432/2013 - Consumo de Álcool ou de Outra Substância Psicoativa,Vínculo por assunto + termos do enunciado/alternativas/comentário. Exibir como card principal somente se importador aceitar score e revisão.,
1508724,contran_432_alcoolemia,specific_high_precision,rule_that_solves_or_clarifies_question,True,False,strict,192,not_applicable_or_not_outdated,,,alcool,alcool,Resolução CONTRAN nº 432/2013 - Consumo de Álcool ou de Outra Substância Psicoativa,Vínculo por assunto + termos do enunciado/alternativas/comentário. Exibir como card principal somente se importador aceitar score e revisão.,
1508725,contran_432_alcoolemia,specific_high_precision,rule_that_solves_or_clarifies_question,True,False,strict,216,not_applicable_or_not_outdated,,,alcool; etilometro; sinais de alteracao,alcool,Resolução CONTRAN nº 432/2013 - Consumo de Álcool ou de Outra Substância Psicoativa,Vínculo por assunto + termos do enunciado/alternativas/comentário. Exibir como card principal somente se importador aceitar score e revisão.,
1508730,contran_432_alcoolemia,specific_high_precision,rule_that_solves_or_clarifies_question,True,False,strict,216,not_applicable_or_not_outdated,,,alcool; etilometro; sinais de alteracao,alcool,Resolução CONTRAN nº 432/2013 - Consumo de Álcool ou de Outra Substância Psicoativa,Vínculo por assunto + termos do enunciado/alternativas/comentário. Exibir como card principal somente se importador aceitar score e revisão.,
1508732,contran_432_alcoolemia,specific_high_precision,rule_that_solves_or_clarifies_question,True,False,strict,204,not_applicable_or_not_outdated,,,alcool; etilometro,alcool,Resolução CONTRAN nº 432/2013 - Consumo de Álcool ou de Outra Substância Psicoativa,Vínculo por assunto + termos do enunciado/alternativas/comentário. Exibir como card principal somente se importador aceitar score e revisão.,
1508734,contran_432_alcoolemia,specific_high_precision,rule_that_solves_or_clarifies_question,True,False,strict,236,not_applicable_or_not_outdated,,,alcool; etilometro; sinais de alteracao,alcool; etilometro; sinais de alteracao,Resolução CONTRAN nº 432/2013 - Consumo de Álcool ou de Outra Substância Psicoativa,Vínculo por assunto + termos do enunciado/alternativas/comentário. Exibir como card principal somente se importador aceitar score e revisão.,
1508738,contran_432_alcoolemia,specific_high_precision,rule_that_solves_or_clarifies_question,True,False,strict,214,not_applicable_or_not_outdated,,,alcool; etilometro,alcool; etilometro,Resolução CONTRAN nº 432/2013 - Consumo de Álcool ou de Outra Substância Psicoativa,Vínculo por assunto + termos do enunciado/alternativas/comentário. Exibir como card principal somente se importador aceitar score e revisão.,
1508740,contran_432_alcoolemia,specific_high_precision,rule_that_solves_or_clarifies_question,True,False,strict,214,not_applicable_or_not_outdated,,,alcool; etilometro,alcool; etilometro,Resolução CONTRAN nº 432/2013 - Consumo de Álcool ou de Outra Substância Psicoativa,Vínculo por assunto + termos do enunciado/alternativas/comentário. Exibir como card principal somente se importador aceitar score e revisão.,
1508742,contran_432_alcoolemia,specific_high_precision,rule_that_solves_or_clarifies_question,True,False,strict,214,not_applicable_or_not_outdated,,,alcool; sinais de alteracao,alcool; sinais de alteracao,Resolução CONTRAN nº 432/2013 - Consumo de Álcool ou de Outra Substância Psicoativa,Vínculo por assunto + termos do enunciado/alternativas/comentário. Exibir como card principal somente se importador aceitar score e revisão.,
1508743,contran_432_alcoolemia,specific_high_precision,rule_that_solves_or_clarifies_question,True,False,strict,204,not_applicable_or_not_outdated,,,alcool; sinais de alteracao,alcool,Resolução CONTRAN nº 432/2013 - Consumo de Álcool ou de Outra Substância Psicoativa,Vínculo por assunto + termos do enunciado/alternativas/comentário. Exibir como card principal somente se importador aceitar score e revisão.,
1508757,contran_432_alcoolemia,specific_high_precision,rule_that_solves_or_clarifies_question,True,False,strict,238,not_applicable_or_not_outdated,,,alcool; etilometro; recusa; sinais de alteracao,alcool; etilometro,Resolução CONTRAN nº 432/2013 - Consumo de Álcool ou de Outra Substância Psicoativa,Vínculo por assunto + termos do enunciado/alternativas/comentário. Exibir como card principal somente se importador aceitar score e revisão.,
1508760,contran_432_alcoolemia,specific_high_precision,rule_that_solves_or_clarifies_question,True,False,strict,216,not_applicable_or_not_outdated,,,alcool; etilometro; sinais de alteracao,alcool,Resolução CONTRAN nº 432/2013 - Consumo de Álcool ou de Outra Substância Psicoativa,Vínculo por assunto + termos do enunciado/alternativas/comentário. Exibir como card principal somente se importador aceitar score e revisão.,
1508763,contran_432_alcoolemia,specific_high_precision,rule_that_solves_or_clarifies_question,True,False,strict,216,not_applicable_or_not_outdated,,,alcool; etilometro; sinais de alteracao,alcool,Resolução CONTRAN nº 432/2013 - Consumo de Álcool ou de Outra Substância Psicoativa,Vínculo por assunto + termos do enunciado/alternativas/comentário. Exibir como card principal somente se importador aceitar score e revisão.,
1508765,contran_432_alcoolemia,specific_high_precision,rule_that_solves_or_clarifies_question,True,False,strict,216,not_applicable_or_not_outdated,,,alcool; etilometro; sinais de alteracao,alcool,Resolução CONTRAN nº 432/2013 - Consumo de Álcool ou de Outra Substância Psicoativa,Vínculo por assunto + termos do enunciado/alternativas/comentário. Exibir como card principal somente se importador aceitar score e revisão.,
1508767,contran_432_alcoolemia,specific_high_precision,rule_that_solves_or_clarifies_question,True,False,strict,238,not_applicable_or_not_outdated,,,alcool; etilometro; recusa; sinais de alteracao,alcool; etilometro,Resolução CONTRAN nº 432/2013 - Consumo de Álcool ou de Outra Substância Psicoativa,Vínculo por assunto + termos do enunciado/alternativas/comentário. Exibir como card principal somente se importador aceitar score e revisão.,
1508770,contran_432_alcoolemia,specific_high_precision,rule_that_solves_or_clarifies_question,True,False,strict,238,not_applicable_or_not_outdated,,,alcool; etilometro; recusa; sinais de alteracao,alcool; etilometro,Resolução CONTRAN nº 432/2013 - Consumo de Álcool ou de Outra Substância Psicoativa,Vínculo por assunto + termos do enunciado/alternativas/comentário. Exibir como card principal somente se importador aceitar score e revisão.,
1508771,ctb_alcool_recusa,specific_high_precision,rule_that_solves_or_clarifies_question,True,False,strict,209,not_applicable_or_not_outdated,,,alcool; substancia psicoativa,alcool; substancia psicoativa,Resolução CONTRAN nº 432/2013 - Consumo de Álcool ou de Outra Substância Psicoativa,Vínculo por assunto + termos do enunciado/alternativas/comentário. Exibir como card principal somente se importador aceitar score e revisão.,
1508775,contran_432_alcoolemia,specific_high_precision,rule_that_solves_or_clarifies_question,True,False,strict,192,not_applicable_or_not_outdated,,,alcool,alcool,Resolução CONTRAN nº 432/2013 - Consumo de Álcool ou de Outra Substância Psicoativa,Vínculo por assunto + termos do enunciado/alternativas/comentário. Exibir como card principal somente se importador aceitar score e revisão.,
1508776,contran_432_alcoolemia,specific_high_precision,rule_that_solves_or_clarifies_question,True,False,strict,192,not_applicable_or_not_outdated,,,alcool,alcool,Resolução CONTRAN nº 432/2013 - Consumo de Álcool ou de Outra Substância Psicoativa,Vínculo por assunto + termos do enunciado/alternativas/comentário. Exibir como card principal somente se importador aceitar score e revisão.,
1508778,contran_432_alcoolemia,specific_high_precision,rule_that_solves_or_clarifies_question,True,False,strict,192,not_applicable_or_not_outdated,,,alcool,alcool,Resolução CONTRAN nº 432/2013 - Consumo de Álcool ou de Outra Substância Psicoativa,Vínculo por assunto + termos do enunciado/alternativas/comentário. Exibir como card principal somente se importador aceitar score e revisão.,
1531241,contran_432_alcoolemia,specific_high_precision,rule_that_solves_or_clarifies_question,True,False,strict,214,not_applicable_or_not_outdated,,,alcool; etilometro,alcool; etilometro,Resolução CONTRAN nº 432/2013 - Consumo de Álcool ou de Outra Substância Psicoativa,Vínculo por assunto + termos do enunciado/alternativas/comentário. Exibir como card principal somente se importador aceitar score e revisão.,
1576558,contran_432_alcoolemia,specific_high_precision,rule_that_solves_or_clarifies_question,True,False,strict,192,not_applicable_or_not_outdated,,,alcool,alcool,Resolução CONTRAN nº 432/2013 - Consumo de Álcool ou de Outra Substância Psicoativa,Vínculo por assunto + termos do enunciado/alternativas/comentário. Exibir como card principal somente se importador aceitar score e revisão.,
1577617,contran_432_alcoolemia,specific_high_precision,rule_that_solves_or_clarifies_question,True,False,strict,228,not_applicable_or_not_outdated,,,alcool; etilometro; bafometro; teste de alcoolemia,alcool,Resolução CONTRAN nº 432/2013 - Consumo de Álcool ou de Outra Substância Psicoativa,Vínculo por assunto + termos do enunciado/alternativas/comentário. Exibir como card principal somente se importador aceitar score e revisão.,
1829458,contran_432_alcoolemia,specific_high_precision,rule_that_solves_or_clarifies_question,True,False,strict,226,not_applicable_or_not_outdated,,,alcool; etilometro; sinais de alteracao,etilometro; sinais de alteracao,Resolução CONTRAN nº 432/2013 - Consumo de Álcool ou de Outra Substância Psicoativa,Vínculo por assunto + termos do enunciado/alternativas/comentário. Exibir como card principal somente se importador aceitar score e revisão.,
1969143,contran_432_alcoolemia,specific_high_precision,rule_that_solves_or_clarifies_question,True,False,strict,258,not_applicable_or_not_outdated,,,alcool; etilometro; recusa; sinais de alteracao,alcool; etilometro; recusa; sinais de alteracao,Resolução CONTRAN nº 432/2013 - Consumo de Álcool ou de Outra Substância Psicoativa,Vínculo por assunto + termos do enunciado/alternativas/comentário. Exibir como card principal somente se importador aceitar score e revisão.,
254766,contran_508_carga_indivisivel,specific_high_precision,suggested_card_needs_review,False,True,comment_or_subject_evidence_only,172,not_applicable_or_not_outdated,,,veiculo de carga,,Resolução CONTRAN nº 508/2014 - Requisitos de Segurança para a Circulação de Veículo de Carga,Vínculo por assunto + termos do enunciado/alternativas/comentário. Exibir como card principal somente se importador aceitar score e revisão. Termos fortes não apareceram no enunciado/alternativas; não exibir automaticamente no modo Estudar agora.,
624731,contran_508_carga_indivisivel,specific_high_precision,rule_that_solves_or_clarifies_question,False,True,ambiguous_top_candidate,182,not_applicable_or_not_outdated,,,veiculo de carga,veiculo de carga,Resolução CONTRAN nº 508/2014 - Requisitos de Segurança para a Circulação de Veículo de Carga,Vínculo por assunto + termos do enunciado/alternativas/comentário. Exibir como card principal somente se importador aceitar score e revisão.,
626008,contran_508_carga_indivisivel,specific_high_precision,rule_that_solves_or_clarifies_question,False,True,ambiguous_top_candidate,182,not_applicable_or_not_outdated,,,veiculo de carga,veiculo de carga,Resolução CONTRAN nº 508/2014 - Requisitos de Segurança para a Circulação de Veículo de Carga,Vínculo por assunto + termos do enunciado/alternativas/comentário. Exibir como card principal somente se importador aceitar score e revisão.,
816628,contran_508_carga_indivisivel,specific_high_precision,suggested_card_needs_review,False,True,comment_or_subject_evidence_only,208,not_applicable_or_not_outdated,,,veiculo de carga; carga indivisivel; aet; autorizacao especial de transito,,Resolução CONTRAN nº 508/2014 - Requisitos de Segurança para a Circulação de Veículo de Carga,Vínculo por assunto + termos do enunciado/alternativas/comentário. Exibir como card principal somente se importador aceitar score e revisão. Termos fortes não apareceram no enunciado/alternativas; não exibir automaticamente no modo Estudar agora.,
1415330,contran_945_amarracao_carga,specific_high_precision,rule_that_solves_or_clarifies_question,True,False,strict,194,not_applicable_or_not_outdated,,,carga; transporte de carga,carga; transporte de carga,Resolução CONTRAN nº 508/2014 - Requisitos de Segurança para a Circulação de Veículo de Carga,Vínculo por assunto + termos do enunciado/alternativas/comentário. Exibir como card principal somente se importador aceitar score e revisão.,
1510575,contran_508_carga_indivisivel,specific_high_precision,rule_that_solves_or_clarifies_question,False,True,ambiguous_top_candidate,182,not_applicable_or_not_outdated,,,veiculo de carga,veiculo de carga,Resolução CONTRAN nº 508/2014 - Requisitos de Segurança para a Circulação de Veículo de Carga,Vínculo por assunto + termos do enunciado/alternativas/comentário. Exibir como card principal somente se importador aceitar score e revisão.,
1510576,contran_508_carga_indivisivel,specific_high_precision,rule_that_solves_or_clarifies_question,False,True,ambiguous_top_candidate,182,not_applicable_or_not_outdated,,,veiculo de carga,veiculo de carga,Resolução CONTRAN nº 508/2014 - Requisitos de Segurança para a Circulação de Veículo de Carga,Vínculo por assunto + termos do enunciado/alternativas/comentário. Exibir como card principal somente se importador aceitar score e revisão.,
1510577,contran_508_carga_indivisivel,specific_high_precision,rule_that_solves_or_clarifies_question,False,True,ambiguous_top_candidate,182,not_applicable_or_not_outdated,,,veiculo de carga,veiculo de carga,Resolução CONTRAN nº 508/2014 - Requisitos de Segurança para a Circulação de Veículo de Carga,Vínculo por assunto + termos do enunciado/alternativas/comentário. Exibir como card principal somente se importador aceitar score e revisão.,
1510579,contran_508_carga_indivisivel,specific_high_precision,rule_that_solves_or_clarifies_question,False,True,ambiguous_top_candidate,182,not_applicable_or_not_outdated,,,veiculo de carga,veiculo de carga,Resolução CONTRAN nº 508/2014 - Requisitos de Segurança para a Circulação de Veículo de Carga,Vínculo por assunto + termos do enunciado/alternativas/comentário. Exibir como card principal somente se importador aceitar score e revisão.,
1510580,contran_508_carga_indivisivel,specific_high_precision,rule_that_solves_or_clarifies_question,False,True,ambiguous_top_candidate,182,not_applicable_or_not_outdated,,,veiculo de carga,veiculo de carga,Resolução CONTRAN nº 508/2014 - Requisitos de Segurança para a Circulação de Veículo de Carga,Vínculo por assunto + termos do enunciado/alternativas/comentário. Exibir como card principal somente se importador aceitar score e revisão.,
1510581,contran_508_carga_indivisivel,specific_high_precision,rule_that_solves_or_clarifies_question,False,True,ambiguous_top_candidate,182,not_applicable_or_not_outdated,,,veiculo de carga,veiculo de carga,Resolução CONTRAN nº 508/2014 - Requisitos de Segurança para a Circulação de Veículo de Carga,Vínculo por assunto + termos do enunciado/alternativas/comentário. Exibir como card principal somente se importador aceitar score e revisão.,
1510582,contran_508_carga_indivisivel,specific_high_precision,rule_that_solves_or_clarifies_question,False,True,ambiguous_top_candidate,182,not_applicable_or_not_outdated,,,veiculo de carga,veiculo de carga,Resolução CONTRAN nº 508/2014 - Requisitos de Segurança para a Circulação de Veículo de Carga,Vínculo por assunto + termos do enunciado/alternativas/comentário. Exibir como card principal somente se importador aceitar score e revisão.,
1510583,contran_508_carga_indivisivel,specific_high_precision,rule_that_solves_or_clarifies_question,False,True,ambiguous_top_candidate,182,not_applicable_or_not_outdated,,,veiculo de carga,veiculo de carga,Resolução CONTRAN nº 508/2014 - Requisitos de Segurança para a Circulação de Veículo de Carga,Vínculo por assunto + termos do enunciado/alternativas/comentário. Exibir como card principal somente se importador aceitar score e revisão.,
1510584,contran_508_carga_indivisivel,specific_high_precision,rule_that_solves_or_clarifies_question,False,True,ambiguous_top_candidate,182,not_applicable_or_not_outdated,,,veiculo de carga,veiculo de carga,Resolução CONTRAN nº 508/2014 - Requisitos de Segurança para a Circulação de Veículo de Carga,Vínculo por assunto + termos do enunciado/alternativas/comentário. Exibir como card principal somente se importador aceitar score e revisão.,
1510585,contran_508_carga_indivisivel,specific_high_precision,rule_that_solves_or_clarifies_question,False,True,ambiguous_top_candidate,182,not_applicable_or_not_outdated,,,veiculo de carga,veiculo de carga,Resolução CONTRAN nº 508/2014 - Requisitos de Segurança para a Circulação de Veículo de Carga,Vínculo por assunto + termos do enunciado/alternativas/comentário. Exibir como card principal somente se importador aceitar score e revisão.,
1510587,contran_508_carga_indivisivel,specific_high_precision,rule_that_solves_or_clarifies_question,False,True,ambiguous_top_candidate,182,not_applicable_or_not_outdated,,,veiculo de carga,veiculo de carga,Resolução CONTRAN nº 508/2014 - Requisitos de Segurança para a Circulação de Veículo de Carga,Vínculo por assunto + termos do enunciado/alternativas/comentário. Exibir como card principal somente se importador aceitar score e revisão.,
1510589,contran_508_carga_indivisivel,specific_high_precision,rule_that_solves_or_clarifies_question,False,True,ambiguous_top_candidate,182,not_applicable_or_not_outdated,,,veiculo de carga,veiculo de carga,Resolução CONTRAN nº 508/2014 - Requisitos de Segurança para a Circulação de Veículo de Carga,Vínculo por assunto + termos do enunciado/alternativas/comentário. Exibir como card principal somente se importador aceitar score e revisão.,
1510590,ctb_veiculos_classificacao_especie_categoria,specific_high_precision,rule_that_solves_or_clarifies_question,True,False,strict,208,not_applicable_or_not_outdated,,,categoria; passageiros; carga; misto,passageiros; carga; misto,Resolução CONTRAN nº 508/2014 - Requisitos de Segurança para a Circulação de Veículo de Carga,Vínculo por assunto + termos do enunciado/alternativas/comentário. Exibir como card principal somente se importador aceitar score e revisão.,
1510591,ctb_veiculos_classificacao_especie_categoria,specific_high_precision,rule_that_solves_or_clarifies_question,True,False,strict,208,not_applicable_or_not_outdated,,,categoria; passageiros; carga; misto,passageiros; carga; misto,Resolução CONTRAN nº 508/2014 - Requisitos de Segurança para a Circulação de Veículo de Carga,Vínculo por assunto + termos do enunciado/alternativas/comentário. Exibir como card principal somente se importador aceitar score e revisão.,
1510594,contran_508_carga_indivisivel,specific_high_precision,rule_that_solves_or_clarifies_question,False,True,ambiguous_top_candidate,182,not_applicable_or_not_outdated,,,veiculo de carga,veiculo de carga,Resolução CONTRAN nº 508/2014 - Requisitos de Segurança para a Circulação de Veículo de Carga,Vínculo por assunto + termos do enunciado/alternativas/comentário. Exibir como card principal somente se importador aceitar score e revisão.,
1577995,contran_508_carga_indivisivel,specific_high_precision,suggested_card_needs_review,False,True,comment_or_subject_evidence_only,172,not_applicable_or_not_outdated,,,veiculo de carga,,Resolução CONTRAN nº 508/2014 - Requisitos de Segurança para a Circulação de Veículo de Carga,Vínculo por assunto + termos do enunciado/alternativas/comentário. Exibir como card principal somente se importador aceitar score e revisão. Termos fortes não apareceram no enunciado/alternativas; não exibir automaticamente no modo Estudar agora.,
1609824,ctb_veiculos_classificacao_especie_categoria,specific_high_precision,rule_that_solves_or_clarifies_question,True,False,strict,208,not_applicable_or_not_outdated,,,categoria; automotor; passageiros; carga,categoria; passageiros; carga,Resolução CONTRAN nº 508/2014 - Requisitos de Segurança para a Circulação de Veículo de Carga,Vínculo por assunto + termos do enunciado/alternativas/comentário. Exibir como card principal somente se importador aceitar score e revisão.,
1611248,contran_945_amarracao_carga,specific_high_precision,rule_that_solves_or_clarifies_question,False,True,ambiguous_top_candidate,172,not_applicable_or_not_outdated,,,carga,carga,Resolução CONTRAN nº 508/2014 - Requisitos de Segurança para a Circulação de Veículo de Carga,Vínculo por assunto + termos do enunciado/alternativas/comentário. Exibir como card principal somente se importador aceitar score e revisão.,
305789,contran_514_politica_nacional_transito,specific_high_precision,theory_reference_only__not_solution_current_law,False,True,strict,204,needs_audit,False,,politica nacional de transito; diretrizes,politica nacional de transito; diretrizes,Resolução CONTRAN nº 514/2014 - Política Nacional de Trânsito,Vínculo por assunto + termos do enunciado/alternativas/comentário. Exibir como card principal somente se importador aceitar score e revisão.,Questão desatualizada sem gabarito atual pontuável; não exibir como regra que resolve a questão no modo legislação atual.
480657,contran_514_politica_nacional_transito,specific_high_precision,rule_that_solves_or_clarifies_question,True,False,strict,194,not_applicable_or_not_outdated,,,politica nacional de transito; diretrizes,politica nacional de transito,Resolução CONTRAN nº 514/2014 - Política Nacional de Trânsito,Vínculo por assunto + termos do enunciado/alternativas/comentário. Exibir como card principal somente se importador aceitar score e revisão.,
480658,contran_514_politica_nacional_transito,specific_high_precision,theory_reference_only__not_solution_current_law,False,True,ambiguous_top_candidate,204,needs_audit,False,,politica nacional de transito; diretrizes,politica nacional de transito; diretrizes,Resolução CONTRAN nº 514/2014 - Política Nacional de Trânsito,Vínculo por assunto + termos do enunciado/alternativas/comentário. Exibir como card principal somente se importador aceitar score e revisão.,Questão desatualizada sem gabarito atual pontuável; não exibir como regra que resolve a questão no modo legislação atual.
855084,contran_514_politica_nacional_transito,specific_high_precision,rule_that_solves_or_clarifies_question,True,False,strict,182,not_applicable_or_not_outdated,,,politica nacional de transito,politica nacional de transito,Resolução CONTRAN nº 514/2014 - Política Nacional de Trânsito,Vínculo por assunto + termos do enunciado/alternativas/comentário. Exibir como card principal somente se importador aceitar score e revisão.,
1165402,contran_514_politica_nacional_transito,specific_high_precision,theory_reference_only__not_solution_current_law,False,True,strict,204,needs_audit,False,,politica nacional de transito; diretrizes,politica nacional de transito; diretrizes,Resolução CONTRAN nº 514/2014 - Política Nacional de Trânsito,Vínculo por assunto + termos do enunciado/alternativas/comentário. Exibir como card principal somente se importador aceitar score e revisão.,Questão desatualizada sem gabarito atual pontuável; não exibir como regra que resolve a questão no modo legislação atual.
1701320,contran_514_politica_nacional_transito,specific_high_precision,rule_that_solves_or_clarifies_question,True,False,strict,182,not_applicable_or_not_outdated,,,politica nacional de transito,politica nacional de transito,Resolução CONTRAN nº 514/2014 - Política Nacional de Trânsito,Vínculo por assunto + termos do enunciado/alternativas/comentário. Exibir como card principal somente se importador aceitar score e revisão.,
1701359,contran_514_politica_nacional_transito,specific_high_precision,theory_reference_only__not_solution_current_law,False,True,strict,204,needs_audit,False,,politica nacional de transito; pnt,politica nacional de transito; pnt,Resolução CONTRAN nº 514/2014 - Política Nacional de Trânsito,Vínculo por assunto + termos do enunciado/alternativas/comentário. Exibir como card principal somente se importador aceitar score e revisão.,Questão desatualizada sem gabarito atual pontuável; não exibir como regra que resolve a questão no modo legislação atual.
2102625,contran_514_politica_nacional_transito,specific_high_precision,rule_that_solves_or_clarifies_question,True,False,strict,194,not_applicable_or_not_outdated,,,politica nacional de transito; diretrizes,politica nacional de transito,Resolução CONTRAN nº 514/2014 - Política Nacional de Trânsito,Vínculo por assunto + termos do enunciado/alternativas/comentário. Exibir como card principal somente se importador aceitar score e revisão.,
1515755,contran_525_tempo_direcao,specific_high_precision,rule_that_solves_or_clarifies_question,True,False,strict,258,not_applicable_or_not_outdated,,,tempo de direcao; descanso; motorista profissional; fiscalizacao do tempo,tempo de direcao; descanso; motorista profissional; fiscalizacao do tempo,Resolução CONTRAN nº 525/2015 - Fiscalização do Tempo de Direção Profissional,Vínculo por assunto + termos do enunciado/alternativas/comentário. Exibir como card principal somente se importador aceitar score e revisão.,
1515756,contran_525_tempo_direcao,specific_high_precision,rule_that_solves_or_clarifies_question,True,False,strict,258,not_applicable_or_not_outdated,,,tempo de direcao; descanso; motorista profissional; fiscalizacao do tempo,tempo de direcao; descanso; motorista profissional; fiscalizacao do tempo,Resolução CONTRAN nº 525/2015 - Fiscalização do Tempo de Direção Profissional,Vínculo por assunto + termos do enunciado/alternativas/comentário. Exibir como card principal somente se importador aceitar score e revisão.,
1515757,contran_525_tempo_direcao,specific_high_precision,rule_that_solves_or_clarifies_question,True,False,strict,248,not_applicable_or_not_outdated,,,tempo de direcao; descanso; motorista profissional; fiscalizacao do tempo,tempo de direcao; motorista profissional; fiscalizacao do tempo,Resolução CONTRAN nº 525/2015 - Fiscalização do Tempo de Direção Profissional,Vínculo por assunto + termos do enunciado/alternativas/comentário. Exibir como card principal somente se importador aceitar score e revisão.,
1515758,contran_525_tempo_direcao,specific_high_precision,rule_that_solves_or_clarifies_question,True,False,strict,258,not_applicable_or_not_outdated,,,tempo de direcao; descanso; motorista profissional; fiscalizacao do tempo,tempo de direcao; descanso; motorista profissional; fiscalizacao do tempo,Resolução CONTRAN nº 525/2015 - Fiscalização do Tempo de Direção Profissional,Vínculo por assunto + termos do enunciado/alternativas/comentário. Exibir como card principal somente se importador aceitar score e revisão.,
1515759,contran_525_tempo_direcao,specific_high_precision,rule_that_solves_or_clarifies_question,True,False,strict,236,not_applicable_or_not_outdated,,,tempo de direcao; motorista profissional; fiscalizacao do tempo,tempo de direcao; motorista profissional; fiscalizacao do tempo,Resolução CONTRAN nº 525/2015 - Fiscalização do Tempo de Direção Profissional,Vínculo por assunto + termos do enunciado/alternativas/comentário. Exibir como card principal somente se importador aceitar score e revisão.,
1515760,contran_525_tempo_direcao,specific_high_precision,rule_that_solves_or_clarifies_question,True,False,strict,258,not_applicable_or_not_outdated,,,tempo de direcao; descanso; motorista profissional; fiscalizacao do tempo,tempo de direcao; descanso; motorista profissional; fiscalizacao do tempo,Resolução CONTRAN nº 525/2015 - Fiscalização do Tempo de Direção Profissional,Vínculo por assunto + termos do enunciado/alternativas/comentário. Exibir como card principal somente se importador aceitar score e revisão.,
1515762,contran_525_tempo_direcao,specific_high_precision,rule_that_solves_or_clarifies_question,True,False,strict,236,not_applicable_or_not_outdated,,,tempo de direcao; motorista profissional; fiscalizacao do tempo,tempo de direcao; motorista profissional; fiscalizacao do tempo,Resolução CONTRAN nº 525/2015 - Fiscalização do Tempo de Direção Profissional,Vínculo por assunto + termos do enunciado/alternativas/comentário. Exibir como card principal somente se importador aceitar score e revisão.,
1611260,contran_525_tempo_direcao,specific_high_precision,rule_that_solves_or_clarifies_question,True,False,strict,258,not_applicable_or_not_outdated,,,tempo de direcao; descanso; motorista profissional; fiscalizacao do tempo,tempo de direcao; descanso; motorista profissional; fiscalizacao do tempo,Resolução CONTRAN nº 525/2015 - Fiscalização do Tempo de Direção Profissional,Vínculo por assunto + termos do enunciado/alternativas/comentário. Exibir como card principal somente se importador aceitar score e revisão.,
1611261,contran_525_tempo_direcao,specific_high_precision,rule_that_solves_or_clarifies_question,True,False,strict,258,not_applicable_or_not_outdated,,,tempo de direcao; descanso; motorista profissional; fiscalizacao do tempo,tempo de direcao; descanso; motorista profissional; fiscalizacao do tempo,Resolução CONTRAN nº 525/2015 - Fiscalização do Tempo de Direção Profissional,Vínculo por assunto + termos do enunciado/alternativas/comentário. Exibir como card principal somente se importador aceitar score e revisão.,
1611262,contran_525_tempo_direcao,specific_high_precision,rule_that_solves_or_clarifies_question,False,True,ambiguous_top_candidate,258,not_applicable_or_not_outdated,,,tempo de direcao; descanso; motorista profissional; fiscalizacao do tempo,tempo de direcao; descanso; motorista profissional; fiscalizacao do tempo,Resolução CONTRAN nº 525/2015 - Fiscalização do Tempo de Direção Profissional,Vínculo por assunto + termos do enunciado/alternativas/comentário. Exibir como card principal somente se importador aceitar score e revisão.,
624729,subject_overview::resolucao-contran-n-573-2015-quadriciclos,subject_overview_fallback,general_orientation_only,False,False,fallback_by_assunto,50,not_applicable_or_not_outdated,,,Resolução CONTRAN nº 573/2015 - Quadriciclos,,Resolução CONTRAN nº 573/2015 - Quadriciclos,"Sem evidência suficiente para microcard específico. Exibir apenas como panorama do assunto, nunca como regra que resolve a questão.",
624730,contran_623_remocao_custodia_leilao,specific_high_precision,rule_that_solves_or_clarifies_question,True,False,strict,258,not_applicable_or_not_outdated,,,remocao; custodia; leilao; recolhido,remocao; custodia; leilao; recolhido,"Resolução CONTRAN nº 623/2016 - Remoção, Custódia e Leilão de Veículos Removidos e Recolhidos",Vínculo por assunto + termos do enunciado/alternativas/comentário. Exibir como card principal somente se importador aceitar score e revisão.,
624732,contran_623_remocao_custodia_leilao,specific_high_precision,rule_that_solves_or_clarifies_question,True,False,strict,280,not_applicable_or_not_outdated,,,remocao; custodia; leilao; patio; recolhido,remocao; custodia; leilao; patio; recolhido,"Resolução CONTRAN nº 623/2016 - Remoção, Custódia e Leilão de Veículos Removidos e Recolhidos",Vínculo por assunto + termos do enunciado/alternativas/comentário. Exibir como card principal somente se importador aceitar score e revisão.,
624803,contran_623_remocao_custodia_leilao,specific_high_precision,rule_that_solves_or_clarifies_question,True,False,strict,248,not_applicable_or_not_outdated,,,remocao; custodia; leilao; recolhido,remocao; leilao; recolhido,"Resolução CONTRAN nº 623/2016 - Remoção, Custódia e Leilão de Veículos Removidos e Recolhidos",Vínculo por assunto + termos do enunciado/alternativas/comentário. Exibir como card principal somente se importador aceitar score e revisão.,
916949,contran_623_remocao_custodia_leilao,specific_high_precision,rule_that_solves_or_clarifies_question,True,False,strict,228,not_applicable_or_not_outdated,,,remocao; custodia; leilao; recolhido,leilao,"Resolução CONTRAN nº 623/2016 - Remoção, Custódia e Leilão de Veículos Removidos e Recolhidos",Vínculo por assunto + termos do enunciado/alternativas/comentário. Exibir como card principal somente se importador aceitar score e revisão.,
1042258,contran_623_remocao_custodia_leilao,specific_high_precision,theory_reference_only__not_solution_current_law,False,True,comment_or_subject_evidence_only,218,needs_audit,False,,remocao; custodia; leilao; recolhido,,"Resolução CONTRAN nº 623/2016 - Remoção, Custódia e Leilão de Veículos Removidos e Recolhidos",Vínculo por assunto + termos do enunciado/alternativas/comentário. Exibir como card principal somente se importador aceitar score e revisão. Termos fortes não apareceram no enunciado/alternativas; não exibir automaticamente no modo Estudar agora.,Questão desatualizada sem gabarito atual pontuável; não exibir como regra que resolve a questão no modo legislação atual.
1336596,contran_623_remocao_custodia_leilao,specific_high_precision,rule_that_solves_or_clarifies_question,True,False,strict,248,not_applicable_or_not_outdated,,,remocao; custodia; leilao; recolhido,remocao; custodia; leilao,"Resolução CONTRAN nº 623/2016 - Remoção, Custódia e Leilão de Veículos Removidos e Recolhidos",Vínculo por assunto + termos do enunciado/alternativas/comentário. Exibir como card principal somente se importador aceitar score e revisão.,
2179880,contran_623_remocao_custodia_leilao,specific_high_precision,rule_that_solves_or_clarifies_question,True,False,strict,280,not_applicable_or_not_outdated,,,remocao; custodia; leilao; patio; recolhido,remocao; custodia; leilao; patio; recolhido,"Resolução CONTRAN nº 623/2016 - Remoção, Custódia e Leilão de Veículos Removidos e Recolhidos",Vínculo por assunto + termos do enunciado/alternativas/comentário. Exibir como card principal somente se importador aceitar score e revisão.,
2179881,contran_623_remocao_custodia_leilao,specific_high_precision,rule_that_solves_or_clarifies_question,True,False,strict,258,not_applicable_or_not_outdated,,,remocao; custodia; leilao; recolhido,remocao; custodia; leilao; recolhido,"Resolução CONTRAN nº 623/2016 - Remoção, Custódia e Leilão de Veículos Removidos e Recolhidos",Vínculo por assunto + termos do enunciado/alternativas/comentário. Exibir como card principal somente se importador aceitar score e revisão.,
2179882,contran_623_remocao_custodia_leilao,specific_high_precision,rule_that_solves_or_clarifies_question,True,False,strict,258,not_applicable_or_not_outdated,,,remocao; custodia; leilao; recolhido,remocao; custodia; leilao; recolhido,"Resolução CONTRAN nº 623/2016 - Remoção, Custódia e Leilão de Veículos Removidos e Recolhidos",Vínculo por assunto + termos do enunciado/alternativas/comentário. Exibir como card principal somente se importador aceitar score e revisão.,
2179883,contran_623_remocao_custodia_leilao,specific_high_precision,rule_that_solves_or_clarifies_question,True,False,strict,258,not_applicable_or_not_outdated,,,remocao; custodia; leilao; recolhido,remocao; custodia; leilao; recolhido,"Resolução CONTRAN nº 623/2016 - Remoção, Custódia e Leilão de Veículos Removidos e Recolhidos",Vínculo por assunto + termos do enunciado/alternativas/comentário. Exibir como card principal somente se importador aceitar score e revisão.,
2179884,contran_623_remocao_custodia_leilao,specific_high_precision,rule_that_solves_or_clarifies_question,True,False,strict,258,not_applicable_or_not_outdated,,,remocao; custodia; leilao; recolhido,remocao; custodia; leilao; recolhido,"Resolução CONTRAN nº 623/2016 - Remoção, Custódia e Leilão de Veículos Removidos e Recolhidos",Vínculo por assunto + termos do enunciado/alternativas/comentário. Exibir como card principal somente se importador aceitar score e revisão.,
2179885,contran_623_remocao_custodia_leilao,specific_high_precision,rule_that_solves_or_clarifies_question,True,False,strict,258,not_applicable_or_not_outdated,,,remocao; custodia; leilao; recolhido,remocao; custodia; leilao; recolhido,"Resolução CONTRAN nº 623/2016 - Remoção, Custódia e Leilão de Veículos Removidos e Recolhidos",Vínculo por assunto + termos do enunciado/alternativas/comentário. Exibir como card principal somente se importador aceitar score e revisão.,
2179886,contran_623_remocao_custodia_leilao,specific_high_precision,rule_that_solves_or_clarifies_question,True,False,strict,258,not_applicable_or_not_outdated,,,remocao; custodia; leilao; recolhido,remocao; custodia; leilao; recolhido,"Resolução CONTRAN nº 623/2016 - Remoção, Custódia e Leilão de Veículos Removidos e Recolhidos",Vínculo por assunto + termos do enunciado/alternativas/comentário. Exibir como card principal somente se importador aceitar score e revisão.,
2179887,contran_623_remocao_custodia_leilao,specific_high_precision,rule_that_solves_or_clarifies_question,True,False,strict,258,not_applicable_or_not_outdated,,,remocao; custodia; leilao; recolhido,remocao; custodia; leilao; recolhido,"Resolução CONTRAN nº 623/2016 - Remoção, Custódia e Leilão de Veículos Removidos e Recolhidos",Vínculo por assunto + termos do enunciado/alternativas/comentário. Exibir como card principal somente se importador aceitar score e revisão.,
2179888,contran_623_remocao_custodia_leilao,specific_high_precision,rule_that_solves_or_clarifies_question,True,False,strict,258,not_applicable_or_not_outdated,,,remocao; custodia; leilao; recolhido,remocao; custodia; leilao; recolhido,"Resolução CONTRAN nº 623/2016 - Remoção, Custódia e Leilão de Veículos Removidos e Recolhidos",Vínculo por assunto + termos do enunciado/alternativas/comentário. Exibir como card principal somente se importador aceitar score e revisão.,
2179889,contran_623_remocao_custodia_leilao,specific_high_precision,rule_that_solves_or_clarifies_question,True,False,strict,258,not_applicable_or_not_outdated,,,remocao; custodia; leilao; recolhido,remocao; custodia; leilao; recolhido,"Resolução CONTRAN nº 623/2016 - Remoção, Custódia e Leilão de Veículos Removidos e Recolhidos",Vínculo por assunto + termos do enunciado/alternativas/comentário. Exibir como card principal somente se importador aceitar score e revisão.,
2179890,contran_623_remocao_custodia_leilao,specific_high_precision,rule_that_solves_or_clarifies_question,True,False,strict,258,not_applicable_or_not_outdated,,,remocao; custodia; leilao; recolhido,remocao; custodia; leilao; recolhido,"Resolução CONTRAN nº 623/2016 - Remoção, Custódia e Leilão de Veículos Removidos e Recolhidos",Vínculo por assunto + termos do enunciado/alternativas/comentário. Exibir como card principal somente se importador aceitar score e revisão.,
2179891,contran_623_remocao_custodia_leilao,specific_high_precision,rule_that_solves_or_clarifies_question,True,False,strict,258,not_applicable_or_not_outdated,,,remocao; custodia; leilao; recolhido,remocao; custodia; leilao; recolhido,"Resolução CONTRAN nº 623/2016 - Remoção, Custódia e Leilão de Veículos Removidos e Recolhidos",Vínculo por assunto + termos do enunciado/alternativas/comentário. Exibir como card principal somente se importador aceitar score e revisão.,
2179892,contran_623_remocao_custodia_leilao,specific_high_precision,rule_that_solves_or_clarifies_question,True,False,strict,258,not_applicable_or_not_outdated,,,remocao; custodia; leilao; recolhido,remocao; custodia; leilao; recolhido,"Resolução CONTRAN nº 623/2016 - Remoção, Custódia e Leilão de Veículos Removidos e Recolhidos",Vínculo por assunto + termos do enunciado/alternativas/comentário. Exibir como card principal somente se importador aceitar score e revisão.,
2179893,contran_623_remocao_custodia_leilao,specific_high_precision,rule_that_solves_or_clarifies_question,True,False,strict,258,not_applicable_or_not_outdated,,,remocao; custodia; leilao; recolhido,remocao; custodia; leilao; recolhido,"Resolução CONTRAN nº 623/2016 - Remoção, Custódia e Leilão de Veículos Removidos e Recolhidos",Vínculo por assunto + termos do enunciado/alternativas/comentário. Exibir como card principal somente se importador aceitar score e revisão.,
2179894,contran_623_remocao_custodia_leilao,specific_high_precision,rule_that_solves_or_clarifies_question,True,False,strict,258,not_applicable_or_not_outdated,,,remocao; custodia; leilao; recolhido,remocao; custodia; leilao; recolhido,"Resolução CONTRAN nº 623/2016 - Remoção, Custódia e Leilão de Veículos Removidos e Recolhidos",Vínculo por assunto + termos do enunciado/alternativas/comentário. Exibir como card principal somente se importador aceitar score e revisão.,
2179895,contran_623_remocao_custodia_leilao,specific_high_precision,rule_that_solves_or_clarifies_question,True,False,strict,258,not_applicable_or_not_outdated,,,remocao; custodia; leilao; recolhido,remocao; custodia; leilao; recolhido,"Resolução CONTRAN nº 623/2016 - Remoção, Custódia e Leilão de Veículos Removidos e Recolhidos",Vínculo por assunto + termos do enunciado/alternativas/comentário. Exibir como card principal somente se importador aceitar score e revisão.,
2179896,contran_623_remocao_custodia_leilao,specific_high_precision,rule_that_solves_or_clarifies_question,True,False,strict,258,not_applicable_or_not_outdated,,,remocao; custodia; leilao; recolhido,remocao; custodia; leilao; recolhido,"Resolução CONTRAN nº 623/2016 - Remoção, Custódia e Leilão de Veículos Removidos e Recolhidos",Vínculo por assunto + termos do enunciado/alternativas/comentário. Exibir como card principal somente se importador aceitar score e revisão.,
2179897,contran_623_remocao_custodia_leilao,specific_high_precision,rule_that_solves_or_clarifies_question,True,False,strict,258,not_applicable_or_not_outdated,,,remocao; custodia; leilao; recolhido,remocao; custodia; leilao; recolhido,"Resolução CONTRAN nº 623/2016 - Remoção, Custódia e Leilão de Veículos Removidos e Recolhidos",Vínculo por assunto + termos do enunciado/alternativas/comentário. Exibir como card principal somente se importador aceitar score e revisão.,
2179898,contran_623_remocao_custodia_leilao,specific_high_precision,rule_that_solves_or_clarifies_question,True,False,strict,258,not_applicable_or_not_outdated,,,remocao; custodia; leilao; recolhido,remocao; custodia; leilao; recolhido,"Resolução CONTRAN nº 623/2016 - Remoção, Custódia e Leilão de Veículos Removidos e Recolhidos",Vínculo por assunto + termos do enunciado/alternativas/comentário. Exibir como card principal somente se importador aceitar score e revisão.,
2179899,contran_623_remocao_custodia_leilao,specific_high_precision,rule_that_solves_or_clarifies_question,True,False,strict,258,not_applicable_or_not_outdated,,,remocao; custodia; leilao; recolhido,remocao; custodia; leilao; recolhido,"Resolução CONTRAN nº 623/2016 - Remoção, Custódia e Leilão de Veículos Removidos e Recolhidos",Vínculo por assunto + termos do enunciado/alternativas/comentário. Exibir como card principal somente se importador aceitar score e revisão.,
2179900,contran_623_remocao_custodia_leilao,specific_high_precision,rule_that_solves_or_clarifies_question,True,False,strict,258,not_applicable_or_not_outdated,,,remocao; custodia; leilao; recolhido,remocao; custodia; leilao; recolhido,"Resolução CONTRAN nº 623/2016 - Remoção, Custódia e Leilão de Veículos Removidos e Recolhidos",Vínculo por assunto + termos do enunciado/alternativas/comentário. Exibir como card principal somente se importador aceitar score e revisão.,
2179901,contran_623_remocao_custodia_leilao,specific_high_precision,rule_that_solves_or_clarifies_question,True,False,strict,258,not_applicable_or_not_outdated,,,remocao; custodia; leilao; recolhido,remocao; custodia; leilao; recolhido,"Resolução CONTRAN nº 623/2016 - Remoção, Custódia e Leilão de Veículos Removidos e Recolhidos",Vínculo por assunto + termos do enunciado/alternativas/comentário. Exibir como card principal somente se importador aceitar score e revisão.,
2179902,contran_623_remocao_custodia_leilao,specific_high_precision,rule_that_solves_or_clarifies_question,True,False,strict,258,not_applicable_or_not_outdated,,,remocao; custodia; leilao; recolhido,remocao; custodia; leilao; recolhido,"Resolução CONTRAN nº 623/2016 - Remoção, Custódia e Leilão de Veículos Removidos e Recolhidos",Vínculo por assunto + termos do enunciado/alternativas/comentário. Exibir como card principal somente se importador aceitar score e revisão.,
2179903,contran_623_remocao_custodia_leilao,specific_high_precision,rule_that_solves_or_clarifies_question,True,False,strict,258,not_applicable_or_not_outdated,,,remocao; custodia; leilao; recolhido,remocao; custodia; leilao; recolhido,"Resolução CONTRAN nº 623/2016 - Remoção, Custódia e Leilão de Veículos Removidos e Recolhidos",Vínculo por assunto + termos do enunciado/alternativas/comentário. Exibir como card principal somente se importador aceitar score e revisão.,
2179904,contran_623_remocao_custodia_leilao,specific_high_precision,rule_that_solves_or_clarifies_question,True,False,strict,258,not_applicable_or_not_outdated,,,remocao; custodia; leilao; recolhido,remocao; custodia; leilao; recolhido,"Resolução CONTRAN nº 623/2016 - Remoção, Custódia e Leilão de Veículos Removidos e Recolhidos",Vínculo por assunto + termos do enunciado/alternativas/comentário. Exibir como card principal somente se importador aceitar score e revisão.,
2179905,contran_623_remocao_custodia_leilao,specific_high_precision,rule_that_solves_or_clarifies_question,True,False,strict,258,not_applicable_or_not_outdated,,,remocao; custodia; leilao; recolhido,remocao; custodia; leilao; recolhido,"Resolução CONTRAN nº 623/2016 - Remoção, Custódia e Leilão de Veículos Removidos e Recolhidos",Vínculo por assunto + termos do enunciado/alternativas/comentário. Exibir como card principal somente se importador aceitar score e revisão.,
2179906,contran_623_remocao_custodia_leilao,specific_high_precision,rule_that_solves_or_clarifies_question,True,False,strict,258,not_applicable_or_not_outdated,,,remocao; custodia; leilao; recolhido,remocao; custodia; leilao; recolhido,"Resolução CONTRAN nº 623/2016 - Remoção, Custódia e Leilão de Veículos Removidos e Recolhidos",Vínculo por assunto + termos do enunciado/alternativas/comentário. Exibir como card principal somente se importador aceitar score e revisão.,
2179907,contran_623_remocao_custodia_leilao,specific_high_precision,rule_that_solves_or_clarifies_question,True,False,strict,258,not_applicable_or_not_outdated,,,remocao; custodia; leilao; recolhido,remocao; custodia; leilao; recolhido,"Resolução CONTRAN nº 623/2016 - Remoção, Custódia e Leilão de Veículos Removidos e Recolhidos",Vínculo por assunto + termos do enunciado/alternativas/comentário. Exibir como card principal somente se importador aceitar score e revisão.,
2179908,contran_623_remocao_custodia_leilao,specific_high_precision,rule_that_solves_or_clarifies_question,True,False,strict,258,not_applicable_or_not_outdated,,,remocao; custodia; leilao; recolhido,remocao; custodia; leilao; recolhido,"Resolução CONTRAN nº 623/2016 - Remoção, Custódia e Leilão de Veículos Removidos e Recolhidos",Vínculo por assunto + termos do enunciado/alternativas/comentário. Exibir como card principal somente se importador aceitar score e revisão.,
2179909,contran_623_remocao_custodia_leilao,specific_high_precision,rule_that_solves_or_clarifies_question,True,False,strict,280,not_applicable_or_not_outdated,,,remocao; custodia; leilao; patio; recolhido,remocao; custodia; leilao; patio; recolhido,"Resolução CONTRAN nº 623/2016 - Remoção, Custódia e Leilão de Veículos Removidos e Recolhidos",Vínculo por assunto + termos do enunciado/alternativas/comentário. Exibir como card principal somente se importador aceitar score e revisão.,
2179910,contran_623_remocao_custodia_leilao,specific_high_precision,rule_that_solves_or_clarifies_question,True,False,strict,258,not_applicable_or_not_outdated,,,remocao; custodia; leilao; recolhido,remocao; custodia; leilao; recolhido,"Resolução CONTRAN nº 623/2016 - Remoção, Custódia e Leilão de Veículos Removidos e Recolhidos",Vínculo por assunto + termos do enunciado/alternativas/comentário. Exibir como card principal somente se importador aceitar score e revisão.,
807287,contran_723_suspensao_cassacao_proc,specific_high_precision,rule_that_solves_or_clarifies_question,True,False,strict,258,not_applicable_or_not_outdated,,,suspensao; cassacao; direito de dirigir; penalidade,suspensao; cassacao; direito de dirigir; penalidade,Resolução CONTRAN nº 723/2018 - Processo de suspensão e cassação do direito de dirigir,Vínculo por assunto + termos do enunciado/alternativas/comentário. Exibir como card principal somente se importador aceitar score e revisão.,
816636,contran_723_suspensao_cassacao_proc,specific_high_precision,rule_that_solves_or_clarifies_question,True,False,strict,258,not_applicable_or_not_outdated,,,suspensao; cassacao; direito de dirigir; penalidade,suspensao; cassacao; direito de dirigir; penalidade,Resolução CONTRAN nº 723/2018 - Processo de suspensão e cassação do direito de dirigir,Vínculo por assunto + termos do enunciado/alternativas/comentário. Exibir como card principal somente se importador aceitar score e revisão.,
876892,contran_723_suspensao_cassacao_proc,specific_high_precision,rule_that_solves_or_clarifies_question,True,False,strict,250,not_applicable_or_not_outdated,,,suspensao; cassacao; processo administrativo; direito de dirigir; penalidade,suspensao; direito de dirigir,Resolução CONTRAN nº 723/2018 - Processo de suspensão e cassação do direito de dirigir,Vínculo por assunto + termos do enunciado/alternativas/comentário. Exibir como card principal somente se importador aceitar score e revisão.,
957433,contran_723_suspensao_cassacao_proc,specific_high_precision,theory_reference_only__not_solution_current_law,False,True,strict,280,needs_audit,False,,suspensao; cassacao; processo administrativo; direito de dirigir; penalidade,suspensao; cassacao; processo administrativo; direito de dirigir; penalidade,Resolução CONTRAN nº 723/2018 - Processo de suspensão e cassação do direito de dirigir,Vínculo por assunto + termos do enunciado/alternativas/comentário. Exibir como card principal somente se importador aceitar score e revisão.,Questão desatualizada sem gabarito atual pontuável; não exibir como regra que resolve a questão no modo legislação atual.
1403522,contran_723_suspensao_cassacao_proc,specific_high_precision,rule_that_solves_or_clarifies_question,True,False,strict,260,not_applicable_or_not_outdated,,,suspensao; cassacao; processo administrativo; direito de dirigir; penalidade,suspensao; direito de dirigir; penalidade,Resolução CONTRAN nº 723/2018 - Processo de suspensão e cassação do direito de dirigir,Vínculo por assunto + termos do enunciado/alternativas/comentário. Exibir como card principal somente se importador aceitar score e revisão.,
1501056,ctb_penalidades_suspensao_cassacao,specific_high_precision,rule_that_solves_or_clarifies_question,False,True,ambiguous_top_candidate,228,not_applicable_or_not_outdated,,,suspensao; cassacao; direito de dirigir; reincidencia,cassacao; direito de dirigir,Resolução CONTRAN nº 723/2018 - Processo de suspensão e cassação do direito de dirigir,Vínculo por assunto + termos do enunciado/alternativas/comentário. Exibir como card principal somente se importador aceitar score e revisão.,
2179857,contran_723_suspensao_cassacao_proc,specific_high_precision,suggested_card_needs_review,False,True,comment_or_subject_evidence_only,206,not_applicable_or_not_outdated,,,suspensao; cassacao; direito de dirigir,,Resolução CONTRAN nº 723/2018 - Processo de suspensão e cassação do direito de dirigir,Vínculo por assunto + termos do enunciado/alternativas/comentário. Exibir como card principal somente se importador aceitar score e revisão. Termos fortes não apareceram no enunciado/alternativas; não exibir automaticamente no modo Estudar agora.,
2179862,contran_723_suspensao_cassacao_proc,specific_high_precision,rule_that_solves_or_clarifies_question,True,False,strict,270,not_applicable_or_not_outdated,,,suspensao; cassacao; processo administrativo; direito de dirigir; penalidade,suspensao; processo administrativo; direito de dirigir; penalidade,Resolução CONTRAN nº 723/2018 - Processo de suspensão e cassação do direito de dirigir,Vínculo por assunto + termos do enunciado/alternativas/comentário. Exibir como card principal somente se importador aceitar score e revisão.,
2179865,contran_723_suspensao_cassacao_proc,specific_high_precision,rule_that_solves_or_clarifies_question,True,False,strict,228,not_applicable_or_not_outdated,,,suspensao; cassacao; direito de dirigir; penalidade,penalidade,Resolução CONTRAN nº 723/2018 - Processo de suspensão e cassação do direito de dirigir,Vínculo por assunto + termos do enunciado/alternativas/comentário. Exibir como card principal somente se importador aceitar score e revisão.,
2179867,contran_723_suspensao_cassacao_proc,specific_high_precision,suggested_card_needs_review,False,True,comment_or_subject_evidence_only,206,not_applicable_or_not_outdated,,,suspensao; cassacao; direito de dirigir,,Resolução CONTRAN nº 723/2018 - Processo de suspensão e cassação do direito de dirigir,Vínculo por assunto + termos do enunciado/alternativas/comentário. Exibir como card principal somente se importador aceitar score e revisão. Termos fortes não apareceram no enunciado/alternativas; não exibir automaticamente no modo Estudar agora.,
2179868,contran_723_suspensao_cassacao_proc,specific_high_precision,rule_that_solves_or_clarifies_question,True,False,strict,248,not_applicable_or_not_outdated,,,suspensao; cassacao; processo administrativo; direito de dirigir,suspensao; processo administrativo; direito de dirigir,Resolução CONTRAN nº 723/2018 - Processo de suspensão e cassação do direito de dirigir,Vínculo por assunto + termos do enunciado/alternativas/comentário. Exibir como card principal somente se importador aceitar score e revisão.,
2179869,contran_723_suspensao_cassacao_proc,specific_high_precision,rule_that_solves_or_clarifies_question,True,False,strict,228,not_applicable_or_not_outdated,,,suspensao; cassacao; processo administrativo; direito de dirigir,processo administrativo,Resolução CONTRAN nº 723/2018 - Processo de suspensão e cassação do direito de dirigir,Vínculo por assunto + termos do enunciado/alternativas/comentário. Exibir como card principal somente se importador aceitar score e revisão.,
2179870,contran_723_suspensao_cassacao_proc,specific_high_precision,rule_that_solves_or_clarifies_question,True,False,strict,248,not_applicable_or_not_outdated,,,suspensao; cassacao; direito de dirigir; penalidade,suspensao; direito de dirigir; penalidade,Resolução CONTRAN nº 723/2018 - Processo de suspensão e cassação do direito de dirigir,Vínculo por assunto + termos do enunciado/alternativas/comentário. Exibir como card principal somente se importador aceitar score e revisão.,
2179871,contran_723_suspensao_cassacao_proc,specific_high_precision,rule_that_solves_or_clarifies_question,True,False,strict,260,not_applicable_or_not_outdated,,,suspensao; cassacao; processo administrativo; direito de dirigir; penalidade,suspensao; direito de dirigir; penalidade,Resolução CONTRAN nº 723/2018 - Processo de suspensão e cassação do direito de dirigir,Vínculo por assunto + termos do enunciado/alternativas/comentário. Exibir como card principal somente se importador aceitar score e revisão.,
2179872,contran_723_suspensao_cassacao_proc,specific_high_precision,rule_that_solves_or_clarifies_question,True,False,strict,228,not_applicable_or_not_outdated,,,suspensao; cassacao; direito de dirigir; penalidade,penalidade,Resolução CONTRAN nº 723/2018 - Processo de suspensão e cassação do direito de dirigir,Vínculo por assunto + termos do enunciado/alternativas/comentário. Exibir como card principal somente se importador aceitar score e revisão.,
2179873,ctb_penalidades_suspensao_cassacao,specific_high_precision,rule_that_solves_or_clarifies_question,True,False,strict,238,not_applicable_or_not_outdated,,,suspensao; cassacao; direito de dirigir; curso de reciclagem,suspensao; direito de dirigir; curso de reciclagem,Resolução CONTRAN nº 723/2018 - Processo de suspensão e cassação do direito de dirigir,Vínculo por assunto + termos do enunciado/alternativas/comentário. Exibir como card principal somente se importador aceitar score e revisão.,
2179875,contran_723_suspensao_cassacao_proc,specific_high_precision,rule_that_solves_or_clarifies_question,False,True,ambiguous_top_candidate,216,not_applicable_or_not_outdated,,,suspensao; cassacao; direito de dirigir,cassacao,Resolução CONTRAN nº 723/2018 - Processo de suspensão e cassação do direito de dirigir,Vínculo por assunto + termos do enunciado/alternativas/comentário. Exibir como card principal somente se importador aceitar score e revisão.,
2179876,contran_723_suspensao_cassacao_proc,specific_high_precision,rule_that_solves_or_clarifies_question,True,False,strict,258,not_applicable_or_not_outdated,,,suspensao; cassacao; direito de dirigir; penalidade,suspensao; cassacao; direito de dirigir; penalidade,Resolução CONTRAN nº 723/2018 - Processo de suspensão e cassação do direito de dirigir,Vínculo por assunto + termos do enunciado/alternativas/comentário. Exibir como card principal somente se importador aceitar score e revisão.,
2179877,contran_723_suspensao_cassacao_proc,specific_high_precision,suggested_card_needs_review,False,True,comment_or_subject_evidence_only,206,not_applicable_or_not_outdated,,,suspensao; cassacao; direito de dirigir,,Resolução CONTRAN nº 723/2018 - Processo de suspensão e cassação do direito de dirigir,Vínculo por assunto + termos do enunciado/alternativas/comentário. Exibir como card principal somente se importador aceitar score e revisão. Termos fortes não apareceram no enunciado/alternativas; não exibir automaticamente no modo Estudar agora.,
2179879,contran_723_suspensao_cassacao_proc,specific_high_precision,rule_that_solves_or_clarifies_question,True,False,strict,240,not_applicable_or_not_outdated,,,suspensao; cassacao; processo administrativo; direito de dirigir; penalidade,processo administrativo,Resolução CONTRAN nº 723/2018 - Processo de suspensão e cassação do direito de dirigir,Vínculo por assunto + termos do enunciado/alternativas/comentário. Exibir como card principal somente se importador aceitar score e revisão.,
299529,contran_735_ctv_ctvp,specific_high_precision,rule_that_solves_or_clarifies_question,True,False,strict,226,not_applicable_or_not_outdated,,,ctv; ctvp; transporte de veiculos,ctv; transporte de veiculos,Resolução CONTRAN nº 735/2018 - Requisitos de Segurança Necessários à Circulação de CTV e CTVP,Vínculo por assunto + termos do enunciado/alternativas/comentário. Exibir como card principal somente se importador aceitar score e revisão.,
778182,contran_735_ctv_ctvp,specific_high_precision,rule_that_solves_or_clarifies_question,True,False,strict,228,not_applicable_or_not_outdated,,,ctv; ctvp; transporte de veiculos; cegonha,cegonha,Resolução CONTRAN nº 735/2018 - Requisitos de Segurança Necessários à Circulação de CTV e CTVP,Vínculo por assunto + termos do enunciado/alternativas/comentário. Exibir como card principal somente se importador aceitar score e revisão.,
1290961,contran_735_ctv_ctvp,specific_high_precision,rule_that_solves_or_clarifies_question,True,False,strict,236,not_applicable_or_not_outdated,,,ctv; ctvp; transporte de veiculos,ctv; ctvp; transporte de veiculos,Resolução CONTRAN nº 735/2018 - Requisitos de Segurança Necessários à Circulação de CTV e CTVP,Vínculo por assunto + termos do enunciado/alternativas/comentário. Exibir como card principal somente se importador aceitar score e revisão.,
1515891,contran_735_ctv_ctvp,specific_high_precision,rule_that_solves_or_clarifies_question,True,False,strict,236,not_applicable_or_not_outdated,,,ctv; ctvp; transporte de veiculos,ctv; ctvp; transporte de veiculos,Resolução CONTRAN nº 735/2018 - Requisitos de Segurança Necessários à Circulação de CTV e CTVP,Vínculo por assunto + termos do enunciado/alternativas/comentário. Exibir como card principal somente se importador aceitar score e revisão.,
1515894,contran_735_ctv_ctvp,specific_high_precision,rule_that_solves_or_clarifies_question,True,False,strict,236,not_applicable_or_not_outdated,,,ctv; ctvp; transporte de veiculos,ctv; ctvp; transporte de veiculos,Resolução CONTRAN nº 735/2018 - Requisitos de Segurança Necessários à Circulação de CTV e CTVP,Vínculo por assunto + termos do enunciado/alternativas/comentário. Exibir como card principal somente se importador aceitar score e revisão.,
1515895,contran_735_ctv_ctvp,specific_high_precision,rule_that_solves_or_clarifies_question,True,False,strict,236,not_applicable_or_not_outdated,,,ctv; ctvp; transporte de veiculos,ctv; ctvp; transporte de veiculos,Resolução CONTRAN nº 735/2018 - Requisitos de Segurança Necessários à Circulação de CTV e CTVP,Vínculo por assunto + termos do enunciado/alternativas/comentário. Exibir como card principal somente se importador aceitar score e revisão.,
1515896,contran_735_ctv_ctvp,specific_high_precision,rule_that_solves_or_clarifies_question,True,False,strict,236,not_applicable_or_not_outdated,,,ctv; ctvp; transporte de veiculos,ctv; ctvp; transporte de veiculos,Resolução CONTRAN nº 735/2018 - Requisitos de Segurança Necessários à Circulação de CTV e CTVP,Vínculo por assunto + termos do enunciado/alternativas/comentário. Exibir como card principal somente se importador aceitar score e revisão.,
1515897,contran_735_ctv_ctvp,specific_high_precision,rule_that_solves_or_clarifies_question,True,False,strict,236,not_applicable_or_not_outdated,,,ctv; ctvp; transporte de veiculos,ctv; ctvp; transporte de veiculos,Resolução CONTRAN nº 735/2018 - Requisitos de Segurança Necessários à Circulação de CTV e CTVP,Vínculo por assunto + termos do enunciado/alternativas/comentário. Exibir como card principal somente se importador aceitar score e revisão.,
1515898,contran_735_ctv_ctvp,specific_high_precision,rule_that_solves_or_clarifies_question,True,False,strict,236,not_applicable_or_not_outdated,,,ctv; ctvp; transporte de veiculos,ctv; ctvp; transporte de veiculos,Resolução CONTRAN nº 735/2018 - Requisitos de Segurança Necessários à Circulação de CTV e CTVP,Vínculo por assunto + termos do enunciado/alternativas/comentário. Exibir como card principal somente se importador aceitar score e revisão.,
1515899,contran_735_ctv_ctvp,specific_high_precision,rule_that_solves_or_clarifies_question,True,False,strict,236,not_applicable_or_not_outdated,,,ctv; ctvp; transporte de veiculos,ctv; ctvp; transporte de veiculos,Resolução CONTRAN nº 735/2018 - Requisitos de Segurança Necessários à Circulação de CTV e CTVP,Vínculo por assunto + termos do enunciado/alternativas/comentário. Exibir como card principal somente se importador aceitar score e revisão.,
1515900,contran_735_ctv_ctvp,specific_high_precision,rule_that_solves_or_clarifies_question,True,False,strict,236,not_applicable_or_not_outdated,,,ctv; ctvp; transporte de veiculos,ctv; ctvp; transporte de veiculos,Resolução CONTRAN nº 735/2018 - Requisitos de Segurança Necessários à Circulação de CTV e CTVP,Vínculo por assunto + termos do enunciado/alternativas/comentário. Exibir como card principal somente se importador aceitar score e revisão.,
1515901,contran_735_ctv_ctvp,specific_high_precision,rule_that_solves_or_clarifies_question,True,False,strict,236,not_applicable_or_not_outdated,,,ctv; ctvp; transporte de veiculos,ctv; ctvp; transporte de veiculos,Resolução CONTRAN nº 735/2018 - Requisitos de Segurança Necessários à Circulação de CTV e CTVP,Vínculo por assunto + termos do enunciado/alternativas/comentário. Exibir como card principal somente se importador aceitar score e revisão.,
1515902,contran_735_ctv_ctvp,specific_high_precision,rule_that_solves_or_clarifies_question,True,False,strict,236,not_applicable_or_not_outdated,,,ctv; ctvp; transporte de veiculos,ctv; ctvp; transporte de veiculos,Resolução CONTRAN nº 735/2018 - Requisitos de Segurança Necessários à Circulação de CTV e CTVP,Vínculo por assunto + termos do enunciado/alternativas/comentário. Exibir como card principal somente se importador aceitar score e revisão.,
27885,contran_789_1020_formacao_condutores,specific_high_precision,rule_that_solves_or_clarifies_question,True,False,strict,218,not_applicable_or_not_outdated,,,formacao de condutores; processo de habilitacao; exame de direcao; candidato,formacao de condutores; candidato,Resolução CONTRAN nº 789/2020 - Formação de Condutores de Veículos Automotores e Elétricos,Vínculo por assunto + termos do enunciado/alternativas/comentário. Exibir como card principal somente se importador aceitar score e revisão.,
921203,contran_789_1020_formacao_condutores,specific_high_precision,rule_that_solves_or_clarifies_question,True,False,strict,184,not_applicable_or_not_outdated,,,formacao de condutores; exame de direcao,exame de direcao,Resolução CONTRAN nº 789/2020 - Formação de Condutores de Veículos Automotores e Elétricos,Vínculo por assunto + termos do enunciado/alternativas/comentário. Exibir como card principal somente se importador aceitar score e revisão.,
1403547,contran_789_1020_formacao_condutores,specific_high_precision,suggested_card_needs_review,False,True,comment_or_subject_evidence_only,162,not_applicable_or_not_outdated,,,formacao de condutores,,Resolução CONTRAN nº 789/2020 - Formação de Condutores de Veículos Automotores e Elétricos,Vínculo por assunto + termos do enunciado/alternativas/comentário. Exibir como card principal somente se importador aceitar score e revisão. Termos fortes não apareceram no enunciado/alternativas; não exibir automaticamente no modo Estudar agora.,
1403553,contran_789_1020_formacao_condutores,specific_high_precision,suggested_card_needs_review,False,True,comment_or_subject_evidence_only,162,not_applicable_or_not_outdated,,,formacao de condutores,,Resolução CONTRAN nº 789/2020 - Formação de Condutores de Veículos Automotores e Elétricos,Vínculo por assunto + termos do enunciado/alternativas/comentário. Exibir como card principal somente se importador aceitar score e revisão. Termos fortes não apareceram no enunciado/alternativas; não exibir automaticamente no modo Estudar agora.,
1490487,contran_789_1020_formacao_condutores,specific_high_precision,rule_that_solves_or_clarifies_question,True,False,strict,240,not_applicable_or_not_outdated,,,formacao de condutores; processo de habilitacao; aulas; curso teorico; candidato,processo de habilitacao; aulas; curso teorico,Resolução CONTRAN nº 789/2020 - Formação de Condutores de Veículos Automotores e Elétricos,Vínculo por assunto + termos do enunciado/alternativas/comentário. Exibir como card principal somente se importador aceitar score e revisão.,
1525627,contran_789_1020_formacao_condutores,specific_high_precision,rule_that_solves_or_clarifies_question,True,False,strict,172,not_applicable_or_not_outdated,,,formacao de condutores,formacao de condutores,Resolução CONTRAN nº 789/2020 - Formação de Condutores de Veículos Automotores e Elétricos,Vínculo por assunto + termos do enunciado/alternativas/comentário. Exibir como card principal somente se importador aceitar score e revisão.,
1525629,contran_789_1020_formacao_condutores,specific_high_precision,rule_that_solves_or_clarifies_question,True,False,strict,172,not_applicable_or_not_outdated,,,formacao de condutores,formacao de condutores,Resolução CONTRAN nº 789/2020 - Formação de Condutores de Veículos Automotores e Elétricos,Vínculo por assunto + termos do enunciado/alternativas/comentário. Exibir como card principal somente se importador aceitar score e revisão.,
1525631,contran_789_1020_formacao_condutores,specific_high_precision,rule_that_solves_or_clarifies_question,True,False,strict,172,not_applicable_or_not_outdated,,,formacao de condutores,formacao de condutores,Resolução CONTRAN nº 789/2020 - Formação de Condutores de Veículos Automotores e Elétricos,Vínculo por assunto + termos do enunciado/alternativas/comentário. Exibir como card principal somente se importador aceitar score e revisão.,
1525632,contran_789_1020_formacao_condutores,specific_high_precision,rule_that_solves_or_clarifies_question,True,False,strict,172,not_applicable_or_not_outdated,,,formacao de condutores,formacao de condutores,Resolução CONTRAN nº 789/2020 - Formação de Condutores de Veículos Automotores e Elétricos,Vínculo por assunto + termos do enunciado/alternativas/comentário. Exibir como card principal somente se importador aceitar score e revisão.,
1525633,contran_789_1020_formacao_condutores,specific_high_precision,rule_that_solves_or_clarifies_question,True,False,strict,172,not_applicable_or_not_outdated,,,formacao de condutores,formacao de condutores,Resolução CONTRAN nº 789/2020 - Formação de Condutores de Veículos Automotores e Elétricos,Vínculo por assunto + termos do enunciado/alternativas/comentário. Exibir como card principal somente se importador aceitar score e revisão.,
1525634,contran_789_1020_formacao_condutores,specific_high_precision,rule_that_solves_or_clarifies_question,True,False,strict,172,not_applicable_or_not_outdated,,,formacao de condutores,formacao de condutores,Resolução CONTRAN nº 789/2020 - Formação de Condutores de Veículos Automotores e Elétricos,Vínculo por assunto + termos do enunciado/alternativas/comentário. Exibir como card principal somente se importador aceitar score e revisão.,
1525637,contran_789_1020_formacao_condutores,specific_high_precision,rule_that_solves_or_clarifies_question,True,False,strict,172,not_applicable_or_not_outdated,,,formacao de condutores,formacao de condutores,Resolução CONTRAN nº 789/2020 - Formação de Condutores de Veículos Automotores e Elétricos,Vínculo por assunto + termos do enunciado/alternativas/comentário. Exibir como card principal somente se importador aceitar score e revisão.,
1525639,contran_789_1020_formacao_condutores,specific_high_precision,rule_that_solves_or_clarifies_question,True,False,strict,172,not_applicable_or_not_outdated,,,formacao de condutores,formacao de condutores,Resolução CONTRAN nº 789/2020 - Formação de Condutores de Veículos Automotores e Elétricos,Vínculo por assunto + termos do enunciado/alternativas/comentário. Exibir como card principal somente se importador aceitar score e revisão.,
1525641,contran_789_1020_formacao_condutores,specific_high_precision,rule_that_solves_or_clarifies_question,True,False,strict,172,not_applicable_or_not_outdated,,,formacao de condutores,formacao de condutores,Resolução CONTRAN nº 789/2020 - Formação de Condutores de Veículos Automotores e Elétricos,Vínculo por assunto + termos do enunciado/alternativas/comentário. Exibir como card principal somente se importador aceitar score e revisão.,
1525642,contran_789_1020_formacao_condutores,specific_high_precision,rule_that_solves_or_clarifies_question,True,False,strict,172,not_applicable_or_not_outdated,,,formacao de condutores,formacao de condutores,Resolução CONTRAN nº 789/2020 - Formação de Condutores de Veículos Automotores e Elétricos,Vínculo por assunto + termos do enunciado/alternativas/comentário. Exibir como card principal somente se importador aceitar score e revisão.,
1525643,contran_789_1020_formacao_condutores,specific_high_precision,rule_that_solves_or_clarifies_question,True,False,strict,172,not_applicable_or_not_outdated,,,formacao de condutores,formacao de condutores,Resolução CONTRAN nº 789/2020 - Formação de Condutores de Veículos Automotores e Elétricos,Vínculo por assunto + termos do enunciado/alternativas/comentário. Exibir como card principal somente se importador aceitar score e revisão.,
1525644,contran_789_1020_formacao_condutores,specific_high_precision,rule_that_solves_or_clarifies_question,True,False,strict,172,not_applicable_or_not_outdated,,,formacao de condutores,formacao de condutores,Resolução CONTRAN nº 789/2020 - Formação de Condutores de Veículos Automotores e Elétricos,Vínculo por assunto + termos do enunciado/alternativas/comentário. Exibir como card principal somente se importador aceitar score e revisão.,
1525645,contran_789_1020_formacao_condutores,specific_high_precision,rule_that_solves_or_clarifies_question,True,False,strict,172,not_applicable_or_not_outdated,,,formacao de condutores,formacao de condutores,Resolução CONTRAN nº 789/2020 - Formação de Condutores de Veículos Automotores e Elétricos,Vínculo por assunto + termos do enunciado/alternativas/comentário. Exibir como card principal somente se importador aceitar score e revisão.,
1525647,contran_789_1020_formacao_condutores,specific_high_precision,rule_that_solves_or_clarifies_question,True,False,strict,172,not_applicable_or_not_outdated,,,formacao de condutores,formacao de condutores,Resolução CONTRAN nº 789/2020 - Formação de Condutores de Veículos Automotores e Elétricos,Vínculo por assunto + termos do enunciado/alternativas/comentário. Exibir como card principal somente se importador aceitar score e revisão.,
1525648,contran_789_1020_formacao_condutores,specific_high_precision,rule_that_solves_or_clarifies_question,True,False,strict,172,not_applicable_or_not_outdated,,,formacao de condutores,formacao de condutores,Resolução CONTRAN nº 789/2020 - Formação de Condutores de Veículos Automotores e Elétricos,Vínculo por assunto + termos do enunciado/alternativas/comentário. Exibir como card principal somente se importador aceitar score e revisão.,
1746316,contran_789_1020_formacao_condutores,specific_high_precision,suggested_card_needs_review,False,True,comment_or_subject_evidence_only,174,not_applicable_or_not_outdated,,,formacao de condutores; candidato,,Resolução CONTRAN nº 789/2020 - Formação de Condutores de Veículos Automotores e Elétricos,Vínculo por assunto + termos do enunciado/alternativas/comentário. Exibir como card principal somente se importador aceitar score e revisão. Termos fortes não apareceram no enunciado/alternativas; não exibir automaticamente no modo Estudar agora.,
1768092,contran_789_1020_formacao_condutores,specific_high_precision,suggested_card_needs_review,False,True,comment_or_subject_evidence_only,162,not_applicable_or_not_outdated,,,formacao de condutores,,Resolução CONTRAN nº 789/2020 - Formação de Condutores de Veículos Automotores e Elétricos,Vínculo por assunto + termos do enunciado/alternativas/comentário. Exibir como card principal somente se importador aceitar score e revisão. Termos fortes não apareceram no enunciado/alternativas; não exibir automaticamente no modo Estudar agora.,
2002333,contran_789_1020_formacao_condutores,specific_high_precision,rule_that_solves_or_clarifies_question,True,False,strict,206,not_applicable_or_not_outdated,,,formacao de condutores; processo de habilitacao; candidato,processo de habilitacao; candidato,Resolução CONTRAN nº 789/2020 - Formação de Condutores de Veículos Automotores e Elétricos,Vínculo por assunto + termos do enunciado/alternativas/comentário. Exibir como card principal somente se importador aceitar score e revisão.,
2004445,contran_789_1020_formacao_condutores,specific_high_precision,rule_that_solves_or_clarifies_question,True,False,strict,196,not_applicable_or_not_outdated,,,formacao de condutores; exame de direcao; candidato,candidato,Resolução CONTRAN nº 789/2020 - Formação de Condutores de Veículos Automotores e Elétricos,Vínculo por assunto + termos do enunciado/alternativas/comentário. Exibir como card principal somente se importador aceitar score e revisão.,
2004452,contran_789_1020_formacao_condutores,specific_high_precision,rule_that_solves_or_clarifies_question,True,False,strict,206,not_applicable_or_not_outdated,,,formacao de condutores; aulas; candidato,aulas; candidato,Resolução CONTRAN nº 789/2020 - Formação de Condutores de Veículos Automotores e Elétricos,Vínculo por assunto + termos do enunciado/alternativas/comentário. Exibir como card principal somente se importador aceitar score e revisão.,
2072183,contran_789_1020_formacao_condutores,specific_high_precision,rule_that_solves_or_clarifies_question,True,False,strict,184,not_applicable_or_not_outdated,,,formacao de condutores; exame de direcao,exame de direcao,Resolução CONTRAN nº 789/2020 - Formação de Condutores de Veículos Automotores e Elétricos,Vínculo por assunto + termos do enunciado/alternativas/comentário. Exibir como card principal somente se importador aceitar score e revisão.,
2072187,contran_789_1020_formacao_condutores,specific_high_precision,rule_that_solves_or_clarifies_question,True,False,strict,184,not_applicable_or_not_outdated,,,formacao de condutores; processo de habilitacao,processo de habilitacao,Resolução CONTRAN nº 789/2020 - Formação de Condutores de Veículos Automotores e Elétricos,Vínculo por assunto + termos do enunciado/alternativas/comentário. Exibir como card principal somente se importador aceitar score e revisão.,
174559,contran_798_velocidade,specific_high_precision,rule_that_solves_or_clarifies_question,False,True,ambiguous_top_candidate,226,not_applicable_or_not_outdated,,,fiscalizacao de velocidade; velocidade medida; velocidade considerada,fiscalizacao de velocidade; velocidade medida,Resolução CONTRAN nº 798/2020 - Fiscalização de Velocidade,Vínculo por assunto + termos do enunciado/alternativas/comentário. Exibir como card principal somente se importador aceitar score e revisão.,
491978,ctb_infracoes_velocidade,specific_high_precision,rule_that_solves_or_clarifies_question,True,False,strict,206,not_applicable_or_not_outdated,,,velocidade; excesso de velocidade; 20,velocidade,Resolução CONTRAN nº 798/2020 - Fiscalização de Velocidade,Vínculo por assunto + termos do enunciado/alternativas/comentário. Exibir como card principal somente se importador aceitar score e revisão.,
778175,ctb_infracoes_velocidade,specific_high_precision,rule_that_solves_or_clarifies_question,True,False,strict,228,not_applicable_or_not_outdated,,,velocidade; excesso de velocidade; 20; 50,velocidade; excesso de velocidade,Resolução CONTRAN nº 798/2020 - Fiscalização de Velocidade,Vínculo por assunto + termos do enunciado/alternativas/comentário. Exibir como card principal somente se importador aceitar score e revisão.,
875381,ctb_infracoes_velocidade,specific_high_precision,rule_that_solves_or_clarifies_question,True,False,strict,238,not_applicable_or_not_outdated,,,velocidade; excesso de velocidade; radar; 20,velocidade; excesso de velocidade; radar,Resolução CONTRAN nº 798/2020 - Fiscalização de Velocidade,Vínculo por assunto + termos do enunciado/alternativas/comentário. Exibir como card principal somente se importador aceitar score e revisão.,
1402892,ctb_infracoes_velocidade,specific_high_precision,rule_that_solves_or_clarifies_question,True,False,strict,206,not_applicable_or_not_outdated,,,velocidade; 20; 50,50,Resolução CONTRAN nº 798/2020 - Fiscalização de Velocidade,Vínculo por assunto + termos do enunciado/alternativas/comentário. Exibir como card principal somente se importador aceitar score e revisão.,
1402895,ctb_infracoes_velocidade,specific_high_precision,rule_that_solves_or_clarifies_question,True,False,strict,206,not_applicable_or_not_outdated,,,velocidade; 20; 50,50,Resolução CONTRAN nº 798/2020 - Fiscalização de Velocidade,Vínculo por assunto + termos do enunciado/alternativas/comentário. Exibir como card principal somente se importador aceitar score e revisão.,
1515926,contran_798_velocidade,specific_high_precision,rule_that_solves_or_clarifies_question,True,False,strict,226,not_applicable_or_not_outdated,,,medidor de velocidade; fiscalizacao de velocidade; velocidade medida,medidor de velocidade; velocidade medida,Resolução CONTRAN nº 798/2020 - Fiscalização de Velocidade,Vínculo por assunto + termos do enunciado/alternativas/comentário. Exibir como card principal somente se importador aceitar score e revisão.,
1515928,ctb_infracoes_velocidade,specific_high_precision,rule_that_solves_or_clarifies_question,False,True,ambiguous_top_candidate,206,not_applicable_or_not_outdated,,,velocidade; limite de velocidade; 20,velocidade,Resolução CONTRAN nº 798/2020 - Fiscalização de Velocidade,Vínculo por assunto + termos do enunciado/alternativas/comentário. Exibir como card principal somente se importador aceitar score e revisão.,
1515929,ctb_infracoes_velocidade,specific_high_precision,rule_that_solves_or_clarifies_question,False,True,ambiguous_top_candidate,194,not_applicable_or_not_outdated,,,velocidade; 20,velocidade,Resolução CONTRAN nº 798/2020 - Fiscalização de Velocidade,Vínculo por assunto + termos do enunciado/alternativas/comentário. Exibir como card principal somente se importador aceitar score e revisão.,
1515930,ctb_infracoes_velocidade,specific_high_precision,rule_that_solves_or_clarifies_question,True,False,strict,194,not_applicable_or_not_outdated,,,velocidade; 20,velocidade,Resolução CONTRAN nº 798/2020 - Fiscalização de Velocidade,Vínculo por assunto + termos do enunciado/alternativas/comentário. Exibir como card principal somente se importador aceitar score e revisão.,
1515932,ctb_infracoes_velocidade,specific_high_precision,rule_that_solves_or_clarifies_question,False,True,ambiguous_top_candidate,194,not_applicable_or_not_outdated,,,velocidade; 20,velocidade,Resolução CONTRAN nº 798/2020 - Fiscalização de Velocidade,Vínculo por assunto + termos do enunciado/alternativas/comentário. Exibir como card principal somente se importador aceitar score e revisão.,
1515933,ctb_infracoes_velocidade,specific_high_precision,rule_that_solves_or_clarifies_question,True,False,strict,216,not_applicable_or_not_outdated,,,velocidade; excesso de velocidade; 20,velocidade; excesso de velocidade,Resolução CONTRAN nº 798/2020 - Fiscalização de Velocidade,Vínculo por assunto + termos do enunciado/alternativas/comentário. Exibir como card principal somente se importador aceitar score e revisão.,
1515934,contran_798_velocidade,specific_high_precision,rule_that_solves_or_clarifies_question,False,True,ambiguous_top_candidate,226,not_applicable_or_not_outdated,,,fiscalizacao de velocidade; velocidade medida; velocidade considerada,velocidade medida; velocidade considerada,Resolução CONTRAN nº 798/2020 - Fiscalização de Velocidade,Vínculo por assunto + termos do enunciado/alternativas/comentário. Exibir como card principal somente se importador aceitar score e revisão.,
1515935,ctb_infracoes_velocidade,specific_high_precision,rule_that_solves_or_clarifies_question,False,True,ambiguous_top_candidate,206,not_applicable_or_not_outdated,,,velocidade; excesso de velocidade; 20,velocidade,Resolução CONTRAN nº 798/2020 - Fiscalização de Velocidade,Vínculo por assunto + termos do enunciado/alternativas/comentário. Exibir como card principal somente se importador aceitar score e revisão.,
1515936,ctb_infracoes_velocidade,specific_high_precision,rule_that_solves_or_clarifies_question,True,False,strict,228,not_applicable_or_not_outdated,,,velocidade; limite de velocidade; excesso de velocidade; 20,velocidade; excesso de velocidade,Resolução CONTRAN nº 798/2020 - Fiscalização de Velocidade,Vínculo por assunto + termos do enunciado/alternativas/comentário. Exibir como card principal somente se importador aceitar score e revisão.,
1515937,ctb_infracoes_velocidade,specific_high_precision,rule_that_solves_or_clarifies_question,True,False,strict,216,not_applicable_or_not_outdated,,,velocidade; excesso de velocidade; 20,velocidade; excesso de velocidade,Resolução CONTRAN nº 798/2020 - Fiscalização de Velocidade,Vínculo por assunto + termos do enunciado/alternativas/comentário. Exibir como card principal somente se importador aceitar score e revisão.,
1515938,ctb_infracoes_velocidade,specific_high_precision,rule_that_solves_or_clarifies_question,True,False,strict,216,not_applicable_or_not_outdated,,,velocidade; excesso de velocidade; 20,velocidade; excesso de velocidade,Resolução CONTRAN nº 798/2020 - Fiscalização de Velocidade,Vínculo por assunto + termos do enunciado/alternativas/comentário. Exibir como card principal somente se importador aceitar score e revisão.,
1515939,ctb_infracoes_velocidade,specific_high_precision,rule_that_solves_or_clarifies_question,True,False,strict,194,not_applicable_or_not_outdated,,,velocidade; 20,velocidade,Resolução CONTRAN nº 798/2020 - Fiscalização de Velocidade,Vínculo por assunto + termos do enunciado/alternativas/comentário. Exibir como card principal somente se importador aceitar score e revisão.,
1611243,contran_798_velocidade,specific_high_precision,rule_that_solves_or_clarifies_question,False,True,ambiguous_top_candidate,216,not_applicable_or_not_outdated,,,medidor de velocidade; fiscalizacao de velocidade; velocidade medida,medidor de velocidade,Resolução CONTRAN nº 798/2020 - Fiscalização de Velocidade,Vínculo por assunto + termos do enunciado/alternativas/comentário. Exibir como card principal somente se importador aceitar score e revisão.,
1515958,contran_809_crlve_atpve,specific_high_precision,suggested_card_needs_review,False,True,comment_or_subject_evidence_only,184,not_applicable_or_not_outdated,,,crlv e; atpv e,,Resolução CONTRAN nº 809/2020 - CRLV-e e ATPV-e,Vínculo por assunto + termos do enunciado/alternativas/comentário. Exibir como card principal somente se importador aceitar score e revisão. Termos fortes não apareceram no enunciado/alternativas; não exibir automaticamente no modo Estudar agora.,
1515959,contran_809_crlve_atpve,specific_high_precision,suggested_card_needs_review,False,True,comment_or_subject_evidence_only,184,not_applicable_or_not_outdated,,,crlv e; atpv e,,Resolução CONTRAN nº 809/2020 - CRLV-e e ATPV-e,Vínculo por assunto + termos do enunciado/alternativas/comentário. Exibir como card principal somente se importador aceitar score e revisão. Termos fortes não apareceram no enunciado/alternativas; não exibir automaticamente no modo Estudar agora.,
1515960,contran_809_crlve_atpve,specific_high_precision,suggested_card_needs_review,False,True,comment_or_subject_evidence_only,184,not_applicable_or_not_outdated,,,crlv e; atpv e,,Resolução CONTRAN nº 809/2020 - CRLV-e e ATPV-e,Vínculo por assunto + termos do enunciado/alternativas/comentário. Exibir como card principal somente se importador aceitar score e revisão. Termos fortes não apareceram no enunciado/alternativas; não exibir automaticamente no modo Estudar agora.,
1515961,contran_809_crlve_atpve,specific_high_precision,rule_that_solves_or_clarifies_question,True,False,strict,194,not_applicable_or_not_outdated,,,crlv e; atpv e,crlv e,Resolução CONTRAN nº 809/2020 - CRLV-e e ATPV-e,Vínculo por assunto + termos do enunciado/alternativas/comentário. Exibir como card principal somente se importador aceitar score e revisão.,
1515962,contran_809_crlve_atpve,specific_high_precision,suggested_card_needs_review,False,True,comment_or_subject_evidence_only,184,not_applicable_or_not_outdated,,,crlv e; atpv e,,Resolução CONTRAN nº 809/2020 - CRLV-e e ATPV-e,Vínculo por assunto + termos do enunciado/alternativas/comentário. Exibir como card principal somente se importador aceitar score e revisão. Termos fortes não apareceram no enunciado/alternativas; não exibir automaticamente no modo Estudar agora.,
1515964,contran_809_crlve_atpve,specific_high_precision,rule_that_solves_or_clarifies_question,True,False,strict,194,not_applicable_or_not_outdated,,,crlv e; atpv e,atpv e,Resolução CONTRAN nº 809/2020 - CRLV-e e ATPV-e,Vínculo por assunto + termos do enunciado/alternativas/comentário. Exibir como card principal somente se importador aceitar score e revisão.,
1515965,contran_809_crlve_atpve,specific_high_precision,rule_that_solves_or_clarifies_question,True,False,strict,194,not_applicable_or_not_outdated,,,crlv e; atpv e,atpv e,Resolução CONTRAN nº 809/2020 - CRLV-e e ATPV-e,Vínculo por assunto + termos do enunciado/alternativas/comentário. Exibir como card principal somente se importador aceitar score e revisão.,
1515966,contran_809_crlve_atpve,specific_high_precision,rule_that_solves_or_clarifies_question,True,False,strict,194,not_applicable_or_not_outdated,,,crlv e; atpv e,atpv e,Resolução CONTRAN nº 809/2020 - CRLV-e e ATPV-e,Vínculo por assunto + termos do enunciado/alternativas/comentário. Exibir como card principal somente se importador aceitar score e revisão.,
1515967,contran_809_crlve_atpve,specific_high_precision,rule_that_solves_or_clarifies_question,True,False,strict,194,not_applicable_or_not_outdated,,,crlv e; atpv e,atpv e,Resolução CONTRAN nº 809/2020 - CRLV-e e ATPV-e,Vínculo por assunto + termos do enunciado/alternativas/comentário. Exibir como card principal somente se importador aceitar score e revisão.,
1515968,contran_809_crlve_atpve,specific_high_precision,rule_that_solves_or_clarifies_question,True,False,strict,194,not_applicable_or_not_outdated,,,crlv e; atpv e,atpv e,Resolução CONTRAN nº 809/2020 - CRLV-e e ATPV-e,Vínculo por assunto + termos do enunciado/alternativas/comentário. Exibir como card principal somente se importador aceitar score e revisão.,
1515969,contran_809_crlve_atpve,specific_high_precision,suggested_card_needs_review,False,True,comment_or_subject_evidence_only,184,not_applicable_or_not_outdated,,,crlv e; atpv e,,Resolução CONTRAN nº 809/2020 - CRLV-e e ATPV-e,Vínculo por assunto + termos do enunciado/alternativas/comentário. Exibir como card principal somente se importador aceitar score e revisão. Termos fortes não apareceram no enunciado/alternativas; não exibir automaticamente no modo Estudar agora.,
1515971,contran_809_crlve_atpve,specific_high_precision,rule_that_solves_or_clarifies_question,True,False,strict,194,not_applicable_or_not_outdated,,,crlv e; atpv e,atpv e,Resolução CONTRAN nº 809/2020 - CRLV-e e ATPV-e,Vínculo por assunto + termos do enunciado/alternativas/comentário. Exibir como card principal somente se importador aceitar score e revisão.,
1515972,contran_809_crlve_atpve,specific_high_precision,rule_that_solves_or_clarifies_question,True,False,strict,194,not_applicable_or_not_outdated,,,crlv e; atpv e,atpv e,Resolução CONTRAN nº 809/2020 - CRLV-e e ATPV-e,Vínculo por assunto + termos do enunciado/alternativas/comentário. Exibir como card principal somente se importador aceitar score e revisão.,
1515974,contran_809_crlve_atpve,specific_high_precision,suggested_card_needs_review,False,True,comment_or_subject_evidence_only,184,not_applicable_or_not_outdated,,,crlv e; atpv e,,Resolução CONTRAN nº 809/2020 - CRLV-e e ATPV-e,Vínculo por assunto + termos do enunciado/alternativas/comentário. Exibir como card principal somente se importador aceitar score e revisão. Termos fortes não apareceram no enunciado/alternativas; não exibir automaticamente no modo Estudar agora.,
1611241,contran_809_crlve_atpve,specific_high_precision,rule_that_solves_or_clarifies_question,True,False,strict,194,not_applicable_or_not_outdated,,,crlv e; atpv e,crlv e,Resolução CONTRAN nº 809/2020 - CRLV-e e ATPV-e,Vínculo por assunto + termos do enunciado/alternativas/comentário. Exibir como card principal somente se importador aceitar score e revisão.,
1672917,contran_809_crlve_atpve,specific_high_precision,suggested_card_needs_review,False,True,comment_or_subject_evidence_only,184,not_applicable_or_not_outdated,,,crlv e; atpv e,,Resolução CONTRAN nº 809/2020 - CRLV-e e ATPV-e,Vínculo por assunto + termos do enunciado/alternativas/comentário. Exibir como card principal somente se importador aceitar score e revisão. Termos fortes não apareceram no enunciado/alternativas; não exibir automaticamente no modo Estudar agora.,
1974475,contran_809_crlve_atpve,specific_high_precision,theory_reference_only__not_solution_current_law,False,True,strict,194,needs_audit,False,,crlv e; atpv e,crlv e,Resolução CONTRAN nº 809/2020 - CRLV-e e ATPV-e,Vínculo por assunto + termos do enunciado/alternativas/comentário. Exibir como card principal somente se importador aceitar score e revisão.,Questão desatualizada sem gabarito atual pontuável; não exibir como regra que resolve a questão no modo legislação atual.
1515977,contran_967_baixa_sinistro,specific_high_precision,rule_that_solves_or_clarifies_question,False,True,ambiguous_top_candidate,209,not_applicable_or_not_outdated,,,perda total; sinistrado,perda total; sinistrado,Resolução CONTRAN nº 810/2020 - Classificação de Danos de Veículos Envolvidos em Acidentes e Outros,Vínculo por assunto + termos do enunciado/alternativas/comentário. Exibir como card principal somente se importador aceitar score e revisão.,
1515981,contran_810_danos_sinistro,specific_high_precision,rule_that_solves_or_clarifies_question,True,False,strict,204,not_applicable_or_not_outdated,,,classificacao de danos; acidente,classificacao de danos; acidente,Resolução CONTRAN nº 810/2020 - Classificação de Danos de Veículos Envolvidos em Acidentes e Outros,Vínculo por assunto + termos do enunciado/alternativas/comentário. Exibir como card principal somente se importador aceitar score e revisão.,
1515983,contran_810_danos_sinistro,specific_high_precision,rule_that_solves_or_clarifies_question,True,False,strict,270,not_applicable_or_not_outdated,,,dano de pequena monta; media monta; grande monta; classificacao de danos; acidente,dano de pequena monta; media monta; grande monta; classificacao de danos; acidente,Resolução CONTRAN nº 810/2020 - Classificação de Danos de Veículos Envolvidos em Acidentes e Outros,Vínculo por assunto + termos do enunciado/alternativas/comentário. Exibir como card principal somente se importador aceitar score e revisão.,
1515985,contran_810_danos_sinistro,specific_high_precision,rule_that_solves_or_clarifies_question,True,False,strict,240,not_applicable_or_not_outdated,,,dano de pequena monta; media monta; grande monta; classificacao de danos; acidente,classificacao de danos; acidente,Resolução CONTRAN nº 810/2020 - Classificação de Danos de Veículos Envolvidos em Acidentes e Outros,Vínculo por assunto + termos do enunciado/alternativas/comentário. Exibir como card principal somente se importador aceitar score e revisão.,
1515988,contran_810_danos_sinistro,specific_high_precision,rule_that_solves_or_clarifies_question,True,False,strict,248,not_applicable_or_not_outdated,,,media monta; grande monta; classificacao de danos; acidente,media monta; grande monta; classificacao de danos; acidente,Resolução CONTRAN nº 810/2020 - Classificação de Danos de Veículos Envolvidos em Acidentes e Outros,Vínculo por assunto + termos do enunciado/alternativas/comentário. Exibir como card principal somente se importador aceitar score e revisão.,
1515990,contran_810_danos_sinistro,specific_high_precision,rule_that_solves_or_clarifies_question,True,False,strict,248,not_applicable_or_not_outdated,,,media monta; grande monta; classificacao de danos; acidente,media monta; grande monta; classificacao de danos; acidente,Resolução CONTRAN nº 810/2020 - Classificação de Danos de Veículos Envolvidos em Acidentes e Outros,Vínculo por assunto + termos do enunciado/alternativas/comentário. Exibir como card principal somente se importador aceitar score e revisão.,
1515992,contran_810_danos_sinistro,specific_high_precision,rule_that_solves_or_clarifies_question,True,False,strict,238,not_applicable_or_not_outdated,,,media monta; grande monta; classificacao de danos; acidente,grande monta; classificacao de danos; acidente,Resolução CONTRAN nº 810/2020 - Classificação de Danos de Veículos Envolvidos em Acidentes e Outros,Vínculo por assunto + termos do enunciado/alternativas/comentário. Exibir como card principal somente se importador aceitar score e revisão.,
1515993,contran_810_danos_sinistro,specific_high_precision,rule_that_solves_or_clarifies_question,True,False,strict,226,not_applicable_or_not_outdated,,,media monta; classificacao de danos; acidente,media monta; classificacao de danos; acidente,Resolução CONTRAN nº 810/2020 - Classificação de Danos de Veículos Envolvidos em Acidentes e Outros,Vínculo por assunto + termos do enunciado/alternativas/comentário. Exibir como card principal somente se importador aceitar score e revisão.,
1515995,contran_810_danos_sinistro,specific_high_precision,rule_that_solves_or_clarifies_question,True,False,strict,248,not_applicable_or_not_outdated,,,media monta; grande monta; classificacao de danos; acidente,media monta; grande monta; classificacao de danos; acidente,Resolução CONTRAN nº 810/2020 - Classificação de Danos de Veículos Envolvidos em Acidentes e Outros,Vínculo por assunto + termos do enunciado/alternativas/comentário. Exibir como card principal somente se importador aceitar score e revisão.,
1515996,contran_810_danos_sinistro,specific_high_precision,rule_that_solves_or_clarifies_question,True,False,strict,238,not_applicable_or_not_outdated,,,media monta; grande monta; classificacao de danos; acidente,grande monta; classificacao de danos; acidente,Resolução CONTRAN nº 810/2020 - Classificação de Danos de Veículos Envolvidos em Acidentes e Outros,Vínculo por assunto + termos do enunciado/alternativas/comentário. Exibir como card principal somente se importador aceitar score e revisão.,
1515997,contran_810_danos_sinistro,specific_high_precision,rule_that_solves_or_clarifies_question,True,False,strict,248,not_applicable_or_not_outdated,,,media monta; grande monta; classificacao de danos; acidente,media monta; grande monta; classificacao de danos; acidente,Resolução CONTRAN nº 810/2020 - Classificação de Danos de Veículos Envolvidos em Acidentes e Outros,Vínculo por assunto + termos do enunciado/alternativas/comentário. Exibir como card principal somente se importador aceitar score e revisão.,
1516000,contran_810_danos_sinistro,specific_high_precision,rule_that_solves_or_clarifies_question,True,False,strict,226,not_applicable_or_not_outdated,,,classificacao de danos; sinistro; acidente,classificacao de danos; sinistro; acidente,Resolução CONTRAN nº 810/2020 - Classificação de Danos de Veículos Envolvidos em Acidentes e Outros,Vínculo por assunto + termos do enunciado/alternativas/comentário. Exibir como card principal somente se importador aceitar score e revisão.,
1516002,contran_810_danos_sinistro,specific_high_precision,rule_that_solves_or_clarifies_question,True,False,strict,226,not_applicable_or_not_outdated,,,grande monta; classificacao de danos; acidente,grande monta; classificacao de danos; acidente,Resolução CONTRAN nº 810/2020 - Classificação de Danos de Veículos Envolvidos em Acidentes e Outros,Vínculo por assunto + termos do enunciado/alternativas/comentário. Exibir como card principal somente se importador aceitar score e revisão.,
1516004,contran_810_danos_sinistro,specific_high_precision,rule_that_solves_or_clarifies_question,True,False,strict,238,not_applicable_or_not_outdated,,,media monta; grande monta; classificacao de danos; acidente,media monta; classificacao de danos; acidente,Resolução CONTRAN nº 810/2020 - Classificação de Danos de Veículos Envolvidos em Acidentes e Outros,Vínculo por assunto + termos do enunciado/alternativas/comentário. Exibir como card principal somente se importador aceitar score e revisão.,
1516006,contran_810_danos_sinistro,specific_high_precision,rule_that_solves_or_clarifies_question,True,False,strict,204,not_applicable_or_not_outdated,,,classificacao de danos; acidente,classificacao de danos; acidente,Resolução CONTRAN nº 810/2020 - Classificação de Danos de Veículos Envolvidos em Acidentes e Outros,Vínculo por assunto + termos do enunciado/alternativas/comentário. Exibir como card principal somente se importador aceitar score e revisão.,
1516007,contran_810_danos_sinistro,specific_high_precision,rule_that_solves_or_clarifies_question,True,False,strict,204,not_applicable_or_not_outdated,,,classificacao de danos; acidente,classificacao de danos; acidente,Resolução CONTRAN nº 810/2020 - Classificação de Danos de Veículos Envolvidos em Acidentes e Outros,Vínculo por assunto + termos do enunciado/alternativas/comentário. Exibir como card principal somente se importador aceitar score e revisão.,
28253,contran_819_criancas_dispositivos,specific_high_precision,rule_that_solves_or_clarifies_question,True,False,strict,204,verified,True,ERRADO,crianca; idade,idade,Resolução CONTRAN nº 819/2021 - Transporte de Crianças em Veículos,Vínculo por assunto + termos do enunciado/alternativas/comentário. Exibir como card principal somente se importador aceitar score e revisão.,
194066,contran_819_criancas_dispositivos,specific_high_precision,rule_that_solves_or_clarifies_question,True,False,strict,236,verified,True,E,crianca; dispositivo de retencao; idade,crianca; dispositivo de retencao; idade,Resolução CONTRAN nº 819/2021 - Transporte de Crianças em Veículos,Vínculo por assunto + termos do enunciado/alternativas/comentário. Exibir como card principal somente se importador aceitar score e revisão.,
707056,contran_819_criancas_dispositivos,specific_high_precision,theory_reference_only__not_solution_current_law,False,True,strict,250,needs_audit,False,,crianca; cadeirinha; dispositivo de retencao; idade; altura,cadeirinha; idade,Resolução CONTRAN nº 819/2021 - Transporte de Crianças em Veículos,Vínculo por assunto + termos do enunciado/alternativas/comentário. Exibir como card principal somente se importador aceitar score e revisão.,Questão desatualizada sem gabarito atual pontuável; não exibir como regra que resolve a questão no modo legislação atual.
933746,contran_819_criancas_dispositivos,specific_high_precision,rule_that_solves_or_clarifies_question,True,False,strict,302,not_applicable_or_not_outdated,,,crianca; bebe conforto; bebe conforto; cadeirinha; assento de elevacao; idade,crianca; bebe conforto; bebe conforto; cadeirinha; assento de elevacao; idade,Resolução CONTRAN nº 819/2021 - Transporte de Crianças em Veículos,Vínculo por assunto + termos do enunciado/alternativas/comentário. Exibir como card principal somente se importador aceitar score e revisão.,
935300,contran_819_criancas_dispositivos,specific_high_precision,rule_that_solves_or_clarifies_question,True,False,strict,284,verified,True,B,crianca; bebe conforto; bebe conforto; cadeirinha; dispositivo de retencao; idade; altura,bebe conforto; bebe conforto; cadeirinha,Resolução CONTRAN nº 819/2021 - Transporte de Crianças em Veículos,Vínculo por assunto + termos do enunciado/alternativas/comentário. Exibir como card principal somente se importador aceitar score e revisão.,
1076015,contran_819_criancas_dispositivos,specific_high_precision,theory_reference_only__not_solution_current_law,False,True,strict,304,needs_audit,False,,crianca; bebe conforto; bebe conforto; cadeirinha; assento de elevacao; dispositivo de retencao; idade,crianca; cadeirinha; assento de elevacao; dispositivo de retencao; idade,Resolução CONTRAN nº 819/2021 - Transporte de Crianças em Veículos,Vínculo por assunto + termos do enunciado/alternativas/comentário. Exibir como card principal somente se importador aceitar score e revisão.,Questão desatualizada sem gabarito atual pontuável; não exibir como regra que resolve a questão no modo legislação atual.
1091830,contran_819_criancas_dispositivos,specific_high_precision,theory_reference_only__not_solution_current_law,False,True,strict,326,needs_audit,False,,crianca; bebe conforto; bebe conforto; cadeirinha; assento de elevacao; dispositivo de retencao; idade; altura,crianca; bebe conforto; bebe conforto; cadeirinha; assento de elevacao; idade,Resolução CONTRAN nº 819/2021 - Transporte de Crianças em Veículos,Vínculo por assunto + termos do enunciado/alternativas/comentário. Exibir como card principal somente se importador aceitar score e revisão.,Questão desatualizada sem gabarito atual pontuável; não exibir como regra que resolve a questão no modo legislação atual.
1114484,contran_819_criancas_dispositivos,specific_high_precision,theory_reference_only__not_solution_current_law,False,True,strict,326,needs_audit,False,,crianca; bebe conforto; bebe conforto; cadeirinha; assento de elevacao; dispositivo de retencao; idade; altura,crianca; bebe conforto; bebe conforto; cadeirinha; assento de elevacao; idade,Resolução CONTRAN nº 819/2021 - Transporte de Crianças em Veículos,Vínculo por assunto + termos do enunciado/alternativas/comentário. Exibir como card principal somente se importador aceitar score e revisão.,Questão desatualizada sem gabarito atual pontuável; não exibir como regra que resolve a questão no modo legislação atual.
1388741,contran_819_criancas_dispositivos,specific_high_precision,rule_that_solves_or_clarifies_question,True,False,strict,304,verified,True,A,crianca; bebe conforto; bebe conforto; cadeirinha; assento de elevacao; dispositivo de retencao; idade,crianca; bebe conforto; bebe conforto; cadeirinha; assento de elevacao,Resolução CONTRAN nº 819/2021 - Transporte de Crianças em Veículos,Vínculo por assunto + termos do enunciado/alternativas/comentário. Exibir como card principal somente se importador aceitar score e revisão.,
1415322,contran_819_criancas_dispositivos,specific_high_precision,rule_that_solves_or_clarifies_question,True,False,strict,324,verified,True,D,crianca; bebe conforto; bebe conforto; cadeirinha; assento de elevacao; dispositivo de retencao; idade,crianca; bebe conforto; bebe conforto; cadeirinha; assento de elevacao; dispositivo de retencao; idade,Resolução CONTRAN nº 819/2021 - Transporte de Crianças em Veículos,Vínculo por assunto + termos do enunciado/alternativas/comentário. Exibir como card principal somente se importador aceitar score e revisão.,
1746334,contran_819_criancas_dispositivos,specific_high_precision,rule_that_solves_or_clarifies_question,True,False,strict,336,not_applicable_or_not_outdated,,,crianca; bebe conforto; bebe conforto; cadeirinha; assento de elevacao; dispositivo de retencao; idade; altura,crianca; bebe conforto; bebe conforto; cadeirinha; assento de elevacao; dispositivo de retencao; idade,Resolução CONTRAN nº 819/2021 - Transporte de Crianças em Veículos,Vínculo por assunto + termos do enunciado/alternativas/comentário. Exibir como card principal somente se importador aceitar score e revisão.,
1944606,contran_819_criancas_dispositivos,specific_high_precision,rule_that_solves_or_clarifies_question,True,False,strict,326,not_applicable_or_not_outdated,,,crianca; bebe conforto; bebe conforto; cadeirinha; assento de elevacao; dispositivo de retencao; idade; altura,crianca; bebe conforto; bebe conforto; dispositivo de retencao; idade; altura,Resolução CONTRAN nº 819/2021 - Transporte de Crianças em Veículos,Vínculo por assunto + termos do enunciado/alternativas/comentário. Exibir como card principal somente se importador aceitar score e revisão.,
1969146,contran_819_criancas_dispositivos,specific_high_precision,rule_that_solves_or_clarifies_question,True,False,strict,314,verified,True,D,crianca; bebe conforto; bebe conforto; cadeirinha; assento de elevacao; dispositivo de retencao; idade,crianca; bebe conforto; bebe conforto; cadeirinha; assento de elevacao; idade,Resolução CONTRAN nº 819/2021 - Transporte de Crianças em Veículos,Vínculo por assunto + termos do enunciado/alternativas/comentário. Exibir como card principal somente se importador aceitar score e revisão.,
2002415,contran_819_criancas_dispositivos,specific_high_precision,rule_that_solves_or_clarifies_question,True,False,strict,238,verified,True,B,crianca; cadeirinha; dispositivo de retencao; idade,crianca; dispositivo de retencao,Resolução CONTRAN nº 819/2021 - Transporte de Crianças em Veículos,Vínculo por assunto + termos do enunciado/alternativas/comentário. Exibir como card principal somente se importador aceitar score e revisão.,
2072219,contran_819_criancas_dispositivos,specific_high_precision,rule_that_solves_or_clarifies_question,True,False,strict,280,not_applicable_or_not_outdated,,,crianca; bebe conforto; bebe conforto; dispositivo de retencao; idade,crianca; bebe conforto; bebe conforto; dispositivo de retencao; idade,Resolução CONTRAN nº 819/2021 - Transporte de Crianças em Veículos,Vínculo por assunto + termos do enunciado/alternativas/comentário. Exibir como card principal somente se importador aceitar score e revisão.,
1611247,contran_870_pnatrans_metas,specific_high_precision,suggested_card_needs_review,False,True,comment_or_subject_evidence_only,201,not_applicable_or_not_outdated,,,pnatrans; plano nacional de reducao; mortes e lesoes,,Resolução CONTRAN nº 870/2021 - Plano Nacional de Redução de Mortes e Lesões no Trânsito (PNATRANS),Vínculo por assunto + termos do enunciado/alternativas/comentário. Exibir como card principal somente se importador aceitar score e revisão. Termos fortes não apareceram no enunciado/alternativas; não exibir automaticamente no modo Estudar agora.,
2178269,contran_870_pnatrans_metas,specific_high_precision,rule_that_solves_or_clarifies_question,True,False,strict,231,not_applicable_or_not_outdated,,,pnatrans; plano nacional de reducao; mortes e lesoes,pnatrans; plano nacional de reducao; mortes e lesoes,Resolução CONTRAN nº 870/2021 - Plano Nacional de Redução de Mortes e Lesões no Trânsito (PNATRANS),Vínculo por assunto + termos do enunciado/alternativas/comentário. Exibir como card principal somente se importador aceitar score e revisão.,
2178270,contran_870_pnatrans_metas,specific_high_precision,rule_that_solves_or_clarifies_question,True,False,strict,231,not_applicable_or_not_outdated,,,pnatrans; plano nacional de reducao; mortes e lesoes,pnatrans; plano nacional de reducao; mortes e lesoes,Resolução CONTRAN nº 870/2021 - Plano Nacional de Redução de Mortes e Lesões no Trânsito (PNATRANS),Vínculo por assunto + termos do enunciado/alternativas/comentário. Exibir como card principal somente se importador aceitar score e revisão.,
2178271,contran_870_pnatrans_metas,specific_high_precision,rule_that_solves_or_clarifies_question,True,False,strict,231,not_applicable_or_not_outdated,,,pnatrans; plano nacional de reducao; mortes e lesoes,pnatrans; plano nacional de reducao; mortes e lesoes,Resolução CONTRAN nº 870/2021 - Plano Nacional de Redução de Mortes e Lesões no Trânsito (PNATRANS),Vínculo por assunto + termos do enunciado/alternativas/comentário. Exibir como card principal somente se importador aceitar score e revisão.,
2178272,contran_870_pnatrans_metas,specific_high_precision,rule_that_solves_or_clarifies_question,True,False,strict,231,not_applicable_or_not_outdated,,,pnatrans; plano nacional de reducao; mortes e lesoes,pnatrans; plano nacional de reducao; mortes e lesoes,Resolução CONTRAN nº 870/2021 - Plano Nacional de Redução de Mortes e Lesões no Trânsito (PNATRANS),Vínculo por assunto + termos do enunciado/alternativas/comentário. Exibir como card principal somente se importador aceitar score e revisão.,
2178273,contran_870_pnatrans_metas,specific_high_precision,rule_that_solves_or_clarifies_question,True,False,strict,231,not_applicable_or_not_outdated,,,pnatrans; plano nacional de reducao; mortes e lesoes,pnatrans; plano nacional de reducao; mortes e lesoes,Resolução CONTRAN nº 870/2021 - Plano Nacional de Redução de Mortes e Lesões no Trânsito (PNATRANS),Vínculo por assunto + termos do enunciado/alternativas/comentário. Exibir como card principal somente se importador aceitar score e revisão.,
2178274,contran_870_pnatrans_metas,specific_high_precision,rule_that_solves_or_clarifies_question,True,False,strict,231,not_applicable_or_not_outdated,,,pnatrans; plano nacional de reducao; mortes e lesoes,pnatrans; plano nacional de reducao; mortes e lesoes,Resolução CONTRAN nº 870/2021 - Plano Nacional de Redução de Mortes e Lesões no Trânsito (PNATRANS),Vínculo por assunto + termos do enunciado/alternativas/comentário. Exibir como card principal somente se importador aceitar score e revisão.,
2178275,contran_870_pnatrans_metas,specific_high_precision,rule_that_solves_or_clarifies_question,True,False,strict,231,not_applicable_or_not_outdated,,,pnatrans; plano nacional de reducao; mortes e lesoes,pnatrans; plano nacional de reducao; mortes e lesoes,Resolução CONTRAN nº 870/2021 - Plano Nacional de Redução de Mortes e Lesões no Trânsito (PNATRANS),Vínculo por assunto + termos do enunciado/alternativas/comentário. Exibir como card principal somente se importador aceitar score e revisão.,
2178276,contran_870_pnatrans_metas,specific_high_precision,rule_that_solves_or_clarifies_question,True,False,strict,231,not_applicable_or_not_outdated,,,pnatrans; plano nacional de reducao; mortes e lesoes,pnatrans; plano nacional de reducao; mortes e lesoes,Resolução CONTRAN nº 870/2021 - Plano Nacional de Redução de Mortes e Lesões no Trânsito (PNATRANS),Vínculo por assunto + termos do enunciado/alternativas/comentário. Exibir como card principal somente se importador aceitar score e revisão.,
2178277,contran_870_pnatrans_metas,specific_high_precision,rule_that_solves_or_clarifies_question,True,False,strict,231,not_applicable_or_not_outdated,,,pnatrans; plano nacional de reducao; mortes e lesoes,pnatrans; plano nacional de reducao; mortes e lesoes,Resolução CONTRAN nº 870/2021 - Plano Nacional de Redução de Mortes e Lesões no Trânsito (PNATRANS),Vínculo por assunto + termos do enunciado/alternativas/comentário. Exibir como card principal somente se importador aceitar score e revisão.,
2178278,contran_870_pnatrans_metas,specific_high_precision,rule_that_solves_or_clarifies_question,True,False,strict,231,not_applicable_or_not_outdated,,,pnatrans; plano nacional de reducao; mortes e lesoes,pnatrans; plano nacional de reducao; mortes e lesoes,Resolução CONTRAN nº 870/2021 - Plano Nacional de Redução de Mortes e Lesões no Trânsito (PNATRANS),Vínculo por assunto + termos do enunciado/alternativas/comentário. Exibir como card principal somente se importador aceitar score e revisão.,
2178279,contran_870_pnatrans_metas,specific_high_precision,rule_that_solves_or_clarifies_question,True,False,strict,231,not_applicable_or_not_outdated,,,pnatrans; plano nacional de reducao; mortes e lesoes,pnatrans; plano nacional de reducao; mortes e lesoes,Resolução CONTRAN nº 870/2021 - Plano Nacional de Redução de Mortes e Lesões no Trânsito (PNATRANS),Vínculo por assunto + termos do enunciado/alternativas/comentário. Exibir como card principal somente se importador aceitar score e revisão.,
207044,contran_882_peso_dimensoes_limites,specific_high_precision,theory_reference_only__not_solution_current_law,False,True,strict,262,needs_audit,False,,peso; dimensoes; pbt; eixo; balanca; tolerancia,peso; balanca; tolerancia,Resolução CONTRAN nº 882/2021 - Limites de Peso e Dimensões que Transitem por Vias Terrestres,Vínculo por assunto + termos do enunciado/alternativas/comentário. Exibir como card principal somente se importador aceitar score e revisão.,Questão desatualizada sem gabarito atual pontuável; não exibir como regra que resolve a questão no modo legislação atual.
207045,contran_882_peso_dimensoes_limites,specific_high_precision,theory_reference_only__not_solution_current_law,False,True,strict,252,needs_audit,False,,peso; dimensoes; pbt; eixo; balanca; tolerancia,peso; tolerancia,Resolução CONTRAN nº 882/2021 - Limites de Peso e Dimensões que Transitem por Vias Terrestres,Vínculo por assunto + termos do enunciado/alternativas/comentário. Exibir como card principal somente se importador aceitar score e revisão.,Questão desatualizada sem gabarito atual pontuável; não exibir como regra que resolve a questão no modo legislação atual.
207048,contran_882_peso_dimensoes_limites,specific_high_precision,theory_reference_only__not_solution_current_law,False,True,strict,252,needs_audit,False,,peso; dimensoes; pbt; eixo; balanca; tolerancia,peso; balanca,Resolução CONTRAN nº 882/2021 - Limites de Peso e Dimensões que Transitem por Vias Terrestres,Vínculo por assunto + termos do enunciado/alternativas/comentário. Exibir como card principal somente se importador aceitar score e revisão.,Questão desatualizada sem gabarito atual pontuável; não exibir como regra que resolve a questão no modo legislação atual.
778179,contran_882_peso_dimensoes_limites,specific_high_precision,theory_reference_only__not_solution_current_law,False,True,comment_or_subject_evidence_only,184,needs_audit,False,,peso; dimensoes,,Resolução CONTRAN nº 882/2021 - Limites de Peso e Dimensões que Transitem por Vias Terrestres,Vínculo por assunto + termos do enunciado/alternativas/comentário. Exibir como card principal somente se importador aceitar score e revisão. Termos fortes não apareceram no enunciado/alternativas; não exibir automaticamente no modo Estudar agora.,Questão desatualizada sem gabarito atual pontuável; não exibir como regra que resolve a questão no modo legislação atual.
1388718,contran_882_peso_dimensoes_limites,specific_high_precision,theory_reference_only__not_solution_current_law,False,True,strict,218,needs_audit,False,,peso; dimensao; dimensoes; eixo,dimensoes,Resolução CONTRAN nº 882/2021 - Limites de Peso e Dimensões que Transitem por Vias Terrestres,Vínculo por assunto + termos do enunciado/alternativas/comentário. Exibir como card principal somente se importador aceitar score e revisão.,Questão desatualizada sem gabarito atual pontuável; não exibir como regra que resolve a questão no modo legislação atual.
1403455,contran_882_peso_dimensoes_limites,specific_high_precision,theory_reference_only__not_solution_current_law,False,True,strict,238,needs_audit,False,,peso; dimensoes; pbt; eixo,peso; dimensoes; eixo,Resolução CONTRAN nº 882/2021 - Limites de Peso e Dimensões que Transitem por Vias Terrestres,Vínculo por assunto + termos do enunciado/alternativas/comentário. Exibir como card principal somente se importador aceitar score e revisão.,Questão desatualizada sem gabarito atual pontuável; não exibir como regra que resolve a questão no modo legislação atual.
1403465,contran_882_peso_dimensoes_limites,specific_high_precision,theory_reference_only__not_solution_current_law,False,True,strict,226,needs_audit,False,,peso; dimensoes; eixo,peso; dimensoes; eixo,Resolução CONTRAN nº 882/2021 - Limites de Peso e Dimensões que Transitem por Vias Terrestres,Vínculo por assunto + termos do enunciado/alternativas/comentário. Exibir como card principal somente se importador aceitar score e revisão.,Questão desatualizada sem gabarito atual pontuável; não exibir como regra que resolve a questão no modo legislação atual.
1503703,contran_882_peso_dimensoes_limites,specific_high_precision,theory_reference_only__not_solution_current_law,False,True,strict,216,needs_audit,False,,peso; dimensoes; eixo,peso; dimensoes,Resolução CONTRAN nº 882/2021 - Limites de Peso e Dimensões que Transitem por Vias Terrestres,Vínculo por assunto + termos do enunciado/alternativas/comentário. Exibir como card principal somente se importador aceitar score e revisão.,Questão desatualizada sem gabarito atual pontuável; não exibir como regra que resolve a questão no modo legislação atual.
1503704,contran_882_peso_dimensoes_limites,specific_high_precision,theory_reference_only__not_solution_current_law,False,True,strict,216,needs_audit,False,,peso; dimensoes; eixo,peso; dimensoes,Resolução CONTRAN nº 882/2021 - Limites de Peso e Dimensões que Transitem por Vias Terrestres,Vínculo por assunto + termos do enunciado/alternativas/comentário. Exibir como card principal somente se importador aceitar score e revisão.,Questão desatualizada sem gabarito atual pontuável; não exibir como regra que resolve a questão no modo legislação atual.
1503705,contran_882_peso_dimensoes_limites,specific_high_precision,theory_reference_only__not_solution_current_law,False,True,strict,226,needs_audit,False,,peso; dimensoes; eixo,peso; dimensoes; eixo,Resolução CONTRAN nº 882/2021 - Limites de Peso e Dimensões que Transitem por Vias Terrestres,Vínculo por assunto + termos do enunciado/alternativas/comentário. Exibir como card principal somente se importador aceitar score e revisão.,Questão desatualizada sem gabarito atual pontuável; não exibir como regra que resolve a questão no modo legislação atual.
1503706,contran_882_peso_dimensoes_limites,specific_high_precision,theory_reference_only__not_solution_current_law,False,True,strict,226,needs_audit,False,,peso; dimensoes; eixo,peso; dimensoes; eixo,Resolução CONTRAN nº 882/2021 - Limites de Peso e Dimensões que Transitem por Vias Terrestres,Vínculo por assunto + termos do enunciado/alternativas/comentário. Exibir como card principal somente se importador aceitar score e revisão.,Questão desatualizada sem gabarito atual pontuável; não exibir como regra que resolve a questão no modo legislação atual.
1503707,contran_882_peso_dimensoes_limites,specific_high_precision,theory_reference_only__not_solution_current_law,False,True,strict,216,needs_audit,False,,peso; dimensoes; eixo,peso; dimensoes,Resolução CONTRAN nº 882/2021 - Limites de Peso e Dimensões que Transitem por Vias Terrestres,Vínculo por assunto + termos do enunciado/alternativas/comentário. Exibir como card principal somente se importador aceitar score e revisão.,Questão desatualizada sem gabarito atual pontuável; não exibir como regra que resolve a questão no modo legislação atual.
1503708,contran_882_peso_dimensoes_limites,specific_high_precision,theory_reference_only__not_solution_current_law,False,True,strict,216,needs_audit,False,,peso; dimensoes; eixo,peso; dimensoes,Resolução CONTRAN nº 882/2021 - Limites de Peso e Dimensões que Transitem por Vias Terrestres,Vínculo por assunto + termos do enunciado/alternativas/comentário. Exibir como card principal somente se importador aceitar score e revisão.,Questão desatualizada sem gabarito atual pontuável; não exibir como regra que resolve a questão no modo legislação atual.
1503709,contran_882_peso_dimensoes_limites,specific_high_precision,theory_reference_only__not_solution_current_law,False,True,strict,226,needs_audit,False,,peso; dimensoes; eixo,peso; dimensoes; eixo,Resolução CONTRAN nº 882/2021 - Limites de Peso e Dimensões que Transitem por Vias Terrestres,Vínculo por assunto + termos do enunciado/alternativas/comentário. Exibir como card principal somente se importador aceitar score e revisão.,Questão desatualizada sem gabarito atual pontuável; não exibir como regra que resolve a questão no modo legislação atual.
1503710,contran_882_peso_dimensoes_limites,specific_high_precision,theory_reference_only__not_solution_current_law,False,True,strict,226,needs_audit,False,,peso; dimensoes; eixo,peso; dimensoes; eixo,Resolução CONTRAN nº 882/2021 - Limites de Peso e Dimensões que Transitem por Vias Terrestres,Vínculo por assunto + termos do enunciado/alternativas/comentário. Exibir como card principal somente se importador aceitar score e revisão.,Questão desatualizada sem gabarito atual pontuável; não exibir como regra que resolve a questão no modo legislação atual.
1503711,contran_882_peso_dimensoes_limites,specific_high_precision,theory_reference_only__not_solution_current_law,False,True,strict,226,needs_audit,False,,peso; dimensoes; eixo,peso; dimensoes; eixo,Resolução CONTRAN nº 882/2021 - Limites de Peso e Dimensões que Transitem por Vias Terrestres,Vínculo por assunto + termos do enunciado/alternativas/comentário. Exibir como card principal somente se importador aceitar score e revisão.,Questão desatualizada sem gabarito atual pontuável; não exibir como regra que resolve a questão no modo legislação atual.
1503712,contran_882_peso_dimensoes_limites,specific_high_precision,theory_reference_only__not_solution_current_law,False,True,strict,228,needs_audit,False,,peso; dimensao; dimensoes; eixo,peso; dimensoes,Resolução CONTRAN nº 882/2021 - Limites de Peso e Dimensões que Transitem por Vias Terrestres,Vínculo por assunto + termos do enunciado/alternativas/comentário. Exibir como card principal somente se importador aceitar score e revisão.,Questão desatualizada sem gabarito atual pontuável; não exibir como regra que resolve a questão no modo legislação atual.
1503713,contran_882_peso_dimensoes_limites,specific_high_precision,theory_reference_only__not_solution_current_law,False,True,strict,204,needs_audit,False,,peso; dimensoes,peso; dimensoes,Resolução CONTRAN nº 882/2021 - Limites de Peso e Dimensões que Transitem por Vias Terrestres,Vínculo por assunto + termos do enunciado/alternativas/comentário. Exibir como card principal somente se importador aceitar score e revisão.,Questão desatualizada sem gabarito atual pontuável; não exibir como regra que resolve a questão no modo legislação atual.
1503714,contran_882_peso_dimensoes_limites,specific_high_precision,theory_reference_only__not_solution_current_law,False,True,strict,226,needs_audit,False,,peso; dimensoes; eixo,peso; dimensoes; eixo,Resolução CONTRAN nº 882/2021 - Limites de Peso e Dimensões que Transitem por Vias Terrestres,Vínculo por assunto + termos do enunciado/alternativas/comentário. Exibir como card principal somente se importador aceitar score e revisão.,Questão desatualizada sem gabarito atual pontuável; não exibir como regra que resolve a questão no modo legislação atual.
1503715,contran_882_peso_dimensoes_limites,specific_high_precision,theory_reference_only__not_solution_current_law,False,True,strict,226,needs_audit,False,,peso; dimensoes; eixo,peso; dimensoes; eixo,Resolução CONTRAN nº 882/2021 - Limites de Peso e Dimensões que Transitem por Vias Terrestres,Vínculo por assunto + termos do enunciado/alternativas/comentário. Exibir como card principal somente se importador aceitar score e revisão.,Questão desatualizada sem gabarito atual pontuável; não exibir como regra que resolve a questão no modo legislação atual.
1503716,contran_882_peso_dimensoes_limites,specific_high_precision,theory_reference_only__not_solution_current_law,False,True,strict,226,needs_audit,False,,peso; dimensoes; eixo,peso; dimensoes; eixo,Resolução CONTRAN nº 882/2021 - Limites de Peso e Dimensões que Transitem por Vias Terrestres,Vínculo por assunto + termos do enunciado/alternativas/comentário. Exibir como card principal somente se importador aceitar score e revisão.,Questão desatualizada sem gabarito atual pontuável; não exibir como regra que resolve a questão no modo legislação atual.
1503717,contran_882_peso_dimensoes_limites,specific_high_precision,theory_reference_only__not_solution_current_law,False,True,strict,204,needs_audit,False,,peso; dimensoes,peso; dimensoes,Resolução CONTRAN nº 882/2021 - Limites de Peso e Dimensões que Transitem por Vias Terrestres,Vínculo por assunto + termos do enunciado/alternativas/comentário. Exibir como card principal somente se importador aceitar score e revisão.,Questão desatualizada sem gabarito atual pontuável; não exibir como regra que resolve a questão no modo legislação atual.
1503718,contran_882_peso_dimensoes_limites,specific_high_precision,theory_reference_only__not_solution_current_law,False,True,strict,204,needs_audit,False,,peso; dimensoes,peso; dimensoes,Resolução CONTRAN nº 882/2021 - Limites de Peso e Dimensões que Transitem por Vias Terrestres,Vínculo por assunto + termos do enunciado/alternativas/comentário. Exibir como card principal somente se importador aceitar score e revisão.,Questão desatualizada sem gabarito atual pontuável; não exibir como regra que resolve a questão no modo legislação atual.
1504250,contran_882_peso_dimensoes_limites,specific_high_precision,theory_reference_only__not_solution_current_law,False,True,comment_or_subject_evidence_only,184,needs_audit,False,,peso; dimensoes,,Resolução CONTRAN nº 882/2021 - Limites de Peso e Dimensões que Transitem por Vias Terrestres,Vínculo por assunto + termos do enunciado/alternativas/comentário. Exibir como card principal somente se importador aceitar score e revisão. Termos fortes não apareceram no enunciado/alternativas; não exibir automaticamente no modo Estudar agora.,Questão desatualizada sem gabarito atual pontuável; não exibir como regra que resolve a questão no modo legislação atual.
1504252,contran_882_peso_dimensoes_limites,specific_high_precision,theory_reference_only__not_solution_current_law,False,True,comment_or_subject_evidence_only,208,needs_audit,False,,peso; dimensoes; pbt; eixo,,Resolução CONTRAN nº 882/2021 - Limites de Peso e Dimensões que Transitem por Vias Terrestres,Vínculo por assunto + termos do enunciado/alternativas/comentário. Exibir como card principal somente se importador aceitar score e revisão. Termos fortes não apareceram no enunciado/alternativas; não exibir automaticamente no modo Estudar agora.,Questão desatualizada sem gabarito atual pontuável; não exibir como regra que resolve a questão no modo legislação atual.
1504257,contran_882_peso_dimensoes_limites,specific_high_precision,theory_reference_only__not_solution_current_law,False,True,strict,226,needs_audit,False,,peso; dimensoes; pbt,peso; dimensoes; pbt,Resolução CONTRAN nº 882/2021 - Limites de Peso e Dimensões que Transitem por Vias Terrestres,Vínculo por assunto + termos do enunciado/alternativas/comentário. Exibir como card principal somente se importador aceitar score e revisão.,Questão desatualizada sem gabarito atual pontuável; não exibir como regra que resolve a questão no modo legislação atual.
1504259,contran_882_peso_dimensoes_limites,specific_high_precision,theory_reference_only__not_solution_current_law,False,True,strict,206,needs_audit,False,,peso; dimensoes; pbt,peso,Resolução CONTRAN nº 882/2021 - Limites de Peso e Dimensões que Transitem por Vias Terrestres,Vínculo por assunto + termos do enunciado/alternativas/comentário. Exibir como card principal somente se importador aceitar score e revisão.,Questão desatualizada sem gabarito atual pontuável; não exibir como regra que resolve a questão no modo legislação atual.
1504260,contran_882_peso_dimensoes_limites,specific_high_precision,theory_reference_only__not_solution_current_law,False,True,comment_or_subject_evidence_only,184,needs_audit,False,,peso; dimensoes,,Resolução CONTRAN nº 882/2021 - Limites de Peso e Dimensões que Transitem por Vias Terrestres,Vínculo por assunto + termos do enunciado/alternativas/comentário. Exibir como card principal somente se importador aceitar score e revisão. Termos fortes não apareceram no enunciado/alternativas; não exibir automaticamente no modo Estudar agora.,Questão desatualizada sem gabarito atual pontuável; não exibir como regra que resolve a questão no modo legislação atual.
1504261,contran_882_peso_dimensoes_limites,specific_high_precision,theory_reference_only__not_solution_current_law,False,True,comment_or_subject_evidence_only,184,needs_audit,False,,peso; dimensoes,,Resolução CONTRAN nº 882/2021 - Limites de Peso e Dimensões que Transitem por Vias Terrestres,Vínculo por assunto + termos do enunciado/alternativas/comentário. Exibir como card principal somente se importador aceitar score e revisão. Termos fortes não apareceram no enunciado/alternativas; não exibir automaticamente no modo Estudar agora.,Questão desatualizada sem gabarito atual pontuável; não exibir como regra que resolve a questão no modo legislação atual.
1504262,contran_882_peso_dimensoes_limites,specific_high_precision,theory_reference_only__not_solution_current_law,False,True,comment_or_subject_evidence_only,184,needs_audit,False,,peso; dimensoes,,Resolução CONTRAN nº 882/2021 - Limites de Peso e Dimensões que Transitem por Vias Terrestres,Vínculo por assunto + termos do enunciado/alternativas/comentário. Exibir como card principal somente se importador aceitar score e revisão. Termos fortes não apareceram no enunciado/alternativas; não exibir automaticamente no modo Estudar agora.,Questão desatualizada sem gabarito atual pontuável; não exibir como regra que resolve a questão no modo legislação atual.
1504263,contran_882_peso_dimensoes_limites,specific_high_precision,theory_reference_only__not_solution_current_law,False,True,comment_or_subject_evidence_only,184,needs_audit,False,,peso; dimensoes,,Resolução CONTRAN nº 882/2021 - Limites de Peso e Dimensões que Transitem por Vias Terrestres,Vínculo por assunto + termos do enunciado/alternativas/comentário. Exibir como card principal somente se importador aceitar score e revisão. Termos fortes não apareceram no enunciado/alternativas; não exibir automaticamente no modo Estudar agora.,Questão desatualizada sem gabarito atual pontuável; não exibir como regra que resolve a questão no modo legislação atual.
1504273,contran_882_peso_dimensoes_limites,specific_high_precision,theory_reference_only__not_solution_current_law,False,True,comment_or_subject_evidence_only,184,needs_audit,False,,peso; dimensoes,,Resolução CONTRAN nº 882/2021 - Limites de Peso e Dimensões que Transitem por Vias Terrestres,Vínculo por assunto + termos do enunciado/alternativas/comentário. Exibir como card principal somente se importador aceitar score e revisão. Termos fortes não apareceram no enunciado/alternativas; não exibir automaticamente no modo Estudar agora.,Questão desatualizada sem gabarito atual pontuável; não exibir como regra que resolve a questão no modo legislação atual.
1504274,contran_882_peso_dimensoes_limites,specific_high_precision,theory_reference_only__not_solution_current_law,False,True,comment_or_subject_evidence_only,184,needs_audit,False,,peso; dimensoes,,Resolução CONTRAN nº 882/2021 - Limites de Peso e Dimensões que Transitem por Vias Terrestres,Vínculo por assunto + termos do enunciado/alternativas/comentário. Exibir como card principal somente se importador aceitar score e revisão. Termos fortes não apareceram no enunciado/alternativas; não exibir automaticamente no modo Estudar agora.,Questão desatualizada sem gabarito atual pontuável; não exibir como regra que resolve a questão no modo legislação atual.
1504275,contran_882_peso_dimensoes_limites,specific_high_precision,theory_reference_only__not_solution_current_law,False,True,comment_or_subject_evidence_only,184,needs_audit,False,,peso; dimensoes,,Resolução CONTRAN nº 882/2021 - Limites de Peso e Dimensões que Transitem por Vias Terrestres,Vínculo por assunto + termos do enunciado/alternativas/comentário. Exibir como card principal somente se importador aceitar score e revisão. Termos fortes não apareceram no enunciado/alternativas; não exibir automaticamente no modo Estudar agora.,Questão desatualizada sem gabarito atual pontuável; não exibir como regra que resolve a questão no modo legislação atual.
1504276,contran_882_peso_dimensoes_limites,specific_high_precision,theory_reference_only__not_solution_current_law,False,True,comment_or_subject_evidence_only,184,needs_audit,False,,peso; dimensoes,,Resolução CONTRAN nº 882/2021 - Limites de Peso e Dimensões que Transitem por Vias Terrestres,Vínculo por assunto + termos do enunciado/alternativas/comentário. Exibir como card principal somente se importador aceitar score e revisão. Termos fortes não apareceram no enunciado/alternativas; não exibir automaticamente no modo Estudar agora.,Questão desatualizada sem gabarito atual pontuável; não exibir como regra que resolve a questão no modo legislação atual.
1504277,contran_882_peso_dimensoes_limites,specific_high_precision,theory_reference_only__not_solution_current_law,False,True,comment_or_subject_evidence_only,208,needs_audit,False,,peso; dimensoes; pbt; eixo,,Resolução CONTRAN nº 882/2021 - Limites de Peso e Dimensões que Transitem por Vias Terrestres,Vínculo por assunto + termos do enunciado/alternativas/comentário. Exibir como card principal somente se importador aceitar score e revisão. Termos fortes não apareceram no enunciado/alternativas; não exibir automaticamente no modo Estudar agora.,Questão desatualizada sem gabarito atual pontuável; não exibir como regra que resolve a questão no modo legislação atual.
1504279,contran_882_peso_dimensoes_limites,specific_high_precision,suggested_card_needs_review,False,True,comment_or_subject_evidence_only,184,not_applicable_or_not_outdated,,,peso; dimensoes,,Resolução CONTRAN nº 882/2021 - Limites de Peso e Dimensões que Transitem por Vias Terrestres,Vínculo por assunto + termos do enunciado/alternativas/comentário. Exibir como card principal somente se importador aceitar score e revisão. Termos fortes não apareceram no enunciado/alternativas; não exibir automaticamente no modo Estudar agora.,
1504280,contran_882_peso_dimensoes_limites,specific_high_precision,theory_reference_only__not_solution_current_law,False,True,comment_or_subject_evidence_only,184,needs_audit,False,,peso; dimensoes,,Resolução CONTRAN nº 882/2021 - Limites de Peso e Dimensões que Transitem por Vias Terrestres,Vínculo por assunto + termos do enunciado/alternativas/comentário. Exibir como card principal somente se importador aceitar score e revisão. Termos fortes não apareceram no enunciado/alternativas; não exibir automaticamente no modo Estudar agora.,Questão desatualizada sem gabarito atual pontuável; não exibir como regra que resolve a questão no modo legislação atual.
1504281,contran_882_peso_dimensoes_limites,specific_high_precision,theory_reference_only__not_solution_current_law,False,True,comment_or_subject_evidence_only,184,needs_audit,False,,peso; dimensoes,,Resolução CONTRAN nº 882/2021 - Limites de Peso e Dimensões que Transitem por Vias Terrestres,Vínculo por assunto + termos do enunciado/alternativas/comentário. Exibir como card principal somente se importador aceitar score e revisão. Termos fortes não apareceram no enunciado/alternativas; não exibir automaticamente no modo Estudar agora.,Questão desatualizada sem gabarito atual pontuável; não exibir como regra que resolve a questão no modo legislação atual.
1504282,contran_882_peso_dimensoes_limites,specific_high_precision,theory_reference_only__not_solution_current_law,False,True,strict,216,needs_audit,False,,peso; dimensoes; eixo,peso; eixo,Resolução CONTRAN nº 882/2021 - Limites de Peso e Dimensões que Transitem por Vias Terrestres,Vínculo por assunto + termos do enunciado/alternativas/comentário. Exibir como card principal somente se importador aceitar score e revisão.,Questão desatualizada sem gabarito atual pontuável; não exibir como regra que resolve a questão no modo legislação atual.
1504285,contran_882_peso_dimensoes_limites,specific_high_precision,theory_reference_only__not_solution_current_law,False,True,strict,194,needs_audit,False,,peso; dimensoes,peso,Resolução CONTRAN nº 882/2021 - Limites de Peso e Dimensões que Transitem por Vias Terrestres,Vínculo por assunto + termos do enunciado/alternativas/comentário. Exibir como card principal somente se importador aceitar score e revisão.,Questão desatualizada sem gabarito atual pontuável; não exibir como regra que resolve a questão no modo legislação atual.
1508596,contran_882_peso_dimensoes_limites,specific_high_precision,theory_reference_only__not_solution_current_law,False,True,strict,194,needs_audit,False,,peso; dimensoes,peso,Resolução CONTRAN nº 882/2021 - Limites de Peso e Dimensões que Transitem por Vias Terrestres,Vínculo por assunto + termos do enunciado/alternativas/comentário. Exibir como card principal somente se importador aceitar score e revisão.,Questão desatualizada sem gabarito atual pontuável; não exibir como regra que resolve a questão no modo legislação atual.
1508597,contran_882_peso_dimensoes_limites,specific_high_precision,theory_reference_only__not_solution_current_law,False,True,ambiguous_top_candidate,206,needs_audit,False,,peso; dimensoes; eixo,peso,Resolução CONTRAN nº 882/2021 - Limites de Peso e Dimensões que Transitem por Vias Terrestres,Vínculo por assunto + termos do enunciado/alternativas/comentário. Exibir como card principal somente se importador aceitar score e revisão.,Questão desatualizada sem gabarito atual pontuável; não exibir como regra que resolve a questão no modo legislação atual.
1508598,contran_882_peso_dimensoes_limites,specific_high_precision,theory_reference_only__not_solution_current_law,False,True,ambiguous_top_candidate,206,needs_audit,False,,peso; dimensoes; eixo,peso,Resolução CONTRAN nº 882/2021 - Limites de Peso e Dimensões que Transitem por Vias Terrestres,Vínculo por assunto + termos do enunciado/alternativas/comentário. Exibir como card principal somente se importador aceitar score e revisão.,Questão desatualizada sem gabarito atual pontuável; não exibir como regra que resolve a questão no modo legislação atual.
1508600,contran_882_peso_dimensoes_limites,specific_high_precision,theory_reference_only__not_solution_current_law,False,True,strict,194,needs_audit,False,,peso; dimensoes,peso,Resolução CONTRAN nº 882/2021 - Limites de Peso e Dimensões que Transitem por Vias Terrestres,Vínculo por assunto + termos do enunciado/alternativas/comentário. Exibir como card principal somente se importador aceitar score e revisão.,Questão desatualizada sem gabarito atual pontuável; não exibir como regra que resolve a questão no modo legislação atual.
1508601,contran_882_peso_dimensoes_limites,specific_high_precision,theory_reference_only__not_solution_current_law,False,True,strict,194,needs_audit,False,,peso; dimensoes,peso,Resolução CONTRAN nº 882/2021 - Limites de Peso e Dimensões que Transitem por Vias Terrestres,Vínculo por assunto + termos do enunciado/alternativas/comentário. Exibir como card principal somente se importador aceitar score e revisão.,Questão desatualizada sem gabarito atual pontuável; não exibir como regra que resolve a questão no modo legislação atual.
1508602,contran_882_peso_dimensoes_limites,specific_high_precision,theory_reference_only__not_solution_current_law,False,True,strict,194,needs_audit,False,,peso; dimensoes,peso,Resolução CONTRAN nº 882/2021 - Limites de Peso e Dimensões que Transitem por Vias Terrestres,Vínculo por assunto + termos do enunciado/alternativas/comentário. Exibir como card principal somente se importador aceitar score e revisão.,Questão desatualizada sem gabarito atual pontuável; não exibir como regra que resolve a questão no modo legislação atual.
1515749,contran_882_peso_dimensoes_limites,specific_high_precision,theory_reference_only__not_solution_current_law,False,True,strict,194,needs_audit,False,,peso; dimensoes,dimensoes,Resolução CONTRAN nº 882/2021 - Limites de Peso e Dimensões que Transitem por Vias Terrestres,Vínculo por assunto + termos do enunciado/alternativas/comentário. Exibir como card principal somente se importador aceitar score e revisão.,Questão desatualizada sem gabarito atual pontuável; não exibir como regra que resolve a questão no modo legislação atual.
1515750,contran_882_peso_dimensoes_limites,specific_high_precision,theory_reference_only__not_solution_current_law,False,True,strict,194,needs_audit,False,,peso; dimensoes,dimensoes,Resolução CONTRAN nº 882/2021 - Limites de Peso e Dimensões que Transitem por Vias Terrestres,Vínculo por assunto + termos do enunciado/alternativas/comentário. Exibir como card principal somente se importador aceitar score e revisão.,Questão desatualizada sem gabarito atual pontuável; não exibir como regra que resolve a questão no modo legislação atual.
1515751,contran_882_peso_dimensoes_limites,specific_high_precision,theory_reference_only__not_solution_current_law,False,True,strict,194,needs_audit,False,,peso; dimensoes,dimensoes,Resolução CONTRAN nº 882/2021 - Limites de Peso e Dimensões que Transitem por Vias Terrestres,Vínculo por assunto + termos do enunciado/alternativas/comentário. Exibir como card principal somente se importador aceitar score e revisão.,Questão desatualizada sem gabarito atual pontuável; não exibir como regra que resolve a questão no modo legislação atual.
1515752,contran_882_peso_dimensoes_limites,specific_high_precision,theory_reference_only__not_solution_current_law,False,True,strict,194,needs_audit,False,,peso; dimensoes,dimensoes,Resolução CONTRAN nº 882/2021 - Limites de Peso e Dimensões que Transitem por Vias Terrestres,Vínculo por assunto + termos do enunciado/alternativas/comentário. Exibir como card principal somente se importador aceitar score e revisão.,Questão desatualizada sem gabarito atual pontuável; não exibir como regra que resolve a questão no modo legislação atual.
1515753,contran_882_peso_dimensoes_limites,specific_high_precision,theory_reference_only__not_solution_current_law,False,True,strict,206,needs_audit,False,,peso; dimensoes; eixo,dimensoes,Resolução CONTRAN nº 882/2021 - Limites de Peso e Dimensões que Transitem por Vias Terrestres,Vínculo por assunto + termos do enunciado/alternativas/comentário. Exibir como card principal somente se importador aceitar score e revisão.,Questão desatualizada sem gabarito atual pontuável; não exibir como regra que resolve a questão no modo legislação atual.
1515940,contran_882_peso_dimensoes_limites,specific_high_precision,theory_reference_only__not_solution_current_law,False,True,ambiguous_top_candidate,194,needs_audit,False,,peso; dimensoes,peso,Resolução CONTRAN nº 882/2021 - Limites de Peso e Dimensões que Transitem por Vias Terrestres,Vínculo por assunto + termos do enunciado/alternativas/comentário. Exibir como card principal somente se importador aceitar score e revisão.,Questão desatualizada sem gabarito atual pontuável; não exibir como regra que resolve a questão no modo legislação atual.
1515942,contran_882_peso_dimensoes_limites,specific_high_precision,theory_reference_only__not_solution_current_law,False,True,strict,238,needs_audit,False,,peso; dimensoes; pbt; eixo,peso; pbt; eixo,Resolução CONTRAN nº 882/2021 - Limites de Peso e Dimensões que Transitem por Vias Terrestres,Vínculo por assunto + termos do enunciado/alternativas/comentário. Exibir como card principal somente se importador aceitar score e revisão.,Questão desatualizada sem gabarito atual pontuável; não exibir como regra que resolve a questão no modo legislação atual.
1515943,contran_882_peso_dimensoes_limites,specific_high_precision,theory_reference_only__not_solution_current_law,False,True,strict,282,needs_audit,False,,peso; dimensoes; pbt; eixo; balanca; tolerancia,peso; pbt; eixo; balanca; tolerancia,Resolução CONTRAN nº 882/2021 - Limites de Peso e Dimensões que Transitem por Vias Terrestres,Vínculo por assunto + termos do enunciado/alternativas/comentário. Exibir como card principal somente se importador aceitar score e revisão.,Questão desatualizada sem gabarito atual pontuável; não exibir como regra que resolve a questão no modo legislação atual.
1515944,contran_882_peso_dimensoes_limites,specific_high_precision,theory_reference_only__not_solution_current_law,False,True,strict,250,needs_audit,False,,peso; dimensoes; pbt; eixo; tolerancia,peso; eixo; tolerancia,Resolução CONTRAN nº 882/2021 - Limites de Peso e Dimensões que Transitem por Vias Terrestres,Vínculo por assunto + termos do enunciado/alternativas/comentário. Exibir como card principal somente se importador aceitar score e revisão.,Questão desatualizada sem gabarito atual pontuável; não exibir como regra que resolve a questão no modo legislação atual.
1515946,contran_882_peso_dimensoes_limites,specific_high_precision,theory_reference_only__not_solution_current_law,False,True,strict,194,needs_audit,False,,peso; dimensoes,peso,Resolução CONTRAN nº 882/2021 - Limites de Peso e Dimensões que Transitem por Vias Terrestres,Vínculo por assunto + termos do enunciado/alternativas/comentário. Exibir como card principal somente se importador aceitar score e revisão.,Questão desatualizada sem gabarito atual pontuável; não exibir como regra que resolve a questão no modo legislação atual.
1515947,contran_882_peso_dimensoes_limites,specific_high_precision,theory_reference_only__not_solution_current_law,False,True,strict,216,needs_audit,False,,peso; dimensoes; eixo,peso; eixo,Resolução CONTRAN nº 882/2021 - Limites de Peso e Dimensões que Transitem por Vias Terrestres,Vínculo por assunto + termos do enunciado/alternativas/comentário. Exibir como card principal somente se importador aceitar score e revisão.,Questão desatualizada sem gabarito atual pontuável; não exibir como regra que resolve a questão no modo legislação atual.
1515948,contran_882_peso_dimensoes_limites,specific_high_precision,theory_reference_only__not_solution_current_law,False,True,strict,216,needs_audit,False,,peso; dimensoes; tolerancia,peso; tolerancia,Resolução CONTRAN nº 882/2021 - Limites de Peso e Dimensões que Transitem por Vias Terrestres,Vínculo por assunto + termos do enunciado/alternativas/comentário. Exibir como card principal somente se importador aceitar score e revisão.,Questão desatualizada sem gabarito atual pontuável; não exibir como regra que resolve a questão no modo legislação atual.
1515950,contran_882_peso_dimensoes_limites,specific_high_precision,theory_reference_only__not_solution_current_law,False,True,strict,228,needs_audit,False,,peso; dimensoes; pbt; eixo,peso; eixo,Resolução CONTRAN nº 882/2021 - Limites de Peso e Dimensões que Transitem por Vias Terrestres,Vínculo por assunto + termos do enunciado/alternativas/comentário. Exibir como card principal somente se importador aceitar score e revisão.,Questão desatualizada sem gabarito atual pontuável; não exibir como regra que resolve a questão no modo legislação atual.
1515951,contran_882_peso_dimensoes_limites,specific_high_precision,theory_reference_only__not_solution_current_law,False,True,strict,194,needs_audit,False,,peso; dimensoes,peso,Resolução CONTRAN nº 882/2021 - Limites de Peso e Dimensões que Transitem por Vias Terrestres,Vínculo por assunto + termos do enunciado/alternativas/comentário. Exibir como card principal somente se importador aceitar score e revisão.,Questão desatualizada sem gabarito atual pontuável; não exibir como regra que resolve a questão no modo legislação atual.
1515953,contran_882_peso_dimensoes_limites,specific_high_precision,theory_reference_only__not_solution_current_law,False,True,strict,250,needs_audit,False,,peso; dimensoes; pbt; balanca; tolerancia,peso; balanca; tolerancia,Resolução CONTRAN nº 882/2021 - Limites de Peso e Dimensões que Transitem por Vias Terrestres,Vínculo por assunto + termos do enunciado/alternativas/comentário. Exibir como card principal somente se importador aceitar score e revisão.,Questão desatualizada sem gabarito atual pontuável; não exibir como regra que resolve a questão no modo legislação atual.
1576783,contran_882_peso_dimensoes_limites,specific_high_precision,theory_reference_only__not_solution_current_law,False,True,strict,238,needs_audit,False,,peso; dimensao; dimensoes; eixo,peso; dimensao; eixo,Resolução CONTRAN nº 882/2021 - Limites de Peso e Dimensões que Transitem por Vias Terrestres,Vínculo por assunto + termos do enunciado/alternativas/comentário. Exibir como card principal somente se importador aceitar score e revisão.,Questão desatualizada sem gabarito atual pontuável; não exibir como regra que resolve a questão no modo legislação atual.
1576784,contran_882_peso_dimensoes_limites,specific_high_precision,theory_reference_only__not_solution_current_law,False,True,strict,206,needs_audit,False,,peso; dimensoes; eixo,peso,Resolução CONTRAN nº 882/2021 - Limites de Peso e Dimensões que Transitem por Vias Terrestres,Vínculo por assunto + termos do enunciado/alternativas/comentário. Exibir como card principal somente se importador aceitar score e revisão.,Questão desatualizada sem gabarito atual pontuável; não exibir como regra que resolve a questão no modo legislação atual.
1577797,contran_882_peso_dimensoes_limites,specific_high_precision,theory_reference_only__not_solution_current_law,False,True,strict,238,needs_audit,False,,peso; dimensao; dimensoes; eixo,peso; dimensao; eixo,Resolução CONTRAN nº 882/2021 - Limites de Peso e Dimensões que Transitem por Vias Terrestres,Vínculo por assunto + termos do enunciado/alternativas/comentário. Exibir como card principal somente se importador aceitar score e revisão.,Questão desatualizada sem gabarito atual pontuável; não exibir como regra que resolve a questão no modo legislação atual.
1577798,contran_882_peso_dimensoes_limites,specific_high_precision,theory_reference_only__not_solution_current_law,False,True,strict,194,needs_audit,False,,peso; dimensoes,peso,Resolução CONTRAN nº 882/2021 - Limites de Peso e Dimensões que Transitem por Vias Terrestres,Vínculo por assunto + termos do enunciado/alternativas/comentário. Exibir como card principal somente se importador aceitar score e revisão.,Questão desatualizada sem gabarito atual pontuável; não exibir como regra que resolve a questão no modo legislação atual.
1577799,contran_882_peso_dimensoes_limites,specific_high_precision,theory_reference_only__not_solution_current_law,False,True,strict,218,needs_audit,False,,peso; dimensoes; pbt; eixo,peso,Resolução CONTRAN nº 882/2021 - Limites de Peso e Dimensões que Transitem por Vias Terrestres,Vínculo por assunto + termos do enunciado/alternativas/comentário. Exibir como card principal somente se importador aceitar score e revisão.,Questão desatualizada sem gabarito atual pontuável; não exibir como regra que resolve a questão no modo legislação atual.
1611257,contran_882_peso_dimensoes_limites,specific_high_precision,theory_reference_only__not_solution_current_law,False,True,strict,204,needs_audit,False,,peso; dimensoes,peso; dimensoes,Resolução CONTRAN nº 882/2021 - Limites de Peso e Dimensões que Transitem por Vias Terrestres,Vínculo por assunto + termos do enunciado/alternativas/comentário. Exibir como card principal somente se importador aceitar score e revisão.,Questão desatualizada sem gabarito atual pontuável; não exibir como regra que resolve a questão no modo legislação atual.
1611258,contran_882_peso_dimensoes_limites,specific_high_precision,theory_reference_only__not_solution_current_law,False,True,strict,228,needs_audit,False,,peso; dimensoes; pbt; eixo,peso; dimensoes,Resolução CONTRAN nº 882/2021 - Limites de Peso e Dimensões que Transitem por Vias Terrestres,Vínculo por assunto + termos do enunciado/alternativas/comentário. Exibir como card principal somente se importador aceitar score e revisão.,Questão desatualizada sem gabarito atual pontuável; não exibir como regra que resolve a questão no modo legislação atual.
254760,contran_909_videomonitoramento_fiscalizacao,specific_high_precision,theory_reference_only__not_solution_current_law,False,True,strict,209,needs_audit,False,,videomonitoramento; monitoramento,videomonitoramento; monitoramento,Resolução CONTRAN nº 909/2022 - Fiscalização de Trânsito por Intermédio de Videomonitoramento,Vínculo por assunto + termos do enunciado/alternativas/comentário. Exibir como card principal somente se importador aceitar score e revisão.,Questão desatualizada sem gabarito atual pontuável; não exibir como regra que resolve a questão no modo legislação atual.
624734,contran_909_videomonitoramento_fiscalizacao,specific_high_precision,theory_reference_only__not_solution_current_law,False,True,strict,209,needs_audit,False,,videomonitoramento; monitoramento,videomonitoramento; monitoramento,Resolução CONTRAN nº 909/2022 - Fiscalização de Trânsito por Intermédio de Videomonitoramento,Vínculo por assunto + termos do enunciado/alternativas/comentário. Exibir como card principal somente se importador aceitar score e revisão.,Questão desatualizada sem gabarito atual pontuável; não exibir como regra que resolve a questão no modo legislação atual.
678575,contran_909_videomonitoramento_fiscalizacao,specific_high_precision,theory_reference_only__not_solution_current_law,False,True,strict,221,needs_audit,False,,videomonitoramento; camera; monitoramento,videomonitoramento; monitoramento,Resolução CONTRAN nº 909/2022 - Fiscalização de Trânsito por Intermédio de Videomonitoramento,Vínculo por assunto + termos do enunciado/alternativas/comentário. Exibir como card principal somente se importador aceitar score e revisão.,Questão desatualizada sem gabarito atual pontuável; não exibir como regra que resolve a questão no modo legislação atual.
1510571,contran_909_videomonitoramento_fiscalizacao,specific_high_precision,theory_reference_only__not_solution_current_law,False,True,strict,209,needs_audit,False,,videomonitoramento; monitoramento,videomonitoramento; monitoramento,Resolução CONTRAN nº 909/2022 - Fiscalização de Trânsito por Intermédio de Videomonitoramento,Vínculo por assunto + termos do enunciado/alternativas/comentário. Exibir como card principal somente se importador aceitar score e revisão.,Questão desatualizada sem gabarito atual pontuável; não exibir como regra que resolve a questão no modo legislação atual.
1510572,contran_909_videomonitoramento_fiscalizacao,specific_high_precision,theory_reference_only__not_solution_current_law,False,True,strict,209,needs_audit,False,,videomonitoramento; monitoramento,videomonitoramento; monitoramento,Resolução CONTRAN nº 909/2022 - Fiscalização de Trânsito por Intermédio de Videomonitoramento,Vínculo por assunto + termos do enunciado/alternativas/comentário. Exibir como card principal somente se importador aceitar score e revisão.,Questão desatualizada sem gabarito atual pontuável; não exibir como regra que resolve a questão no modo legislação atual.
1510573,contran_909_videomonitoramento_fiscalizacao,specific_high_precision,theory_reference_only__not_solution_current_law,False,True,strict,209,needs_audit,False,,videomonitoramento; monitoramento,videomonitoramento; monitoramento,Resolução CONTRAN nº 909/2022 - Fiscalização de Trânsito por Intermédio de Videomonitoramento,Vínculo por assunto + termos do enunciado/alternativas/comentário. Exibir como card principal somente se importador aceitar score e revisão.,Questão desatualizada sem gabarito atual pontuável; não exibir como regra que resolve a questão no modo legislação atual.
1510574,contran_909_videomonitoramento_fiscalizacao,specific_high_precision,theory_reference_only__not_solution_current_law,False,True,strict,209,needs_audit,False,,videomonitoramento; monitoramento,videomonitoramento; monitoramento,Resolução CONTRAN nº 909/2022 - Fiscalização de Trânsito por Intermédio de Videomonitoramento,Vínculo por assunto + termos do enunciado/alternativas/comentário. Exibir como card principal somente se importador aceitar score e revisão.,Questão desatualizada sem gabarito atual pontuável; não exibir como regra que resolve a questão no modo legislação atual.
1611240,contran_909_videomonitoramento_fiscalizacao,specific_high_precision,theory_reference_only__not_solution_current_law,False,True,strict,221,needs_audit,False,,videomonitoramento; camera; monitoramento,videomonitoramento; monitoramento,Resolução CONTRAN nº 909/2022 - Fiscalização de Trânsito por Intermédio de Videomonitoramento,Vínculo por assunto + termos do enunciado/alternativas/comentário. Exibir como card principal somente se importador aceitar score e revisão.,Questão desatualizada sem gabarito atual pontuável; não exibir como regra que resolve a questão no modo legislação atual.
916960,contran_911_transito_veiculos_incompletos,specific_high_precision,theory_reference_only__not_solution_current_law,False,True,comment_or_subject_evidence_only,182,needs_audit,False,,permissao para transito,,Resolução CONTRAN nº 911/2022 - Permissão para Trânsito de Veículos Novos e Usados Incompletos,Vínculo por assunto + termos do enunciado/alternativas/comentário. Exibir como card principal somente se importador aceitar score e revisão. Termos fortes não apareceram no enunciado/alternativas; não exibir automaticamente no modo Estudar agora.,Questão desatualizada sem gabarito atual pontuável; não exibir como regra que resolve a questão no modo legislação atual.
917885,contran_911_transito_veiculos_incompletos,specific_high_precision,theory_reference_only__not_solution_current_law,False,True,strict,204,needs_audit,False,,veiculo novo; permissao para transito,veiculo novo,Resolução CONTRAN nº 911/2022 - Permissão para Trânsito de Veículos Novos e Usados Incompletos,Vínculo por assunto + termos do enunciado/alternativas/comentário. Exibir como card principal somente se importador aceitar score e revisão.,Questão desatualizada sem gabarito atual pontuável; não exibir como regra que resolve a questão no modo legislação atual.
1503652,contran_911_transito_veiculos_incompletos,specific_high_precision,theory_reference_only__not_solution_current_law,False,True,comment_or_subject_evidence_only,182,needs_audit,False,,permissao para transito,,Resolução CONTRAN nº 911/2022 - Permissão para Trânsito de Veículos Novos e Usados Incompletos,Vínculo por assunto + termos do enunciado/alternativas/comentário. Exibir como card principal somente se importador aceitar score e revisão. Termos fortes não apareceram no enunciado/alternativas; não exibir automaticamente no modo Estudar agora.,Questão desatualizada sem gabarito atual pontuável; não exibir como regra que resolve a questão no modo legislação atual.
1503653,contran_911_transito_veiculos_incompletos,specific_high_precision,theory_reference_only__not_solution_current_law,False,True,comment_or_subject_evidence_only,182,needs_audit,False,,permissao para transito,,Resolução CONTRAN nº 911/2022 - Permissão para Trânsito de Veículos Novos e Usados Incompletos,Vínculo por assunto + termos do enunciado/alternativas/comentário. Exibir como card principal somente se importador aceitar score e revisão. Termos fortes não apareceram no enunciado/alternativas; não exibir automaticamente no modo Estudar agora.,Questão desatualizada sem gabarito atual pontuável; não exibir como regra que resolve a questão no modo legislação atual.
1503654,contran_911_transito_veiculos_incompletos,specific_high_precision,theory_reference_only__not_solution_current_law,False,True,comment_or_subject_evidence_only,182,needs_audit,False,,permissao para transito,,Resolução CONTRAN nº 911/2022 - Permissão para Trânsito de Veículos Novos e Usados Incompletos,Vínculo por assunto + termos do enunciado/alternativas/comentário. Exibir como card principal somente se importador aceitar score e revisão. Termos fortes não apareceram no enunciado/alternativas; não exibir automaticamente no modo Estudar agora.,Questão desatualizada sem gabarito atual pontuável; não exibir como regra que resolve a questão no modo legislação atual.
1503655,ctb_veiculos_classificacao_especie_categoria,specific_high_precision,theory_reference_only__not_solution_current_law,False,True,ambiguous_top_candidate,186,needs_audit,False,,tracao; categoria; carga,categoria; carga,Resolução CONTRAN nº 911/2022 - Permissão para Trânsito de Veículos Novos e Usados Incompletos,Vínculo por assunto + termos do enunciado/alternativas/comentário. Exibir como card principal somente se importador aceitar score e revisão.,Questão desatualizada sem gabarito atual pontuável; não exibir como regra que resolve a questão no modo legislação atual.
1503656,contran_911_transito_veiculos_incompletos,specific_high_precision,theory_reference_only__not_solution_current_law,False,True,strict,204,needs_audit,False,,veiculo novo; permissao para transito,veiculo novo,Resolução CONTRAN nº 911/2022 - Permissão para Trânsito de Veículos Novos e Usados Incompletos,Vínculo por assunto + termos do enunciado/alternativas/comentário. Exibir como card principal somente se importador aceitar score e revisão.,Questão desatualizada sem gabarito atual pontuável; não exibir como regra que resolve a questão no modo legislação atual.
1503657,contran_911_transito_veiculos_incompletos,specific_high_precision,theory_reference_only__not_solution_current_law,False,True,strict,204,needs_audit,False,,veiculo novo; permissao para transito,veiculo novo,Resolução CONTRAN nº 911/2022 - Permissão para Trânsito de Veículos Novos e Usados Incompletos,Vínculo por assunto + termos do enunciado/alternativas/comentário. Exibir como card principal somente se importador aceitar score e revisão.,Questão desatualizada sem gabarito atual pontuável; não exibir como regra que resolve a questão no modo legislação atual.
1503658,contran_911_transito_veiculos_incompletos,specific_high_precision,theory_reference_only__not_solution_current_law,False,True,strict,204,needs_audit,False,,veiculo novo; permissao para transito,veiculo novo,Resolução CONTRAN nº 911/2022 - Permissão para Trânsito de Veículos Novos e Usados Incompletos,Vínculo por assunto + termos do enunciado/alternativas/comentário. Exibir como card principal somente se importador aceitar score e revisão.,Questão desatualizada sem gabarito atual pontuável; não exibir como regra que resolve a questão no modo legislação atual.
1503659,contran_911_transito_veiculos_incompletos,specific_high_precision,theory_reference_only__not_solution_current_law,False,True,comment_or_subject_evidence_only,194,needs_audit,False,,veiculo novo; permissao para transito,,Resolução CONTRAN nº 911/2022 - Permissão para Trânsito de Veículos Novos e Usados Incompletos,Vínculo por assunto + termos do enunciado/alternativas/comentário. Exibir como card principal somente se importador aceitar score e revisão. Termos fortes não apareceram no enunciado/alternativas; não exibir automaticamente no modo Estudar agora.,Questão desatualizada sem gabarito atual pontuável; não exibir como regra que resolve a questão no modo legislação atual.
1503660,contran_911_transito_veiculos_incompletos,specific_high_precision,theory_reference_only__not_solution_current_law,False,True,comment_or_subject_evidence_only,182,needs_audit,False,,permissao para transito,,Resolução CONTRAN nº 911/2022 - Permissão para Trânsito de Veículos Novos e Usados Incompletos,Vínculo por assunto + termos do enunciado/alternativas/comentário. Exibir como card principal somente se importador aceitar score e revisão. Termos fortes não apareceram no enunciado/alternativas; não exibir automaticamente no modo Estudar agora.,Questão desatualizada sem gabarito atual pontuável; não exibir como regra que resolve a questão no modo legislação atual.
27881,ctb_processo_ait,specific_high_precision,theory_reference_only__not_solution_current_law,False,True,ambiguous_top_candidate,226,needs_audit,False,,auto de infracao; notificacao; autuacao,auto de infracao; notificacao; autuacao,Resolução CONTRAN nº 918/2022 - Procedimentos para Aplicação de Multas por Infrações,Vínculo por assunto + termos do enunciado/alternativas/comentário. Exibir como card principal somente se importador aceitar score e revisão.,Questão desatualizada sem gabarito atual pontuável; não exibir como regra que resolve a questão no modo legislação atual.
246416,ctb_processo_ait,specific_high_precision,theory_reference_only__not_solution_current_law,False,True,strict,260,needs_audit,False,,auto de infracao; notificacao; autuacao; infrator; penalidade de multa,auto de infracao; notificacao; autuacao; penalidade de multa,Resolução CONTRAN nº 918/2022 - Procedimentos para Aplicação de Multas por Infrações,Vínculo por assunto + termos do enunciado/alternativas/comentário. Exibir como card principal somente se importador aceitar score e revisão.,Questão desatualizada sem gabarito atual pontuável; não exibir como regra que resolve a questão no modo legislação atual.
549772,contran_918_notificacao_defesa,specific_high_precision,theory_reference_only__not_solution_current_law,False,True,strict,238,needs_audit,False,,auto de infracao; defesa previa; aplicacao de multas; recurso,defesa previa; recurso,Resolução CONTRAN nº 918/2022 - Procedimentos para Aplicação de Multas por Infrações,Vínculo por assunto + termos do enunciado/alternativas/comentário. Exibir como card principal somente se importador aceitar score e revisão.,Questão desatualizada sem gabarito atual pontuável; não exibir como regra que resolve a questão no modo legislação atual.
778191,ctb_processo_ait,specific_high_precision,theory_reference_only__not_solution_current_law,False,True,ambiguous_top_candidate,226,needs_audit,False,,auto de infracao; notificacao; autuacao,auto de infracao; notificacao; autuacao,Resolução CONTRAN nº 918/2022 - Procedimentos para Aplicação de Multas por Infrações,Vínculo por assunto + termos do enunciado/alternativas/comentário. Exibir como card principal somente se importador aceitar score e revisão.,Questão desatualizada sem gabarito atual pontuável; não exibir como regra que resolve a questão no modo legislação atual.
916953,ctb_snt_competencias_municipio_estado_uniao,specific_high_precision,rule_that_solves_or_clarifies_question,True,False,strict,230,not_applicable_or_not_outdated,,,competencia; contran; municipio; estado; distrito federal,competencia; municipio; estado; distrito federal,Resolução CONTRAN nº 918/2022 - Procedimentos para Aplicação de Multas por Infrações,Vínculo por assunto + termos do enunciado/alternativas/comentário. Exibir como card principal somente se importador aceitar score e revisão.,
1336594,ctb_processo_ait,specific_high_precision,theory_reference_only__not_solution_current_law,False,True,strict,270,needs_audit,False,,auto de infracao; notificacao; autuacao; infrator; penalidade de multa,auto de infracao; notificacao; autuacao; infrator; penalidade de multa,Resolução CONTRAN nº 918/2022 - Procedimentos para Aplicação de Multas por Infrações,Vínculo por assunto + termos do enunciado/alternativas/comentário. Exibir como card principal somente se importador aceitar score e revisão.,Questão desatualizada sem gabarito atual pontuável; não exibir como regra que resolve a questão no modo legislação atual.
1402647,ctb_processo_ait,specific_high_precision,theory_reference_only__not_solution_current_law,False,True,ambiguous_top_candidate,230,needs_audit,False,,auto de infracao; notificacao; defesa previa; autuacao; infrator,autuacao,Resolução CONTRAN nº 918/2022 - Procedimentos para Aplicação de Multas por Infrações,Vínculo por assunto + termos do enunciado/alternativas/comentário. Exibir como card principal somente se importador aceitar score e revisão.,Questão desatualizada sem gabarito atual pontuável; não exibir como regra que resolve a questão no modo legislação atual.
1402652,ctb_processo_ait,specific_high_precision,theory_reference_only__not_solution_current_law,False,True,ambiguous_top_candidate,204,needs_audit,False,,auto de infracao; autuacao,auto de infracao; autuacao,Resolução CONTRAN nº 918/2022 - Procedimentos para Aplicação de Multas por Infrações,Vínculo por assunto + termos do enunciado/alternativas/comentário. Exibir como card principal somente se importador aceitar score e revisão.,Questão desatualizada sem gabarito atual pontuável; não exibir como regra que resolve a questão no modo legislação atual.
1403505,contran_918_notificacao_defesa,specific_high_precision,theory_reference_only__not_solution_current_law,False,True,strict,204,needs_audit,False,,auto de infracao; aplicacao de multas,auto de infracao,Resolução CONTRAN nº 918/2022 - Procedimentos para Aplicação de Multas por Infrações,Vínculo por assunto + termos do enunciado/alternativas/comentário. Exibir como card principal somente se importador aceitar score e revisão.,Questão desatualizada sem gabarito atual pontuável; não exibir como regra que resolve a questão no modo legislação atual.
1403525,ctb_penalidades_reincidencia,specific_high_precision,rule_that_solves_or_clarifies_question,True,False,strict,196,not_applicable_or_not_outdated,,,multa; penalidade; advertencia por escrito,multa; penalidade; advertencia por escrito,Resolução CONTRAN nº 918/2022 - Procedimentos para Aplicação de Multas por Infrações,Vínculo por assunto + termos do enunciado/alternativas/comentário. Exibir como card principal somente se importador aceitar score e revisão.,
209346,contran_927_exames_aptidao_psicologico,specific_high_precision,theory_reference_only__not_solution_current_law,False,True,strict,196,needs_audit,False,,aptidao fisica; avaliacao psicologica; credenciamento,aptidao fisica,"Resolução CONTRAN nº 927/2022 - Exame de Aptidão, Avaliação Psicológica e Credenciamento",Vínculo por assunto + termos do enunciado/alternativas/comentário. Exibir como card principal somente se importador aceitar score e revisão.,Questão desatualizada sem gabarito atual pontuável; não exibir como regra que resolve a questão no modo legislação atual.
300178,contran_927_exames_aptidao_psicologico,specific_high_precision,theory_reference_only__not_solution_current_law,False,True,strict,196,needs_audit,False,,aptidao fisica; avaliacao psicologica; credenciamento,aptidao fisica,"Resolução CONTRAN nº 927/2022 - Exame de Aptidão, Avaliação Psicológica e Credenciamento",Vínculo por assunto + termos do enunciado/alternativas/comentário. Exibir como card principal somente se importador aceitar score e revisão.,Questão desatualizada sem gabarito atual pontuável; não exibir como regra que resolve a questão no modo legislação atual.
366792,contran_927_exames_aptidao_psicologico,specific_high_precision,theory_reference_only__not_solution_current_law,False,True,comment_or_subject_evidence_only,174,needs_audit,False,,avaliacao psicologica; credenciamento,,"Resolução CONTRAN nº 927/2022 - Exame de Aptidão, Avaliação Psicológica e Credenciamento",Vínculo por assunto + termos do enunciado/alternativas/comentário. Exibir como card principal somente se importador aceitar score e revisão. Termos fortes não apareceram no enunciado/alternativas; não exibir automaticamente no modo Estudar agora.,Questão desatualizada sem gabarito atual pontuável; não exibir como regra que resolve a questão no modo legislação atual.
367295,contran_927_exames_aptidao_psicologico,specific_high_precision,theory_reference_only__not_solution_current_law,False,True,strict,184,needs_audit,False,,avaliacao psicologica; credenciamento,avaliacao psicologica,"Resolução CONTRAN nº 927/2022 - Exame de Aptidão, Avaliação Psicológica e Credenciamento",Vínculo por assunto + termos do enunciado/alternativas/comentário. Exibir como card principal somente se importador aceitar score e revisão.,Questão desatualizada sem gabarito atual pontuável; não exibir como regra que resolve a questão no modo legislação atual.
367298,contran_927_exames_aptidao_psicologico,specific_high_precision,theory_reference_only__not_solution_current_law,False,True,strict,184,needs_audit,False,,avaliacao psicologica; credenciamento,avaliacao psicologica,"Resolução CONTRAN nº 927/2022 - Exame de Aptidão, Avaliação Psicológica e Credenciamento",Vínculo por assunto + termos do enunciado/alternativas/comentário. Exibir como card principal somente se importador aceitar score e revisão.,Questão desatualizada sem gabarito atual pontuável; não exibir como regra que resolve a questão no modo legislação atual.
876207,contran_927_exames_aptidao_psicologico,specific_high_precision,theory_reference_only__not_solution_current_law,False,True,strict,196,needs_audit,False,,aptidao fisica; avaliacao psicologica; credenciamento,aptidao fisica,"Resolução CONTRAN nº 927/2022 - Exame de Aptidão, Avaliação Psicológica e Credenciamento",Vínculo por assunto + termos do enunciado/alternativas/comentário. Exibir como card principal somente se importador aceitar score e revisão.,Questão desatualizada sem gabarito atual pontuável; não exibir como regra que resolve a questão no modo legislação atual.
876210,contran_927_exames_aptidao_psicologico,specific_high_precision,theory_reference_only__not_solution_current_law,False,True,strict,196,needs_audit,False,,aptidao fisica; avaliacao psicologica; credenciamento,aptidao fisica,"Resolução CONTRAN nº 927/2022 - Exame de Aptidão, Avaliação Psicológica e Credenciamento",Vínculo por assunto + termos do enunciado/alternativas/comentário. Exibir como card principal somente se importador aceitar score e revisão.,Questão desatualizada sem gabarito atual pontuável; não exibir como regra que resolve a questão no modo legislação atual.
876212,contran_927_exames_aptidao_psicologico,specific_high_precision,theory_reference_only__not_solution_current_law,False,True,comment_or_subject_evidence_only,174,needs_audit,False,,avaliacao psicologica; credenciamento,,"Resolução CONTRAN nº 927/2022 - Exame de Aptidão, Avaliação Psicológica e Credenciamento",Vínculo por assunto + termos do enunciado/alternativas/comentário. Exibir como card principal somente se importador aceitar score e revisão. Termos fortes não apareceram no enunciado/alternativas; não exibir automaticamente no modo Estudar agora.,Questão desatualizada sem gabarito atual pontuável; não exibir como regra que resolve a questão no modo legislação atual.
876213,contran_927_exames_aptidao_psicologico,specific_high_precision,theory_reference_only__not_solution_current_law,False,True,strict,196,needs_audit,False,,avaliacao psicologica; credenciamento; perito examinador,perito examinador,"Resolução CONTRAN nº 927/2022 - Exame de Aptidão, Avaliação Psicológica e Credenciamento",Vínculo por assunto + termos do enunciado/alternativas/comentário. Exibir como card principal somente se importador aceitar score e revisão.,Questão desatualizada sem gabarito atual pontuável; não exibir como regra que resolve a questão no modo legislação atual.
876214,contran_927_exames_aptidao_psicologico,specific_high_precision,theory_reference_only__not_solution_current_law,False,True,comment_or_subject_evidence_only,174,needs_audit,False,,avaliacao psicologica; credenciamento,,"Resolução CONTRAN nº 927/2022 - Exame de Aptidão, Avaliação Psicológica e Credenciamento",Vínculo por assunto + termos do enunciado/alternativas/comentário. Exibir como card principal somente se importador aceitar score e revisão. Termos fortes não apareceram no enunciado/alternativas; não exibir automaticamente no modo Estudar agora.,Questão desatualizada sem gabarito atual pontuável; não exibir como regra que resolve a questão no modo legislação atual.
1201161,contran_927_exames_aptidao_psicologico,specific_high_precision,theory_reference_only__not_solution_current_law,False,True,strict,184,needs_audit,False,,avaliacao psicologica; credenciamento,avaliacao psicologica,"Resolução CONTRAN nº 927/2022 - Exame de Aptidão, Avaliação Psicológica e Credenciamento",Vínculo por assunto + termos do enunciado/alternativas/comentário. Exibir como card principal somente se importador aceitar score e revisão.,Questão desatualizada sem gabarito atual pontuável; não exibir como regra que resolve a questão no modo legislação atual.
1201227,contran_927_exames_aptidao_psicologico,specific_high_precision,theory_reference_only__not_solution_current_law,False,True,strict,216,needs_audit,False,,avaliacao psicologica; credenciamento; perito examinador,avaliacao psicologica; credenciamento; perito examinador,"Resolução CONTRAN nº 927/2022 - Exame de Aptidão, Avaliação Psicológica e Credenciamento",Vínculo por assunto + termos do enunciado/alternativas/comentário. Exibir como card principal somente se importador aceitar score e revisão.,Questão desatualizada sem gabarito atual pontuável; não exibir como regra que resolve a questão no modo legislação atual.
1201230,contran_927_exames_aptidao_psicologico,specific_high_precision,theory_reference_only__not_solution_current_law,False,True,strict,206,needs_audit,False,,avaliacao psicologica; credenciamento; perito examinador,avaliacao psicologica; perito examinador,"Resolução CONTRAN nº 927/2022 - Exame de Aptidão, Avaliação Psicológica e Credenciamento",Vínculo por assunto + termos do enunciado/alternativas/comentário. Exibir como card principal somente se importador aceitar score e revisão.,Questão desatualizada sem gabarito atual pontuável; não exibir como regra que resolve a questão no modo legislação atual.
1201242,contran_927_exames_aptidao_psicologico,specific_high_precision,theory_reference_only__not_solution_current_law,False,True,strict,184,needs_audit,False,,avaliacao psicologica; credenciamento,avaliacao psicologica,"Resolução CONTRAN nº 927/2022 - Exame de Aptidão, Avaliação Psicológica e Credenciamento",Vínculo por assunto + termos do enunciado/alternativas/comentário. Exibir como card principal somente se importador aceitar score e revisão.,Questão desatualizada sem gabarito atual pontuável; não exibir como regra que resolve a questão no modo legislação atual.
1201305,contran_927_exames_aptidao_psicologico,specific_high_precision,theory_reference_only__not_solution_current_law,False,True,comment_or_subject_evidence_only,174,needs_audit,False,,avaliacao psicologica; credenciamento,,"Resolução CONTRAN nº 927/2022 - Exame de Aptidão, Avaliação Psicológica e Credenciamento",Vínculo por assunto + termos do enunciado/alternativas/comentário. Exibir como card principal somente se importador aceitar score e revisão. Termos fortes não apareceram no enunciado/alternativas; não exibir automaticamente no modo Estudar agora.,Questão desatualizada sem gabarito atual pontuável; não exibir como regra que resolve a questão no modo legislação atual.
1255318,contran_927_exames_aptidao_psicologico,specific_high_precision,theory_reference_only__not_solution_current_law,False,True,comment_or_subject_evidence_only,174,needs_audit,False,,avaliacao psicologica; credenciamento,,"Resolução CONTRAN nº 927/2022 - Exame de Aptidão, Avaliação Psicológica e Credenciamento",Vínculo por assunto + termos do enunciado/alternativas/comentário. Exibir como card principal somente se importador aceitar score e revisão. Termos fortes não apareceram no enunciado/alternativas; não exibir automaticamente no modo Estudar agora.,Questão desatualizada sem gabarito atual pontuável; não exibir como regra que resolve a questão no modo legislação atual.
1700071,ctb_habilitacao_curso_reciclagem,specific_high_precision,theory_reference_only__not_solution_current_law,False,True,ambiguous_top_candidate,174,needs_audit,False,,exame; avaliacao psicologica,exame,"Resolução CONTRAN nº 927/2022 - Exame de Aptidão, Avaliação Psicológica e Credenciamento",Vínculo por assunto + termos do enunciado/alternativas/comentário. Exibir como card principal somente se importador aceitar score e revisão.,Questão desatualizada sem gabarito atual pontuável; não exibir como regra que resolve a questão no modo legislação atual.
2002332,contran_927_exames_aptidao_psicologico,specific_high_precision,rule_that_solves_or_clarifies_question,True,False,strict,218,not_applicable_or_not_outdated,,,aptidao fisica; avaliacao psicologica; credenciamento; perito examinador,aptidao fisica; perito examinador,"Resolução CONTRAN nº 927/2022 - Exame de Aptidão, Avaliação Psicológica e Credenciamento",Vínculo por assunto + termos do enunciado/alternativas/comentário. Exibir como card principal somente se importador aceitar score e revisão.,
2072218,contran_927_exames_aptidao_psicologico,specific_high_precision,rule_that_solves_or_clarifies_question,True,False,strict,218,not_applicable_or_not_outdated,,,aptidao fisica; avaliacao psicologica; credenciamento; perito examinador,aptidao fisica; perito examinador,"Resolução CONTRAN nº 927/2022 - Exame de Aptidão, Avaliação Psicológica e Credenciamento",Vínculo por assunto + termos do enunciado/alternativas/comentário. Exibir como card principal somente se importador aceitar score e revisão.,
2102633,contran_927_exames_aptidao_psicologico,specific_high_precision,theory_reference_only__not_solution_current_law,False,True,strict,196,needs_audit,False,,avaliacao psicologica; credenciamento; perito examinador,avaliacao psicologica,"Resolução CONTRAN nº 927/2022 - Exame de Aptidão, Avaliação Psicológica e Credenciamento",Vínculo por assunto + termos do enunciado/alternativas/comentário. Exibir como card principal somente se importador aceitar score e revisão.,Questão desatualizada sem gabarito atual pontuável; não exibir como regra que resolve a questão no modo legislação atual.
2102643,contran_927_exames_aptidao_psicologico,specific_high_precision,theory_reference_only__not_solution_current_law,False,True,comment_or_subject_evidence_only,174,needs_audit,False,,avaliacao psicologica; credenciamento,,"Resolução CONTRAN nº 927/2022 - Exame de Aptidão, Avaliação Psicológica e Credenciamento",Vínculo por assunto + termos do enunciado/alternativas/comentário. Exibir como card principal somente se importador aceitar score e revisão. Termos fortes não apareceram no enunciado/alternativas; não exibir automaticamente no modo Estudar agora.,Questão desatualizada sem gabarito atual pontuável; não exibir como regra que resolve a questão no modo legislação atual.
624733,contran_941_vistoria,specific_high_precision,theory_reference_only__not_solution_current_law,False,True,strict,194,needs_audit,False,,vistoria; laudo de vistoria,vistoria,Resolução CONTRAN nº 941/2022 - Prestação dos Serviços de Vistoria Veicular,Vínculo por assunto + termos do enunciado/alternativas/comentário. Exibir como card principal somente se importador aceitar score e revisão.,Questão desatualizada sem gabarito atual pontuável; não exibir como regra que resolve a questão no modo legislação atual.
626002,contran_941_vistoria,specific_high_precision,theory_reference_only__not_solution_current_law,False,True,strict,182,needs_audit,False,,vistoria,vistoria,Resolução CONTRAN nº 941/2022 - Prestação dos Serviços de Vistoria Veicular,Vínculo por assunto + termos do enunciado/alternativas/comentário. Exibir como card principal somente se importador aceitar score e revisão.,Questão desatualizada sem gabarito atual pontuável; não exibir como regra que resolve a questão no modo legislação atual.
626007,contran_941_vistoria,specific_high_precision,theory_reference_only__not_solution_current_law,False,True,strict,182,needs_audit,False,,vistoria,vistoria,Resolução CONTRAN nº 941/2022 - Prestação dos Serviços de Vistoria Veicular,Vínculo por assunto + termos do enunciado/alternativas/comentário. Exibir como card principal somente se importador aceitar score e revisão.,Questão desatualizada sem gabarito atual pontuável; não exibir como regra que resolve a questão no modo legislação atual.
916968,contran_941_vistoria,specific_high_precision,rule_that_solves_or_clarifies_question,True,False,strict,204,not_applicable_or_not_outdated,,,vistoria; laudo de vistoria,vistoria; laudo de vistoria,Resolução CONTRAN nº 941/2022 - Prestação dos Serviços de Vistoria Veicular,Vínculo por assunto + termos do enunciado/alternativas/comentário. Exibir como card principal somente se importador aceitar score e revisão.,
917890,contran_941_vistoria,specific_high_precision,theory_reference_only__not_solution_current_law,False,True,strict,182,needs_audit,False,,vistoria,vistoria,Resolução CONTRAN nº 941/2022 - Prestação dos Serviços de Vistoria Veicular,Vínculo por assunto + termos do enunciado/alternativas/comentário. Exibir como card principal somente se importador aceitar score e revisão.,Questão desatualizada sem gabarito atual pontuável; não exibir como regra que resolve a questão no modo legislação atual.
1577991,contran_967_baixa_sinistro,specific_high_precision,rule_that_solves_or_clarifies_question,True,False,strict,231,not_applicable_or_not_outdated,,,perda total; sinistrado; laudo,perda total; sinistrado; laudo,Resolução CONTRAN nº 941/2022 - Prestação dos Serviços de Vistoria Veicular,Vínculo por assunto + termos do enunciado/alternativas/comentário. Exibir como card principal somente se importador aceitar score e revisão.,
1829631,contran_24_968_identificacao_chassi_vin,specific_high_precision,theory_reference_only__not_solution_current_law,False,True,ambiguous_top_candidate,182,needs_audit,False,,identificacao veicular,identificacao veicular,Resolução CONTRAN nº 941/2022 - Prestação dos Serviços de Vistoria Veicular,Vínculo por assunto + termos do enunciado/alternativas/comentário. Exibir como card principal somente se importador aceitar score e revisão.,Questão desatualizada sem gabarito atual pontuável; não exibir como regra que resolve a questão no modo legislação atual.
2178263,contran_941_vistoria,specific_high_precision,rule_that_solves_or_clarifies_question,False,True,ambiguous_top_candidate,182,not_applicable_or_not_outdated,,,vistoria,vistoria,Resolução CONTRAN nº 941/2022 - Prestação dos Serviços de Vistoria Veicular,Vínculo por assunto + termos do enunciado/alternativas/comentário. Exibir como card principal somente se importador aceitar score e revisão.,
2178264,contran_941_vistoria,specific_high_precision,rule_that_solves_or_clarifies_question,True,False,strict,182,not_applicable_or_not_outdated,,,vistoria,vistoria,Resolução CONTRAN nº 941/2022 - Prestação dos Serviços de Vistoria Veicular,Vínculo por assunto + termos do enunciado/alternativas/comentário. Exibir como card principal somente se importador aceitar score e revisão.,
2178265,contran_941_vistoria,specific_high_precision,rule_that_solves_or_clarifies_question,True,False,strict,182,not_applicable_or_not_outdated,,,vistoria,vistoria,Resolução CONTRAN nº 941/2022 - Prestação dos Serviços de Vistoria Veicular,Vínculo por assunto + termos do enunciado/alternativas/comentário. Exibir como card principal somente se importador aceitar score e revisão.,
2178266,contran_941_vistoria,specific_high_precision,rule_that_solves_or_clarifies_question,True,False,strict,182,not_applicable_or_not_outdated,,,vistoria,vistoria,Resolução CONTRAN nº 941/2022 - Prestação dos Serviços de Vistoria Veicular,Vínculo por assunto + termos do enunciado/alternativas/comentário. Exibir como card principal somente se importador aceitar score e revisão.,
2178267,contran_941_vistoria,specific_high_precision,rule_that_solves_or_clarifies_question,True,False,strict,182,not_applicable_or_not_outdated,,,vistoria,vistoria,Resolução CONTRAN nº 941/2022 - Prestação dos Serviços de Vistoria Veicular,Vínculo por assunto + termos do enunciado/alternativas/comentário. Exibir como card principal somente se importador aceitar score e revisão.,
2178268,contran_941_vistoria,specific_high_precision,rule_that_solves_or_clarifies_question,True,False,strict,204,not_applicable_or_not_outdated,,,vistoria; laudo de vistoria,vistoria; laudo de vistoria,Resolução CONTRAN nº 941/2022 - Prestação dos Serviços de Vistoria Veicular,Vínculo por assunto + termos do enunciado/alternativas/comentário. Exibir como card principal somente se importador aceitar score e revisão.,
2179911,contran_941_vistoria,specific_high_precision,rule_that_solves_or_clarifies_question,True,False,strict,182,not_applicable_or_not_outdated,,,vistoria,vistoria,Resolução CONTRAN nº 941/2022 - Prestação dos Serviços de Vistoria Veicular,Vínculo por assunto + termos do enunciado/alternativas/comentário. Exibir como card principal somente se importador aceitar score e revisão.,
2179912,contran_941_vistoria,specific_high_precision,rule_that_solves_or_clarifies_question,True,False,strict,182,not_applicable_or_not_outdated,,,vistoria,vistoria,Resolução CONTRAN nº 941/2022 - Prestação dos Serviços de Vistoria Veicular,Vínculo por assunto + termos do enunciado/alternativas/comentário. Exibir como card principal somente se importador aceitar score e revisão.,
2179913,contran_24_968_identificacao_chassi_vin,specific_high_precision,rule_that_solves_or_clarifies_question,False,True,ambiguous_top_candidate,182,not_applicable_or_not_outdated,,,identificacao veicular,identificacao veicular,Resolução CONTRAN nº 941/2022 - Prestação dos Serviços de Vistoria Veicular,Vínculo por assunto + termos do enunciado/alternativas/comentário. Exibir como card principal somente se importador aceitar score e revisão.,
2179914,contran_941_vistoria,specific_high_precision,rule_that_solves_or_clarifies_question,True,False,strict,182,not_applicable_or_not_outdated,,,vistoria,vistoria,Resolução CONTRAN nº 941/2022 - Prestação dos Serviços de Vistoria Veicular,Vínculo por assunto + termos do enunciado/alternativas/comentário. Exibir como card principal somente se importador aceitar score e revisão.,
2179915,contran_941_vistoria,specific_high_precision,rule_that_solves_or_clarifies_question,True,False,strict,182,not_applicable_or_not_outdated,,,vistoria,vistoria,Resolução CONTRAN nº 941/2022 - Prestação dos Serviços de Vistoria Veicular,Vínculo por assunto + termos do enunciado/alternativas/comentário. Exibir como card principal somente se importador aceitar score e revisão.,
2179916,contran_941_vistoria,specific_high_precision,rule_that_solves_or_clarifies_question,True,False,strict,182,not_applicable_or_not_outdated,,,vistoria,vistoria,Resolução CONTRAN nº 941/2022 - Prestação dos Serviços de Vistoria Veicular,Vínculo por assunto + termos do enunciado/alternativas/comentário. Exibir como card principal somente se importador aceitar score e revisão.,
2179917,contran_941_vistoria,specific_high_precision,rule_that_solves_or_clarifies_question,True,False,strict,182,not_applicable_or_not_outdated,,,vistoria,vistoria,Resolução CONTRAN nº 941/2022 - Prestação dos Serviços de Vistoria Veicular,Vínculo por assunto + termos do enunciado/alternativas/comentário. Exibir como card principal somente se importador aceitar score e revisão.,
2179918,contran_941_vistoria,specific_high_precision,rule_that_solves_or_clarifies_question,True,False,strict,182,not_applicable_or_not_outdated,,,vistoria,vistoria,Resolução CONTRAN nº 941/2022 - Prestação dos Serviços de Vistoria Veicular,Vínculo por assunto + termos do enunciado/alternativas/comentário. Exibir como card principal somente se importador aceitar score e revisão.,
2179919,contran_941_vistoria,specific_high_precision,rule_that_solves_or_clarifies_question,True,False,strict,182,not_applicable_or_not_outdated,,,vistoria,vistoria,Resolução CONTRAN nº 941/2022 - Prestação dos Serviços de Vistoria Veicular,Vínculo por assunto + termos do enunciado/alternativas/comentário. Exibir como card principal somente se importador aceitar score e revisão.,
2187893,contran_941_vistoria,specific_high_precision,rule_that_solves_or_clarifies_question,True,False,strict,182,not_applicable_or_not_outdated,,,vistoria,vistoria,Resolução CONTRAN nº 941/2022 - Prestação dos Serviços de Vistoria Veicular,Vínculo por assunto + termos do enunciado/alternativas/comentário. Exibir como card principal somente se importador aceitar score e revisão.,
2187894,contran_941_vistoria,specific_high_precision,rule_that_solves_or_clarifies_question,True,False,strict,204,not_applicable_or_not_outdated,,,vistoria; laudo de vistoria,vistoria; laudo de vistoria,Resolução CONTRAN nº 941/2022 - Prestação dos Serviços de Vistoria Veicular,Vínculo por assunto + termos do enunciado/alternativas/comentário. Exibir como card principal somente se importador aceitar score e revisão.,
2187895,contran_941_vistoria,specific_high_precision,rule_that_solves_or_clarifies_question,True,False,strict,204,not_applicable_or_not_outdated,,,vistoria; laudo de vistoria,vistoria; laudo de vistoria,Resolução CONTRAN nº 941/2022 - Prestação dos Serviços de Vistoria Veicular,Vínculo por assunto + termos do enunciado/alternativas/comentário. Exibir como card principal somente se importador aceitar score e revisão.,
2187896,contran_941_vistoria,specific_high_precision,rule_that_solves_or_clarifies_question,True,False,strict,204,not_applicable_or_not_outdated,,,vistoria; laudo de vistoria,vistoria; laudo de vistoria,Resolução CONTRAN nº 941/2022 - Prestação dos Serviços de Vistoria Veicular,Vínculo por assunto + termos do enunciado/alternativas/comentário. Exibir como card principal somente se importador aceitar score e revisão.,
299524,contran_957_veiculo_colecao,specific_high_precision,theory_reference_only__not_solution_current_law,False,True,strict,216,needs_audit,False,,veiculo de colecao; colecao; originalidade,colecao; originalidade,Resolução CONTRAN nº 957/2022 - Requisitos para Registro e Licenciamento de Veículo de Coleção,Vínculo por assunto + termos do enunciado/alternativas/comentário. Exibir como card principal somente se importador aceitar score e revisão.,Questão desatualizada sem gabarito atual pontuável; não exibir como regra que resolve a questão no modo legislação atual.
1970086,contran_957_veiculo_colecao,specific_high_precision,theory_reference_only__not_solution_current_law,False,True,strict,228,needs_audit,False,,veiculo de colecao; placa preta; colecao; originalidade,colecao; originalidade,Resolução CONTRAN nº 957/2022 - Requisitos para Registro e Licenciamento de Veículo de Coleção,Vínculo por assunto + termos do enunciado/alternativas/comentário. Exibir como card principal somente se importador aceitar score e revisão.,Questão desatualizada sem gabarito atual pontuável; não exibir como regra que resolve a questão no modo legislação atual.
1971356,contran_957_veiculo_colecao,specific_high_precision,rule_that_solves_or_clarifies_question,True,False,strict,194,not_applicable_or_not_outdated,,,veiculo de colecao; colecao,colecao,Resolução CONTRAN nº 957/2022 - Requisitos para Registro e Licenciamento de Veículo de Coleção,Vínculo por assunto + termos do enunciado/alternativas/comentário. Exibir como card principal somente se importador aceitar score e revisão.,
2178140,contran_957_veiculo_colecao,specific_high_precision,rule_that_solves_or_clarifies_question,True,False,strict,204,not_applicable_or_not_outdated,,,veiculo de colecao; colecao,veiculo de colecao; colecao,Resolução CONTRAN nº 957/2022 - Requisitos para Registro e Licenciamento de Veículo de Coleção,Vínculo por assunto + termos do enunciado/alternativas/comentário. Exibir como card principal somente se importador aceitar score e revisão.,
2178141,contran_957_veiculo_colecao,specific_high_precision,rule_that_solves_or_clarifies_question,True,False,strict,204,not_applicable_or_not_outdated,,,veiculo de colecao; colecao,veiculo de colecao; colecao,Resolução CONTRAN nº 957/2022 - Requisitos para Registro e Licenciamento de Veículo de Coleção,Vínculo por assunto + termos do enunciado/alternativas/comentário. Exibir como card principal somente se importador aceitar score e revisão.,
2178142,contran_957_veiculo_colecao,specific_high_precision,rule_that_solves_or_clarifies_question,True,False,strict,204,not_applicable_or_not_outdated,,,veiculo de colecao; colecao,veiculo de colecao; colecao,Resolução CONTRAN nº 957/2022 - Requisitos para Registro e Licenciamento de Veículo de Coleção,Vínculo por assunto + termos do enunciado/alternativas/comentário. Exibir como card principal somente se importador aceitar score e revisão.,
2178143,contran_957_veiculo_colecao,specific_high_precision,rule_that_solves_or_clarifies_question,True,False,strict,204,not_applicable_or_not_outdated,,,veiculo de colecao; colecao,veiculo de colecao; colecao,Resolução CONTRAN nº 957/2022 - Requisitos para Registro e Licenciamento de Veículo de Coleção,Vínculo por assunto + termos do enunciado/alternativas/comentário. Exibir como card principal somente se importador aceitar score e revisão.,
2178144,contran_957_veiculo_colecao,specific_high_precision,rule_that_solves_or_clarifies_question,True,False,strict,204,not_applicable_or_not_outdated,,,veiculo de colecao; colecao,veiculo de colecao; colecao,Resolução CONTRAN nº 957/2022 - Requisitos para Registro e Licenciamento de Veículo de Coleção,Vínculo por assunto + termos do enunciado/alternativas/comentário. Exibir como card principal somente se importador aceitar score e revisão.,
2178145,contran_957_veiculo_colecao,specific_high_precision,rule_that_solves_or_clarifies_question,True,False,strict,204,not_applicable_or_not_outdated,,,veiculo de colecao; colecao,veiculo de colecao; colecao,Resolução CONTRAN nº 957/2022 - Requisitos para Registro e Licenciamento de Veículo de Coleção,Vínculo por assunto + termos do enunciado/alternativas/comentário. Exibir como card principal somente se importador aceitar score e revisão.,
2178146,contran_957_veiculo_colecao,specific_high_precision,rule_that_solves_or_clarifies_question,True,False,strict,204,not_applicable_or_not_outdated,,,veiculo de colecao; colecao,veiculo de colecao; colecao,Resolução CONTRAN nº 957/2022 - Requisitos para Registro e Licenciamento de Veículo de Coleção,Vínculo por assunto + termos do enunciado/alternativas/comentário. Exibir como card principal somente se importador aceitar score e revisão.,
2178147,contran_957_veiculo_colecao,specific_high_precision,rule_that_solves_or_clarifies_question,True,False,strict,204,not_applicable_or_not_outdated,,,veiculo de colecao; colecao,veiculo de colecao; colecao,Resolução CONTRAN nº 957/2022 - Requisitos para Registro e Licenciamento de Veículo de Coleção,Vínculo por assunto + termos do enunciado/alternativas/comentário. Exibir como card principal somente se importador aceitar score e revisão.,
2178148,contran_957_veiculo_colecao,specific_high_precision,rule_that_solves_or_clarifies_question,True,False,strict,204,not_applicable_or_not_outdated,,,veiculo de colecao; colecao,veiculo de colecao; colecao,Resolução CONTRAN nº 957/2022 - Requisitos para Registro e Licenciamento de Veículo de Coleção,Vínculo por assunto + termos do enunciado/alternativas/comentário. Exibir como card principal somente se importador aceitar score e revisão.,
2178149,contran_957_veiculo_colecao,specific_high_precision,rule_that_solves_or_clarifies_question,True,False,strict,204,not_applicable_or_not_outdated,,,veiculo de colecao; colecao,veiculo de colecao; colecao,Resolução CONTRAN nº 957/2022 - Requisitos para Registro e Licenciamento de Veículo de Coleção,Vínculo por assunto + termos do enunciado/alternativas/comentário. Exibir como card principal somente se importador aceitar score e revisão.,
2178150,contran_957_veiculo_colecao,specific_high_precision,rule_that_solves_or_clarifies_question,True,False,strict,216,not_applicable_or_not_outdated,,,veiculo de colecao; colecao; originalidade,veiculo de colecao; colecao,Resolução CONTRAN nº 957/2022 - Requisitos para Registro e Licenciamento de Veículo de Coleção,Vínculo por assunto + termos do enunciado/alternativas/comentário. Exibir como card principal somente se importador aceitar score e revisão.,
2178151,contran_957_veiculo_colecao,specific_high_precision,rule_that_solves_or_clarifies_question,True,False,strict,216,not_applicable_or_not_outdated,,,veiculo de colecao; colecao; originalidade,veiculo de colecao; colecao,Resolução CONTRAN nº 957/2022 - Requisitos para Registro e Licenciamento de Veículo de Coleção,Vínculo por assunto + termos do enunciado/alternativas/comentário. Exibir como card principal somente se importador aceitar score e revisão.,
2178152,contran_957_veiculo_colecao,specific_high_precision,rule_that_solves_or_clarifies_question,True,False,strict,204,not_applicable_or_not_outdated,,,veiculo de colecao; colecao,veiculo de colecao; colecao,Resolução CONTRAN nº 957/2022 - Requisitos para Registro e Licenciamento de Veículo de Coleção,Vínculo por assunto + termos do enunciado/alternativas/comentário. Exibir como card principal somente se importador aceitar score e revisão.,
2178159,contran_957_veiculo_colecao,specific_high_precision,rule_that_solves_or_clarifies_question,True,False,strict,226,not_applicable_or_not_outdated,,,veiculo de colecao; colecao; originalidade,veiculo de colecao; colecao; originalidade,Resolução CONTRAN nº 957/2022 - Requisitos para Registro e Licenciamento de Veículo de Coleção,Vínculo por assunto + termos do enunciado/alternativas/comentário. Exibir como card principal somente se importador aceitar score e revisão.,
2178171,contran_957_veiculo_colecao,specific_high_precision,rule_that_solves_or_clarifies_question,True,False,strict,204,not_applicable_or_not_outdated,,,veiculo de colecao; colecao,veiculo de colecao; colecao,Resolução CONTRAN nº 957/2022 - Requisitos para Registro e Licenciamento de Veículo de Coleção,Vínculo por assunto + termos do enunciado/alternativas/comentário. Exibir como card principal somente se importador aceitar score e revisão.,
2178172,contran_957_veiculo_colecao,specific_high_precision,rule_that_solves_or_clarifies_question,True,False,strict,204,not_applicable_or_not_outdated,,,veiculo de colecao; colecao,veiculo de colecao; colecao,Resolução CONTRAN nº 957/2022 - Requisitos para Registro e Licenciamento de Veículo de Coleção,Vínculo por assunto + termos do enunciado/alternativas/comentário. Exibir como card principal somente se importador aceitar score e revisão.,
2178173,contran_957_veiculo_colecao,specific_high_precision,rule_that_solves_or_clarifies_question,True,False,strict,204,not_applicable_or_not_outdated,,,veiculo de colecao; colecao,veiculo de colecao; colecao,Resolução CONTRAN nº 957/2022 - Requisitos para Registro e Licenciamento de Veículo de Coleção,Vínculo por assunto + termos do enunciado/alternativas/comentário. Exibir como card principal somente se importador aceitar score e revisão.,
2178175,contran_957_veiculo_colecao,specific_high_precision,rule_that_solves_or_clarifies_question,True,False,strict,204,not_applicable_or_not_outdated,,,veiculo de colecao; colecao,veiculo de colecao; colecao,Resolução CONTRAN nº 957/2022 - Requisitos para Registro e Licenciamento de Veículo de Coleção,Vínculo por assunto + termos do enunciado/alternativas/comentário. Exibir como card principal somente se importador aceitar score e revisão.,
2178177,contran_957_veiculo_colecao,specific_high_precision,rule_that_solves_or_clarifies_question,True,False,strict,204,not_applicable_or_not_outdated,,,veiculo de colecao; colecao,veiculo de colecao; colecao,Resolução CONTRAN nº 957/2022 - Requisitos para Registro e Licenciamento de Veículo de Coleção,Vínculo por assunto + termos do enunciado/alternativas/comentário. Exibir como card principal somente se importador aceitar score e revisão.,
2178180,contran_957_veiculo_colecao,specific_high_precision,rule_that_solves_or_clarifies_question,True,False,strict,204,not_applicable_or_not_outdated,,,veiculo de colecao; colecao,veiculo de colecao; colecao,Resolução CONTRAN nº 957/2022 - Requisitos para Registro e Licenciamento de Veículo de Coleção,Vínculo por assunto + termos do enunciado/alternativas/comentário. Exibir como card principal somente se importador aceitar score e revisão.,
2178181,contran_957_veiculo_colecao,specific_high_precision,rule_that_solves_or_clarifies_question,True,False,strict,204,not_applicable_or_not_outdated,,,veiculo de colecao; colecao,veiculo de colecao; colecao,Resolução CONTRAN nº 957/2022 - Requisitos para Registro e Licenciamento de Veículo de Coleção,Vínculo por assunto + termos do enunciado/alternativas/comentário. Exibir como card principal somente se importador aceitar score e revisão.,
28260,contran_960_transmitancia,specific_high_precision,rule_that_solves_or_clarifies_question,False,True,ambiguous_top_candidate,250,verified,True,CERTO,vidro; pelicula; 70; para brisa; areas envidracadas,pelicula; areas envidracadas,Resolução CONTRAN nº 960/2022 - Requisitos de Segurança de Vidros e Outros,Vínculo por assunto + termos do enunciado/alternativas/comentário. Exibir como card principal somente se importador aceitar score e revisão.,
168047,contran_960_transmitancia,specific_high_precision,rule_that_solves_or_clarifies_question,True,False,strict,204,verified,True,B,vidro; para brisa,para brisa,Resolução CONTRAN nº 960/2022 - Requisitos de Segurança de Vidros e Outros,Vínculo por assunto + termos do enunciado/alternativas/comentário. Exibir como card principal somente se importador aceitar score e revisão.,
246419,contran_960_transmitancia,specific_high_precision,theory_reference_only__not_solution_current_law,False,True,strict,292,no_valid_alternative,False,,vidro; pelicula; 70; 28; para brisa; areas envidracadas,vidro; pelicula; 70; para brisa; areas envidracadas,Resolução CONTRAN nº 960/2022 - Requisitos de Segurança de Vidros e Outros,Vínculo por assunto + termos do enunciado/alternativas/comentário. Exibir como card principal somente se importador aceitar score e revisão.,Questão desatualizada sem gabarito atual pontuável; não exibir como regra que resolve a questão no modo legislação atual.
332911,contran_960_transmitancia,specific_high_precision,rule_that_solves_or_clarifies_question,True,False,strict,248,verified,True,D,transmitancia; vidro; pelicula; areas envidracadas,transmitancia; vidro; pelicula,Resolução CONTRAN nº 960/2022 - Requisitos de Segurança de Vidros e Outros,Vínculo por assunto + termos do enunciado/alternativas/comentário. Exibir como card principal somente se importador aceitar score e revisão.,
778174,contran_960_transmitancia,specific_high_precision,rule_that_solves_or_clarifies_question,True,False,strict,304,verified,True,CERTO,transmitancia; vidro; pelicula; 70; 28; para brisa; areas envidracadas,transmitancia; vidro; pelicula; 70; para brisa,Resolução CONTRAN nº 960/2022 - Requisitos de Segurança de Vidros e Outros,Vínculo por assunto + termos do enunciado/alternativas/comentário. Exibir como card principal somente se importador aceitar score e revisão.,
945659,contran_960_transmitancia,specific_high_precision,rule_that_solves_or_clarifies_question,True,False,strict,280,verified,True,D,vidro; pelicula; 70; para brisa; areas envidracadas,vidro; pelicula; 70; para brisa; areas envidracadas,Resolução CONTRAN nº 960/2022 - Requisitos de Segurança de Vidros e Outros,Vínculo por assunto + termos do enunciado/alternativas/comentário. Exibir como card principal somente se importador aceitar score e revisão.,
1023275,contran_960_transmitancia,specific_high_precision,rule_that_solves_or_clarifies_question,True,False,strict,258,verified,True,D,vidro; pelicula; 28; areas envidracadas,vidro; pelicula; 28; areas envidracadas,Resolução CONTRAN nº 960/2022 - Requisitos de Segurança de Vidros e Outros,Vínculo por assunto + termos do enunciado/alternativas/comentário. Exibir como card principal somente se importador aceitar score e revisão.,
1028008,contran_960_transmitancia,specific_high_precision,theory_reference_only__not_solution_current_law,False,True,strict,280,no_valid_alternative,False,,vidro; 70; 28; para brisa; areas envidracadas,vidro; 70; 28; para brisa; areas envidracadas,Resolução CONTRAN nº 960/2022 - Requisitos de Segurança de Vidros e Outros,Vínculo por assunto + termos do enunciado/alternativas/comentário. Exibir como card principal somente se importador aceitar score e revisão.,Questão desatualizada sem gabarito atual pontuável; não exibir como regra que resolve a questão no modo legislação atual.
1498073,contran_960_transmitancia,specific_high_precision,rule_that_solves_or_clarifies_question,True,False,strict,292,verified,True,CERTO,transmitancia; vidro; pelicula; 70; 28; para brisa,transmitancia; vidro; pelicula; 70; para brisa,Resolução CONTRAN nº 960/2022 - Requisitos de Segurança de Vidros e Outros,Vínculo por assunto + termos do enunciado/alternativas/comentário. Exibir como card principal somente se importador aceitar score e revisão.,
1498091,contran_960_transmitancia,specific_high_precision,theory_reference_only__not_solution_current_law,False,True,strict,226,needs_audit,False,,transmitancia; vidro; areas envidracadas,transmitancia; areas envidracadas,Resolução CONTRAN nº 960/2022 - Requisitos de Segurança de Vidros e Outros,Vínculo por assunto + termos do enunciado/alternativas/comentário. Exibir como card principal somente se importador aceitar score e revisão.,Questão desatualizada sem gabarito atual pontuável; não exibir como regra que resolve a questão no modo legislação atual.
1504292,contran_960_transmitancia,specific_high_precision,rule_that_solves_or_clarifies_question,True,False,strict,204,verified,True,CERTO,vidro; para brisa,para brisa,Resolução CONTRAN nº 960/2022 - Requisitos de Segurança de Vidros e Outros,Vínculo por assunto + termos do enunciado/alternativas/comentário. Exibir como card principal somente se importador aceitar score e revisão.,
1504293,contran_960_transmitancia,specific_high_precision,rule_that_solves_or_clarifies_question,True,False,strict,204,verified,True,ERRADO,vidro; para brisa,para brisa,Resolução CONTRAN nº 960/2022 - Requisitos de Segurança de Vidros e Outros,Vínculo por assunto + termos do enunciado/alternativas/comentário. Exibir como card principal somente se importador aceitar score e revisão.,
1504295,contran_960_transmitancia,specific_high_precision,rule_that_solves_or_clarifies_question,True,False,strict,204,verified,True,ERRADO,vidro; para brisa,para brisa,Resolução CONTRAN nº 960/2022 - Requisitos de Segurança de Vidros e Outros,Vínculo por assunto + termos do enunciado/alternativas/comentário. Exibir como card principal somente se importador aceitar score e revisão.,
1504297,contran_960_transmitancia,specific_high_precision,rule_that_solves_or_clarifies_question,True,False,strict,204,verified,True,ERRADO,vidro; para brisa,para brisa,Resolução CONTRAN nº 960/2022 - Requisitos de Segurança de Vidros e Outros,Vínculo por assunto + termos do enunciado/alternativas/comentário. Exibir como card principal somente se importador aceitar score e revisão.,
1504298,contran_960_transmitancia,specific_high_precision,rule_that_solves_or_clarifies_question,True,False,strict,204,verified,True,CERTO,vidro; para brisa,para brisa,Resolução CONTRAN nº 960/2022 - Requisitos de Segurança de Vidros e Outros,Vínculo por assunto + termos do enunciado/alternativas/comentário. Exibir como card principal somente se importador aceitar score e revisão.,
1508531,contran_960_transmitancia,specific_high_precision,rule_that_solves_or_clarifies_question,True,False,strict,258,verified,True,CERTO,transmitancia; vidro; pelicula; areas envidracadas,transmitancia; vidro; pelicula; areas envidracadas,Resolução CONTRAN nº 960/2022 - Requisitos de Segurança de Vidros e Outros,Vínculo por assunto + termos do enunciado/alternativas/comentário. Exibir como card principal somente se importador aceitar score e revisão.,
1508532,contran_960_transmitancia,specific_high_precision,rule_that_solves_or_clarifies_question,True,False,strict,226,verified,True,ERRADO,transmitancia; vidro; areas envidracadas,transmitancia; areas envidracadas,Resolução CONTRAN nº 960/2022 - Requisitos de Segurança de Vidros e Outros,Vínculo por assunto + termos do enunciado/alternativas/comentário. Exibir como card principal somente se importador aceitar score e revisão.,
1508533,contran_960_transmitancia,specific_high_precision,theory_reference_only__not_solution_current_law,False,True,strict,216,needs_audit,False,,transmitancia; vidro; areas envidracadas,transmitancia,Resolução CONTRAN nº 960/2022 - Requisitos de Segurança de Vidros e Outros,Vínculo por assunto + termos do enunciado/alternativas/comentário. Exibir como card principal somente se importador aceitar score e revisão.,Questão desatualizada sem gabarito atual pontuável; não exibir como regra que resolve a questão no modo legislação atual.
1508541,contran_960_transmitancia,specific_high_precision,rule_that_solves_or_clarifies_question,True,False,strict,216,verified,True,CERTO,transmitancia; vidro; 28,transmitancia,Resolução CONTRAN nº 960/2022 - Requisitos de Segurança de Vidros e Outros,Vínculo por assunto + termos do enunciado/alternativas/comentário. Exibir como card principal somente se importador aceitar score e revisão.,
1508542,contran_960_transmitancia,specific_high_precision,rule_that_solves_or_clarifies_question,True,False,strict,216,verified,True,CERTO,transmitancia; vidro; 28,transmitancia,Resolução CONTRAN nº 960/2022 - Requisitos de Segurança de Vidros e Outros,Vínculo por assunto + termos do enunciado/alternativas/comentário. Exibir como card principal somente se importador aceitar score e revisão.,
1508543,contran_960_transmitancia,specific_high_precision,rule_that_solves_or_clarifies_question,True,False,strict,216,verified,True,ERRADO,transmitancia; vidro; 28,transmitancia,Resolução CONTRAN nº 960/2022 - Requisitos de Segurança de Vidros e Outros,Vínculo por assunto + termos do enunciado/alternativas/comentário. Exibir como card principal somente se importador aceitar score e revisão.,
1508548,contran_960_transmitancia,specific_high_precision,rule_that_solves_or_clarifies_question,True,False,strict,204,verified,True,CERTO,transmitancia; vidro,transmitancia,Resolução CONTRAN nº 960/2022 - Requisitos de Segurança de Vidros e Outros,Vínculo por assunto + termos do enunciado/alternativas/comentário. Exibir como card principal somente se importador aceitar score e revisão.,
1508549,contran_960_transmitancia,specific_high_precision,rule_that_solves_or_clarifies_question,True,False,strict,216,verified,True,CERTO,transmitancia; vidro; 28,transmitancia,Resolução CONTRAN nº 960/2022 - Requisitos de Segurança de Vidros e Outros,Vínculo por assunto + termos do enunciado/alternativas/comentário. Exibir como card principal somente se importador aceitar score e revisão.,
1508564,contran_960_transmitancia,specific_high_precision,rule_that_solves_or_clarifies_question,True,False,strict,236,verified,True,ERRADO,vidro; pelicula; areas envidracadas,vidro; pelicula; areas envidracadas,Resolução CONTRAN nº 960/2022 - Requisitos de Segurança de Vidros e Outros,Vínculo por assunto + termos do enunciado/alternativas/comentário. Exibir como card principal somente se importador aceitar score e revisão.,
1508565,contran_960_transmitancia,specific_high_precision,rule_that_solves_or_clarifies_question,True,False,strict,258,verified,True,CERTO,vidro; pelicula; para brisa; areas envidracadas,vidro; pelicula; para brisa; areas envidracadas,Resolução CONTRAN nº 960/2022 - Requisitos de Segurança de Vidros e Outros,Vínculo por assunto + termos do enunciado/alternativas/comentário. Exibir como card principal somente se importador aceitar score e revisão.,
1508570,contran_960_transmitancia,specific_high_precision,rule_that_solves_or_clarifies_question,True,False,strict,272,verified,True,ERRADO,vidro; pelicula; 70; 28; para brisa; areas envidracadas,vidro; pelicula; areas envidracadas,Resolução CONTRAN nº 960/2022 - Requisitos de Segurança de Vidros e Outros,Vínculo por assunto + termos do enunciado/alternativas/comentário. Exibir como card principal somente se importador aceitar score e revisão.,
1508572,contran_960_transmitancia,specific_high_precision,rule_that_solves_or_clarifies_question,True,False,strict,272,verified,True,CERTO,vidro; pelicula; 70; 28; para brisa; areas envidracadas,vidro; pelicula; areas envidracadas,Resolução CONTRAN nº 960/2022 - Requisitos de Segurança de Vidros e Outros,Vínculo por assunto + termos do enunciado/alternativas/comentário. Exibir como card principal somente se importador aceitar score e revisão.,
1508574,contran_960_transmitancia,specific_high_precision,rule_that_solves_or_clarifies_question,True,False,strict,248,verified,True,ERRADO,vidro; pelicula; 70; areas envidracadas,vidro; pelicula; areas envidracadas,Resolução CONTRAN nº 960/2022 - Requisitos de Segurança de Vidros e Outros,Vínculo por assunto + termos do enunciado/alternativas/comentário. Exibir como card principal somente se importador aceitar score e revisão.,
1508576,contran_960_transmitancia,specific_high_precision,rule_that_solves_or_clarifies_question,True,False,strict,236,verified,True,ERRADO,vidro; pelicula; areas envidracadas,vidro; pelicula; areas envidracadas,Resolução CONTRAN nº 960/2022 - Requisitos de Segurança de Vidros e Outros,Vínculo por assunto + termos do enunciado/alternativas/comentário. Exibir como card principal somente se importador aceitar score e revisão.,
1508579,contran_960_transmitancia,specific_high_precision,rule_that_solves_or_clarifies_question,True,False,strict,236,verified,True,CERTO,vidro; pelicula; areas envidracadas,vidro; pelicula; areas envidracadas,Resolução CONTRAN nº 960/2022 - Requisitos de Segurança de Vidros e Outros,Vínculo por assunto + termos do enunciado/alternativas/comentário. Exibir como card principal somente se importador aceitar score e revisão.,
1508581,contran_960_transmitancia,specific_high_precision,rule_that_solves_or_clarifies_question,True,False,strict,236,verified,True,ERRADO,vidro; pelicula; areas envidracadas,vidro; pelicula; areas envidracadas,Resolução CONTRAN nº 960/2022 - Requisitos de Segurança de Vidros e Outros,Vínculo por assunto + termos do enunciado/alternativas/comentário. Exibir como card principal somente se importador aceitar score e revisão.,
1508582,contran_960_transmitancia,specific_high_precision,rule_that_solves_or_clarifies_question,True,False,strict,280,verified,True,ERRADO,vidro; pelicula; 70; para brisa; areas envidracadas,vidro; pelicula; 70; para brisa; areas envidracadas,Resolução CONTRAN nº 960/2022 - Requisitos de Segurança de Vidros e Outros,Vínculo por assunto + termos do enunciado/alternativas/comentário. Exibir como card principal somente se importador aceitar score e revisão.,
1508585,contran_960_transmitancia,specific_high_precision,rule_that_solves_or_clarifies_question,True,False,strict,248,verified,True,CERTO,vidro; pelicula; 70; areas envidracadas,vidro; pelicula; areas envidracadas,Resolução CONTRAN nº 960/2022 - Requisitos de Segurança de Vidros e Outros,Vínculo por assunto + termos do enunciado/alternativas/comentário. Exibir como card principal somente se importador aceitar score e revisão.,
1508587,contran_960_transmitancia,specific_high_precision,rule_that_solves_or_clarifies_question,True,False,strict,236,verified,True,ERRADO,vidro; pelicula; areas envidracadas,vidro; pelicula; areas envidracadas,Resolução CONTRAN nº 960/2022 - Requisitos de Segurança de Vidros e Outros,Vínculo por assunto + termos do enunciado/alternativas/comentário. Exibir como card principal somente se importador aceitar score e revisão.,
1508588,contran_960_transmitancia,specific_high_precision,rule_that_solves_or_clarifies_question,True,False,strict,272,verified,True,ERRADO,vidro; pelicula; 70; 28; para brisa; areas envidracadas,vidro; pelicula; areas envidracadas,Resolução CONTRAN nº 960/2022 - Requisitos de Segurança de Vidros e Outros,Vínculo por assunto + termos do enunciado/alternativas/comentário. Exibir como card principal somente se importador aceitar score e revisão.,
1508590,contran_960_transmitancia,specific_high_precision,rule_that_solves_or_clarifies_question,True,False,strict,236,verified,True,CERTO,vidro; pelicula; areas envidracadas,vidro; pelicula; areas envidracadas,Resolução CONTRAN nº 960/2022 - Requisitos de Segurança de Vidros e Outros,Vínculo por assunto + termos do enunciado/alternativas/comentário. Exibir como card principal somente se importador aceitar score e revisão.,
1508591,contran_960_transmitancia,specific_high_precision,rule_that_solves_or_clarifies_question,True,False,strict,272,verified,True,CERTO,vidro; pelicula; 70; 28; para brisa; areas envidracadas,vidro; pelicula; areas envidracadas,Resolução CONTRAN nº 960/2022 - Requisitos de Segurança de Vidros e Outros,Vínculo por assunto + termos do enunciado/alternativas/comentário. Exibir como card principal somente se importador aceitar score e revisão.,
1508593,contran_960_transmitancia,specific_high_precision,rule_that_solves_or_clarifies_question,True,False,strict,236,verified,True,ERRADO,vidro; pelicula; areas envidracadas,vidro; pelicula; areas envidracadas,Resolução CONTRAN nº 960/2022 - Requisitos de Segurança de Vidros e Outros,Vínculo por assunto + termos do enunciado/alternativas/comentário. Exibir como card principal somente se importador aceitar score e revisão.,
1508594,contran_960_transmitancia,specific_high_precision,rule_that_solves_or_clarifies_question,True,False,strict,236,verified,True,CERTO,vidro; pelicula; areas envidracadas,vidro; pelicula; areas envidracadas,Resolução CONTRAN nº 960/2022 - Requisitos de Segurança de Vidros e Outros,Vínculo por assunto + termos do enunciado/alternativas/comentário. Exibir como card principal somente se importador aceitar score e revisão.,
1508595,contran_960_transmitancia,specific_high_precision,rule_that_solves_or_clarifies_question,True,False,strict,236,verified,True,ERRADO,vidro; pelicula; areas envidracadas,vidro; pelicula; areas envidracadas,Resolução CONTRAN nº 960/2022 - Requisitos de Segurança de Vidros e Outros,Vínculo por assunto + termos do enunciado/alternativas/comentário. Exibir como card principal somente se importador aceitar score e revisão.,
1611251,contran_960_transmitancia,specific_high_precision,theory_reference_only__not_solution_current_law,False,True,strict,204,needs_audit,False,,vidro; para brisa,para brisa,Resolução CONTRAN nº 960/2022 - Requisitos de Segurança de Vidros e Outros,Vínculo por assunto + termos do enunciado/alternativas/comentário. Exibir como card principal somente se importador aceitar score e revisão.,Questão desatualizada sem gabarito atual pontuável; não exibir como regra que resolve a questão no modo legislação atual.
2002422,contran_960_transmitancia,specific_high_precision,rule_that_solves_or_clarifies_question,True,False,strict,272,verified,True,D,vidro; pelicula; 70; 28; para brisa; areas envidracadas,vidro; 70; para brisa,Resolução CONTRAN nº 960/2022 - Requisitos de Segurança de Vidros e Outros,Vínculo por assunto + termos do enunciado/alternativas/comentário. Exibir como card principal somente se importador aceitar score e revisão.,
176681,contran_965_estacionamento_especifico,specific_high_precision,theory_reference_only__not_solution_current_law,False,True,strict,216,needs_audit,False,,estacionamento especifico; vaga; idoso,vaga,Resolução CONTRAN nº 965/2022 - Áreas de Segurança e de Estacionamento Específicos de Veículos,Vínculo por assunto + termos do enunciado/alternativas/comentário. Exibir como card principal somente se importador aceitar score e revisão.,Questão desatualizada sem gabarito atual pontuável; não exibir como regra que resolve a questão no modo legislação atual.
466473,contran_965_estacionamento_especifico,specific_high_precision,theory_reference_only__not_solution_current_law,False,True,strict,214,needs_audit,False,,estacionamento especifico; idoso,estacionamento especifico; idoso,Resolução CONTRAN nº 965/2022 - Áreas de Segurança e de Estacionamento Específicos de Veículos,Vínculo por assunto + termos do enunciado/alternativas/comentário. Exibir como card principal somente se importador aceitar score e revisão.,Questão desatualizada sem gabarito atual pontuável; não exibir como regra que resolve a questão no modo legislação atual.
747997,contran_965_estacionamento_especifico,specific_high_precision,theory_reference_only__not_solution_current_law,False,True,strict,204,needs_audit,False,,estacionamento especifico; vaga,vaga,Resolução CONTRAN nº 965/2022 - Áreas de Segurança e de Estacionamento Específicos de Veículos,Vínculo por assunto + termos do enunciado/alternativas/comentário. Exibir como card principal somente se importador aceitar score e revisão.,Questão desatualizada sem gabarito atual pontuável; não exibir como regra que resolve a questão no modo legislação atual.
748001,contran_965_estacionamento_especifico,specific_high_precision,theory_reference_only__not_solution_current_law,False,True,strict,226,needs_audit,False,,estacionamento especifico; vaga; idoso,vaga; idoso,Resolução CONTRAN nº 965/2022 - Áreas de Segurança e de Estacionamento Específicos de Veículos,Vínculo por assunto + termos do enunciado/alternativas/comentário. Exibir como card principal somente se importador aceitar score e revisão.,Questão desatualizada sem gabarito atual pontuável; não exibir como regra que resolve a questão no modo legislação atual.
810716,contran_965_estacionamento_especifico,specific_high_precision,theory_reference_only__not_solution_current_law,False,True,comment_or_subject_evidence_only,182,needs_audit,False,,estacionamento especifico,,Resolução CONTRAN nº 965/2022 - Áreas de Segurança e de Estacionamento Específicos de Veículos,Vínculo por assunto + termos do enunciado/alternativas/comentário. Exibir como card principal somente se importador aceitar score e revisão. Termos fortes não apareceram no enunciado/alternativas; não exibir automaticamente no modo Estudar agora.,Questão desatualizada sem gabarito atual pontuável; não exibir como regra que resolve a questão no modo legislação atual.
810723,contran_965_estacionamento_especifico,specific_high_precision,theory_reference_only__not_solution_current_law,False,True,strict,204,needs_audit,False,,estacionamento especifico; area de seguranca,area de seguranca,Resolução CONTRAN nº 965/2022 - Áreas de Segurança e de Estacionamento Específicos de Veículos,Vínculo por assunto + termos do enunciado/alternativas/comentário. Exibir como card principal somente se importador aceitar score e revisão.,Questão desatualizada sem gabarito atual pontuável; não exibir como regra que resolve a questão no modo legislação atual.
860373,contran_965_estacionamento_especifico,specific_high_precision,theory_reference_only__not_solution_current_law,False,True,strict,216,needs_audit,False,,estacionamento especifico; vaga; idoso,idoso,Resolução CONTRAN nº 965/2022 - Áreas de Segurança e de Estacionamento Específicos de Veículos,Vínculo por assunto + termos do enunciado/alternativas/comentário. Exibir como card principal somente se importador aceitar score e revisão.,Questão desatualizada sem gabarito atual pontuável; não exibir como regra que resolve a questão no modo legislação atual.
916947,contran_965_estacionamento_especifico,specific_high_precision,theory_reference_only__not_solution_current_law,False,True,strict,226,needs_audit,False,,estacionamento especifico; vaga; idoso,vaga; idoso,Resolução CONTRAN nº 965/2022 - Áreas de Segurança e de Estacionamento Específicos de Veículos,Vínculo por assunto + termos do enunciado/alternativas/comentário. Exibir como card principal somente se importador aceitar score e revisão.,Questão desatualizada sem gabarito atual pontuável; não exibir como regra que resolve a questão no modo legislação atual.
1091840,contran_965_estacionamento_especifico,specific_high_precision,theory_reference_only__not_solution_current_law,False,True,strict,226,needs_audit,False,,estacionamento especifico; vaga; idoso,vaga; idoso,Resolução CONTRAN nº 965/2022 - Áreas de Segurança e de Estacionamento Específicos de Veículos,Vínculo por assunto + termos do enunciado/alternativas/comentário. Exibir como card principal somente se importador aceitar score e revisão.,Questão desatualizada sem gabarito atual pontuável; não exibir como regra que resolve a questão no modo legislação atual.
1114774,contran_965_estacionamento_especifico,specific_high_precision,theory_reference_only__not_solution_current_law,False,True,strict,226,needs_audit,False,,estacionamento especifico; vaga; idoso,vaga; idoso,Resolução CONTRAN nº 965/2022 - Áreas de Segurança e de Estacionamento Específicos de Veículos,Vínculo por assunto + termos do enunciado/alternativas/comentário. Exibir como card principal somente se importador aceitar score e revisão.,Questão desatualizada sem gabarito atual pontuável; não exibir como regra que resolve a questão no modo legislação atual.
1119056,contran_965_estacionamento_especifico,specific_high_precision,theory_reference_only__not_solution_current_law,False,True,comment_or_subject_evidence_only,182,needs_audit,False,,estacionamento especifico,,Resolução CONTRAN nº 965/2022 - Áreas de Segurança e de Estacionamento Específicos de Veículos,Vínculo por assunto + termos do enunciado/alternativas/comentário. Exibir como card principal somente se importador aceitar score e revisão. Termos fortes não apareceram no enunciado/alternativas; não exibir automaticamente no modo Estudar agora.,Questão desatualizada sem gabarito atual pontuável; não exibir como regra que resolve a questão no modo legislação atual.
1119067,contran_965_estacionamento_especifico,specific_high_precision,theory_reference_only__not_solution_current_law,False,True,strict,238,needs_audit,False,,estacionamento especifico; vaga; idoso; deficiente,vaga; deficiente,Resolução CONTRAN nº 965/2022 - Áreas de Segurança e de Estacionamento Específicos de Veículos,Vínculo por assunto + termos do enunciado/alternativas/comentário. Exibir como card principal somente se importador aceitar score e revisão.,Questão desatualizada sem gabarito atual pontuável; não exibir como regra que resolve a questão no modo legislação atual.
1149242,contran_965_estacionamento_especifico,specific_high_precision,theory_reference_only__not_solution_current_law,False,True,strict,204,needs_audit,False,,estacionamento especifico; vaga,vaga,Resolução CONTRAN nº 965/2022 - Áreas de Segurança e de Estacionamento Específicos de Veículos,Vínculo por assunto + termos do enunciado/alternativas/comentário. Exibir como card principal somente se importador aceitar score e revisão.,Questão desatualizada sem gabarito atual pontuável; não exibir como regra que resolve a questão no modo legislação atual.
1213397,contran_965_estacionamento_especifico,specific_high_precision,theory_reference_only__not_solution_current_law,False,True,strict,204,needs_audit,False,,estacionamento especifico; area de seguranca,area de seguranca,Resolução CONTRAN nº 965/2022 - Áreas de Segurança e de Estacionamento Específicos de Veículos,Vínculo por assunto + termos do enunciado/alternativas/comentário. Exibir como card principal somente se importador aceitar score e revisão.,Questão desatualizada sem gabarito atual pontuável; não exibir como regra que resolve a questão no modo legislação atual.
1218720,contran_965_estacionamento_especifico,specific_high_precision,theory_reference_only__not_solution_current_law,False,True,strict,226,needs_audit,False,,estacionamento especifico; vaga; idoso,vaga; idoso,Resolução CONTRAN nº 965/2022 - Áreas de Segurança e de Estacionamento Específicos de Veículos,Vínculo por assunto + termos do enunciado/alternativas/comentário. Exibir como card principal somente se importador aceitar score e revisão.,Questão desatualizada sem gabarito atual pontuável; não exibir como regra que resolve a questão no modo legislação atual.
1394491,contran_965_estacionamento_especifico,specific_high_precision,theory_reference_only__not_solution_current_law,False,True,strict,216,needs_audit,False,,estacionamento especifico; vaga; idoso,vaga,Resolução CONTRAN nº 965/2022 - Áreas de Segurança e de Estacionamento Específicos de Veículos,Vínculo por assunto + termos do enunciado/alternativas/comentário. Exibir como card principal somente se importador aceitar score e revisão.,Questão desatualizada sem gabarito atual pontuável; não exibir como regra que resolve a questão no modo legislação atual.
1444785,contran_965_estacionamento_especifico,specific_high_precision,theory_reference_only__not_solution_current_law,False,True,comment_or_subject_evidence_only,182,needs_audit,False,,estacionamento especifico,,Resolução CONTRAN nº 965/2022 - Áreas de Segurança e de Estacionamento Específicos de Veículos,Vínculo por assunto + termos do enunciado/alternativas/comentário. Exibir como card principal somente se importador aceitar score e revisão. Termos fortes não apareceram no enunciado/alternativas; não exibir automaticamente no modo Estudar agora.,Questão desatualizada sem gabarito atual pontuável; não exibir como regra que resolve a questão no modo legislação atual.
1577973,contran_965_estacionamento_especifico,specific_high_precision,theory_reference_only__not_solution_current_law,False,True,strict,204,needs_audit,False,,estacionamento especifico; vaga,vaga,Resolução CONTRAN nº 965/2022 - Áreas de Segurança e de Estacionamento Específicos de Veículos,Vínculo por assunto + termos do enunciado/alternativas/comentário. Exibir como card principal somente se importador aceitar score e revisão.,Questão desatualizada sem gabarito atual pontuável; não exibir como regra que resolve a questão no modo legislação atual.
2136556,contran_965_estacionamento_especifico,specific_high_precision,theory_reference_only__not_solution_current_law,False,True,strict,226,needs_audit,False,,estacionamento especifico; vaga; idoso,vaga; idoso,Resolução CONTRAN nº 965/2022 - Áreas de Segurança e de Estacionamento Específicos de Veículos,Vínculo por assunto + termos do enunciado/alternativas/comentário. Exibir como card principal somente se importador aceitar score e revisão.,Questão desatualizada sem gabarito atual pontuável; não exibir como regra que resolve a questão no modo legislação atual.
28259,ctb_baixa_veiculo_irrecuperavel,specific_high_precision,rule_that_solves_or_clarifies_question,False,True,ambiguous_top_candidate,250,verified,True,ERRADO,baixa; irrecuperavel; definitivamente desmontado; perda total; laudo,baixa; irrecuperavel; laudo,Resolução CONTRAN nº 967/2022 - Critérios para a Baixa do Registro de Veículos,Vínculo por assunto + termos do enunciado/alternativas/comentário. Exibir como card principal somente se importador aceitar score e revisão.,
299472,contran_967_baixa_sinistro,specific_high_precision,rule_that_solves_or_clarifies_question,True,False,strict,253,verified,True,C,baixa do registro; irrecuperavel; laudo; 30 dias,baixa do registro; irrecuperavel; laudo; 30 dias,Resolução CONTRAN nº 967/2022 - Critérios para a Baixa do Registro de Veículos,Vínculo por assunto + termos do enunciado/alternativas/comentário. Exibir como card principal somente se importador aceitar score e revisão.,
300166,contran_967_baixa_sinistro,specific_high_precision,rule_that_solves_or_clarifies_question,False,True,ambiguous_top_candidate,275,verified,True,A,baixa do registro; irrecuperavel; perda total; sinistrado; laudo,baixa do registro; irrecuperavel; perda total; sinistrado; laudo,Resolução CONTRAN nº 967/2022 - Critérios para a Baixa do Registro de Veículos,Vínculo por assunto + termos do enunciado/alternativas/comentário. Exibir como card principal somente se importador aceitar score e revisão.,
876890,contran_967_baixa_sinistro,specific_high_precision,rule_that_solves_or_clarifies_question,False,True,ambiguous_top_candidate,187,verified,True,ERRADO,baixa do registro,baixa do registro,Resolução CONTRAN nº 967/2022 - Critérios para a Baixa do Registro de Veículos,Vínculo por assunto + termos do enunciado/alternativas/comentário. Exibir como card principal somente se importador aceitar score e revisão.,
1829620,ctb_baixa_veiculo_irrecuperavel,specific_high_precision,rule_that_solves_or_clarifies_question,True,False,strict,218,verified,True,C,baixa; irrecuperavel; definitivamente desmontado; desmontagem,baixa,Resolução CONTRAN nº 967/2022 - Critérios para a Baixa do Registro de Veículos,Vínculo por assunto + termos do enunciado/alternativas/comentário. Exibir como card principal somente se importador aceitar score e revisão.,
2002325,ctb_baixa_veiculo_irrecuperavel,specific_high_precision,rule_that_solves_or_clarifies_question,False,True,ambiguous_top_candidate,230,not_applicable_or_not_outdated,,,baixa; irrecuperavel; definitivamente desmontado; perda total; laudo,baixa,Resolução CONTRAN nº 967/2022 - Critérios para a Baixa do Registro de Veículos,Vínculo por assunto + termos do enunciado/alternativas/comentário. Exibir como card principal somente se importador aceitar score e revisão.,
2074094,contran_967_baixa_sinistro,specific_high_precision,rule_that_solves_or_clarifies_question,False,True,ambiguous_top_candidate,187,verified,True,A,baixa do registro,baixa do registro,Resolução CONTRAN nº 967/2022 - Critérios para a Baixa do Registro de Veículos,Vínculo por assunto + termos do enunciado/alternativas/comentário. Exibir como card principal somente se importador aceitar score e revisão.,
2178115,contran_967_baixa_sinistro,specific_high_precision,rule_that_solves_or_clarifies_question,False,True,ambiguous_top_candidate,275,not_applicable_or_not_outdated,,,baixa do registro; irrecuperavel; perda total; sinistrado; laudo,baixa do registro; irrecuperavel; perda total; sinistrado; laudo,Resolução CONTRAN nº 967/2022 - Critérios para a Baixa do Registro de Veículos,Vínculo por assunto + termos do enunciado/alternativas/comentário. Exibir como card principal somente se importador aceitar score e revisão.,
2178116,contran_24_968_identificacao_chassi_vin,specific_high_precision,suggested_card_needs_review,False,True,comment_or_subject_evidence_only,220,not_applicable_or_not_outdated,,,chassi; vin; identificacao veicular; gravacao; numero de identificacao,,Resolução CONTRAN nº 967/2022 - Critérios para a Baixa do Registro de Veículos,Vínculo por assunto + termos do enunciado/alternativas/comentário. Exibir como card principal somente se importador aceitar score e revisão. Termos fortes não apareceram no enunciado/alternativas; não exibir automaticamente no modo Estudar agora.,
2178133,contran_967_baixa_sinistro,specific_high_precision,rule_that_solves_or_clarifies_question,False,True,ambiguous_top_candidate,187,not_applicable_or_not_outdated,,,baixa do registro,baixa do registro,Resolução CONTRAN nº 967/2022 - Critérios para a Baixa do Registro de Veículos,Vínculo por assunto + termos do enunciado/alternativas/comentário. Exibir como card principal somente se importador aceitar score e revisão.,
2178134,contran_967_baixa_sinistro,specific_high_precision,rule_that_solves_or_clarifies_question,False,True,ambiguous_top_candidate,187,not_applicable_or_not_outdated,,,baixa do registro,baixa do registro,Resolução CONTRAN nº 967/2022 - Critérios para a Baixa do Registro de Veículos,Vínculo por assunto + termos do enunciado/alternativas/comentário. Exibir como card principal somente se importador aceitar score e revisão.,
2178135,contran_967_baixa_sinistro,specific_high_precision,rule_that_solves_or_clarifies_question,False,True,ambiguous_top_candidate,187,not_applicable_or_not_outdated,,,baixa do registro,baixa do registro,Resolução CONTRAN nº 967/2022 - Critérios para a Baixa do Registro de Veículos,Vínculo por assunto + termos do enunciado/alternativas/comentário. Exibir como card principal somente se importador aceitar score e revisão.,
2178136,ctb_registro_transferencia_propriedade,specific_high_precision,rule_that_solves_or_clarifies_question,True,False,strict,216,not_applicable_or_not_outdated,,,registro; proprietario; crv,registro; proprietario; crv,Resolução CONTRAN nº 967/2022 - Critérios para a Baixa do Registro de Veículos,Vínculo por assunto + termos do enunciado/alternativas/comentário. Exibir como card principal somente se importador aceitar score e revisão.,
2178137,contran_967_baixa_sinistro,specific_high_precision,rule_that_solves_or_clarifies_question,False,True,ambiguous_top_candidate,187,not_applicable_or_not_outdated,,,baixa do registro,baixa do registro,Resolução CONTRAN nº 967/2022 - Critérios para a Baixa do Registro de Veículos,Vínculo por assunto + termos do enunciado/alternativas/comentário. Exibir como card principal somente se importador aceitar score e revisão.,
2178138,contran_967_baixa_sinistro,specific_high_precision,rule_that_solves_or_clarifies_question,False,True,ambiguous_top_candidate,187,not_applicable_or_not_outdated,,,baixa do registro,baixa do registro,Resolução CONTRAN nº 967/2022 - Critérios para a Baixa do Registro de Veículos,Vínculo por assunto + termos do enunciado/alternativas/comentário. Exibir como card principal somente se importador aceitar score e revisão.,
2178139,subject_overview::resolucao-contran-n-967-2022-criterios-para-a-baixa-do-registro-de-veiculos,subject_overview_fallback,general_orientation_only,False,False,downgraded_weak_evidence,50,not_applicable_or_not_outdated,,,Resolução CONTRAN nº 967/2022 - Critérios para a Baixa do Registro de Veículos,,Resolução CONTRAN nº 967/2022 - Critérios para a Baixa do Registro de Veículos,Vínculo específico rebaixado: a evidência era genérica/fraca. Exibir apenas panorama do assunto até revisão humana.,
1971389,contran_969_piv,specific_high_precision,rule_that_solves_or_clarifies_question,True,False,strict,228,not_applicable_or_not_outdated,,,placa; piv; mercosul; placas de identificacao,placa; placas de identificacao,Resolução CONTRAN nº 969/2022 - Sistema de Placas de Identificação de Veículos (PIV),Vínculo por assunto + termos do enunciado/alternativas/comentário. Exibir como card principal somente se importador aceitar score e revisão.,
1994537,contran_969_piv,specific_high_precision,rule_that_solves_or_clarifies_question,True,False,strict,228,not_applicable_or_not_outdated,,,placa; piv; mercosul; placas de identificacao,placa; mercosul,Resolução CONTRAN nº 969/2022 - Sistema de Placas de Identificação de Veículos (PIV),Vínculo por assunto + termos do enunciado/alternativas/comentário. Exibir como card principal somente se importador aceitar score e revisão.,
2178225,contran_969_piv,specific_high_precision,rule_that_solves_or_clarifies_question,True,False,strict,226,not_applicable_or_not_outdated,,,placa; piv; placas de identificacao,placa; piv; placas de identificacao,Resolução CONTRAN nº 969/2022 - Sistema de Placas de Identificação de Veículos (PIV),Vínculo por assunto + termos do enunciado/alternativas/comentário. Exibir como card principal somente se importador aceitar score e revisão.,
2178226,contran_969_piv,specific_high_precision,rule_that_solves_or_clarifies_question,True,False,strict,226,not_applicable_or_not_outdated,,,placa; piv; placas de identificacao,placa; piv; placas de identificacao,Resolução CONTRAN nº 969/2022 - Sistema de Placas de Identificação de Veículos (PIV),Vínculo por assunto + termos do enunciado/alternativas/comentário. Exibir como card principal somente se importador aceitar score e revisão.,
2178227,contran_969_piv,specific_high_precision,rule_that_solves_or_clarifies_question,True,False,strict,226,not_applicable_or_not_outdated,,,placa; piv; placas de identificacao,placa; piv; placas de identificacao,Resolução CONTRAN nº 969/2022 - Sistema de Placas de Identificação de Veículos (PIV),Vínculo por assunto + termos do enunciado/alternativas/comentário. Exibir como card principal somente se importador aceitar score e revisão.,
2178228,contran_969_piv,specific_high_precision,rule_that_solves_or_clarifies_question,True,False,strict,226,not_applicable_or_not_outdated,,,placa; piv; placas de identificacao,placa; piv; placas de identificacao,Resolução CONTRAN nº 969/2022 - Sistema de Placas de Identificação de Veículos (PIV),Vínculo por assunto + termos do enunciado/alternativas/comentário. Exibir como card principal somente se importador aceitar score e revisão.,
2178230,contran_969_piv,specific_high_precision,rule_that_solves_or_clarifies_question,True,False,strict,226,not_applicable_or_not_outdated,,,placa; piv; placas de identificacao,placa; piv; placas de identificacao,Resolução CONTRAN nº 969/2022 - Sistema de Placas de Identificação de Veículos (PIV),Vínculo por assunto + termos do enunciado/alternativas/comentário. Exibir como card principal somente se importador aceitar score e revisão.,
2178231,contran_969_piv,specific_high_precision,rule_that_solves_or_clarifies_question,True,False,strict,226,not_applicable_or_not_outdated,,,placa; piv; placas de identificacao,placa; piv; placas de identificacao,Resolução CONTRAN nº 969/2022 - Sistema de Placas de Identificação de Veículos (PIV),Vínculo por assunto + termos do enunciado/alternativas/comentário. Exibir como card principal somente se importador aceitar score e revisão.,
2178233,contran_969_piv,specific_high_precision,rule_that_solves_or_clarifies_question,True,False,strict,226,not_applicable_or_not_outdated,,,placa; piv; placas de identificacao,placa; piv; placas de identificacao,Resolução CONTRAN nº 969/2022 - Sistema de Placas de Identificação de Veículos (PIV),Vínculo por assunto + termos do enunciado/alternativas/comentário. Exibir como card principal somente se importador aceitar score e revisão.,
2178234,contran_969_piv,specific_high_precision,rule_that_solves_or_clarifies_question,True,False,strict,226,not_applicable_or_not_outdated,,,placa; piv; placas de identificacao,placa; piv; placas de identificacao,Resolução CONTRAN nº 969/2022 - Sistema de Placas de Identificação de Veículos (PIV),Vínculo por assunto + termos do enunciado/alternativas/comentário. Exibir como card principal somente se importador aceitar score e revisão.,
2178235,contran_969_piv,specific_high_precision,rule_that_solves_or_clarifies_question,True,False,strict,226,not_applicable_or_not_outdated,,,placa; piv; placas de identificacao,placa; piv; placas de identificacao,Resolução CONTRAN nº 969/2022 - Sistema de Placas de Identificação de Veículos (PIV),Vínculo por assunto + termos do enunciado/alternativas/comentário. Exibir como card principal somente se importador aceitar score e revisão.,
2178236,contran_969_piv,specific_high_precision,rule_that_solves_or_clarifies_question,True,False,strict,248,not_applicable_or_not_outdated,,,placa; piv; identificacao veicular; placas de identificacao,placa; piv; identificacao veicular; placas de identificacao,Resolução CONTRAN nº 969/2022 - Sistema de Placas de Identificação de Veículos (PIV),Vínculo por assunto + termos do enunciado/alternativas/comentário. Exibir como card principal somente se importador aceitar score e revisão.,
2178237,contran_969_piv,specific_high_precision,rule_that_solves_or_clarifies_question,True,False,strict,226,not_applicable_or_not_outdated,,,placa; piv; placas de identificacao,placa; piv; placas de identificacao,Resolução CONTRAN nº 969/2022 - Sistema de Placas de Identificação de Veículos (PIV),Vínculo por assunto + termos do enunciado/alternativas/comentário. Exibir como card principal somente se importador aceitar score e revisão.,
2178238,contran_969_piv,specific_high_precision,rule_that_solves_or_clarifies_question,True,False,strict,226,not_applicable_or_not_outdated,,,placa; piv; placas de identificacao,placa; piv; placas de identificacao,Resolução CONTRAN nº 969/2022 - Sistema de Placas de Identificação de Veículos (PIV),Vínculo por assunto + termos do enunciado/alternativas/comentário. Exibir como card principal somente se importador aceitar score e revisão.,
2178239,contran_969_piv,specific_high_precision,rule_that_solves_or_clarifies_question,True,False,strict,226,not_applicable_or_not_outdated,,,placa; piv; placas de identificacao,placa; piv; placas de identificacao,Resolução CONTRAN nº 969/2022 - Sistema de Placas de Identificação de Veículos (PIV),Vínculo por assunto + termos do enunciado/alternativas/comentário. Exibir como card principal somente se importador aceitar score e revisão.,
2178240,contran_969_piv,specific_high_precision,rule_that_solves_or_clarifies_question,True,False,strict,226,not_applicable_or_not_outdated,,,placa; piv; placas de identificacao,placa; piv; placas de identificacao,Resolução CONTRAN nº 969/2022 - Sistema de Placas de Identificação de Veículos (PIV),Vínculo por assunto + termos do enunciado/alternativas/comentário. Exibir como card principal somente se importador aceitar score e revisão.,
2178242,contran_969_piv,specific_high_precision,rule_that_solves_or_clarifies_question,True,False,strict,226,not_applicable_or_not_outdated,,,placa; piv; placas de identificacao,placa; piv; placas de identificacao,Resolução CONTRAN nº 969/2022 - Sistema de Placas de Identificação de Veículos (PIV),Vínculo por assunto + termos do enunciado/alternativas/comentário. Exibir como card principal somente se importador aceitar score e revisão.,
2178244,contran_969_piv,specific_high_precision,rule_that_solves_or_clarifies_question,True,False,strict,248,not_applicable_or_not_outdated,,,placa; piv; identificacao veicular; placas de identificacao,placa; piv; identificacao veicular; placas de identificacao,Resolução CONTRAN nº 969/2022 - Sistema de Placas de Identificação de Veículos (PIV),Vínculo por assunto + termos do enunciado/alternativas/comentário. Exibir como card principal somente se importador aceitar score e revisão.,
2178246,contran_969_piv,specific_high_precision,rule_that_solves_or_clarifies_question,True,False,strict,248,not_applicable_or_not_outdated,,,placa; piv; identificacao veicular; placas de identificacao,placa; piv; identificacao veicular; placas de identificacao,Resolução CONTRAN nº 969/2022 - Sistema de Placas de Identificação de Veículos (PIV),Vínculo por assunto + termos do enunciado/alternativas/comentário. Exibir como card principal somente se importador aceitar score e revisão.,
2178249,contran_969_piv,specific_high_precision,rule_that_solves_or_clarifies_question,True,False,strict,226,not_applicable_or_not_outdated,,,placa; piv; placas de identificacao,placa; piv; placas de identificacao,Resolução CONTRAN nº 969/2022 - Sistema de Placas de Identificação de Veículos (PIV),Vínculo por assunto + termos do enunciado/alternativas/comentário. Exibir como card principal somente se importador aceitar score e revisão.,
2178250,contran_969_piv,specific_high_precision,rule_that_solves_or_clarifies_question,True,False,strict,226,not_applicable_or_not_outdated,,,placa; piv; placas de identificacao,placa; piv; placas de identificacao,Resolução CONTRAN nº 969/2022 - Sistema de Placas de Identificação de Veículos (PIV),Vínculo por assunto + termos do enunciado/alternativas/comentário. Exibir como card principal somente se importador aceitar score e revisão.,
2178251,contran_969_piv,specific_high_precision,rule_that_solves_or_clarifies_question,True,False,strict,226,not_applicable_or_not_outdated,,,placa; piv; placas de identificacao,placa; piv; placas de identificacao,Resolução CONTRAN nº 969/2022 - Sistema de Placas de Identificação de Veículos (PIV),Vínculo por assunto + termos do enunciado/alternativas/comentário. Exibir como card principal somente se importador aceitar score e revisão.,
2178252,contran_969_piv,specific_high_precision,rule_that_solves_or_clarifies_question,True,False,strict,226,not_applicable_or_not_outdated,,,placa; piv; placas de identificacao,placa; piv; placas de identificacao,Resolução CONTRAN nº 969/2022 - Sistema de Placas de Identificação de Veículos (PIV),Vínculo por assunto + termos do enunciado/alternativas/comentário. Exibir como card principal somente se importador aceitar score e revisão.,
2178256,contran_969_piv,specific_high_precision,rule_that_solves_or_clarifies_question,True,False,strict,226,not_applicable_or_not_outdated,,,placa; piv; placas de identificacao,placa; piv; placas de identificacao,Resolução CONTRAN nº 969/2022 - Sistema de Placas de Identificação de Veículos (PIV),Vínculo por assunto + termos do enunciado/alternativas/comentário. Exibir como card principal somente se importador aceitar score e revisão.,
2178257,contran_969_piv,specific_high_precision,rule_that_solves_or_clarifies_question,True,False,strict,226,not_applicable_or_not_outdated,,,placa; piv; placas de identificacao,placa; piv; placas de identificacao,Resolução CONTRAN nº 969/2022 - Sistema de Placas de Identificação de Veículos (PIV),Vínculo por assunto + termos do enunciado/alternativas/comentário. Exibir como card principal somente se importador aceitar score e revisão.,
114206,contran_970_luzes_veiculares,specific_high_precision,theory_reference_only__not_solution_current_law,False,True,strict,204,needs_audit,False,,iluminacao; lanterna,iluminacao; lanterna,"Resolução CONTRAN nº 970/2022 - Sistemas de Sinalização, Iluminação e Uso de Lanternas Especiais",Vínculo por assunto + termos do enunciado/alternativas/comentário. Exibir como card principal somente se importador aceitar score e revisão.,Questão desatualizada sem gabarito atual pontuável; não exibir como regra que resolve a questão no modo legislação atual.
246426,contran_970_luzes_veiculares,specific_high_precision,theory_reference_only__not_solution_current_law,False,True,strict,226,needs_audit,False,,iluminacao; lanterna; farol,iluminacao; lanterna; farol,"Resolução CONTRAN nº 970/2022 - Sistemas de Sinalização, Iluminação e Uso de Lanternas Especiais",Vínculo por assunto + termos do enunciado/alternativas/comentário. Exibir como card principal somente se importador aceitar score e revisão.,Questão desatualizada sem gabarito atual pontuável; não exibir como regra que resolve a questão no modo legislação atual.
596259,contran_970_luzes_veiculares,specific_high_precision,theory_reference_only__not_solution_current_law,False,True,strict,194,needs_audit,False,,iluminacao; lanterna,iluminacao,"Resolução CONTRAN nº 970/2022 - Sistemas de Sinalização, Iluminação e Uso de Lanternas Especiais",Vínculo por assunto + termos do enunciado/alternativas/comentário. Exibir como card principal somente se importador aceitar score e revisão.,Questão desatualizada sem gabarito atual pontuável; não exibir como regra que resolve a questão no modo legislação atual.
1089565,contran_970_luzes_veiculares,specific_high_precision,theory_reference_only__not_solution_current_law,False,True,strict,194,needs_audit,False,,iluminacao; lanterna,iluminacao,"Resolução CONTRAN nº 970/2022 - Sistemas de Sinalização, Iluminação e Uso de Lanternas Especiais",Vínculo por assunto + termos do enunciado/alternativas/comentário. Exibir como card principal somente se importador aceitar score e revisão.,Questão desatualizada sem gabarito atual pontuável; não exibir como regra que resolve a questão no modo legislação atual.
1093452,contran_970_luzes_veiculares,specific_high_precision,theory_reference_only__not_solution_current_law,False,True,strict,194,needs_audit,False,,iluminacao; lanterna,iluminacao,"Resolução CONTRAN nº 970/2022 - Sistemas de Sinalização, Iluminação e Uso de Lanternas Especiais",Vínculo por assunto + termos do enunciado/alternativas/comentário. Exibir como card principal somente se importador aceitar score e revisão.,Questão desatualizada sem gabarito atual pontuável; não exibir como regra que resolve a questão no modo legislação atual.
1185938,contran_970_luzes_veiculares,specific_high_precision,theory_reference_only__not_solution_current_law,False,True,strict,206,needs_audit,False,,iluminacao; lanterna; farol,farol,"Resolução CONTRAN nº 970/2022 - Sistemas de Sinalização, Iluminação e Uso de Lanternas Especiais",Vínculo por assunto + termos do enunciado/alternativas/comentário. Exibir como card principal somente se importador aceitar score e revisão.,Questão desatualizada sem gabarito atual pontuável; não exibir como regra que resolve a questão no modo legislação atual.
1260561,contran_970_luzes_veiculares,specific_high_precision,theory_reference_only__not_solution_current_law,False,True,strict,194,needs_audit,False,,iluminacao; lanterna,iluminacao,"Resolução CONTRAN nº 970/2022 - Sistemas de Sinalização, Iluminação e Uso de Lanternas Especiais",Vínculo por assunto + termos do enunciado/alternativas/comentário. Exibir como card principal somente se importador aceitar score e revisão.,Questão desatualizada sem gabarito atual pontuável; não exibir como regra que resolve a questão no modo legislação atual.
1260562,contran_970_luzes_veiculares,specific_high_precision,theory_reference_only__not_solution_current_law,False,True,strict,194,needs_audit,False,,iluminacao; lanterna,iluminacao,"Resolução CONTRAN nº 970/2022 - Sistemas de Sinalização, Iluminação e Uso de Lanternas Especiais",Vínculo por assunto + termos do enunciado/alternativas/comentário. Exibir como card principal somente se importador aceitar score e revisão.,Questão desatualizada sem gabarito atual pontuável; não exibir como regra que resolve a questão no modo legislação atual.
1508511,contran_970_luzes_veiculares,specific_high_precision,theory_reference_only__not_solution_current_law,False,True,strict,194,needs_audit,False,,iluminacao; lanterna,iluminacao,"Resolução CONTRAN nº 970/2022 - Sistemas de Sinalização, Iluminação e Uso de Lanternas Especiais",Vínculo por assunto + termos do enunciado/alternativas/comentário. Exibir como card principal somente se importador aceitar score e revisão.,Questão desatualizada sem gabarito atual pontuável; não exibir como regra que resolve a questão no modo legislação atual.
1508513,contran_970_luzes_veiculares,specific_high_precision,theory_reference_only__not_solution_current_law,False,True,strict,204,needs_audit,False,,iluminacao; lanterna,iluminacao; lanterna,"Resolução CONTRAN nº 970/2022 - Sistemas de Sinalização, Iluminação e Uso de Lanternas Especiais",Vínculo por assunto + termos do enunciado/alternativas/comentário. Exibir como card principal somente se importador aceitar score e revisão.,Questão desatualizada sem gabarito atual pontuável; não exibir como regra que resolve a questão no modo legislação atual.
1508514,contran_970_luzes_veiculares,specific_high_precision,theory_reference_only__not_solution_current_law,False,True,strict,204,needs_audit,False,,iluminacao; lanterna,iluminacao; lanterna,"Resolução CONTRAN nº 970/2022 - Sistemas de Sinalização, Iluminação e Uso de Lanternas Especiais",Vínculo por assunto + termos do enunciado/alternativas/comentário. Exibir como card principal somente se importador aceitar score e revisão.,Questão desatualizada sem gabarito atual pontuável; não exibir como regra que resolve a questão no modo legislação atual.
1508516,contran_970_luzes_veiculares,specific_high_precision,theory_reference_only__not_solution_current_law,False,True,strict,194,needs_audit,False,,iluminacao; lanterna,iluminacao,"Resolução CONTRAN nº 970/2022 - Sistemas de Sinalização, Iluminação e Uso de Lanternas Especiais",Vínculo por assunto + termos do enunciado/alternativas/comentário. Exibir como card principal somente se importador aceitar score e revisão.,Questão desatualizada sem gabarito atual pontuável; não exibir como regra que resolve a questão no modo legislação atual.
1508518,contran_970_luzes_veiculares,specific_high_precision,theory_reference_only__not_solution_current_law,False,True,strict,194,needs_audit,False,,iluminacao; lanterna,iluminacao,"Resolução CONTRAN nº 970/2022 - Sistemas de Sinalização, Iluminação e Uso de Lanternas Especiais",Vínculo por assunto + termos do enunciado/alternativas/comentário. Exibir como card principal somente se importador aceitar score e revisão.,Questão desatualizada sem gabarito atual pontuável; não exibir como regra que resolve a questão no modo legislação atual.
1508521,contran_970_luzes_veiculares,specific_high_precision,theory_reference_only__not_solution_current_law,False,True,strict,194,needs_audit,False,,iluminacao; lanterna,iluminacao,"Resolução CONTRAN nº 970/2022 - Sistemas de Sinalização, Iluminação e Uso de Lanternas Especiais",Vínculo por assunto + termos do enunciado/alternativas/comentário. Exibir como card principal somente se importador aceitar score e revisão.,Questão desatualizada sem gabarito atual pontuável; não exibir como regra que resolve a questão no modo legislação atual.
1508522,contran_970_luzes_veiculares,specific_high_precision,theory_reference_only__not_solution_current_law,False,True,strict,194,needs_audit,False,,iluminacao; lanterna,iluminacao,"Resolução CONTRAN nº 970/2022 - Sistemas de Sinalização, Iluminação e Uso de Lanternas Especiais",Vínculo por assunto + termos do enunciado/alternativas/comentário. Exibir como card principal somente se importador aceitar score e revisão.,Questão desatualizada sem gabarito atual pontuável; não exibir como regra que resolve a questão no modo legislação atual.
1577065,contran_970_luzes_veiculares,specific_high_precision,theory_reference_only__not_solution_current_law,False,True,strict,194,needs_audit,False,,iluminacao; lanterna,iluminacao,"Resolução CONTRAN nº 970/2022 - Sistemas de Sinalização, Iluminação e Uso de Lanternas Especiais",Vínculo por assunto + termos do enunciado/alternativas/comentário. Exibir como card principal somente se importador aceitar score e revisão.,Questão desatualizada sem gabarito atual pontuável; não exibir como regra que resolve a questão no modo legislação atual.
2465723,subject_overview::resolucao-contran-n-973-2022-institui-o-regulamento-de-sinalizacao-viaria,subject_overview_fallback,general_orientation_only,False,False,fallback_by_assunto,50,not_applicable_or_not_outdated,,,Resolução CONTRAN nº 973/2022 - Institui o Regulamento de Sinalização Viária,,Resolução CONTRAN nº 973/2022 - Institui o Regulamento de Sinalização Viária,"Sem evidência suficiente para microcard específico. Exibir apenas como panorama do assunto, nunca como regra que resolve a questão.",
305790,subject_overview::resolucao-contran-n-985-2022-manual-brasileiro-de-fiscalizacao-de-transito,subject_overview_fallback,theory_reference_only__not_solution_current_law,False,True,fallback_by_assunto,50,needs_audit,False,,Resolução CONTRAN nº 985/2022 - Manual Brasileiro de Fiscalização de Trânsito,,Resolução CONTRAN nº 985/2022 - Manual Brasileiro de Fiscalização de Trânsito,"Sem evidência suficiente para microcard específico. Exibir apenas como panorama do assunto, nunca como regra que resolve a questão.",Questão desatualizada sem gabarito atual pontuável; não exibir como regra que resolve a questão no modo legislação atual.
332619,subject_overview::resolucao-contran-n-985-2022-manual-brasileiro-de-fiscalizacao-de-transito,subject_overview_fallback,general_orientation_only,False,False,fallback_by_assunto,50,not_applicable_or_not_outdated,,,Resolução CONTRAN nº 985/2022 - Manual Brasileiro de Fiscalização de Trânsito,,Resolução CONTRAN nº 985/2022 - Manual Brasileiro de Fiscalização de Trânsito,"Sem evidência suficiente para microcard específico. Exibir apenas como panorama do assunto, nunca como regra que resolve a questão.",
333410,subject_overview::resolucao-contran-n-985-2022-manual-brasileiro-de-fiscalizacao-de-transito,subject_overview_fallback,theory_reference_only__not_solution_current_law,False,True,fallback_by_assunto,50,needs_audit,False,,Resolução CONTRAN nº 985/2022 - Manual Brasileiro de Fiscalização de Trânsito,,Resolução CONTRAN nº 985/2022 - Manual Brasileiro de Fiscalização de Trânsito,"Sem evidência suficiente para microcard específico. Exibir apenas como panorama do assunto, nunca como regra que resolve a questão.",Questão desatualizada sem gabarito atual pontuável; não exibir como regra que resolve a questão no modo legislação atual.
333419,subject_overview::resolucao-contran-n-985-2022-manual-brasileiro-de-fiscalizacao-de-transito,subject_overview_fallback,general_orientation_only,False,False,fallback_by_assunto,50,not_applicable_or_not_outdated,,,Resolução CONTRAN nº 985/2022 - Manual Brasileiro de Fiscalização de Trânsito,,Resolução CONTRAN nº 985/2022 - Manual Brasileiro de Fiscalização de Trânsito,"Sem evidência suficiente para microcard específico. Exibir apenas como panorama do assunto, nunca como regra que resolve a questão.",
333429,subject_overview::resolucao-contran-n-985-2022-manual-brasileiro-de-fiscalizacao-de-transito,subject_overview_fallback,theory_reference_only__not_solution_current_law,False,True,fallback_by_assunto,50,needs_audit,False,,Resolução CONTRAN nº 985/2022 - Manual Brasileiro de Fiscalização de Trânsito,,Resolução CONTRAN nº 985/2022 - Manual Brasileiro de Fiscalização de Trânsito,"Sem evidência suficiente para microcard específico. Exibir apenas como panorama do assunto, nunca como regra que resolve a questão.",Questão desatualizada sem gabarito atual pontuável; não exibir como regra que resolve a questão no modo legislação atual.
496545,subject_overview::resolucao-contran-n-985-2022-manual-brasileiro-de-fiscalizacao-de-transito,subject_overview_fallback,theory_reference_only__not_solution_current_law,False,True,fallback_by_assunto,50,needs_audit,False,,Resolução CONTRAN nº 985/2022 - Manual Brasileiro de Fiscalização de Trânsito,,Resolução CONTRAN nº 985/2022 - Manual Brasileiro de Fiscalização de Trânsito,"Sem evidência suficiente para microcard específico. Exibir apenas como panorama do assunto, nunca como regra que resolve a questão.",Questão desatualizada sem gabarito atual pontuável; não exibir como regra que resolve a questão no modo legislação atual.
496546,subject_overview::resolucao-contran-n-985-2022-manual-brasileiro-de-fiscalizacao-de-transito,subject_overview_fallback,theory_reference_only__not_solution_current_law,False,True,fallback_by_assunto,50,needs_audit,False,,Resolução CONTRAN nº 985/2022 - Manual Brasileiro de Fiscalização de Trânsito,,Resolução CONTRAN nº 985/2022 - Manual Brasileiro de Fiscalização de Trânsito,"Sem evidência suficiente para microcard específico. Exibir apenas como panorama do assunto, nunca como regra que resolve a questão.",Questão desatualizada sem gabarito atual pontuável; não exibir como regra que resolve a questão no modo legislação atual.
517809,subject_overview::resolucao-contran-n-985-2022-manual-brasileiro-de-fiscalizacao-de-transito,subject_overview_fallback,general_orientation_only,False,False,fallback_by_assunto,50,not_applicable_or_not_outdated,,,Resolução CONTRAN nº 985/2022 - Manual Brasileiro de Fiscalização de Trânsito,,Resolução CONTRAN nº 985/2022 - Manual Brasileiro de Fiscalização de Trânsito,"Sem evidência suficiente para microcard específico. Exibir apenas como panorama do assunto, nunca como regra que resolve a questão.",
626006,subject_overview::resolucao-contran-n-985-2022-manual-brasileiro-de-fiscalizacao-de-transito,subject_overview_fallback,theory_reference_only__not_solution_current_law,False,True,fallback_by_assunto,50,needs_audit,False,,Resolução CONTRAN nº 985/2022 - Manual Brasileiro de Fiscalização de Trânsito,,Resolução CONTRAN nº 985/2022 - Manual Brasileiro de Fiscalização de Trânsito,"Sem evidência suficiente para microcard específico. Exibir apenas como panorama do assunto, nunca como regra que resolve a questão.",Questão desatualizada sem gabarito atual pontuável; não exibir como regra que resolve a questão no modo legislação atual.
752509,subject_overview::resolucao-contran-n-985-2022-manual-brasileiro-de-fiscalizacao-de-transito,subject_overview_fallback,general_orientation_only,False,False,fallback_by_assunto,50,not_applicable_or_not_outdated,,,Resolução CONTRAN nº 985/2022 - Manual Brasileiro de Fiscalização de Trânsito,,Resolução CONTRAN nº 985/2022 - Manual Brasileiro de Fiscalização de Trânsito,"Sem evidência suficiente para microcard específico. Exibir apenas como panorama do assunto, nunca como regra que resolve a questão.",
801655,subject_overview::resolucao-contran-n-985-2022-manual-brasileiro-de-fiscalizacao-de-transito,subject_overview_fallback,general_orientation_only,False,False,fallback_by_assunto,50,not_applicable_or_not_outdated,,,Resolução CONTRAN nº 985/2022 - Manual Brasileiro de Fiscalização de Trânsito,,Resolução CONTRAN nº 985/2022 - Manual Brasileiro de Fiscalização de Trânsito,"Sem evidência suficiente para microcard específico. Exibir apenas como panorama do assunto, nunca como regra que resolve a questão.",
801656,ctb_penalidades_medidas,specific_high_precision,theory_reference_only__not_solution_current_law,False,True,strict,194,needs_audit,False,,penalidade; recolhimento,penalidade; recolhimento,Resolução CONTRAN nº 985/2022 - Manual Brasileiro de Fiscalização de Trânsito,Vínculo por assunto + termos do enunciado/alternativas/comentário. Exibir como card principal somente se importador aceitar score e revisão.,Questão desatualizada sem gabarito atual pontuável; não exibir como regra que resolve a questão no modo legislação atual.
801665,subject_overview::resolucao-contran-n-985-2022-manual-brasileiro-de-fiscalizacao-de-transito,subject_overview_fallback,general_orientation_only,False,False,fallback_by_assunto,50,not_applicable_or_not_outdated,,,Resolução CONTRAN nº 985/2022 - Manual Brasileiro de Fiscalização de Trânsito,,Resolução CONTRAN nº 985/2022 - Manual Brasileiro de Fiscalização de Trânsito,"Sem evidência suficiente para microcard específico. Exibir apenas como panorama do assunto, nunca como regra que resolve a questão.",
801666,subject_overview::resolucao-contran-n-985-2022-manual-brasileiro-de-fiscalizacao-de-transito,subject_overview_fallback,general_orientation_only,False,False,fallback_by_assunto,50,not_applicable_or_not_outdated,,,Resolução CONTRAN nº 985/2022 - Manual Brasileiro de Fiscalização de Trânsito,,Resolução CONTRAN nº 985/2022 - Manual Brasileiro de Fiscalização de Trânsito,"Sem evidência suficiente para microcard específico. Exibir apenas como panorama do assunto, nunca como regra que resolve a questão.",
801667,subject_overview::resolucao-contran-n-985-2022-manual-brasileiro-de-fiscalizacao-de-transito,subject_overview_fallback,general_orientation_only,False,False,fallback_by_assunto,50,not_applicable_or_not_outdated,,,Resolução CONTRAN nº 985/2022 - Manual Brasileiro de Fiscalização de Trânsito,,Resolução CONTRAN nº 985/2022 - Manual Brasileiro de Fiscalização de Trânsito,"Sem evidência suficiente para microcard específico. Exibir apenas como panorama do assunto, nunca como regra que resolve a questão.",
820237,subject_overview::resolucao-contran-n-985-2022-manual-brasileiro-de-fiscalizacao-de-transito,subject_overview_fallback,theory_reference_only__not_solution_current_law,False,True,fallback_by_assunto,50,needs_audit,False,,Resolução CONTRAN nº 985/2022 - Manual Brasileiro de Fiscalização de Trânsito,,Resolução CONTRAN nº 985/2022 - Manual Brasileiro de Fiscalização de Trânsito,"Sem evidência suficiente para microcard específico. Exibir apenas como panorama do assunto, nunca como regra que resolve a questão.",Questão desatualizada sem gabarito atual pontuável; não exibir como regra que resolve a questão no modo legislação atual.
859913,subject_overview::resolucao-contran-n-985-2022-manual-brasileiro-de-fiscalizacao-de-transito,subject_overview_fallback,theory_reference_only__not_solution_current_law,False,True,fallback_by_assunto,50,needs_audit,False,,Resolução CONTRAN nº 985/2022 - Manual Brasileiro de Fiscalização de Trânsito,,Resolução CONTRAN nº 985/2022 - Manual Brasileiro de Fiscalização de Trânsito,"Sem evidência suficiente para microcard específico. Exibir apenas como panorama do assunto, nunca como regra que resolve a questão.",Questão desatualizada sem gabarito atual pontuável; não exibir como regra que resolve a questão no modo legislação atual.
859917,subject_overview::resolucao-contran-n-985-2022-manual-brasileiro-de-fiscalizacao-de-transito,subject_overview_fallback,theory_reference_only__not_solution_current_law,False,True,fallback_by_assunto,50,needs_audit,False,,Resolução CONTRAN nº 985/2022 - Manual Brasileiro de Fiscalização de Trânsito,,Resolução CONTRAN nº 985/2022 - Manual Brasileiro de Fiscalização de Trânsito,"Sem evidência suficiente para microcard específico. Exibir apenas como panorama do assunto, nunca como regra que resolve a questão.",Questão desatualizada sem gabarito atual pontuável; não exibir como regra que resolve a questão no modo legislação atual.
859918,subject_overview::resolucao-contran-n-985-2022-manual-brasileiro-de-fiscalizacao-de-transito,subject_overview_fallback,theory_reference_only__not_solution_current_law,False,True,downgraded_weak_evidence,50,needs_audit,False,,Resolução CONTRAN nº 985/2022 - Manual Brasileiro de Fiscalização de Trânsito,,Resolução CONTRAN nº 985/2022 - Manual Brasileiro de Fiscalização de Trânsito,Vínculo específico rebaixado: a evidência era genérica/fraca. Exibir apenas panorama do assunto até revisão humana.,Questão desatualizada sem gabarito atual pontuável; não exibir como regra que resolve a questão no modo legislação atual.
859919,subject_overview::resolucao-contran-n-985-2022-manual-brasileiro-de-fiscalizacao-de-transito,subject_overview_fallback,theory_reference_only__not_solution_current_law,False,True,downgraded_weak_evidence,50,needs_audit,False,,Resolução CONTRAN nº 985/2022 - Manual Brasileiro de Fiscalização de Trânsito,,Resolução CONTRAN nº 985/2022 - Manual Brasileiro de Fiscalização de Trânsito,Vínculo específico rebaixado: a evidência era genérica/fraca. Exibir apenas panorama do assunto até revisão humana.,Questão desatualizada sem gabarito atual pontuável; não exibir como regra que resolve a questão no modo legislação atual.
904806,subject_overview::resolucao-contran-n-985-2022-manual-brasileiro-de-fiscalizacao-de-transito,subject_overview_fallback,theory_reference_only__not_solution_current_law,False,True,fallback_by_assunto,50,needs_audit,False,,Resolução CONTRAN nº 985/2022 - Manual Brasileiro de Fiscalização de Trânsito,,Resolução CONTRAN nº 985/2022 - Manual Brasileiro de Fiscalização de Trânsito,"Sem evidência suficiente para microcard específico. Exibir apenas como panorama do assunto, nunca como regra que resolve a questão.",Questão desatualizada sem gabarito atual pontuável; não exibir como regra que resolve a questão no modo legislação atual.
912589,subject_overview::resolucao-contran-n-985-2022-manual-brasileiro-de-fiscalizacao-de-transito,subject_overview_fallback,general_orientation_only,False,False,fallback_by_assunto,50,not_applicable_or_not_outdated,,,Resolução CONTRAN nº 985/2022 - Manual Brasileiro de Fiscalização de Trânsito,,Resolução CONTRAN nº 985/2022 - Manual Brasileiro de Fiscalização de Trânsito,"Sem evidência suficiente para microcard específico. Exibir apenas como panorama do assunto, nunca como regra que resolve a questão.",
912591,subject_overview::resolucao-contran-n-985-2022-manual-brasileiro-de-fiscalizacao-de-transito,subject_overview_fallback,general_orientation_only,False,False,fallback_by_assunto,50,not_applicable_or_not_outdated,,,Resolução CONTRAN nº 985/2022 - Manual Brasileiro de Fiscalização de Trânsito,,Resolução CONTRAN nº 985/2022 - Manual Brasileiro de Fiscalização de Trânsito,"Sem evidência suficiente para microcard específico. Exibir apenas como panorama do assunto, nunca como regra que resolve a questão.",
937716,subject_overview::resolucao-contran-n-985-2022-manual-brasileiro-de-fiscalizacao-de-transito,subject_overview_fallback,theory_reference_only__not_solution_current_law,False,True,fallback_by_assunto,50,needs_audit,False,,Resolução CONTRAN nº 985/2022 - Manual Brasileiro de Fiscalização de Trânsito,,Resolução CONTRAN nº 985/2022 - Manual Brasileiro de Fiscalização de Trânsito,"Sem evidência suficiente para microcard específico. Exibir apenas como panorama do assunto, nunca como regra que resolve a questão.",Questão desatualizada sem gabarito atual pontuável; não exibir como regra que resolve a questão no modo legislação atual.
937717,subject_overview::resolucao-contran-n-985-2022-manual-brasileiro-de-fiscalizacao-de-transito,subject_overview_fallback,theory_reference_only__not_solution_current_law,False,True,fallback_by_assunto,50,needs_audit,False,,Resolução CONTRAN nº 985/2022 - Manual Brasileiro de Fiscalização de Trânsito,,Resolução CONTRAN nº 985/2022 - Manual Brasileiro de Fiscalização de Trânsito,"Sem evidência suficiente para microcard específico. Exibir apenas como panorama do assunto, nunca como regra que resolve a questão.",Questão desatualizada sem gabarito atual pontuável; não exibir como regra que resolve a questão no modo legislação atual.
937721,subject_overview::resolucao-contran-n-985-2022-manual-brasileiro-de-fiscalizacao-de-transito,subject_overview_fallback,general_orientation_only,False,False,downgraded_weak_evidence,50,not_applicable_or_not_outdated,,,Resolução CONTRAN nº 985/2022 - Manual Brasileiro de Fiscalização de Trânsito,,Resolução CONTRAN nº 985/2022 - Manual Brasileiro de Fiscalização de Trânsito,Vínculo específico rebaixado: a evidência era genérica/fraca. Exibir apenas panorama do assunto até revisão humana.,
937722,subject_overview::resolucao-contran-n-985-2022-manual-brasileiro-de-fiscalizacao-de-transito,subject_overview_fallback,general_orientation_only,False,False,fallback_by_assunto,50,not_applicable_or_not_outdated,,,Resolução CONTRAN nº 985/2022 - Manual Brasileiro de Fiscalização de Trânsito,,Resolução CONTRAN nº 985/2022 - Manual Brasileiro de Fiscalização de Trânsito,"Sem evidência suficiente para microcard específico. Exibir apenas como panorama do assunto, nunca como regra que resolve a questão.",
937723,subject_overview::resolucao-contran-n-985-2022-manual-brasileiro-de-fiscalizacao-de-transito,subject_overview_fallback,general_orientation_only,False,False,fallback_by_assunto,50,not_applicable_or_not_outdated,,,Resolução CONTRAN nº 985/2022 - Manual Brasileiro de Fiscalização de Trânsito,,Resolução CONTRAN nº 985/2022 - Manual Brasileiro de Fiscalização de Trânsito,"Sem evidência suficiente para microcard específico. Exibir apenas como panorama do assunto, nunca como regra que resolve a questão.",
937770,subject_overview::resolucao-contran-n-985-2022-manual-brasileiro-de-fiscalizacao-de-transito,subject_overview_fallback,theory_reference_only__not_solution_current_law,False,True,fallback_by_assunto,50,needs_audit,False,,Resolução CONTRAN nº 985/2022 - Manual Brasileiro de Fiscalização de Trânsito,,Resolução CONTRAN nº 985/2022 - Manual Brasileiro de Fiscalização de Trânsito,"Sem evidência suficiente para microcard específico. Exibir apenas como panorama do assunto, nunca como regra que resolve a questão.",Questão desatualizada sem gabarito atual pontuável; não exibir como regra que resolve a questão no modo legislação atual.
948609,ctb_penalidades_medidas,specific_high_precision,theory_reference_only__not_solution_current_law,False,True,strict,184,needs_audit,False,,penalidade; recolhimento,penalidade,Resolução CONTRAN nº 985/2022 - Manual Brasileiro de Fiscalização de Trânsito,Vínculo por assunto + termos do enunciado/alternativas/comentário. Exibir como card principal somente se importador aceitar score e revisão.,Questão desatualizada sem gabarito atual pontuável; não exibir como regra que resolve a questão no modo legislação atual.
948610,subject_overview::resolucao-contran-n-985-2022-manual-brasileiro-de-fiscalizacao-de-transito,subject_overview_fallback,theory_reference_only__not_solution_current_law,False,True,fallback_by_assunto,50,needs_audit,False,,Resolução CONTRAN nº 985/2022 - Manual Brasileiro de Fiscalização de Trânsito,,Resolução CONTRAN nº 985/2022 - Manual Brasileiro de Fiscalização de Trânsito,"Sem evidência suficiente para microcard específico. Exibir apenas como panorama do assunto, nunca como regra que resolve a questão.",Questão desatualizada sem gabarito atual pontuável; não exibir como regra que resolve a questão no modo legislação atual.
952629,subject_overview::resolucao-contran-n-985-2022-manual-brasileiro-de-fiscalizacao-de-transito,subject_overview_fallback,general_orientation_only,False,False,fallback_by_assunto,50,not_applicable_or_not_outdated,,,Resolução CONTRAN nº 985/2022 - Manual Brasileiro de Fiscalização de Trânsito,,Resolução CONTRAN nº 985/2022 - Manual Brasileiro de Fiscalização de Trânsito,"Sem evidência suficiente para microcard específico. Exibir apenas como panorama do assunto, nunca como regra que resolve a questão.",
1071277,subject_overview::resolucao-contran-n-985-2022-manual-brasileiro-de-fiscalizacao-de-transito,subject_overview_fallback,general_orientation_only,False,False,fallback_by_assunto,50,not_applicable_or_not_outdated,,,Resolução CONTRAN nº 985/2022 - Manual Brasileiro de Fiscalização de Trânsito,,Resolução CONTRAN nº 985/2022 - Manual Brasileiro de Fiscalização de Trânsito,"Sem evidência suficiente para microcard específico. Exibir apenas como panorama do assunto, nunca como regra que resolve a questão.",
1071278,subject_overview::resolucao-contran-n-985-2022-manual-brasileiro-de-fiscalizacao-de-transito,subject_overview_fallback,theory_reference_only__not_solution_current_law,False,True,fallback_by_assunto,50,needs_audit,False,,Resolução CONTRAN nº 985/2022 - Manual Brasileiro de Fiscalização de Trânsito,,Resolução CONTRAN nº 985/2022 - Manual Brasileiro de Fiscalização de Trânsito,"Sem evidência suficiente para microcard específico. Exibir apenas como panorama do assunto, nunca como regra que resolve a questão.",Questão desatualizada sem gabarito atual pontuável; não exibir como regra que resolve a questão no modo legislação atual.
1071279,subject_overview::resolucao-contran-n-985-2022-manual-brasileiro-de-fiscalizacao-de-transito,subject_overview_fallback,general_orientation_only,False,False,fallback_by_assunto,50,not_applicable_or_not_outdated,,,Resolução CONTRAN nº 985/2022 - Manual Brasileiro de Fiscalização de Trânsito,,Resolução CONTRAN nº 985/2022 - Manual Brasileiro de Fiscalização de Trânsito,"Sem evidência suficiente para microcard específico. Exibir apenas como panorama do assunto, nunca como regra que resolve a questão.",
1071281,subject_overview::resolucao-contran-n-985-2022-manual-brasileiro-de-fiscalizacao-de-transito,subject_overview_fallback,general_orientation_only,False,False,fallback_by_assunto,50,not_applicable_or_not_outdated,,,Resolução CONTRAN nº 985/2022 - Manual Brasileiro de Fiscalização de Trânsito,,Resolução CONTRAN nº 985/2022 - Manual Brasileiro de Fiscalização de Trânsito,"Sem evidência suficiente para microcard específico. Exibir apenas como panorama do assunto, nunca como regra que resolve a questão.",
1071283,subject_overview::resolucao-contran-n-985-2022-manual-brasileiro-de-fiscalizacao-de-transito,subject_overview_fallback,theory_reference_only__not_solution_current_law,False,True,fallback_by_assunto,50,needs_audit,False,,Resolução CONTRAN nº 985/2022 - Manual Brasileiro de Fiscalização de Trânsito,,Resolução CONTRAN nº 985/2022 - Manual Brasileiro de Fiscalização de Trânsito,"Sem evidência suficiente para microcard específico. Exibir apenas como panorama do assunto, nunca como regra que resolve a questão.",Questão desatualizada sem gabarito atual pontuável; não exibir como regra que resolve a questão no modo legislação atual.
1071285,subject_overview::resolucao-contran-n-985-2022-manual-brasileiro-de-fiscalizacao-de-transito,subject_overview_fallback,theory_reference_only__not_solution_current_law,False,True,fallback_by_assunto,50,needs_audit,False,,Resolução CONTRAN nº 985/2022 - Manual Brasileiro de Fiscalização de Trânsito,,Resolução CONTRAN nº 985/2022 - Manual Brasileiro de Fiscalização de Trânsito,"Sem evidência suficiente para microcard específico. Exibir apenas como panorama do assunto, nunca como regra que resolve a questão.",Questão desatualizada sem gabarito atual pontuável; não exibir como regra que resolve a questão no modo legislação atual.
1119522,subject_overview::resolucao-contran-n-985-2022-manual-brasileiro-de-fiscalizacao-de-transito,subject_overview_fallback,theory_reference_only__not_solution_current_law,False,True,fallback_by_assunto,50,needs_audit,False,,Resolução CONTRAN nº 985/2022 - Manual Brasileiro de Fiscalização de Trânsito,,Resolução CONTRAN nº 985/2022 - Manual Brasileiro de Fiscalização de Trânsito,"Sem evidência suficiente para microcard específico. Exibir apenas como panorama do assunto, nunca como regra que resolve a questão.",Questão desatualizada sem gabarito atual pontuável; não exibir como regra que resolve a questão no modo legislação atual.
1119528,subject_overview::resolucao-contran-n-985-2022-manual-brasileiro-de-fiscalizacao-de-transito,subject_overview_fallback,theory_reference_only__not_solution_current_law,False,True,fallback_by_assunto,50,needs_audit,False,,Resolução CONTRAN nº 985/2022 - Manual Brasileiro de Fiscalização de Trânsito,,Resolução CONTRAN nº 985/2022 - Manual Brasileiro de Fiscalização de Trânsito,"Sem evidência suficiente para microcard específico. Exibir apenas como panorama do assunto, nunca como regra que resolve a questão.",Questão desatualizada sem gabarito atual pontuável; não exibir como regra que resolve a questão no modo legislação atual.
1122245,subject_overview::resolucao-contran-n-985-2022-manual-brasileiro-de-fiscalizacao-de-transito,subject_overview_fallback,general_orientation_only,False,False,downgraded_weak_evidence,50,not_applicable_or_not_outdated,,,Resolução CONTRAN nº 985/2022 - Manual Brasileiro de Fiscalização de Trânsito,,Resolução CONTRAN nº 985/2022 - Manual Brasileiro de Fiscalização de Trânsito,Vínculo específico rebaixado: a evidência era genérica/fraca. Exibir apenas panorama do assunto até revisão humana.,
1226656,subject_overview::resolucao-contran-n-985-2022-manual-brasileiro-de-fiscalizacao-de-transito,subject_overview_fallback,general_orientation_only,False,False,downgraded_weak_evidence,50,not_applicable_or_not_outdated,,,Resolução CONTRAN nº 985/2022 - Manual Brasileiro de Fiscalização de Trânsito,,Resolução CONTRAN nº 985/2022 - Manual Brasileiro de Fiscalização de Trânsito,Vínculo específico rebaixado: a evidência era genérica/fraca. Exibir apenas panorama do assunto até revisão humana.,
1226675,subject_overview::resolucao-contran-n-985-2022-manual-brasileiro-de-fiscalizacao-de-transito,subject_overview_fallback,general_orientation_only,False,False,fallback_by_assunto,50,not_applicable_or_not_outdated,,,Resolução CONTRAN nº 985/2022 - Manual Brasileiro de Fiscalização de Trânsito,,Resolução CONTRAN nº 985/2022 - Manual Brasileiro de Fiscalização de Trânsito,"Sem evidência suficiente para microcard específico. Exibir apenas como panorama do assunto, nunca como regra que resolve a questão.",
1290658,subject_overview::resolucao-contran-n-985-2022-manual-brasileiro-de-fiscalizacao-de-transito,subject_overview_fallback,theory_reference_only__not_solution_current_law,False,True,downgraded_weak_evidence,50,needs_audit,False,,Resolução CONTRAN nº 985/2022 - Manual Brasileiro de Fiscalização de Trânsito,,Resolução CONTRAN nº 985/2022 - Manual Brasileiro de Fiscalização de Trânsito,Vínculo específico rebaixado: a evidência era genérica/fraca. Exibir apenas panorama do assunto até revisão humana.,Questão desatualizada sem gabarito atual pontuável; não exibir como regra que resolve a questão no modo legislação atual.
1402617,subject_overview::resolucao-contran-n-985-2022-manual-brasileiro-de-fiscalizacao-de-transito,subject_overview_fallback,general_orientation_only,False,False,downgraded_weak_evidence,50,not_applicable_or_not_outdated,,,Resolução CONTRAN nº 985/2022 - Manual Brasileiro de Fiscalização de Trânsito,,Resolução CONTRAN nº 985/2022 - Manual Brasileiro de Fiscalização de Trânsito,Vínculo específico rebaixado: a evidência era genérica/fraca. Exibir apenas panorama do assunto até revisão humana.,
1438922,ctb_snt_competencias_municipio_estado_uniao,specific_high_precision,rule_that_solves_or_clarifies_question,True,False,strict,244,not_applicable_or_not_outdated,,,conselho; contran; municipio; estado; distrito federal; jari; cetran,conselho; contran; cetran,Resolução CONTRAN nº 985/2022 - Manual Brasileiro de Fiscalização de Trânsito,Vínculo por assunto + termos do enunciado/alternativas/comentário. Exibir como card principal somente se importador aceitar score e revisão.,
1476039,subject_overview::resolucao-contran-n-985-2022-manual-brasileiro-de-fiscalizacao-de-transito,subject_overview_fallback,theory_reference_only__not_solution_current_law,False,True,fallback_by_assunto,50,needs_audit,False,,Resolução CONTRAN nº 985/2022 - Manual Brasileiro de Fiscalização de Trânsito,,Resolução CONTRAN nº 985/2022 - Manual Brasileiro de Fiscalização de Trânsito,"Sem evidência suficiente para microcard específico. Exibir apenas como panorama do assunto, nunca como regra que resolve a questão.",Questão desatualizada sem gabarito atual pontuável; não exibir como regra que resolve a questão no modo legislação atual.
1476157,subject_overview::resolucao-contran-n-985-2022-manual-brasileiro-de-fiscalizacao-de-transito,subject_overview_fallback,theory_reference_only__not_solution_current_law,False,True,downgraded_weak_evidence,50,needs_audit,False,,Resolução CONTRAN nº 985/2022 - Manual Brasileiro de Fiscalização de Trânsito,,Resolução CONTRAN nº 985/2022 - Manual Brasileiro de Fiscalização de Trânsito,Vínculo específico rebaixado: a evidência era genérica/fraca. Exibir apenas panorama do assunto até revisão humana.,Questão desatualizada sem gabarito atual pontuável; não exibir como regra que resolve a questão no modo legislação atual.
1476164,subject_overview::resolucao-contran-n-985-2022-manual-brasileiro-de-fiscalizacao-de-transito,subject_overview_fallback,theory_reference_only__not_solution_current_law,False,True,downgraded_weak_evidence,50,needs_audit,False,,Resolução CONTRAN nº 985/2022 - Manual Brasileiro de Fiscalização de Trânsito,,Resolução CONTRAN nº 985/2022 - Manual Brasileiro de Fiscalização de Trânsito,Vínculo específico rebaixado: a evidência era genérica/fraca. Exibir apenas panorama do assunto até revisão humana.,Questão desatualizada sem gabarito atual pontuável; não exibir como regra que resolve a questão no modo legislação atual.
1476315,subject_overview::resolucao-contran-n-985-2022-manual-brasileiro-de-fiscalizacao-de-transito,subject_overview_fallback,theory_reference_only__not_solution_current_law,False,True,downgraded_weak_evidence,50,needs_audit,False,,Resolução CONTRAN nº 985/2022 - Manual Brasileiro de Fiscalização de Trânsito,,Resolução CONTRAN nº 985/2022 - Manual Brasileiro de Fiscalização de Trânsito,Vínculo específico rebaixado: a evidência era genérica/fraca. Exibir apenas panorama do assunto até revisão humana.,Questão desatualizada sem gabarito atual pontuável; não exibir como regra que resolve a questão no modo legislação atual.
1476316,subject_overview::resolucao-contran-n-985-2022-manual-brasileiro-de-fiscalizacao-de-transito,subject_overview_fallback,theory_reference_only__not_solution_current_law,False,True,fallback_by_assunto,50,needs_audit,False,,Resolução CONTRAN nº 985/2022 - Manual Brasileiro de Fiscalização de Trânsito,,Resolução CONTRAN nº 985/2022 - Manual Brasileiro de Fiscalização de Trânsito,"Sem evidência suficiente para microcard específico. Exibir apenas como panorama do assunto, nunca como regra que resolve a questão.",Questão desatualizada sem gabarito atual pontuável; não exibir como regra que resolve a questão no modo legislação atual.
1515793,subject_overview::resolucao-contran-n-985-2022-manual-brasileiro-de-fiscalizacao-de-transito,subject_overview_fallback,general_orientation_only,False,False,fallback_by_assunto,50,not_applicable_or_not_outdated,,,Resolução CONTRAN nº 985/2022 - Manual Brasileiro de Fiscalização de Trânsito,,Resolução CONTRAN nº 985/2022 - Manual Brasileiro de Fiscalização de Trânsito,"Sem evidência suficiente para microcard específico. Exibir apenas como panorama do assunto, nunca como regra que resolve a questão.",
1515829,subject_overview::resolucao-contran-n-985-2022-manual-brasileiro-de-fiscalizacao-de-transito,subject_overview_fallback,general_orientation_only,False,False,fallback_by_assunto,50,not_applicable_or_not_outdated,,,Resolução CONTRAN nº 985/2022 - Manual Brasileiro de Fiscalização de Trânsito,,Resolução CONTRAN nº 985/2022 - Manual Brasileiro de Fiscalização de Trânsito,"Sem evidência suficiente para microcard específico. Exibir apenas como panorama do assunto, nunca como regra que resolve a questão.",
1515831,ctb_pontuacao_infracoes,specific_high_precision,rule_that_solves_or_clarifies_question,True,False,strict,220,not_applicable_or_not_outdated,,,gravissima; grave; media; leve; pontos,gravissima; grave; media; leve,Resolução CONTRAN nº 985/2022 - Manual Brasileiro de Fiscalização de Trânsito,Vínculo por assunto + termos do enunciado/alternativas/comentário. Exibir como card principal somente se importador aceitar score e revisão.,
1515837,subject_overview::resolucao-contran-n-985-2022-manual-brasileiro-de-fiscalizacao-de-transito,subject_overview_fallback,general_orientation_only,False,False,fallback_by_assunto,50,not_applicable_or_not_outdated,,,Resolução CONTRAN nº 985/2022 - Manual Brasileiro de Fiscalização de Trânsito,,Resolução CONTRAN nº 985/2022 - Manual Brasileiro de Fiscalização de Trânsito,"Sem evidência suficiente para microcard específico. Exibir apenas como panorama do assunto, nunca como regra que resolve a questão.",
1515839,subject_overview::resolucao-contran-n-985-2022-manual-brasileiro-de-fiscalizacao-de-transito,subject_overview_fallback,general_orientation_only,False,False,downgraded_weak_evidence,50,not_applicable_or_not_outdated,,,Resolução CONTRAN nº 985/2022 - Manual Brasileiro de Fiscalização de Trânsito,,Resolução CONTRAN nº 985/2022 - Manual Brasileiro de Fiscalização de Trânsito,Vínculo específico rebaixado: a evidência era genérica/fraca. Exibir apenas panorama do assunto até revisão humana.,
1515842,subject_overview::resolucao-contran-n-985-2022-manual-brasileiro-de-fiscalizacao-de-transito,subject_overview_fallback,general_orientation_only,False,False,fallback_by_assunto,50,not_applicable_or_not_outdated,,,Resolução CONTRAN nº 985/2022 - Manual Brasileiro de Fiscalização de Trânsito,,Resolução CONTRAN nº 985/2022 - Manual Brasileiro de Fiscalização de Trânsito,"Sem evidência suficiente para microcard específico. Exibir apenas como panorama do assunto, nunca como regra que resolve a questão.",
1515844,subject_overview::resolucao-contran-n-985-2022-manual-brasileiro-de-fiscalizacao-de-transito,subject_overview_fallback,general_orientation_only,False,False,fallback_by_assunto,50,not_applicable_or_not_outdated,,,Resolução CONTRAN nº 985/2022 - Manual Brasileiro de Fiscalização de Trânsito,,Resolução CONTRAN nº 985/2022 - Manual Brasileiro de Fiscalização de Trânsito,"Sem evidência suficiente para microcard específico. Exibir apenas como panorama do assunto, nunca como regra que resolve a questão.",
1515846,subject_overview::resolucao-contran-n-985-2022-manual-brasileiro-de-fiscalizacao-de-transito,subject_overview_fallback,general_orientation_only,False,False,downgraded_weak_evidence,50,not_applicable_or_not_outdated,,,Resolução CONTRAN nº 985/2022 - Manual Brasileiro de Fiscalização de Trânsito,,Resolução CONTRAN nº 985/2022 - Manual Brasileiro de Fiscalização de Trânsito,Vínculo específico rebaixado: a evidência era genérica/fraca. Exibir apenas panorama do assunto até revisão humana.,
1515849,subject_overview::resolucao-contran-n-985-2022-manual-brasileiro-de-fiscalizacao-de-transito,subject_overview_fallback,general_orientation_only,False,False,fallback_by_assunto,50,not_applicable_or_not_outdated,,,Resolução CONTRAN nº 985/2022 - Manual Brasileiro de Fiscalização de Trânsito,,Resolução CONTRAN nº 985/2022 - Manual Brasileiro de Fiscalização de Trânsito,"Sem evidência suficiente para microcard específico. Exibir apenas como panorama do assunto, nunca como regra que resolve a questão.",
1515851,subject_overview::resolucao-contran-n-985-2022-manual-brasileiro-de-fiscalizacao-de-transito,subject_overview_fallback,general_orientation_only,False,False,fallback_by_assunto,50,not_applicable_or_not_outdated,,,Resolução CONTRAN nº 985/2022 - Manual Brasileiro de Fiscalização de Trânsito,,Resolução CONTRAN nº 985/2022 - Manual Brasileiro de Fiscalização de Trânsito,"Sem evidência suficiente para microcard específico. Exibir apenas como panorama do assunto, nunca como regra que resolve a questão.",
1515853,subject_overview::resolucao-contran-n-985-2022-manual-brasileiro-de-fiscalizacao-de-transito,subject_overview_fallback,general_orientation_only,False,False,fallback_by_assunto,50,not_applicable_or_not_outdated,,,Resolução CONTRAN nº 985/2022 - Manual Brasileiro de Fiscalização de Trânsito,,Resolução CONTRAN nº 985/2022 - Manual Brasileiro de Fiscalização de Trânsito,"Sem evidência suficiente para microcard específico. Exibir apenas como panorama do assunto, nunca como regra que resolve a questão.",
1515855,subject_overview::resolucao-contran-n-985-2022-manual-brasileiro-de-fiscalizacao-de-transito,subject_overview_fallback,general_orientation_only,False,False,fallback_by_assunto,50,not_applicable_or_not_outdated,,,Resolução CONTRAN nº 985/2022 - Manual Brasileiro de Fiscalização de Trânsito,,Resolução CONTRAN nº 985/2022 - Manual Brasileiro de Fiscalização de Trânsito,"Sem evidência suficiente para microcard específico. Exibir apenas como panorama do assunto, nunca como regra que resolve a questão.",
1515856,subject_overview::resolucao-contran-n-985-2022-manual-brasileiro-de-fiscalizacao-de-transito,subject_overview_fallback,general_orientation_only,False,False,downgraded_weak_evidence,50,not_applicable_or_not_outdated,,,Resolução CONTRAN nº 985/2022 - Manual Brasileiro de Fiscalização de Trânsito,,Resolução CONTRAN nº 985/2022 - Manual Brasileiro de Fiscalização de Trânsito,Vínculo específico rebaixado: a evidência era genérica/fraca. Exibir apenas panorama do assunto até revisão humana.,
1515857,subject_overview::resolucao-contran-n-985-2022-manual-brasileiro-de-fiscalizacao-de-transito,subject_overview_fallback,general_orientation_only,False,False,fallback_by_assunto,50,not_applicable_or_not_outdated,,,Resolução CONTRAN nº 985/2022 - Manual Brasileiro de Fiscalização de Trânsito,,Resolução CONTRAN nº 985/2022 - Manual Brasileiro de Fiscalização de Trânsito,"Sem evidência suficiente para microcard específico. Exibir apenas como panorama do assunto, nunca como regra que resolve a questão.",
1515858,subject_overview::resolucao-contran-n-985-2022-manual-brasileiro-de-fiscalizacao-de-transito,subject_overview_fallback,general_orientation_only,False,False,fallback_by_assunto,50,not_applicable_or_not_outdated,,,Resolução CONTRAN nº 985/2022 - Manual Brasileiro de Fiscalização de Trânsito,,Resolução CONTRAN nº 985/2022 - Manual Brasileiro de Fiscalização de Trânsito,"Sem evidência suficiente para microcard específico. Exibir apenas como panorama do assunto, nunca como regra que resolve a questão.",
1515859,subject_overview::resolucao-contran-n-985-2022-manual-brasileiro-de-fiscalizacao-de-transito,subject_overview_fallback,general_orientation_only,False,False,fallback_by_assunto,50,not_applicable_or_not_outdated,,,Resolução CONTRAN nº 985/2022 - Manual Brasileiro de Fiscalização de Trânsito,,Resolução CONTRAN nº 985/2022 - Manual Brasileiro de Fiscalização de Trânsito,"Sem evidência suficiente para microcard específico. Exibir apenas como panorama do assunto, nunca como regra que resolve a questão.",
1515861,subject_overview::resolucao-contran-n-985-2022-manual-brasileiro-de-fiscalizacao-de-transito,subject_overview_fallback,general_orientation_only,False,False,fallback_by_assunto,50,not_applicable_or_not_outdated,,,Resolução CONTRAN nº 985/2022 - Manual Brasileiro de Fiscalização de Trânsito,,Resolução CONTRAN nº 985/2022 - Manual Brasileiro de Fiscalização de Trânsito,"Sem evidência suficiente para microcard específico. Exibir apenas como panorama do assunto, nunca como regra que resolve a questão.",
1523382,subject_overview::resolucao-contran-n-985-2022-manual-brasileiro-de-fiscalizacao-de-transito,subject_overview_fallback,theory_reference_only__not_solution_current_law,False,True,fallback_by_assunto,50,needs_audit,False,,Resolução CONTRAN nº 985/2022 - Manual Brasileiro de Fiscalização de Trânsito,,Resolução CONTRAN nº 985/2022 - Manual Brasileiro de Fiscalização de Trânsito,"Sem evidência suficiente para microcard específico. Exibir apenas como panorama do assunto, nunca como regra que resolve a questão.",Questão desatualizada sem gabarito atual pontuável; não exibir como regra que resolve a questão no modo legislação atual.
1699254,subject_overview::resolucao-contran-n-985-2022-manual-brasileiro-de-fiscalizacao-de-transito,subject_overview_fallback,general_orientation_only,False,False,fallback_by_assunto,50,not_applicable_or_not_outdated,,,Resolução CONTRAN nº 985/2022 - Manual Brasileiro de Fiscalização de Trânsito,,Resolução CONTRAN nº 985/2022 - Manual Brasileiro de Fiscalização de Trânsito,"Sem evidência suficiente para microcard específico. Exibir apenas como panorama do assunto, nunca como regra que resolve a questão.",
1699255,subject_overview::resolucao-contran-n-985-2022-manual-brasileiro-de-fiscalizacao-de-transito,subject_overview_fallback,general_orientation_only,False,False,fallback_by_assunto,50,not_applicable_or_not_outdated,,,Resolução CONTRAN nº 985/2022 - Manual Brasileiro de Fiscalização de Trânsito,,Resolução CONTRAN nº 985/2022 - Manual Brasileiro de Fiscalização de Trânsito,"Sem evidência suficiente para microcard específico. Exibir apenas como panorama do assunto, nunca como regra que resolve a questão.",
1871016,subject_overview::resolucao-contran-n-985-2022-manual-brasileiro-de-fiscalizacao-de-transito,subject_overview_fallback,general_orientation_only,False,False,fallback_by_assunto,50,not_applicable_or_not_outdated,,,Resolução CONTRAN nº 985/2022 - Manual Brasileiro de Fiscalização de Trânsito,,Resolução CONTRAN nº 985/2022 - Manual Brasileiro de Fiscalização de Trânsito,"Sem evidência suficiente para microcard específico. Exibir apenas como panorama do assunto, nunca como regra que resolve a questão.",
1871020,subject_overview::resolucao-contran-n-985-2022-manual-brasileiro-de-fiscalizacao-de-transito,subject_overview_fallback,theory_reference_only__not_solution_current_law,False,True,downgraded_weak_evidence,50,needs_audit,False,,Resolução CONTRAN nº 985/2022 - Manual Brasileiro de Fiscalização de Trânsito,,Resolução CONTRAN nº 985/2022 - Manual Brasileiro de Fiscalização de Trânsito,Vínculo específico rebaixado: a evidência era genérica/fraca. Exibir apenas panorama do assunto até revisão humana.,Questão desatualizada sem gabarito atual pontuável; não exibir como regra que resolve a questão no modo legislação atual.
1874443,subject_overview::resolucao-contran-n-985-2022-manual-brasileiro-de-fiscalizacao-de-transito,subject_overview_fallback,theory_reference_only__not_solution_current_law,False,True,fallback_by_assunto,50,needs_audit,False,,Resolução CONTRAN nº 985/2022 - Manual Brasileiro de Fiscalização de Trânsito,,Resolução CONTRAN nº 985/2022 - Manual Brasileiro de Fiscalização de Trânsito,"Sem evidência suficiente para microcard específico. Exibir apenas como panorama do assunto, nunca como regra que resolve a questão.",Questão desatualizada sem gabarito atual pontuável; não exibir como regra que resolve a questão no modo legislação atual.
27871,contran_993_equipamentos_obrigatorios,specific_high_precision,theory_reference_only__not_solution_current_law,False,True,comment_or_subject_evidence_only,196,needs_audit,False,,extintor; registrador instantaneo; velocidade e tempo,,Resolução CONTRAN nº 993/2023 - Equipamentos Obrigatórios para a Frota de Veículos em Circulação,Vínculo por assunto + termos do enunciado/alternativas/comentário. Exibir como card principal somente se importador aceitar score e revisão. Termos fortes não apareceram no enunciado/alternativas; não exibir automaticamente no modo Estudar agora.,Questão desatualizada sem gabarito atual pontuável; não exibir como regra que resolve a questão no modo legislação atual.
207359,contran_993_equipamentos_obrigatorios,specific_high_precision,theory_reference_only__not_solution_current_law,False,True,strict,182,needs_audit,False,,cinto,cinto,Resolução CONTRAN nº 993/2023 - Equipamentos Obrigatórios para a Frota de Veículos em Circulação,Vínculo por assunto + termos do enunciado/alternativas/comentário. Exibir como card principal somente se importador aceitar score e revisão.,Questão desatualizada sem gabarito atual pontuável; não exibir como regra que resolve a questão no modo legislação atual.
299522,contran_993_equipamentos_obrigatorios,specific_high_precision,theory_reference_only__not_solution_current_law,False,True,strict,218,needs_audit,False,,extintor; cinto; registrador instantaneo; velocidade e tempo,cinto,Resolução CONTRAN nº 993/2023 - Equipamentos Obrigatórios para a Frota de Veículos em Circulação,Vínculo por assunto + termos do enunciado/alternativas/comentário. Exibir como card principal somente se importador aceitar score e revisão.,Questão desatualizada sem gabarito atual pontuável; não exibir como regra que resolve a questão no modo legislação atual.
333085,contran_993_equipamentos_obrigatorios,specific_high_precision,theory_reference_only__not_solution_current_law,False,True,strict,204,needs_audit,False,,equipamento obrigatorio; cinto,equipamento obrigatorio; cinto,Resolução CONTRAN nº 993/2023 - Equipamentos Obrigatórios para a Frota de Veículos em Circulação,Vínculo por assunto + termos do enunciado/alternativas/comentário. Exibir como card principal somente se importador aceitar score e revisão.,Questão desatualizada sem gabarito atual pontuável; não exibir como regra que resolve a questão no modo legislação atual.
343402,contran_993_equipamentos_obrigatorios,specific_high_precision,theory_reference_only__not_solution_current_law,False,True,strict,248,needs_audit,False,,cinto; encosto; registrador instantaneo; velocidade e tempo,cinto; encosto; registrador instantaneo; velocidade e tempo,Resolução CONTRAN nº 993/2023 - Equipamentos Obrigatórios para a Frota de Veículos em Circulação,Vínculo por assunto + termos do enunciado/alternativas/comentário. Exibir como card principal somente se importador aceitar score e revisão.,Questão desatualizada sem gabarito atual pontuável; não exibir como regra que resolve a questão no modo legislação atual.
435030,contran_993_equipamentos_obrigatorios,specific_high_precision,theory_reference_only__not_solution_current_law,False,True,strict,270,needs_audit,False,,extintor; cinto; encosto; registrador instantaneo; velocidade e tempo,extintor; cinto; encosto; registrador instantaneo; velocidade e tempo,Resolução CONTRAN nº 993/2023 - Equipamentos Obrigatórios para a Frota de Veículos em Circulação,Vínculo por assunto + termos do enunciado/alternativas/comentário. Exibir como card principal somente se importador aceitar score e revisão.,Questão desatualizada sem gabarito atual pontuável; não exibir como regra que resolve a questão no modo legislação atual.
713266,contran_993_equipamentos_obrigatorios,specific_high_precision,theory_reference_only__not_solution_current_law,False,True,strict,182,needs_audit,False,,equipamento obrigatorio,equipamento obrigatorio,Resolução CONTRAN nº 993/2023 - Equipamentos Obrigatórios para a Frota de Veículos em Circulação,Vínculo por assunto + termos do enunciado/alternativas/comentário. Exibir como card principal somente se importador aceitar score e revisão.,Questão desatualizada sem gabarito atual pontuável; não exibir como regra que resolve a questão no modo legislação atual.
823835,subject_overview::resolucao-contran-n-993-2023-equipamentos-obrigatorios-para-a-frota-de-veiculos-em-circula,subject_overview_fallback,theory_reference_only__not_solution_current_law,False,True,fallback_by_assunto,50,needs_audit,False,,Resolução CONTRAN nº 993/2023 - Equipamentos Obrigatórios para a Frota de Veículos em Circulação,,Resolução CONTRAN nº 993/2023 - Equipamentos Obrigatórios para a Frota de Veículos em Circulação,"Sem evidência suficiente para microcard específico. Exibir apenas como panorama do assunto, nunca como regra que resolve a questão.",Questão desatualizada sem gabarito atual pontuável; não exibir como regra que resolve a questão no modo legislação atual.
833791,contran_993_equipamentos_obrigatorios,specific_high_precision,theory_reference_only__not_solution_current_law,False,True,strict,238,needs_audit,False,,equipamento obrigatorio; encosto; tacografo; registrador instantaneo,encosto; tacografo; registrador instantaneo,Resolução CONTRAN nº 993/2023 - Equipamentos Obrigatórios para a Frota de Veículos em Circulação,Vínculo por assunto + termos do enunciado/alternativas/comentário. Exibir como card principal somente se importador aceitar score e revisão.,Questão desatualizada sem gabarito atual pontuável; não exibir como regra que resolve a questão no modo legislação atual.
877141,contran_993_equipamentos_obrigatorios,specific_high_precision,theory_reference_only__not_solution_current_law,False,True,strict,226,needs_audit,False,,equipamento obrigatorio; extintor; cinto,equipamento obrigatorio; extintor; cinto,Resolução CONTRAN nº 993/2023 - Equipamentos Obrigatórios para a Frota de Veículos em Circulação,Vínculo por assunto + termos do enunciado/alternativas/comentário. Exibir como card principal somente se importador aceitar score e revisão.,Questão desatualizada sem gabarito atual pontuável; não exibir como regra que resolve a questão no modo legislação atual.
971628,subject_overview::resolucao-contran-n-993-2023-equipamentos-obrigatorios-para-a-frota-de-veiculos-em-circula,subject_overview_fallback,theory_reference_only__not_solution_current_law,False,True,fallback_by_assunto,50,needs_audit,False,,Resolução CONTRAN nº 993/2023 - Equipamentos Obrigatórios para a Frota de Veículos em Circulação,,Resolução CONTRAN nº 993/2023 - Equipamentos Obrigatórios para a Frota de Veículos em Circulação,"Sem evidência suficiente para microcard específico. Exibir apenas como panorama do assunto, nunca como regra que resolve a questão.",Questão desatualizada sem gabarito atual pontuável; não exibir como regra que resolve a questão no modo legislação atual.
1022146,contran_993_equipamentos_obrigatorios,specific_high_precision,theory_reference_only__not_solution_current_law,False,True,strict,182,needs_audit,False,,equipamento obrigatorio,equipamento obrigatorio,Resolução CONTRAN nº 993/2023 - Equipamentos Obrigatórios para a Frota de Veículos em Circulação,Vínculo por assunto + termos do enunciado/alternativas/comentário. Exibir como card principal somente se importador aceitar score e revisão.,Questão desatualizada sem gabarito atual pontuável; não exibir como regra que resolve a questão no modo legislação atual.
1042257,contran_993_equipamentos_obrigatorios,specific_high_precision,theory_reference_only__not_solution_current_law,False,True,strict,182,needs_audit,False,,cinto,cinto,Resolução CONTRAN nº 993/2023 - Equipamentos Obrigatórios para a Frota de Veículos em Circulação,Vínculo por assunto + termos do enunciado/alternativas/comentário. Exibir como card principal somente se importador aceitar score e revisão.,Questão desatualizada sem gabarito atual pontuável; não exibir como regra que resolve a questão no modo legislação atual.
1048619,contran_993_equipamentos_obrigatorios,specific_high_precision,theory_reference_only__not_solution_current_law,False,True,strict,182,needs_audit,False,,cinto,cinto,Resolução CONTRAN nº 993/2023 - Equipamentos Obrigatórios para a Frota de Veículos em Circulação,Vínculo por assunto + termos do enunciado/alternativas/comentário. Exibir como card principal somente se importador aceitar score e revisão.,Questão desatualizada sem gabarito atual pontuável; não exibir como regra que resolve a questão no modo legislação atual.
1176181,ctb_veiculos_classificacao_especie_categoria,specific_high_precision,theory_reference_only__not_solution_current_law,False,True,comment_or_subject_evidence_only,154,needs_audit,False,,tracao; misto,,Resolução CONTRAN nº 993/2023 - Equipamentos Obrigatórios para a Frota de Veículos em Circulação,Vínculo por assunto + termos do enunciado/alternativas/comentário. Exibir como card principal somente se importador aceitar score e revisão. Termos fortes não apareceram no enunciado/alternativas; não exibir automaticamente no modo Estudar agora.,Questão desatualizada sem gabarito atual pontuável; não exibir como regra que resolve a questão no modo legislação atual.
1402673,subject_overview::resolucao-contran-n-993-2023-equipamentos-obrigatorios-para-a-frota-de-veiculos-em-circula,subject_overview_fallback,theory_reference_only__not_solution_current_law,False,True,fallback_by_assunto,50,needs_audit,False,,Resolução CONTRAN nº 993/2023 - Equipamentos Obrigatórios para a Frota de Veículos em Circulação,,Resolução CONTRAN nº 993/2023 - Equipamentos Obrigatórios para a Frota de Veículos em Circulação,"Sem evidência suficiente para microcard específico. Exibir apenas como panorama do assunto, nunca como regra que resolve a questão.",Questão desatualizada sem gabarito atual pontuável; não exibir como regra que resolve a questão no modo legislação atual.
1402680,contran_993_equipamentos_obrigatorios,specific_high_precision,theory_reference_only__not_solution_current_law,False,True,strict,204,needs_audit,False,,registrador instantaneo; velocidade e tempo,registrador instantaneo; velocidade e tempo,Resolução CONTRAN nº 993/2023 - Equipamentos Obrigatórios para a Frota de Veículos em Circulação,Vínculo por assunto + termos do enunciado/alternativas/comentário. Exibir como card principal somente se importador aceitar score e revisão.,Questão desatualizada sem gabarito atual pontuável; não exibir como regra que resolve a questão no modo legislação atual.
1402683,contran_993_equipamentos_obrigatorios,specific_high_precision,theory_reference_only__not_solution_current_law,False,True,comment_or_subject_evidence_only,184,needs_audit,False,,registrador instantaneo; velocidade e tempo,,Resolução CONTRAN nº 993/2023 - Equipamentos Obrigatórios para a Frota de Veículos em Circulação,Vínculo por assunto + termos do enunciado/alternativas/comentário. Exibir como card principal somente se importador aceitar score e revisão. Termos fortes não apareceram no enunciado/alternativas; não exibir automaticamente no modo Estudar agora.,Questão desatualizada sem gabarito atual pontuável; não exibir como regra que resolve a questão no modo legislação atual.
1402684,contran_993_equipamentos_obrigatorios,specific_high_precision,theory_reference_only__not_solution_current_law,False,True,ambiguous_top_candidate,206,needs_audit,False,,tacografo; registrador instantaneo; velocidade e tempo,tacografo,Resolução CONTRAN nº 993/2023 - Equipamentos Obrigatórios para a Frota de Veículos em Circulação,Vínculo por assunto + termos do enunciado/alternativas/comentário. Exibir como card principal somente se importador aceitar score e revisão.,Questão desatualizada sem gabarito atual pontuável; não exibir como regra que resolve a questão no modo legislação atual.
1492830,contran_993_equipamentos_obrigatorios,specific_high_precision,rule_that_solves_or_clarifies_question,True,False,strict,182,not_applicable_or_not_outdated,,,equipamento obrigatorio,equipamento obrigatorio,Resolução CONTRAN nº 993/2023 - Equipamentos Obrigatórios para a Frota de Veículos em Circulação,Vínculo por assunto + termos do enunciado/alternativas/comentário. Exibir como card principal somente se importador aceitar score e revisão.,
1503661,subject_overview::resolucao-contran-n-993-2023-equipamentos-obrigatorios-para-a-frota-de-veiculos-em-circula,subject_overview_fallback,theory_reference_only__not_solution_current_law,False,True,fallback_by_assunto,50,needs_audit,False,,Resolução CONTRAN nº 993/2023 - Equipamentos Obrigatórios para a Frota de Veículos em Circulação,,Resolução CONTRAN nº 993/2023 - Equipamentos Obrigatórios para a Frota de Veículos em Circulação,"Sem evidência suficiente para microcard específico. Exibir apenas como panorama do assunto, nunca como regra que resolve a questão.",Questão desatualizada sem gabarito atual pontuável; não exibir como regra que resolve a questão no modo legislação atual.
1503662,subject_overview::resolucao-contran-n-993-2023-equipamentos-obrigatorios-para-a-frota-de-veiculos-em-circula,subject_overview_fallback,theory_reference_only__not_solution_current_law,False,True,fallback_by_assunto,50,needs_audit,False,,Resolução CONTRAN nº 993/2023 - Equipamentos Obrigatórios para a Frota de Veículos em Circulação,,Resolução CONTRAN nº 993/2023 - Equipamentos Obrigatórios para a Frota de Veículos em Circulação,"Sem evidência suficiente para microcard específico. Exibir apenas como panorama do assunto, nunca como regra que resolve a questão.",Questão desatualizada sem gabarito atual pontuável; não exibir como regra que resolve a questão no modo legislação atual.
1503663,contran_993_equipamentos_obrigatorios,specific_high_precision,theory_reference_only__not_solution_current_law,False,True,strict,204,needs_audit,False,,registrador instantaneo; velocidade e tempo,registrador instantaneo; velocidade e tempo,Resolução CONTRAN nº 993/2023 - Equipamentos Obrigatórios para a Frota de Veículos em Circulação,Vínculo por assunto + termos do enunciado/alternativas/comentário. Exibir como card principal somente se importador aceitar score e revisão.,Questão desatualizada sem gabarito atual pontuável; não exibir como regra que resolve a questão no modo legislação atual.
1503664,subject_overview::resolucao-contran-n-993-2023-equipamentos-obrigatorios-para-a-frota-de-veiculos-em-circula,subject_overview_fallback,theory_reference_only__not_solution_current_law,False,True,fallback_by_assunto,50,needs_audit,False,,Resolução CONTRAN nº 993/2023 - Equipamentos Obrigatórios para a Frota de Veículos em Circulação,,Resolução CONTRAN nº 993/2023 - Equipamentos Obrigatórios para a Frota de Veículos em Circulação,"Sem evidência suficiente para microcard específico. Exibir apenas como panorama do assunto, nunca como regra que resolve a questão.",Questão desatualizada sem gabarito atual pontuável; não exibir como regra que resolve a questão no modo legislação atual.
1503665,subject_overview::resolucao-contran-n-993-2023-equipamentos-obrigatorios-para-a-frota-de-veiculos-em-circula,subject_overview_fallback,theory_reference_only__not_solution_current_law,False,True,fallback_by_assunto,50,needs_audit,False,,Resolução CONTRAN nº 993/2023 - Equipamentos Obrigatórios para a Frota de Veículos em Circulação,,Resolução CONTRAN nº 993/2023 - Equipamentos Obrigatórios para a Frota de Veículos em Circulação,"Sem evidência suficiente para microcard específico. Exibir apenas como panorama do assunto, nunca como regra que resolve a questão.",Questão desatualizada sem gabarito atual pontuável; não exibir como regra que resolve a questão no modo legislação atual.
1503666,subject_overview::resolucao-contran-n-993-2023-equipamentos-obrigatorios-para-a-frota-de-veiculos-em-circula,subject_overview_fallback,theory_reference_only__not_solution_current_law,False,True,fallback_by_assunto,50,needs_audit,False,,Resolução CONTRAN nº 993/2023 - Equipamentos Obrigatórios para a Frota de Veículos em Circulação,,Resolução CONTRAN nº 993/2023 - Equipamentos Obrigatórios para a Frota de Veículos em Circulação,"Sem evidência suficiente para microcard específico. Exibir apenas como panorama do assunto, nunca como regra que resolve a questão.",Questão desatualizada sem gabarito atual pontuável; não exibir como regra que resolve a questão no modo legislação atual.
1503667,subject_overview::resolucao-contran-n-993-2023-equipamentos-obrigatorios-para-a-frota-de-veiculos-em-circula,subject_overview_fallback,theory_reference_only__not_solution_current_law,False,True,fallback_by_assunto,50,needs_audit,False,,Resolução CONTRAN nº 993/2023 - Equipamentos Obrigatórios para a Frota de Veículos em Circulação,,Resolução CONTRAN nº 993/2023 - Equipamentos Obrigatórios para a Frota de Veículos em Circulação,"Sem evidência suficiente para microcard específico. Exibir apenas como panorama do assunto, nunca como regra que resolve a questão.",Questão desatualizada sem gabarito atual pontuável; não exibir como regra que resolve a questão no modo legislação atual.
1503668,subject_overview::resolucao-contran-n-993-2023-equipamentos-obrigatorios-para-a-frota-de-veiculos-em-circula,subject_overview_fallback,theory_reference_only__not_solution_current_law,False,True,fallback_by_assunto,50,needs_audit,False,,Resolução CONTRAN nº 993/2023 - Equipamentos Obrigatórios para a Frota de Veículos em Circulação,,Resolução CONTRAN nº 993/2023 - Equipamentos Obrigatórios para a Frota de Veículos em Circulação,"Sem evidência suficiente para microcard específico. Exibir apenas como panorama do assunto, nunca como regra que resolve a questão.",Questão desatualizada sem gabarito atual pontuável; não exibir como regra que resolve a questão no modo legislação atual.
1503669,contran_993_equipamentos_obrigatorios,specific_high_precision,theory_reference_only__not_solution_current_law,False,True,strict,216,needs_audit,False,,cinto; registrador instantaneo; velocidade e tempo,registrador instantaneo; velocidade e tempo,Resolução CONTRAN nº 993/2023 - Equipamentos Obrigatórios para a Frota de Veículos em Circulação,Vínculo por assunto + termos do enunciado/alternativas/comentário. Exibir como card principal somente se importador aceitar score e revisão.,Questão desatualizada sem gabarito atual pontuável; não exibir como regra que resolve a questão no modo legislação atual.
1503670,subject_overview::resolucao-contran-n-993-2023-equipamentos-obrigatorios-para-a-frota-de-veiculos-em-circula,subject_overview_fallback,theory_reference_only__not_solution_current_law,False,True,fallback_by_assunto,50,needs_audit,False,,Resolução CONTRAN nº 993/2023 - Equipamentos Obrigatórios para a Frota de Veículos em Circulação,,Resolução CONTRAN nº 993/2023 - Equipamentos Obrigatórios para a Frota de Veículos em Circulação,"Sem evidência suficiente para microcard específico. Exibir apenas como panorama do assunto, nunca como regra que resolve a questão.",Questão desatualizada sem gabarito atual pontuável; não exibir como regra que resolve a questão no modo legislação atual.
1503671,subject_overview::resolucao-contran-n-993-2023-equipamentos-obrigatorios-para-a-frota-de-veiculos-em-circula,subject_overview_fallback,theory_reference_only__not_solution_current_law,False,True,fallback_by_assunto,50,needs_audit,False,,Resolução CONTRAN nº 993/2023 - Equipamentos Obrigatórios para a Frota de Veículos em Circulação,,Resolução CONTRAN nº 993/2023 - Equipamentos Obrigatórios para a Frota de Veículos em Circulação,"Sem evidência suficiente para microcard específico. Exibir apenas como panorama do assunto, nunca como regra que resolve a questão.",Questão desatualizada sem gabarito atual pontuável; não exibir como regra que resolve a questão no modo legislação atual.
1503672,contran_993_equipamentos_obrigatorios,specific_high_precision,theory_reference_only__not_solution_current_law,False,True,strict,204,needs_audit,False,,registrador instantaneo; velocidade e tempo,registrador instantaneo; velocidade e tempo,Resolução CONTRAN nº 993/2023 - Equipamentos Obrigatórios para a Frota de Veículos em Circulação,Vínculo por assunto + termos do enunciado/alternativas/comentário. Exibir como card principal somente se importador aceitar score e revisão.,Questão desatualizada sem gabarito atual pontuável; não exibir como regra que resolve a questão no modo legislação atual.
1503673,contran_993_equipamentos_obrigatorios,specific_high_precision,theory_reference_only__not_solution_current_law,False,True,strict,182,needs_audit,False,,cinto,cinto,Resolução CONTRAN nº 993/2023 - Equipamentos Obrigatórios para a Frota de Veículos em Circulação,Vínculo por assunto + termos do enunciado/alternativas/comentário. Exibir como card principal somente se importador aceitar score e revisão.,Questão desatualizada sem gabarito atual pontuável; não exibir como regra que resolve a questão no modo legislação atual.
1503674,subject_overview::resolucao-contran-n-993-2023-equipamentos-obrigatorios-para-a-frota-de-veiculos-em-circula,subject_overview_fallback,theory_reference_only__not_solution_current_law,False,True,fallback_by_assunto,50,needs_audit,False,,Resolução CONTRAN nº 993/2023 - Equipamentos Obrigatórios para a Frota de Veículos em Circulação,,Resolução CONTRAN nº 993/2023 - Equipamentos Obrigatórios para a Frota de Veículos em Circulação,"Sem evidência suficiente para microcard específico. Exibir apenas como panorama do assunto, nunca como regra que resolve a questão.",Questão desatualizada sem gabarito atual pontuável; não exibir como regra que resolve a questão no modo legislação atual.
1503675,subject_overview::resolucao-contran-n-993-2023-equipamentos-obrigatorios-para-a-frota-de-veiculos-em-circula,subject_overview_fallback,theory_reference_only__not_solution_current_law,False,True,fallback_by_assunto,50,needs_audit,False,,Resolução CONTRAN nº 993/2023 - Equipamentos Obrigatórios para a Frota de Veículos em Circulação,,Resolução CONTRAN nº 993/2023 - Equipamentos Obrigatórios para a Frota de Veículos em Circulação,"Sem evidência suficiente para microcard específico. Exibir apenas como panorama do assunto, nunca como regra que resolve a questão.",Questão desatualizada sem gabarito atual pontuável; não exibir como regra que resolve a questão no modo legislação atual.
1509957,contran_993_equipamentos_obrigatorios,specific_high_precision,theory_reference_only__not_solution_current_law,False,True,strict,182,needs_audit,False,,equipamento obrigatorio,equipamento obrigatorio,Resolução CONTRAN nº 993/2023 - Equipamentos Obrigatórios para a Frota de Veículos em Circulação,Vínculo por assunto + termos do enunciado/alternativas/comentário. Exibir como card principal somente se importador aceitar score e revisão.,Questão desatualizada sem gabarito atual pontuável; não exibir como regra que resolve a questão no modo legislação atual.
1971396,subject_overview::resolucao-contran-n-993-2023-equipamentos-obrigatorios-para-a-frota-de-veiculos-em-circula,subject_overview_fallback,theory_reference_only__not_solution_current_law,False,True,fallback_by_assunto,50,needs_audit,False,,Resolução CONTRAN nº 993/2023 - Equipamentos Obrigatórios para a Frota de Veículos em Circulação,,Resolução CONTRAN nº 993/2023 - Equipamentos Obrigatórios para a Frota de Veículos em Circulação,"Sem evidência suficiente para microcard específico. Exibir apenas como panorama do assunto, nunca como regra que resolve a questão.",Questão desatualizada sem gabarito atual pontuável; não exibir como regra que resolve a questão no modo legislação atual.
2024892,contran_993_equipamentos_obrigatorios,specific_high_precision,theory_reference_only__not_solution_current_law,False,True,strict,204,needs_audit,False,,equipamento obrigatorio; extintor,equipamento obrigatorio; extintor,Resolução CONTRAN nº 993/2023 - Equipamentos Obrigatórios para a Frota de Veículos em Circulação,Vínculo por assunto + termos do enunciado/alternativas/comentário. Exibir como card principal somente se importador aceitar score e revisão.,Questão desatualizada sem gabarito atual pontuável; não exibir como regra que resolve a questão no modo legislação atual.
1198,contran_973_sinais_sonoros_gestos,specific_high_precision,rule_that_solves_or_clarifies_question,True,False,strict,226,not_applicable_or_not_outdated,,,gesto; apito; silvo,gesto; apito; silvo,Sinais Sonoros (Antiga Res. CONTRAN 160/2004),Vínculo por assunto + termos do enunciado/alternativas/comentário. Exibir como card principal somente se importador aceitar score e revisão.,
28035,contran_973_sinais_sonoros_gestos,specific_high_precision,theory_reference_only__not_solution_current_law,False,True,strict,204,needs_audit,False,,apito; silvo,apito; silvo,Sinais Sonoros (Antiga Res. CONTRAN 160/2004),Vínculo por assunto + termos do enunciado/alternativas/comentário. Exibir como card principal somente se importador aceitar score e revisão.,Questão desatualizada sem gabarito atual pontuável; não exibir como regra que resolve a questão no modo legislação atual.
42756,contran_973_sinais_sonoros_gestos,specific_high_precision,rule_that_solves_or_clarifies_question,True,False,strict,226,not_applicable_or_not_outdated,,,gesto; apito; silvo,gesto; apito; silvo,Sinais Sonoros (Antiga Res. CONTRAN 160/2004),Vínculo por assunto + termos do enunciado/alternativas/comentário. Exibir como card principal somente se importador aceitar score e revisão.,
70221,contran_973_sinais_sonoros_gestos,specific_high_precision,rule_that_solves_or_clarifies_question,True,False,strict,226,not_applicable_or_not_outdated,,,apito; agente de transito; silvo,apito; agente de transito; silvo,Sinais Sonoros (Antiga Res. CONTRAN 160/2004),Vínculo por assunto + termos do enunciado/alternativas/comentário. Exibir como card principal somente se importador aceitar score e revisão.,
111483,contran_973_sinais_sonoros_gestos,specific_high_precision,rule_that_solves_or_clarifies_question,True,False,strict,248,not_applicable_or_not_outdated,,,gesto; apito; braco; silvo,gesto; apito; braco; silvo,Sinais Sonoros (Antiga Res. CONTRAN 160/2004),Vínculo por assunto + termos do enunciado/alternativas/comentário. Exibir como card principal somente se importador aceitar score e revisão.,
117768,contran_973_sinais_sonoros_gestos,specific_high_precision,rule_that_solves_or_clarifies_question,True,False,strict,182,not_applicable_or_not_outdated,,,silvo,silvo,Sinais Sonoros (Antiga Res. CONTRAN 160/2004),Vínculo por assunto + termos do enunciado/alternativas/comentário. Exibir como card principal somente se importador aceitar score e revisão.,
125870,contran_973_sinais_sonoros_gestos,specific_high_precision,rule_that_solves_or_clarifies_question,True,False,strict,248,not_applicable_or_not_outdated,,,gesto; sinal sonoro; apito; silvo,gesto; sinal sonoro; apito; silvo,Sinais Sonoros (Antiga Res. CONTRAN 160/2004),Vínculo por assunto + termos do enunciado/alternativas/comentário. Exibir como card principal somente se importador aceitar score e revisão.,
133826,contran_973_sinais_sonoros_gestos,specific_high_precision,rule_that_solves_or_clarifies_question,True,False,strict,226,not_applicable_or_not_outdated,,,gesto; apito; silvo,gesto; apito; silvo,Sinais Sonoros (Antiga Res. CONTRAN 160/2004),Vínculo por assunto + termos do enunciado/alternativas/comentário. Exibir como card principal somente se importador aceitar score e revisão.,
167958,contran_973_sinais_sonoros_gestos,specific_high_precision,rule_that_solves_or_clarifies_question,True,False,strict,226,not_applicable_or_not_outdated,,,gesto; apito; silvo,gesto; apito; silvo,Sinais Sonoros (Antiga Res. CONTRAN 160/2004),Vínculo por assunto + termos do enunciado/alternativas/comentário. Exibir como card principal somente se importador aceitar score e revisão.,
276008,contran_973_sinais_sonoros_gestos,specific_high_precision,rule_that_solves_or_clarifies_question,True,False,strict,248,not_applicable_or_not_outdated,,,gesto; sinal sonoro; agente de transito; silvo,gesto; sinal sonoro; agente de transito; silvo,Sinais Sonoros (Antiga Res. CONTRAN 160/2004),Vínculo por assunto + termos do enunciado/alternativas/comentário. Exibir como card principal somente se importador aceitar score e revisão.,
397262,contran_973_sinais_sonoros_gestos,specific_high_precision,rule_that_solves_or_clarifies_question,True,False,strict,260,not_applicable_or_not_outdated,,,gesto; apito; braco; agente de transito; silvo,gesto; apito; braco; silvo,Sinais Sonoros (Antiga Res. CONTRAN 160/2004),Vínculo por assunto + termos do enunciado/alternativas/comentário. Exibir como card principal somente se importador aceitar score e revisão.,
427886,contran_973_sinais_sonoros_gestos,specific_high_precision,rule_that_solves_or_clarifies_question,True,False,strict,204,not_applicable_or_not_outdated,,,sinal sonoro; silvo,sinal sonoro; silvo,Sinais Sonoros (Antiga Res. CONTRAN 160/2004),Vínculo por assunto + termos do enunciado/alternativas/comentário. Exibir como card principal somente se importador aceitar score e revisão.,
471765,contran_973_sinais_sonoros_gestos,specific_high_precision,rule_that_solves_or_clarifies_question,True,False,strict,226,not_applicable_or_not_outdated,,,sinal sonoro; apito; silvo,sinal sonoro; apito; silvo,Sinais Sonoros (Antiga Res. CONTRAN 160/2004),Vínculo por assunto + termos do enunciado/alternativas/comentário. Exibir como card principal somente se importador aceitar score e revisão.,
477776,contran_973_sinais_sonoros_gestos,specific_high_precision,rule_that_solves_or_clarifies_question,True,False,strict,260,not_applicable_or_not_outdated,,,gesto; apito; braco; agente de transito; silvo,gesto; apito; braco; silvo,Sinais Sonoros (Antiga Res. CONTRAN 160/2004),Vínculo por assunto + termos do enunciado/alternativas/comentário. Exibir como card principal somente se importador aceitar score e revisão.,
478651,contran_973_sinais_sonoros_gestos,specific_high_precision,rule_that_solves_or_clarifies_question,True,False,strict,206,not_applicable_or_not_outdated,,,gesto; agente de transito; silvo,silvo,Sinais Sonoros (Antiga Res. CONTRAN 160/2004),Vínculo por assunto + termos do enunciado/alternativas/comentário. Exibir como card principal somente se importador aceitar score e revisão.,
508650,contran_973_sinais_sonoros_gestos,specific_high_precision,rule_that_solves_or_clarifies_question,True,False,strict,204,not_applicable_or_not_outdated,,,apito; silvo,apito; silvo,Sinais Sonoros (Antiga Res. CONTRAN 160/2004),Vínculo por assunto + termos do enunciado/alternativas/comentário. Exibir como card principal somente se importador aceitar score e revisão.,
524661,contran_973_sinais_sonoros_gestos,specific_high_precision,rule_that_solves_or_clarifies_question,True,False,strict,270,not_applicable_or_not_outdated,,,gesto; sinal sonoro; apito; agente de transito; silvo,gesto; sinal sonoro; apito; agente de transito; silvo,Sinais Sonoros (Antiga Res. CONTRAN 160/2004),Vínculo por assunto + termos do enunciado/alternativas/comentário. Exibir como card principal somente se importador aceitar score e revisão.,
553791,contran_973_sinais_sonoros_gestos,specific_high_precision,rule_that_solves_or_clarifies_question,True,False,strict,204,not_applicable_or_not_outdated,,,apito; silvo,apito; silvo,Sinais Sonoros (Antiga Res. CONTRAN 160/2004),Vínculo por assunto + termos do enunciado/alternativas/comentário. Exibir como card principal somente se importador aceitar score e revisão.,
554133,contran_973_sinais_sonoros_gestos,specific_high_precision,rule_that_solves_or_clarifies_question,True,False,strict,204,not_applicable_or_not_outdated,,,apito; silvo,apito; silvo,Sinais Sonoros (Antiga Res. CONTRAN 160/2004),Vínculo por assunto + termos do enunciado/alternativas/comentário. Exibir como card principal somente se importador aceitar score e revisão.,
562128,contran_973_sinais_sonoros_gestos,specific_high_precision,rule_that_solves_or_clarifies_question,True,False,strict,204,not_applicable_or_not_outdated,,,apito; silvo,apito; silvo,Sinais Sonoros (Antiga Res. CONTRAN 160/2004),Vínculo por assunto + termos do enunciado/alternativas/comentário. Exibir como card principal somente se importador aceitar score e revisão.,
574706,contran_973_sinais_sonoros_gestos,specific_high_precision,rule_that_solves_or_clarifies_question,True,False,strict,182,not_applicable_or_not_outdated,,,silvo,silvo,Sinais Sonoros (Antiga Res. CONTRAN 160/2004),Vínculo por assunto + termos do enunciado/alternativas/comentário. Exibir como card principal somente se importador aceitar score e revisão.,
579333,contran_973_sinais_sonoros_gestos,specific_high_precision,rule_that_solves_or_clarifies_question,True,False,strict,182,not_applicable_or_not_outdated,,,silvo,silvo,Sinais Sonoros (Antiga Res. CONTRAN 160/2004),Vínculo por assunto + termos do enunciado/alternativas/comentário. Exibir como card principal somente se importador aceitar score e revisão.,
587477,contran_973_sinais_sonoros_gestos,specific_high_precision,rule_that_solves_or_clarifies_question,True,False,strict,226,not_applicable_or_not_outdated,,,apito; agente de transito; silvo,apito; agente de transito; silvo,Sinais Sonoros (Antiga Res. CONTRAN 160/2004),Vínculo por assunto + termos do enunciado/alternativas/comentário. Exibir como card principal somente se importador aceitar score e revisão.,
589271,contran_973_sinais_sonoros_gestos,specific_high_precision,rule_that_solves_or_clarifies_question,True,False,strict,226,not_applicable_or_not_outdated,,,gesto; apito; silvo,gesto; apito; silvo,Sinais Sonoros (Antiga Res. CONTRAN 160/2004),Vínculo por assunto + termos do enunciado/alternativas/comentário. Exibir como card principal somente se importador aceitar score e revisão.,
719641,contran_973_sinais_sonoros_gestos,specific_high_precision,rule_that_solves_or_clarifies_question,True,False,strict,226,not_applicable_or_not_outdated,,,gesto; sinal sonoro; silvo,gesto; sinal sonoro; silvo,Sinais Sonoros (Antiga Res. CONTRAN 160/2004),Vínculo por assunto + termos do enunciado/alternativas/comentário. Exibir como card principal somente se importador aceitar score e revisão.,
721762,contran_973_sinais_sonoros_gestos,specific_high_precision,rule_that_solves_or_clarifies_question,True,False,strict,182,not_applicable_or_not_outdated,,,silvo,silvo,Sinais Sonoros (Antiga Res. CONTRAN 160/2004),Vínculo por assunto + termos do enunciado/alternativas/comentário. Exibir como card principal somente se importador aceitar score e revisão.,
747977,contran_973_sinais_sonoros_gestos,specific_high_precision,rule_that_solves_or_clarifies_question,True,False,strict,204,not_applicable_or_not_outdated,,,agente de transito; silvo,agente de transito; silvo,Sinais Sonoros (Antiga Res. CONTRAN 160/2004),Vínculo por assunto + termos do enunciado/alternativas/comentário. Exibir como card principal somente se importador aceitar score e revisão.,
805913,contran_973_sinais_sonoros_gestos,specific_high_precision,rule_that_solves_or_clarifies_question,True,False,strict,204,not_applicable_or_not_outdated,,,sinal sonoro; silvo,sinal sonoro; silvo,Sinais Sonoros (Antiga Res. CONTRAN 160/2004),Vínculo por assunto + termos do enunciado/alternativas/comentário. Exibir como card principal somente se importador aceitar score e revisão.,
808939,contran_973_sinais_sonoros_gestos,specific_high_precision,theory_reference_only__not_solution_current_law,False,True,strict,260,needs_audit,False,,gesto; sinal sonoro; apito; agente de transito; silvo,sinal sonoro; apito; agente de transito; silvo,Sinais Sonoros (Antiga Res. CONTRAN 160/2004),Vínculo por assunto + termos do enunciado/alternativas/comentário. Exibir como card principal somente se importador aceitar score e revisão.,Questão desatualizada sem gabarito atual pontuável; não exibir como regra que resolve a questão no modo legislação atual.
827394,contran_973_sinais_sonoros_gestos,specific_high_precision,rule_that_solves_or_clarifies_question,True,False,strict,226,not_applicable_or_not_outdated,,,apito; agente de transito; silvo,apito; agente de transito; silvo,Sinais Sonoros (Antiga Res. CONTRAN 160/2004),Vínculo por assunto + termos do enunciado/alternativas/comentário. Exibir como card principal somente se importador aceitar score e revisão.,
842808,contran_973_sinais_sonoros_gestos,specific_high_precision,rule_that_solves_or_clarifies_question,True,False,strict,292,not_applicable_or_not_outdated,,,gesto; sinal sonoro; apito; braco; agente de transito; silvo,gesto; sinal sonoro; apito; braco; agente de transito; silvo,Sinais Sonoros (Antiga Res. CONTRAN 160/2004),Vínculo por assunto + termos do enunciado/alternativas/comentário. Exibir como card principal somente se importador aceitar score e revisão.,
858112,contran_973_sinais_sonoros_gestos,specific_high_precision,rule_that_solves_or_clarifies_question,True,False,strict,204,not_applicable_or_not_outdated,,,apito; silvo,apito; silvo,Sinais Sonoros (Antiga Res. CONTRAN 160/2004),Vínculo por assunto + termos do enunciado/alternativas/comentário. Exibir como card principal somente se importador aceitar score e revisão.,
875610,contran_973_sinais_sonoros_gestos,specific_high_precision,rule_that_solves_or_clarifies_question,True,False,strict,248,not_applicable_or_not_outdated,,,gesto; sinal sonoro; agente de transito; silvo,gesto; sinal sonoro; agente de transito; silvo,Sinais Sonoros (Antiga Res. CONTRAN 160/2004),Vínculo por assunto + termos do enunciado/alternativas/comentário. Exibir como card principal somente se importador aceitar score e revisão.,
920663,contran_973_sinais_sonoros_gestos,specific_high_precision,rule_that_solves_or_clarifies_question,True,False,strict,206,not_applicable_or_not_outdated,,,sinal sonoro; agente de transito; silvo,silvo,Sinais Sonoros (Antiga Res. CONTRAN 160/2004),Vínculo por assunto + termos do enunciado/alternativas/comentário. Exibir como card principal somente se importador aceitar score e revisão.,
924389,contran_973_sinais_sonoros_gestos,specific_high_precision,rule_that_solves_or_clarifies_question,True,False,strict,182,not_applicable_or_not_outdated,,,silvo,silvo,Sinais Sonoros (Antiga Res. CONTRAN 160/2004),Vínculo por assunto + termos do enunciado/alternativas/comentário. Exibir como card principal somente se importador aceitar score e revisão.,
935306,contran_973_sinais_sonoros_gestos,specific_high_precision,rule_that_solves_or_clarifies_question,True,False,strict,204,not_applicable_or_not_outdated,,,apito; silvo,apito; silvo,Sinais Sonoros (Antiga Res. CONTRAN 160/2004),Vínculo por assunto + termos do enunciado/alternativas/comentário. Exibir como card principal somente se importador aceitar score e revisão.,
937080,contran_973_sinais_sonoros_gestos,specific_high_precision,rule_that_solves_or_clarifies_question,True,False,strict,226,not_applicable_or_not_outdated,,,gesto; agente de transito; silvo,gesto; agente de transito; silvo,Sinais Sonoros (Antiga Res. CONTRAN 160/2004),Vínculo por assunto + termos do enunciado/alternativas/comentário. Exibir como card principal somente se importador aceitar score e revisão.,
945299,contran_973_sinais_sonoros_gestos,specific_high_precision,rule_that_solves_or_clarifies_question,True,False,strict,204,not_applicable_or_not_outdated,,,apito; silvo,apito; silvo,Sinais Sonoros (Antiga Res. CONTRAN 160/2004),Vínculo por assunto + termos do enunciado/alternativas/comentário. Exibir como card principal somente se importador aceitar score e revisão.,
956949,contran_973_sinais_sonoros_gestos,specific_high_precision,rule_that_solves_or_clarifies_question,True,False,strict,182,not_applicable_or_not_outdated,,,silvo,silvo,Sinais Sonoros (Antiga Res. CONTRAN 160/2004),Vínculo por assunto + termos do enunciado/alternativas/comentário. Exibir como card principal somente se importador aceitar score e revisão.,
962912,contran_973_sinais_sonoros_gestos,specific_high_precision,rule_that_solves_or_clarifies_question,True,False,strict,204,not_applicable_or_not_outdated,,,agente de transito; silvo,agente de transito; silvo,Sinais Sonoros (Antiga Res. CONTRAN 160/2004),Vínculo por assunto + termos do enunciado/alternativas/comentário. Exibir como card principal somente se importador aceitar score e revisão.,
969920,contran_973_sinais_sonoros_gestos,specific_high_precision,rule_that_solves_or_clarifies_question,True,False,strict,216,not_applicable_or_not_outdated,,,sinal sonoro; apito; silvo,apito; silvo,Sinais Sonoros (Antiga Res. CONTRAN 160/2004),Vínculo por assunto + termos do enunciado/alternativas/comentário. Exibir como card principal somente se importador aceitar score e revisão.,
971478,contran_973_sinais_sonoros_gestos,specific_high_precision,rule_that_solves_or_clarifies_question,True,False,strict,206,not_applicable_or_not_outdated,,,gesto; apito; silvo,silvo,Sinais Sonoros (Antiga Res. CONTRAN 160/2004),Vínculo por assunto + termos do enunciado/alternativas/comentário. Exibir como card principal somente se importador aceitar score e revisão.,
996104,contran_973_sinais_sonoros_gestos,specific_high_precision,rule_that_solves_or_clarifies_question,True,False,strict,216,not_applicable_or_not_outdated,,,sinal sonoro; agente de transito; silvo,agente de transito; silvo,Sinais Sonoros (Antiga Res. CONTRAN 160/2004),Vínculo por assunto + termos do enunciado/alternativas/comentário. Exibir como card principal somente se importador aceitar score e revisão.,
999524,contran_973_sinais_sonoros_gestos,specific_high_precision,rule_that_solves_or_clarifies_question,True,False,strict,194,not_applicable_or_not_outdated,,,apito; silvo,silvo,Sinais Sonoros (Antiga Res. CONTRAN 160/2004),Vínculo por assunto + termos do enunciado/alternativas/comentário. Exibir como card principal somente se importador aceitar score e revisão.,
1007987,contran_973_sinais_sonoros_gestos,specific_high_precision,rule_that_solves_or_clarifies_question,True,False,strict,228,not_applicable_or_not_outdated,,,gesto; braco; agente de transito; silvo,braco; silvo,Sinais Sonoros (Antiga Res. CONTRAN 160/2004),Vínculo por assunto + termos do enunciado/alternativas/comentário. Exibir como card principal somente se importador aceitar score e revisão.,
1071288,contran_973_sinais_sonoros_gestos,specific_high_precision,rule_that_solves_or_clarifies_question,True,False,strict,204,not_applicable_or_not_outdated,,,agente de transito; silvo,agente de transito; silvo,Sinais Sonoros (Antiga Res. CONTRAN 160/2004),Vínculo por assunto + termos do enunciado/alternativas/comentário. Exibir como card principal somente se importador aceitar score e revisão.,
1075358,contran_973_sinais_sonoros_gestos,specific_high_precision,rule_that_solves_or_clarifies_question,True,False,strict,182,not_applicable_or_not_outdated,,,silvo,silvo,Sinais Sonoros (Antiga Res. CONTRAN 160/2004),Vínculo por assunto + termos do enunciado/alternativas/comentário. Exibir como card principal somente se importador aceitar score e revisão.,
1112237,contran_973_sinais_sonoros_gestos,specific_high_precision,rule_that_solves_or_clarifies_question,True,False,strict,248,not_applicable_or_not_outdated,,,gesto; sinal sonoro; agente de transito; silvo,gesto; sinal sonoro; agente de transito; silvo,Sinais Sonoros (Antiga Res. CONTRAN 160/2004),Vínculo por assunto + termos do enunciado/alternativas/comentário. Exibir como card principal somente se importador aceitar score e revisão.,
1113757,contran_973_sinais_sonoros_gestos,specific_high_precision,rule_that_solves_or_clarifies_question,True,False,strict,204,not_applicable_or_not_outdated,,,agente de transito; silvo,agente de transito; silvo,Sinais Sonoros (Antiga Res. CONTRAN 160/2004),Vínculo por assunto + termos do enunciado/alternativas/comentário. Exibir como card principal somente se importador aceitar score e revisão.,
1113767,contran_973_sinais_sonoros_gestos,specific_high_precision,rule_that_solves_or_clarifies_question,True,False,strict,226,not_applicable_or_not_outdated,,,apito; agente de transito; silvo,apito; agente de transito; silvo,Sinais Sonoros (Antiga Res. CONTRAN 160/2004),Vínculo por assunto + termos do enunciado/alternativas/comentário. Exibir como card principal somente se importador aceitar score e revisão.,
1142115,contran_973_sinais_sonoros_gestos,specific_high_precision,rule_that_solves_or_clarifies_question,True,False,strict,194,not_applicable_or_not_outdated,,,sinal sonoro; silvo,silvo,Sinais Sonoros (Antiga Res. CONTRAN 160/2004),Vínculo por assunto + termos do enunciado/alternativas/comentário. Exibir como card principal somente se importador aceitar score e revisão.,
1143564,contran_973_sinais_sonoros_gestos,specific_high_precision,rule_that_solves_or_clarifies_question,True,False,strict,194,not_applicable_or_not_outdated,,,sinal sonoro; silvo,silvo,Sinais Sonoros (Antiga Res. CONTRAN 160/2004),Vínculo por assunto + termos do enunciado/alternativas/comentário. Exibir como card principal somente se importador aceitar score e revisão.,
1164788,contran_973_sinais_sonoros_gestos,specific_high_precision,rule_that_solves_or_clarifies_question,True,False,strict,226,not_applicable_or_not_outdated,,,sinal sonoro; agente de transito; silvo,sinal sonoro; agente de transito; silvo,Sinais Sonoros (Antiga Res. CONTRAN 160/2004),Vínculo por assunto + termos do enunciado/alternativas/comentário. Exibir como card principal somente se importador aceitar score e revisão.,
1174051,contran_973_sinais_sonoros_gestos,specific_high_precision,rule_that_solves_or_clarifies_question,True,False,strict,182,not_applicable_or_not_outdated,,,silvo,silvo,Sinais Sonoros (Antiga Res. CONTRAN 160/2004),Vínculo por assunto + termos do enunciado/alternativas/comentário. Exibir como card principal somente se importador aceitar score e revisão.,
1177931,contran_973_sinais_sonoros_gestos,specific_high_precision,rule_that_solves_or_clarifies_question,True,False,strict,218,not_applicable_or_not_outdated,,,gesto; apito; agente de transito; silvo,silvo,Sinais Sonoros (Antiga Res. CONTRAN 160/2004),Vínculo por assunto + termos do enunciado/alternativas/comentário. Exibir como card principal somente se importador aceitar score e revisão.,
1185436,contran_973_sinais_sonoros_gestos,specific_high_precision,rule_that_solves_or_clarifies_question,True,False,strict,228,not_applicable_or_not_outdated,,,gesto; apito; agente de transito; silvo,apito; silvo,Sinais Sonoros (Antiga Res. CONTRAN 160/2004),Vínculo por assunto + termos do enunciado/alternativas/comentário. Exibir como card principal somente se importador aceitar score e revisão.,
1214826,contran_973_sinais_sonoros_gestos,specific_high_precision,rule_that_solves_or_clarifies_question,True,False,strict,226,not_applicable_or_not_outdated,,,apito; agente de transito; silvo,apito; agente de transito; silvo,Sinais Sonoros (Antiga Res. CONTRAN 160/2004),Vínculo por assunto + termos do enunciado/alternativas/comentário. Exibir como card principal somente se importador aceitar score e revisão.,
1289172,contran_973_sinais_sonoros_gestos,specific_high_precision,rule_that_solves_or_clarifies_question,True,False,strict,182,not_applicable_or_not_outdated,,,silvo,silvo,Sinais Sonoros (Antiga Res. CONTRAN 160/2004),Vínculo por assunto + termos do enunciado/alternativas/comentário. Exibir como card principal somente se importador aceitar score e revisão.,
1327679,contran_973_sinais_sonoros_gestos,specific_high_precision,rule_that_solves_or_clarifies_question,True,False,strict,182,not_applicable_or_not_outdated,,,silvo,silvo,Sinais Sonoros (Antiga Res. CONTRAN 160/2004),Vínculo por assunto + termos do enunciado/alternativas/comentário. Exibir como card principal somente se importador aceitar score e revisão.,
1331182,contran_973_sinais_sonoros_gestos,specific_high_precision,rule_that_solves_or_clarifies_question,True,False,strict,182,not_applicable_or_not_outdated,,,silvo,silvo,Sinais Sonoros (Antiga Res. CONTRAN 160/2004),Vínculo por assunto + termos do enunciado/alternativas/comentário. Exibir como card principal somente se importador aceitar score e revisão.,
1333484,contran_973_sinais_sonoros_gestos,specific_high_precision,rule_that_solves_or_clarifies_question,True,False,strict,204,not_applicable_or_not_outdated,,,apito; silvo,apito; silvo,Sinais Sonoros (Antiga Res. CONTRAN 160/2004),Vínculo por assunto + termos do enunciado/alternativas/comentário. Exibir como card principal somente se importador aceitar score e revisão.,
1382675,contran_973_sinais_sonoros_gestos,specific_high_precision,rule_that_solves_or_clarifies_question,True,False,strict,226,not_applicable_or_not_outdated,,,sinal sonoro; apito; silvo,sinal sonoro; apito; silvo,Sinais Sonoros (Antiga Res. CONTRAN 160/2004),Vínculo por assunto + termos do enunciado/alternativas/comentário. Exibir como card principal somente se importador aceitar score e revisão.,
1388728,contran_973_sinais_sonoros_gestos,specific_high_precision,rule_that_solves_or_clarifies_question,True,False,strict,182,not_applicable_or_not_outdated,,,silvo,silvo,Sinais Sonoros (Antiga Res. CONTRAN 160/2004),Vínculo por assunto + termos do enunciado/alternativas/comentário. Exibir como card principal somente se importador aceitar score e revisão.,
1401698,contran_973_sinais_sonoros_gestos,specific_high_precision,rule_that_solves_or_clarifies_question,True,False,strict,248,not_applicable_or_not_outdated,,,gesto; apito; agente de transito; silvo,gesto; apito; agente de transito; silvo,Sinais Sonoros (Antiga Res. CONTRAN 160/2004),Vínculo por assunto + termos do enunciado/alternativas/comentário. Exibir como card principal somente se importador aceitar score e revisão.,
1448219,contran_973_sinais_sonoros_gestos,specific_high_precision,rule_that_solves_or_clarifies_question,True,False,strict,226,not_applicable_or_not_outdated,,,apito; agente de transito; silvo,apito; agente de transito; silvo,Sinais Sonoros (Antiga Res. CONTRAN 160/2004),Vínculo por assunto + termos do enunciado/alternativas/comentário. Exibir como card principal somente se importador aceitar score e revisão.,
1517571,contran_973_sinais_sonoros_gestos,specific_high_precision,rule_that_solves_or_clarifies_question,True,False,strict,204,not_applicable_or_not_outdated,,,sinal sonoro; silvo,sinal sonoro; silvo,Sinais Sonoros (Antiga Res. CONTRAN 160/2004),Vínculo por assunto + termos do enunciado/alternativas/comentário. Exibir como card principal somente se importador aceitar score e revisão.,
1520235,contran_973_sinais_sonoros_gestos,specific_high_precision,rule_that_solves_or_clarifies_question,True,False,strict,204,not_applicable_or_not_outdated,,,apito; silvo,apito; silvo,Sinais Sonoros (Antiga Res. CONTRAN 160/2004),Vínculo por assunto + termos do enunciado/alternativas/comentário. Exibir como card principal somente se importador aceitar score e revisão.,
1520267,contran_973_sinais_sonoros_gestos,specific_high_precision,rule_that_solves_or_clarifies_question,True,False,strict,226,not_applicable_or_not_outdated,,,sinal sonoro; agente de transito; silvo,sinal sonoro; agente de transito; silvo,Sinais Sonoros (Antiga Res. CONTRAN 160/2004),Vínculo por assunto + termos do enunciado/alternativas/comentário. Exibir como card principal somente se importador aceitar score e revisão.,
1521147,contran_973_sinais_sonoros_gestos,specific_high_precision,rule_that_solves_or_clarifies_question,True,False,strict,240,not_applicable_or_not_outdated,,,gesto; sinal sonoro; apito; agente de transito; silvo,sinal sonoro; silvo,Sinais Sonoros (Antiga Res. CONTRAN 160/2004),Vínculo por assunto + termos do enunciado/alternativas/comentário. Exibir como card principal somente se importador aceitar score e revisão.,
1527879,contran_973_sinais_sonoros_gestos,specific_high_precision,rule_that_solves_or_clarifies_question,True,False,strict,240,not_applicable_or_not_outdated,,,gesto; sinal sonoro; apito; agente de transito; silvo,sinal sonoro; silvo,Sinais Sonoros (Antiga Res. CONTRAN 160/2004),Vínculo por assunto + termos do enunciado/alternativas/comentário. Exibir como card principal somente se importador aceitar score e revisão.,
1553763,contran_973_sinais_sonoros_gestos,specific_high_precision,rule_that_solves_or_clarifies_question,True,False,strict,248,not_applicable_or_not_outdated,,,gesto; apito; agente de transito; silvo,gesto; apito; agente de transito; silvo,Sinais Sonoros (Antiga Res. CONTRAN 160/2004),Vínculo por assunto + termos do enunciado/alternativas/comentário. Exibir como card principal somente se importador aceitar score e revisão.,
1561718,contran_973_sinais_sonoros_gestos,specific_high_precision,rule_that_solves_or_clarifies_question,True,False,strict,226,not_applicable_or_not_outdated,,,gesto; braco; silvo,gesto; braco; silvo,Sinais Sonoros (Antiga Res. CONTRAN 160/2004),Vínculo por assunto + termos do enunciado/alternativas/comentário. Exibir como card principal somente se importador aceitar score e revisão.,
1564655,contran_973_sinais_sonoros_gestos,specific_high_precision,rule_that_solves_or_clarifies_question,True,False,strict,216,not_applicable_or_not_outdated,,,gesto; sinal sonoro; silvo,sinal sonoro; silvo,Sinais Sonoros (Antiga Res. CONTRAN 160/2004),Vínculo por assunto + termos do enunciado/alternativas/comentário. Exibir como card principal somente se importador aceitar score e revisão.,
1583781,contran_973_sinais_sonoros_gestos,specific_high_precision,rule_that_solves_or_clarifies_question,True,False,strict,216,not_applicable_or_not_outdated,,,gesto; apito; silvo,apito; silvo,Sinais Sonoros (Antiga Res. CONTRAN 160/2004),Vínculo por assunto + termos do enunciado/alternativas/comentário. Exibir como card principal somente se importador aceitar score e revisão.,
1587789,contran_973_sinais_sonoros_gestos,specific_high_precision,rule_that_solves_or_clarifies_question,True,False,strict,204,not_applicable_or_not_outdated,,,agente de transito; silvo,agente de transito; silvo,Sinais Sonoros (Antiga Res. CONTRAN 160/2004),Vínculo por assunto + termos do enunciado/alternativas/comentário. Exibir como card principal somente se importador aceitar score e revisão.,
1661722,contran_973_sinais_sonoros_gestos,specific_high_precision,rule_that_solves_or_clarifies_question,True,False,strict,204,not_applicable_or_not_outdated,,,gesto; silvo,gesto; silvo,Sinais Sonoros (Antiga Res. CONTRAN 160/2004),Vínculo por assunto + termos do enunciado/alternativas/comentário. Exibir como card principal somente se importador aceitar score e revisão.,
1680495,contran_973_sinais_sonoros_gestos,specific_high_precision,rule_that_solves_or_clarifies_question,True,False,strict,204,not_applicable_or_not_outdated,,,agente de transito; silvo,agente de transito; silvo,Sinais Sonoros (Antiga Res. CONTRAN 160/2004),Vínculo por assunto + termos do enunciado/alternativas/comentário. Exibir como card principal somente se importador aceitar score e revisão.,
1691258,contran_973_sinais_sonoros_gestos,specific_high_precision,rule_that_solves_or_clarifies_question,True,False,strict,226,not_applicable_or_not_outdated,,,gesto; apito; silvo,gesto; apito; silvo,Sinais Sonoros (Antiga Res. CONTRAN 160/2004),Vínculo por assunto + termos do enunciado/alternativas/comentário. Exibir como card principal somente se importador aceitar score e revisão.,
1693791,contran_973_sinais_sonoros_gestos,specific_high_precision,rule_that_solves_or_clarifies_question,True,False,strict,248,not_applicable_or_not_outdated,,,gesto; apito; agente de transito; silvo,gesto; apito; agente de transito; silvo,Sinais Sonoros (Antiga Res. CONTRAN 160/2004),Vínculo por assunto + termos do enunciado/alternativas/comentário. Exibir como card principal somente se importador aceitar score e revisão.,
1752354,contran_973_sinais_sonoros_gestos,specific_high_precision,rule_that_solves_or_clarifies_question,True,False,strict,226,not_applicable_or_not_outdated,,,sinal sonoro; apito; silvo,sinal sonoro; apito; silvo,Sinais Sonoros (Antiga Res. CONTRAN 160/2004),Vínculo por assunto + termos do enunciado/alternativas/comentário. Exibir como card principal somente se importador aceitar score e revisão.,
1752826,contran_973_sinais_sonoros_gestos,specific_high_precision,rule_that_solves_or_clarifies_question,True,False,strict,182,not_applicable_or_not_outdated,,,silvo,silvo,Sinais Sonoros (Antiga Res. CONTRAN 160/2004),Vínculo por assunto + termos do enunciado/alternativas/comentário. Exibir como card principal somente se importador aceitar score e revisão.,
1761978,contran_973_sinais_sonoros_gestos,specific_high_precision,rule_that_solves_or_clarifies_question,True,False,strict,204,not_applicable_or_not_outdated,,,apito; silvo,apito; silvo,Sinais Sonoros (Antiga Res. CONTRAN 160/2004),Vínculo por assunto + termos do enunciado/alternativas/comentário. Exibir como card principal somente se importador aceitar score e revisão.,
1807759,contran_973_sinais_sonoros_gestos,specific_high_precision,rule_that_solves_or_clarifies_question,True,False,strict,182,not_applicable_or_not_outdated,,,silvo,silvo,Sinais Sonoros (Antiga Res. CONTRAN 160/2004),Vínculo por assunto + termos do enunciado/alternativas/comentário. Exibir como card principal somente se importador aceitar score e revisão.,
1875913,contran_973_sinais_sonoros_gestos,specific_high_precision,rule_that_solves_or_clarifies_question,True,False,strict,228,not_applicable_or_not_outdated,,,gesto; apito; agente de transito; silvo,apito; silvo,Sinais Sonoros (Antiga Res. CONTRAN 160/2004),Vínculo por assunto + termos do enunciado/alternativas/comentário. Exibir como card principal somente se importador aceitar score e revisão.,
1958980,contran_973_sinais_sonoros_gestos,specific_high_precision,rule_that_solves_or_clarifies_question,True,False,strict,226,not_applicable_or_not_outdated,,,gesto; braco; silvo,gesto; braco; silvo,Sinais Sonoros (Antiga Res. CONTRAN 160/2004),Vínculo por assunto + termos do enunciado/alternativas/comentário. Exibir como card principal somente se importador aceitar score e revisão.,
2034876,subject_overview::sinais-sonoros-antiga-res-contran-160-2004,subject_overview_fallback,general_orientation_only,False,False,fallback_by_assunto,50,not_applicable_or_not_outdated,,,Sinais Sonoros (Antiga Res. CONTRAN 160/2004),,Sinais Sonoros (Antiga Res. CONTRAN 160/2004),"Sem evidência suficiente para microcard específico. Exibir apenas como panorama do assunto, nunca como regra que resolve a questão.",
2076708,subject_overview::sinais-sonoros-antiga-res-contran-160-2004,subject_overview_fallback,general_orientation_only,False,False,fallback_by_assunto,50,not_applicable_or_not_outdated,,,Sinais Sonoros (Antiga Res. CONTRAN 160/2004),,Sinais Sonoros (Antiga Res. CONTRAN 160/2004),"Sem evidência suficiente para microcard específico. Exibir apenas como panorama do assunto, nunca como regra que resolve a questão.",
2093549,contran_973_sinais_sonoros_gestos,specific_high_precision,rule_that_solves_or_clarifies_question,True,False,strict,248,not_applicable_or_not_outdated,,,sinal sonoro; apito; agente de transito; silvo,sinal sonoro; apito; agente de transito; silvo,Sinais Sonoros (Antiga Res. CONTRAN 160/2004),Vínculo por assunto + termos do enunciado/alternativas/comentário. Exibir como card principal somente se importador aceitar score e revisão.,
2163079,contran_973_sinais_sonoros_gestos,specific_high_precision,rule_that_solves_or_clarifies_question,True,False,strict,226,not_applicable_or_not_outdated,,,apito; agente de transito; silvo,apito; agente de transito; silvo,Sinais Sonoros (Antiga Res. CONTRAN 160/2004),Vínculo por assunto + termos do enunciado/alternativas/comentário. Exibir como card principal somente se importador aceitar score e revisão.,
2184631,contran_973_sinais_sonoros_gestos,specific_high_precision,rule_that_solves_or_clarifies_question,True,False,strict,216,not_applicable_or_not_outdated,,,apito; agente de transito; silvo,apito; silvo,Sinais Sonoros (Antiga Res. CONTRAN 160/2004),Vínculo por assunto + termos do enunciado/alternativas/comentário. Exibir como card principal somente se importador aceitar score e revisão.,
27878,subject_overview::topicos-mesclados-de-sinalizacao-de-transito,subject_overview_fallback,general_orientation_only,False,False,downgraded_weak_evidence,50,not_applicable_or_not_outdated,,,Tópicos Mesclados de Sinalização de Trânsito,,Tópicos Mesclados de Sinalização de Trânsito,Vínculo específico rebaixado: a evidência era genérica/fraca. Exibir apenas panorama do assunto até revisão humana.,
42754,subject_overview::topicos-mesclados-de-sinalizacao-de-transito,subject_overview_fallback,general_orientation_only,False,False,downgraded_weak_evidence,50,not_applicable_or_not_outdated,,,Tópicos Mesclados de Sinalização de Trânsito,,Tópicos Mesclados de Sinalização de Trânsito,Vínculo específico rebaixado: a evidência era genérica/fraca. Exibir apenas panorama do assunto até revisão humana.,
128302,subject_overview::topicos-mesclados-de-sinalizacao-de-transito,subject_overview_fallback,general_orientation_only,False,False,downgraded_weak_evidence,50,not_applicable_or_not_outdated,,,Tópicos Mesclados de Sinalização de Trânsito,,Tópicos Mesclados de Sinalização de Trânsito,Vínculo específico rebaixado: a evidência era genérica/fraca. Exibir apenas panorama do assunto até revisão humana.,
194065,contran_973_sinais_sonoros_gestos,specific_high_precision,rule_that_solves_or_clarifies_question,True,False,strict,182,not_applicable_or_not_outdated,,,gesto,gesto,Tópicos Mesclados de Sinalização de Trânsito,Vínculo por assunto + termos do enunciado/alternativas/comentário. Exibir como card principal somente se importador aceitar score e revisão.,
408945,subject_overview::topicos-mesclados-de-sinalizacao-de-transito,subject_overview_fallback,general_orientation_only,False,False,downgraded_weak_evidence,50,not_applicable_or_not_outdated,,,Tópicos Mesclados de Sinalização de Trânsito,,Tópicos Mesclados de Sinalização de Trânsito,Vínculo específico rebaixado: a evidência era genérica/fraca. Exibir apenas panorama do assunto até revisão humana.,
434976,subject_overview::topicos-mesclados-de-sinalizacao-de-transito,subject_overview_fallback,general_orientation_only,False,False,downgraded_weak_evidence,50,not_applicable_or_not_outdated,,,Tópicos Mesclados de Sinalização de Trânsito,,Tópicos Mesclados de Sinalização de Trânsito,Vínculo específico rebaixado: a evidência era genérica/fraca. Exibir apenas panorama do assunto até revisão humana.,
437136,subject_overview::topicos-mesclados-de-sinalizacao-de-transito,subject_overview_fallback,general_orientation_only,False,False,downgraded_weak_evidence,50,not_applicable_or_not_outdated,,,Tópicos Mesclados de Sinalização de Trânsito,,Tópicos Mesclados de Sinalização de Trânsito,Vínculo específico rebaixado: a evidência era genérica/fraca. Exibir apenas panorama do assunto até revisão humana.,
480672,subject_overview::topicos-mesclados-de-sinalizacao-de-transito,subject_overview_fallback,general_orientation_only,False,False,downgraded_weak_evidence,50,not_applicable_or_not_outdated,,,Tópicos Mesclados de Sinalização de Trânsito,,Tópicos Mesclados de Sinalização de Trânsito,Vínculo específico rebaixado: a evidência era genérica/fraca. Exibir apenas panorama do assunto até revisão humana.,
533626,subject_overview::topicos-mesclados-de-sinalizacao-de-transito,subject_overview_fallback,general_orientation_only,False,False,downgraded_weak_evidence,50,not_applicable_or_not_outdated,,,Tópicos Mesclados de Sinalização de Trânsito,,Tópicos Mesclados de Sinalização de Trânsito,Vínculo específico rebaixado: a evidência era genérica/fraca. Exibir apenas panorama do assunto até revisão humana.,
548536,subject_overview::topicos-mesclados-de-sinalizacao-de-transito,subject_overview_fallback,general_orientation_only,False,False,downgraded_weak_evidence,50,not_applicable_or_not_outdated,,,Tópicos Mesclados de Sinalização de Trânsito,,Tópicos Mesclados de Sinalização de Trânsito,Vínculo específico rebaixado: a evidência era genérica/fraca. Exibir apenas panorama do assunto até revisão humana.,
579331,subject_overview::topicos-mesclados-de-sinalizacao-de-transito,subject_overview_fallback,general_orientation_only,False,False,downgraded_weak_evidence,50,not_applicable_or_not_outdated,,,Tópicos Mesclados de Sinalização de Trânsito,,Tópicos Mesclados de Sinalização de Trânsito,Vínculo específico rebaixado: a evidência era genérica/fraca. Exibir apenas panorama do assunto até revisão humana.,
723300,subject_overview::topicos-mesclados-de-sinalizacao-de-transito,subject_overview_fallback,general_orientation_only,False,False,downgraded_weak_evidence,50,not_applicable_or_not_outdated,,,Tópicos Mesclados de Sinalização de Trânsito,,Tópicos Mesclados de Sinalização de Trânsito,Vínculo específico rebaixado: a evidência era genérica/fraca. Exibir apenas panorama do assunto até revisão humana.,
845010,subject_overview::topicos-mesclados-de-sinalizacao-de-transito,subject_overview_fallback,general_orientation_only,False,False,downgraded_weak_evidence,50,not_applicable_or_not_outdated,,,Tópicos Mesclados de Sinalização de Trânsito,,Tópicos Mesclados de Sinalização de Trânsito,Vínculo específico rebaixado: a evidência era genérica/fraca. Exibir apenas panorama do assunto até revisão humana.,
910888,subject_overview::topicos-mesclados-de-sinalizacao-de-transito,subject_overview_fallback,general_orientation_only,False,False,downgraded_weak_evidence,50,not_applicable_or_not_outdated,,,Tópicos Mesclados de Sinalização de Trânsito,,Tópicos Mesclados de Sinalização de Trânsito,Vínculo específico rebaixado: a evidência era genérica/fraca. Exibir apenas panorama do assunto até revisão humana.,
966257,subject_overview::topicos-mesclados-de-sinalizacao-de-transito,subject_overview_fallback,general_orientation_only,False,False,downgraded_weak_evidence,50,not_applicable_or_not_outdated,,,Tópicos Mesclados de Sinalização de Trânsito,,Tópicos Mesclados de Sinalização de Trânsito,Vínculo específico rebaixado: a evidência era genérica/fraca. Exibir apenas panorama do assunto até revisão humana.,
972078,subject_overview::topicos-mesclados-de-sinalizacao-de-transito,subject_overview_fallback,general_orientation_only,False,False,downgraded_weak_evidence,50,not_applicable_or_not_outdated,,,Tópicos Mesclados de Sinalização de Trânsito,,Tópicos Mesclados de Sinalização de Trânsito,Vínculo específico rebaixado: a evidência era genérica/fraca. Exibir apenas panorama do assunto até revisão humana.,
1076022,subject_overview::topicos-mesclados-de-sinalizacao-de-transito,subject_overview_fallback,general_orientation_only,False,False,downgraded_weak_evidence,50,not_applicable_or_not_outdated,,,Tópicos Mesclados de Sinalização de Trânsito,,Tópicos Mesclados de Sinalização de Trânsito,Vínculo específico rebaixado: a evidência era genérica/fraca. Exibir apenas panorama do assunto até revisão humana.,
1123008,subject_overview::topicos-mesclados-de-sinalizacao-de-transito,subject_overview_fallback,general_orientation_only,False,False,downgraded_weak_evidence,50,not_applicable_or_not_outdated,,,Tópicos Mesclados de Sinalização de Trânsito,,Tópicos Mesclados de Sinalização de Trânsito,Vínculo específico rebaixado: a evidência era genérica/fraca. Exibir apenas panorama do assunto até revisão humana.,
1161963,subject_overview::topicos-mesclados-de-sinalizacao-de-transito,subject_overview_fallback,general_orientation_only,False,False,downgraded_weak_evidence,50,not_applicable_or_not_outdated,,,Tópicos Mesclados de Sinalização de Trânsito,,Tópicos Mesclados de Sinalização de Trânsito,Vínculo específico rebaixado: a evidência era genérica/fraca. Exibir apenas panorama do assunto até revisão humana.,
1213371,ctb_sinalizacao_ordem_prevalencia,specific_high_precision,rule_that_solves_or_clarifies_question,False,True,ambiguous_top_candidate,179,not_applicable_or_not_outdated,,,sinais luminosos; sinalizacao,sinalizacao,Tópicos Mesclados de Sinalização de Trânsito,Vínculo por assunto + termos do enunciado/alternativas/comentário. Exibir como card principal somente se importador aceitar score e revisão.,
1295333,subject_overview::topicos-mesclados-de-sinalizacao-de-transito,subject_overview_fallback,general_orientation_only,False,False,downgraded_weak_evidence,50,not_applicable_or_not_outdated,,,Tópicos Mesclados de Sinalização de Trânsito,,Tópicos Mesclados de Sinalização de Trânsito,Vínculo específico rebaixado: a evidência era genérica/fraca. Exibir apenas panorama do assunto até revisão humana.,
1388885,subject_overview::topicos-mesclados-de-sinalizacao-de-transito,subject_overview_fallback,general_orientation_only,False,False,downgraded_weak_evidence,50,not_applicable_or_not_outdated,,,Tópicos Mesclados de Sinalização de Trânsito,,Tópicos Mesclados de Sinalização de Trânsito,Vínculo específico rebaixado: a evidência era genérica/fraca. Exibir apenas panorama do assunto até revisão humana.,
533489,subject_overview::topicos-mesclados-do-ctb-lei-n-9-503-1997,subject_overview_fallback,general_orientation_only,False,False,fallback_by_assunto,50,not_applicable_or_not_outdated,,,Tópicos Mesclados do CTB (Lei nº 9.503/1997),,Tópicos Mesclados do CTB (Lei nº 9.503/1997),"Sem evidência suficiente para microcard específico. Exibir apenas como panorama do assunto, nunca como regra que resolve a questão.",
713248,subject_overview::topicos-mesclados-do-ctb-lei-n-9-503-1997,subject_overview_fallback,general_orientation_only,False,False,fallback_by_assunto,50,not_applicable_or_not_outdated,,,Tópicos Mesclados do CTB (Lei nº 9.503/1997),,Tópicos Mesclados do CTB (Lei nº 9.503/1997),"Sem evidência suficiente para microcard específico. Exibir apenas como panorama do assunto, nunca como regra que resolve a questão.",
851792,subject_overview::topicos-mesclados-do-ctb-lei-n-9-503-1997,subject_overview_fallback,general_orientation_only,False,False,fallback_by_assunto,50,not_applicable_or_not_outdated,,,Tópicos Mesclados do CTB (Lei nº 9.503/1997),,Tópicos Mesclados do CTB (Lei nº 9.503/1997),"Sem evidência suficiente para microcard específico. Exibir apenas como panorama do assunto, nunca como regra que resolve a questão.",
860380,subject_overview::topicos-mesclados-do-ctb-lei-n-9-503-1997,subject_overview_fallback,general_orientation_only,False,False,fallback_by_assunto,50,not_applicable_or_not_outdated,,,Tópicos Mesclados do CTB (Lei nº 9.503/1997),,Tópicos Mesclados do CTB (Lei nº 9.503/1997),"Sem evidência suficiente para microcard específico. Exibir apenas como panorama do assunto, nunca como regra que resolve a questão.",
945312,subject_overview::topicos-mesclados-do-ctb-lei-n-9-503-1997,subject_overview_fallback,general_orientation_only,False,False,fallback_by_assunto,50,not_applicable_or_not_outdated,,,Tópicos Mesclados do CTB (Lei nº 9.503/1997),,Tópicos Mesclados do CTB (Lei nº 9.503/1997),"Sem evidência suficiente para microcard específico. Exibir apenas como panorama do assunto, nunca como regra que resolve a questão.",
1102632,subject_overview::topicos-mesclados-do-ctb-lei-n-9-503-1997,subject_overview_fallback,general_orientation_only,False,False,fallback_by_assunto,50,not_applicable_or_not_outdated,,,Tópicos Mesclados do CTB (Lei nº 9.503/1997),,Tópicos Mesclados do CTB (Lei nº 9.503/1997),"Sem evidência suficiente para microcard específico. Exibir apenas como panorama do assunto, nunca como regra que resolve a questão.",
1144065,ctb_processo_ait,specific_high_precision,suggested_card_needs_review,False,True,comment_or_subject_evidence_only,196,not_applicable_or_not_outdated,,,auto de infracao; ait; autuacao,,Tópicos Mesclados do CTB (Lei nº 9.503/1997),Vínculo por assunto + termos do enunciado/alternativas/comentário. Exibir como card principal somente se importador aceitar score e revisão. Termos fortes não apareceram no enunciado/alternativas; não exibir automaticamente no modo Estudar agora.,
1362457,subject_overview::topicos-mesclados-do-ctb-lei-n-9-503-1997,subject_overview_fallback,general_orientation_only,False,False,fallback_by_assunto,50,not_applicable_or_not_outdated,,,Tópicos Mesclados do CTB (Lei nº 9.503/1997),,Tópicos Mesclados do CTB (Lei nº 9.503/1997),"Sem evidência suficiente para microcard específico. Exibir apenas como panorama do assunto, nunca como regra que resolve a questão.",
1374559,contran_973_sinais_sonoros_gestos,specific_high_precision,suggested_card_needs_review,False,True,comment_or_subject_evidence_only,196,not_applicable_or_not_outdated,,,gesto; apito; agente de transito,,Tópicos Mesclados do CTB (Lei nº 9.503/1997),Vínculo por assunto + termos do enunciado/alternativas/comentário. Exibir como card principal somente se importador aceitar score e revisão. Termos fortes não apareceram no enunciado/alternativas; não exibir automaticamente no modo Estudar agora.,
1379437,ctb_snt_competencias_municipio_estado_uniao,specific_high_precision,rule_that_solves_or_clarifies_question,True,False,strict,174,not_applicable_or_not_outdated,,,competencia; contran,competencia; contran,Tópicos Mesclados do CTB (Lei nº 9.503/1997),Vínculo por assunto + termos do enunciado/alternativas/comentário. Exibir como card principal somente se importador aceitar score e revisão.,
2096303,ctb_snt_competencias_municipio_estado_uniao,specific_medium_precision,suggested_card_needs_review,False,True,comment_or_subject_evidence_only,142,not_applicable_or_not_outdated,,,contran,,Tópicos Mesclados do CTB (Lei nº 9.503/1997),Vínculo por assunto + termos do enunciado/alternativas/comentário. Exibir como card principal somente se importador aceitar score e revisão. Termos fortes não apareceram no enunciado/alternativas; não exibir automaticamente no modo Estudar agora.,
27911,contran_973_sinalizacao_regulamentacao,specific_high_precision,rule_that_solves_or_clarifies_question,True,False,strict,208,not_applicable_or_not_outdated,,,placa; sinalizacao vertical; regulamentacao,regulamentacao,Volume I - Sinalização Vertical de Regulamentação (Anexo I da Res. CONTRAN nº 973/2022),Vínculo por assunto + termos do enunciado/alternativas/comentário. Exibir como card principal somente se importador aceitar score e revisão.,
28234,contran_973_sinalizacao_regulamentacao,specific_high_precision,rule_that_solves_or_clarifies_question,True,False,strict,228,not_applicable_or_not_outdated,,,placa; sinalizacao vertical; regulamentacao,placa; sinalizacao vertical; regulamentacao,Volume I - Sinalização Vertical de Regulamentação (Anexo I da Res. CONTRAN nº 973/2022),Vínculo por assunto + termos do enunciado/alternativas/comentário. Exibir como card principal somente se importador aceitar score e revisão.,
28235,contran_973_sinalizacao_regulamentacao,specific_high_precision,rule_that_solves_or_clarifies_question,True,False,strict,228,not_applicable_or_not_outdated,,,placa; sinalizacao vertical; regulamentacao,placa; sinalizacao vertical; regulamentacao,Volume I - Sinalização Vertical de Regulamentação (Anexo I da Res. CONTRAN nº 973/2022),Vínculo por assunto + termos do enunciado/alternativas/comentário. Exibir como card principal somente se importador aceitar score e revisão.,
28237,contran_973_sinalizacao_regulamentacao,specific_high_precision,rule_that_solves_or_clarifies_question,True,False,strict,228,not_applicable_or_not_outdated,,,placa; sinalizacao vertical; regulamentacao,placa; sinalizacao vertical; regulamentacao,Volume I - Sinalização Vertical de Regulamentação (Anexo I da Res. CONTRAN nº 973/2022),Vínculo por assunto + termos do enunciado/alternativas/comentário. Exibir como card principal somente se importador aceitar score e revisão.,
165801,contran_973_sinalizacao_regulamentacao,specific_high_precision,rule_that_solves_or_clarifies_question,True,False,strict,228,not_applicable_or_not_outdated,,,placa; sinalizacao vertical; regulamentacao,placa; sinalizacao vertical; regulamentacao,Volume I - Sinalização Vertical de Regulamentação (Anexo I da Res. CONTRAN nº 973/2022),Vínculo por assunto + termos do enunciado/alternativas/comentário. Exibir como card principal somente se importador aceitar score e revisão.,
332965,contran_973_sinalizacao_regulamentacao,specific_high_precision,rule_that_solves_or_clarifies_question,True,False,strict,196,not_applicable_or_not_outdated,,,sinalizacao vertical; regulamentacao,regulamentacao,Volume I - Sinalização Vertical de Regulamentação (Anexo I da Res. CONTRAN nº 973/2022),Vínculo por assunto + termos do enunciado/alternativas/comentário. Exibir como card principal somente se importador aceitar score e revisão.,
466463,contran_973_sinalizacao_regulamentacao,specific_high_precision,rule_that_solves_or_clarifies_question,True,False,strict,196,not_applicable_or_not_outdated,,,sinalizacao vertical; regulamentacao,regulamentacao,Volume I - Sinalização Vertical de Regulamentação (Anexo I da Res. CONTRAN nº 973/2022),Vínculo por assunto + termos do enunciado/alternativas/comentário. Exibir como card principal somente se importador aceitar score e revisão.,
477803,contran_973_sinalizacao_regulamentacao,specific_high_precision,rule_that_solves_or_clarifies_question,True,False,strict,218,not_applicable_or_not_outdated,,,placa; sinalizacao vertical; regulamentacao,placa; regulamentacao,Volume I - Sinalização Vertical de Regulamentação (Anexo I da Res. CONTRAN nº 973/2022),Vínculo por assunto + termos do enunciado/alternativas/comentário. Exibir como card principal somente se importador aceitar score e revisão.,
478216,contran_973_sinalizacao_regulamentacao,specific_high_precision,rule_that_solves_or_clarifies_question,True,False,strict,208,not_applicable_or_not_outdated,,,placa; sinalizacao vertical; regulamentacao,sinalizacao vertical,Volume I - Sinalização Vertical de Regulamentação (Anexo I da Res. CONTRAN nº 973/2022),Vínculo por assunto + termos do enunciado/alternativas/comentário. Exibir como card principal somente se importador aceitar score e revisão.,
478683,contran_973_sinalizacao_regulamentacao,specific_high_precision,rule_that_solves_or_clarifies_question,True,False,strict,208,not_applicable_or_not_outdated,,,placa; sinalizacao vertical; regulamentacao,placa,Volume I - Sinalização Vertical de Regulamentação (Anexo I da Res. CONTRAN nº 973/2022),Vínculo por assunto + termos do enunciado/alternativas/comentário. Exibir como card principal somente se importador aceitar score e revisão.,
480677,contran_973_sinalizacao_regulamentacao,specific_high_precision,rule_that_solves_or_clarifies_question,True,False,strict,208,not_applicable_or_not_outdated,,,placa; sinalizacao vertical; regulamentacao,placa,Volume I - Sinalização Vertical de Regulamentação (Anexo I da Res. CONTRAN nº 973/2022),Vínculo por assunto + termos do enunciado/alternativas/comentário. Exibir como card principal somente se importador aceitar score e revisão.,
485161,contran_973_sinalizacao_regulamentacao,specific_high_precision,rule_that_solves_or_clarifies_question,True,False,strict,208,not_applicable_or_not_outdated,,,placa; sinalizacao vertical; regulamentacao,placa,Volume I - Sinalização Vertical de Regulamentação (Anexo I da Res. CONTRAN nº 973/2022),Vínculo por assunto + termos do enunciado/alternativas/comentário. Exibir como card principal somente se importador aceitar score e revisão.,
524673,contran_973_sinalizacao_regulamentacao,specific_high_precision,rule_that_solves_or_clarifies_question,True,False,strict,218,not_applicable_or_not_outdated,,,placa; sinalizacao vertical; regulamentacao,placa; regulamentacao,Volume I - Sinalização Vertical de Regulamentação (Anexo I da Res. CONTRAN nº 973/2022),Vínculo por assunto + termos do enunciado/alternativas/comentário. Exibir como card principal somente se importador aceitar score e revisão.,
529271,contran_973_sinalizacao_regulamentacao,specific_high_precision,rule_that_solves_or_clarifies_question,True,False,strict,208,not_applicable_or_not_outdated,,,placa; sinalizacao vertical; regulamentacao,regulamentacao,Volume I - Sinalização Vertical de Regulamentação (Anexo I da Res. CONTRAN nº 973/2022),Vínculo por assunto + termos do enunciado/alternativas/comentário. Exibir como card principal somente se importador aceitar score e revisão.,
533622,contran_973_sinalizacao_regulamentacao,specific_high_precision,rule_that_solves_or_clarifies_question,False,True,single_letter_or_no_statement_evidence_filtered,198,not_applicable_or_not_outdated,,,placa; sinalizacao vertical; regulamentacao,,Volume I - Sinalização Vertical de Regulamentação (Anexo I da Res. CONTRAN nº 973/2022),Vínculo por assunto + termos do enunciado/alternativas/comentário. Exibir como card principal somente se importador aceitar score e revisão.,
537863,contran_973_sinalizacao_regulamentacao,specific_high_precision,rule_that_solves_or_clarifies_question,False,True,single_letter_or_no_statement_evidence_filtered,198,not_applicable_or_not_outdated,,,placa; sinalizacao vertical; regulamentacao,,Volume I - Sinalização Vertical de Regulamentação (Anexo I da Res. CONTRAN nº 973/2022),Vínculo por assunto + termos do enunciado/alternativas/comentário. Exibir como card principal somente se importador aceitar score e revisão.,
579339,contran_973_sinalizacao_regulamentacao,specific_high_precision,rule_that_solves_or_clarifies_question,True,False,strict,228,not_applicable_or_not_outdated,,,placa; sinalizacao vertical; regulamentacao,placa; sinalizacao vertical; regulamentacao,Volume I - Sinalização Vertical de Regulamentação (Anexo I da Res. CONTRAN nº 973/2022),Vínculo por assunto + termos do enunciado/alternativas/comentário. Exibir como card principal somente se importador aceitar score e revisão.,
622660,contran_973_sinalizacao_regulamentacao,specific_high_precision,rule_that_solves_or_clarifies_question,True,False,strict,208,not_applicable_or_not_outdated,,,placa; sinalizacao vertical; regulamentacao,placa,Volume I - Sinalização Vertical de Regulamentação (Anexo I da Res. CONTRAN nº 973/2022),Vínculo por assunto + termos do enunciado/alternativas/comentário. Exibir como card principal somente se importador aceitar score e revisão.,
714601,contran_973_sinalizacao_regulamentacao,specific_high_precision,rule_that_solves_or_clarifies_question,True,False,strict,196,not_applicable_or_not_outdated,,,sinalizacao vertical; regulamentacao,regulamentacao,Volume I - Sinalização Vertical de Regulamentação (Anexo I da Res. CONTRAN nº 973/2022),Vínculo por assunto + termos do enunciado/alternativas/comentário. Exibir como card principal somente se importador aceitar score e revisão.,
718610,contran_973_sinalizacao_regulamentacao,specific_high_precision,rule_that_solves_or_clarifies_question,True,False,strict,208,not_applicable_or_not_outdated,,,placa; sinalizacao vertical; regulamentacao,regulamentacao,Volume I - Sinalização Vertical de Regulamentação (Anexo I da Res. CONTRAN nº 973/2022),Vínculo por assunto + termos do enunciado/alternativas/comentário. Exibir como card principal somente se importador aceitar score e revisão.,
810485,contran_973_sinalizacao_regulamentacao,specific_high_precision,rule_that_solves_or_clarifies_question,True,False,strict,228,not_applicable_or_not_outdated,,,placa; sinalizacao vertical; regulamentacao,placa; sinalizacao vertical; regulamentacao,Volume I - Sinalização Vertical de Regulamentação (Anexo I da Res. CONTRAN nº 973/2022),Vínculo por assunto + termos do enunciado/alternativas/comentário. Exibir como card principal somente se importador aceitar score e revisão.,
833820,contran_973_sinalizacao_regulamentacao,specific_high_precision,rule_that_solves_or_clarifies_question,True,False,strict,228,not_applicable_or_not_outdated,,,placa; sinalizacao vertical; regulamentacao,placa; sinalizacao vertical; regulamentacao,Volume I - Sinalização Vertical de Regulamentação (Anexo I da Res. CONTRAN nº 973/2022),Vínculo por assunto + termos do enunciado/alternativas/comentário. Exibir como card principal somente se importador aceitar score e revisão.,
869560,contran_973_sinalizacao_regulamentacao,specific_high_precision,rule_that_solves_or_clarifies_question,True,False,strict,218,not_applicable_or_not_outdated,,,placa; sinalizacao vertical; regulamentacao,placa; regulamentacao,Volume I - Sinalização Vertical de Regulamentação (Anexo I da Res. CONTRAN nº 973/2022),Vínculo por assunto + termos do enunciado/alternativas/comentário. Exibir como card principal somente se importador aceitar score e revisão.,
903212,contran_973_sinalizacao_regulamentacao,specific_high_precision,rule_that_solves_or_clarifies_question,True,False,strict,218,not_applicable_or_not_outdated,,,placa; sinalizacao vertical; regulamentacao,sinalizacao vertical; regulamentacao,Volume I - Sinalização Vertical de Regulamentação (Anexo I da Res. CONTRAN nº 973/2022),Vínculo por assunto + termos do enunciado/alternativas/comentário. Exibir como card principal somente se importador aceitar score e revisão.,
933706,contran_973_sinalizacao_regulamentacao,specific_high_precision,rule_that_solves_or_clarifies_question,True,False,strict,208,not_applicable_or_not_outdated,,,placa; sinalizacao vertical; regulamentacao,regulamentacao,Volume I - Sinalização Vertical de Regulamentação (Anexo I da Res. CONTRAN nº 973/2022),Vínculo por assunto + termos do enunciado/alternativas/comentário. Exibir como card principal somente se importador aceitar score e revisão.,
996089,contran_973_sinalizacao_regulamentacao,specific_high_precision,rule_that_solves_or_clarifies_question,True,False,strict,218,not_applicable_or_not_outdated,,,placa; sinalizacao vertical; regulamentacao,placa; regulamentacao,Volume I - Sinalização Vertical de Regulamentação (Anexo I da Res. CONTRAN nº 973/2022),Vínculo por assunto + termos do enunciado/alternativas/comentário. Exibir como card principal somente se importador aceitar score e revisão.,
1018162,contran_973_sinalizacao_regulamentacao,specific_high_precision,rule_that_solves_or_clarifies_question,True,False,strict,218,not_applicable_or_not_outdated,,,placa; sinalizacao vertical; regulamentacao,sinalizacao vertical; regulamentacao,Volume I - Sinalização Vertical de Regulamentação (Anexo I da Res. CONTRAN nº 973/2022),Vínculo por assunto + termos do enunciado/alternativas/comentário. Exibir como card principal somente se importador aceitar score e revisão.,
1033810,contran_973_sinalizacao_regulamentacao,specific_high_precision,rule_that_solves_or_clarifies_question,True,False,strict,218,not_applicable_or_not_outdated,,,placa; sinalizacao vertical; regulamentacao,placa; regulamentacao,Volume I - Sinalização Vertical de Regulamentação (Anexo I da Res. CONTRAN nº 973/2022),Vínculo por assunto + termos do enunciado/alternativas/comentário. Exibir como card principal somente se importador aceitar score e revisão.,
1037974,contran_973_sinalizacao_regulamentacao,specific_high_precision,rule_that_solves_or_clarifies_question,True,False,strict,218,not_applicable_or_not_outdated,,,placa; sinalizacao vertical; regulamentacao,placa; regulamentacao,Volume I - Sinalização Vertical de Regulamentação (Anexo I da Res. CONTRAN nº 973/2022),Vínculo por assunto + termos do enunciado/alternativas/comentário. Exibir como card principal somente se importador aceitar score e revisão.,
1112404,contran_973_sinalizacao_regulamentacao,specific_high_precision,rule_that_solves_or_clarifies_question,True,False,strict,208,not_applicable_or_not_outdated,,,placa; sinalizacao vertical; regulamentacao,placa,Volume I - Sinalização Vertical de Regulamentação (Anexo I da Res. CONTRAN nº 973/2022),Vínculo por assunto + termos do enunciado/alternativas/comentário. Exibir como card principal somente se importador aceitar score e revisão.,
1149419,contran_973_sinalizacao_regulamentacao,specific_high_precision,rule_that_solves_or_clarifies_question,True,False,strict,208,not_applicable_or_not_outdated,,,placa; sinalizacao vertical; regulamentacao,placa,Volume I - Sinalização Vertical de Regulamentação (Anexo I da Res. CONTRAN nº 973/2022),Vínculo por assunto + termos do enunciado/alternativas/comentário. Exibir como card principal somente se importador aceitar score e revisão.,
1155213,contran_973_sinalizacao_regulamentacao,specific_high_precision,rule_that_solves_or_clarifies_question,True,False,strict,208,not_applicable_or_not_outdated,,,placa; sinalizacao vertical; regulamentacao,placa,Volume I - Sinalização Vertical de Regulamentação (Anexo I da Res. CONTRAN nº 973/2022),Vínculo por assunto + termos do enunciado/alternativas/comentário. Exibir como card principal somente se importador aceitar score e revisão.,
1164782,contran_973_sinalizacao_regulamentacao,specific_high_precision,rule_that_solves_or_clarifies_question,True,False,strict,208,not_applicable_or_not_outdated,,,placa; sinalizacao vertical; regulamentacao,placa,Volume I - Sinalização Vertical de Regulamentação (Anexo I da Res. CONTRAN nº 973/2022),Vínculo por assunto + termos do enunciado/alternativas/comentário. Exibir como card principal somente se importador aceitar score e revisão.,
1185918,contran_973_sinalizacao_regulamentacao,specific_high_precision,rule_that_solves_or_clarifies_question,True,False,strict,218,not_applicable_or_not_outdated,,,placa; sinalizacao vertical; regulamentacao,placa; regulamentacao,Volume I - Sinalização Vertical de Regulamentação (Anexo I da Res. CONTRAN nº 973/2022),Vínculo por assunto + termos do enunciado/alternativas/comentário. Exibir como card principal somente se importador aceitar score e revisão.,
1198965,contran_973_sinalizacao_regulamentacao,specific_high_precision,rule_that_solves_or_clarifies_question,False,True,single_letter_or_no_statement_evidence_filtered,186,not_applicable_or_not_outdated,,,sinalizacao vertical; regulamentacao,,Volume I - Sinalização Vertical de Regulamentação (Anexo I da Res. CONTRAN nº 973/2022),Vínculo por assunto + termos do enunciado/alternativas/comentário. Exibir como card principal somente se importador aceitar score e revisão.,
1247731,contran_973_sinalizacao_regulamentacao,specific_high_precision,rule_that_solves_or_clarifies_question,True,False,strict,196,not_applicable_or_not_outdated,,,sinalizacao vertical; regulamentacao,regulamentacao,Volume I - Sinalização Vertical de Regulamentação (Anexo I da Res. CONTRAN nº 973/2022),Vínculo por assunto + termos do enunciado/alternativas/comentário. Exibir como card principal somente se importador aceitar score e revisão.,
1259558,contran_973_sinalizacao_regulamentacao,specific_high_precision,rule_that_solves_or_clarifies_question,True,False,strict,208,not_applicable_or_not_outdated,,,placa; sinalizacao vertical; regulamentacao,placa,Volume I - Sinalização Vertical de Regulamentação (Anexo I da Res. CONTRAN nº 973/2022),Vínculo por assunto + termos do enunciado/alternativas/comentário. Exibir como card principal somente se importador aceitar score e revisão.,
1270455,contran_973_sinalizacao_regulamentacao,specific_high_precision,rule_that_solves_or_clarifies_question,True,False,strict,218,not_applicable_or_not_outdated,,,placa; sinalizacao vertical; regulamentacao,placa; regulamentacao,Volume I - Sinalização Vertical de Regulamentação (Anexo I da Res. CONTRAN nº 973/2022),Vínculo por assunto + termos do enunciado/alternativas/comentário. Exibir como card principal somente se importador aceitar score e revisão.,
1375128,contran_973_sinalizacao_regulamentacao,specific_high_precision,rule_that_solves_or_clarifies_question,True,False,strict,218,not_applicable_or_not_outdated,,,placa; sinalizacao vertical; regulamentacao,placa; regulamentacao,Volume I - Sinalização Vertical de Regulamentação (Anexo I da Res. CONTRAN nº 973/2022),Vínculo por assunto + termos do enunciado/alternativas/comentário. Exibir como card principal somente se importador aceitar score e revisão.,
1393502,contran_973_sinalizacao_regulamentacao,specific_high_precision,rule_that_solves_or_clarifies_question,True,False,strict,218,not_applicable_or_not_outdated,,,placa; sinalizacao vertical; regulamentacao,placa; regulamentacao,Volume I - Sinalização Vertical de Regulamentação (Anexo I da Res. CONTRAN nº 973/2022),Vínculo por assunto + termos do enunciado/alternativas/comentário. Exibir como card principal somente se importador aceitar score e revisão.,
1414364,contran_973_sinalizacao_regulamentacao,specific_high_precision,rule_that_solves_or_clarifies_question,True,False,strict,208,not_applicable_or_not_outdated,,,placa; sinalizacao vertical; regulamentacao,placa,Volume I - Sinalização Vertical de Regulamentação (Anexo I da Res. CONTRAN nº 973/2022),Vínculo por assunto + termos do enunciado/alternativas/comentário. Exibir como card principal somente se importador aceitar score e revisão.,
1481232,contran_973_sinalizacao_regulamentacao,specific_high_precision,rule_that_solves_or_clarifies_question,True,False,strict,196,not_applicable_or_not_outdated,,,sinalizacao vertical; regulamentacao,sinalizacao vertical,Volume I - Sinalização Vertical de Regulamentação (Anexo I da Res. CONTRAN nº 973/2022),Vínculo por assunto + termos do enunciado/alternativas/comentário. Exibir como card principal somente se importador aceitar score e revisão.,
1509943,contran_973_sinalizacao_regulamentacao,specific_high_precision,rule_that_solves_or_clarifies_question,False,True,single_letter_or_no_statement_evidence_filtered,198,not_applicable_or_not_outdated,,,placa; sinalizacao vertical; regulamentacao,,Volume I - Sinalização Vertical de Regulamentação (Anexo I da Res. CONTRAN nº 973/2022),Vínculo por assunto + termos do enunciado/alternativas/comentário. Exibir como card principal somente se importador aceitar score e revisão.,
1530004,contran_973_sinalizacao_regulamentacao,specific_high_precision,rule_that_solves_or_clarifies_question,True,False,strict,228,not_applicable_or_not_outdated,,,placa; sinalizacao vertical; regulamentacao,placa; sinalizacao vertical; regulamentacao,Volume I - Sinalização Vertical de Regulamentação (Anexo I da Res. CONTRAN nº 973/2022),Vínculo por assunto + termos do enunciado/alternativas/comentário. Exibir como card principal somente se importador aceitar score e revisão.,
1537021,contran_973_sinalizacao_regulamentacao,specific_high_precision,rule_that_solves_or_clarifies_question,True,False,strict,208,not_applicable_or_not_outdated,,,placa; sinalizacao vertical; regulamentacao,placa,Volume I - Sinalização Vertical de Regulamentação (Anexo I da Res. CONTRAN nº 973/2022),Vínculo por assunto + termos do enunciado/alternativas/comentário. Exibir como card principal somente se importador aceitar score e revisão.,
1572195,contran_973_sinalizacao_regulamentacao,specific_high_precision,rule_that_solves_or_clarifies_question,True,False,strict,228,not_applicable_or_not_outdated,,,placa; sinalizacao vertical; regulamentacao,placa; sinalizacao vertical; regulamentacao,Volume I - Sinalização Vertical de Regulamentação (Anexo I da Res. CONTRAN nº 973/2022),Vínculo por assunto + termos do enunciado/alternativas/comentário. Exibir como card principal somente se importador aceitar score e revisão.,
1579334,contran_973_sinalizacao_regulamentacao,specific_high_precision,rule_that_solves_or_clarifies_question,True,False,strict,208,not_applicable_or_not_outdated,,,placa; sinalizacao vertical; regulamentacao,placa,Volume I - Sinalização Vertical de Regulamentação (Anexo I da Res. CONTRAN nº 973/2022),Vínculo por assunto + termos do enunciado/alternativas/comentário. Exibir como card principal somente se importador aceitar score e revisão.,
1620658,contran_973_sinalizacao_regulamentacao,specific_high_precision,rule_that_solves_or_clarifies_question,True,False,strict,218,not_applicable_or_not_outdated,,,placa; sinalizacao vertical; regulamentacao,placa; regulamentacao,Volume I - Sinalização Vertical de Regulamentação (Anexo I da Res. CONTRAN nº 973/2022),Vínculo por assunto + termos do enunciado/alternativas/comentário. Exibir como card principal somente se importador aceitar score e revisão.,
1702087,contran_973_sinalizacao_regulamentacao,specific_high_precision,rule_that_solves_or_clarifies_question,True,False,strict,208,not_applicable_or_not_outdated,,,placa; sinalizacao vertical; regulamentacao,placa,Volume I - Sinalização Vertical de Regulamentação (Anexo I da Res. CONTRAN nº 973/2022),Vínculo por assunto + termos do enunciado/alternativas/comentário. Exibir como card principal somente se importador aceitar score e revisão.,
1727621,contran_973_sinalizacao_regulamentacao,specific_high_precision,rule_that_solves_or_clarifies_question,False,True,single_letter_or_no_statement_evidence_filtered,186,not_applicable_or_not_outdated,,,sinalizacao vertical; regulamentacao,,Volume I - Sinalização Vertical de Regulamentação (Anexo I da Res. CONTRAN nº 973/2022),Vínculo por assunto + termos do enunciado/alternativas/comentário. Exibir como card principal somente se importador aceitar score e revisão.,
1728357,contran_973_sinalizacao_regulamentacao,specific_high_precision,rule_that_solves_or_clarifies_question,True,False,strict,208,not_applicable_or_not_outdated,,,placa; sinalizacao vertical; regulamentacao,regulamentacao,Volume I - Sinalização Vertical de Regulamentação (Anexo I da Res. CONTRAN nº 973/2022),Vínculo por assunto + termos do enunciado/alternativas/comentário. Exibir como card principal somente se importador aceitar score e revisão.,
1797177,contran_973_sinalizacao_regulamentacao,specific_high_precision,rule_that_solves_or_clarifies_question,True,False,strict,228,not_applicable_or_not_outdated,,,placa; sinalizacao vertical; regulamentacao,placa; sinalizacao vertical; regulamentacao,Volume I - Sinalização Vertical de Regulamentação (Anexo I da Res. CONTRAN nº 973/2022),Vínculo por assunto + termos do enunciado/alternativas/comentário. Exibir como card principal somente se importador aceitar score e revisão.,
1871017,contran_973_sinalizacao_regulamentacao,specific_high_precision,rule_that_solves_or_clarifies_question,True,False,strict,218,not_applicable_or_not_outdated,,,placa; sinalizacao vertical; regulamentacao,placa; regulamentacao,Volume I - Sinalização Vertical de Regulamentação (Anexo I da Res. CONTRAN nº 973/2022),Vínculo por assunto + termos do enunciado/alternativas/comentário. Exibir como card principal somente se importador aceitar score e revisão.,
1895737,ctb_infracoes_velocidade,specific_high_precision,rule_that_solves_or_clarifies_question,False,True,ambiguous_top_candidate,216,not_applicable_or_not_outdated,,,velocidade; limite de velocidade; 20,velocidade; limite de velocidade,Volume I - Sinalização Vertical de Regulamentação (Anexo I da Res. CONTRAN nº 973/2022),Vínculo por assunto + termos do enunciado/alternativas/comentário. Exibir como card principal somente se importador aceitar score e revisão.,
2003190,contran_973_sinalizacao_regulamentacao,specific_high_precision,rule_that_solves_or_clarifies_question,True,False,strict,208,not_applicable_or_not_outdated,,,placa; sinalizacao vertical; regulamentacao,regulamentacao,Volume I - Sinalização Vertical de Regulamentação (Anexo I da Res. CONTRAN nº 973/2022),Vínculo por assunto + termos do enunciado/alternativas/comentário. Exibir como card principal somente se importador aceitar score e revisão.,
2033972,contran_973_sinalizacao_regulamentacao,specific_high_precision,rule_that_solves_or_clarifies_question,False,True,single_letter_or_no_statement_evidence_filtered,186,not_applicable_or_not_outdated,,,sinalizacao vertical; regulamentacao,,Volume I - Sinalização Vertical de Regulamentação (Anexo I da Res. CONTRAN nº 973/2022),Vínculo por assunto + termos do enunciado/alternativas/comentário. Exibir como card principal somente se importador aceitar score e revisão.,
2072028,contran_973_sinalizacao_regulamentacao,specific_high_precision,rule_that_solves_or_clarifies_question,True,False,strict,218,not_applicable_or_not_outdated,,,placa; sinalizacao vertical; regulamentacao,placa; sinalizacao vertical,Volume I - Sinalização Vertical de Regulamentação (Anexo I da Res. CONTRAN nº 973/2022),Vínculo por assunto + termos do enunciado/alternativas/comentário. Exibir como card principal somente se importador aceitar score e revisão.,
2465728,contran_973_sinalizacao_regulamentacao,specific_high_precision,rule_that_solves_or_clarifies_question,True,False,strict,218,not_applicable_or_not_outdated,,,placa; sinalizacao vertical; regulamentacao,placa; regulamentacao,Volume I - Sinalização Vertical de Regulamentação (Anexo I da Res. CONTRAN nº 973/2022),Vínculo por assunto + termos do enunciado/alternativas/comentário. Exibir como card principal somente se importador aceitar score e revisão.,
27879,contran_973_sinalizacao_advertencia,specific_high_precision,rule_that_solves_or_clarifies_question,True,False,strict,196,not_applicable_or_not_outdated,,,advertencia; sinalizacao vertical,advertencia,Volume II - Sinalização Vertical de Advertência (Anexo II da Res. CONTRAN nº 973/2022),Vínculo por assunto + termos do enunciado/alternativas/comentário. Exibir como card principal somente se importador aceitar score e revisão.,
28080,contran_973_sinalizacao_advertencia,specific_high_precision,rule_that_solves_or_clarifies_question,False,True,single_letter_or_no_statement_evidence_filtered,198,not_applicable_or_not_outdated,,,advertencia; sinalizacao vertical; placa,,Volume II - Sinalização Vertical de Advertência (Anexo II da Res. CONTRAN nº 973/2022),Vínculo por assunto + termos do enunciado/alternativas/comentário. Exibir como card principal somente se importador aceitar score e revisão.,
28085,contran_973_sinalizacao_advertencia,specific_high_precision,rule_that_solves_or_clarifies_question,False,True,single_letter_or_no_statement_evidence_filtered,198,not_applicable_or_not_outdated,,,advertencia; sinalizacao vertical; placa,,Volume II - Sinalização Vertical de Advertência (Anexo II da Res. CONTRAN nº 973/2022),Vínculo por assunto + termos do enunciado/alternativas/comentário. Exibir como card principal somente se importador aceitar score e revisão.,
28086,contran_973_sinalizacao_advertencia,specific_high_precision,rule_that_solves_or_clarifies_question,False,True,single_letter_or_no_statement_evidence_filtered,198,not_applicable_or_not_outdated,,,advertencia; sinalizacao vertical; placa,,Volume II - Sinalização Vertical de Advertência (Anexo II da Res. CONTRAN nº 973/2022),Vínculo por assunto + termos do enunciado/alternativas/comentário. Exibir como card principal somente se importador aceitar score e revisão.,
28236,contran_973_sinalizacao_advertencia,specific_high_precision,rule_that_solves_or_clarifies_question,True,False,strict,228,not_applicable_or_not_outdated,,,advertencia; sinalizacao vertical; placa,advertencia; sinalizacao vertical; placa,Volume II - Sinalização Vertical de Advertência (Anexo II da Res. CONTRAN nº 973/2022),Vínculo por assunto + termos do enunciado/alternativas/comentário. Exibir como card principal somente se importador aceitar score e revisão.,
240916,contran_973_sinalizacao_advertencia,specific_high_precision,rule_that_solves_or_clarifies_question,True,False,strict,208,not_applicable_or_not_outdated,,,advertencia; sinalizacao vertical; placa,placa,Volume II - Sinalização Vertical de Advertência (Anexo II da Res. CONTRAN nº 973/2022),Vínculo por assunto + termos do enunciado/alternativas/comentário. Exibir como card principal somente se importador aceitar score e revisão.,
259704,contran_973_sinalizacao_advertencia,specific_high_precision,rule_that_solves_or_clarifies_question,True,False,strict,208,not_applicable_or_not_outdated,,,advertencia; sinalizacao vertical; placa,placa,Volume II - Sinalização Vertical de Advertência (Anexo II da Res. CONTRAN nº 973/2022),Vínculo por assunto + termos do enunciado/alternativas/comentário. Exibir como card principal somente se importador aceitar score e revisão.,
285099,contran_973_sinalizacao_advertencia,specific_high_precision,rule_that_solves_or_clarifies_question,True,False,strict,218,not_applicable_or_not_outdated,,,advertencia; sinalizacao vertical; placa,advertencia; placa,Volume II - Sinalização Vertical de Advertência (Anexo II da Res. CONTRAN nº 973/2022),Vínculo por assunto + termos do enunciado/alternativas/comentário. Exibir como card principal somente se importador aceitar score e revisão.,
304039,contran_973_sinalizacao_advertencia,specific_high_precision,rule_that_solves_or_clarifies_question,True,False,strict,218,not_applicable_or_not_outdated,,,advertencia; sinalizacao vertical; placa,sinalizacao vertical; placa,Volume II - Sinalização Vertical de Advertência (Anexo II da Res. CONTRAN nº 973/2022),Vínculo por assunto + termos do enunciado/alternativas/comentário. Exibir como card principal somente se importador aceitar score e revisão.,
344510,contran_973_sinalizacao_advertencia,specific_high_precision,rule_that_solves_or_clarifies_question,True,False,strict,208,not_applicable_or_not_outdated,,,advertencia; sinalizacao vertical; placa,placa,Volume II - Sinalização Vertical de Advertência (Anexo II da Res. CONTRAN nº 973/2022),Vínculo por assunto + termos do enunciado/alternativas/comentário. Exibir como card principal somente se importador aceitar score e revisão.,
533490,contran_973_sinalizacao_advertencia,specific_high_precision,rule_that_solves_or_clarifies_question,True,False,strict,196,not_applicable_or_not_outdated,,,advertencia; sinalizacao vertical,sinalizacao vertical,Volume II - Sinalização Vertical de Advertência (Anexo II da Res. CONTRAN nº 973/2022),Vínculo por assunto + termos do enunciado/alternativas/comentário. Exibir como card principal somente se importador aceitar score e revisão.,
537865,contran_973_sinalizacao_advertencia,specific_high_precision,rule_that_solves_or_clarifies_question,False,True,single_letter_or_no_statement_evidence_filtered,198,not_applicable_or_not_outdated,,,advertencia; sinalizacao vertical; placa,,Volume II - Sinalização Vertical de Advertência (Anexo II da Res. CONTRAN nº 973/2022),Vínculo por assunto + termos do enunciado/alternativas/comentário. Exibir como card principal somente se importador aceitar score e revisão.,
537866,contran_973_sinalizacao_advertencia,specific_high_precision,rule_that_solves_or_clarifies_question,False,True,single_letter_or_no_statement_evidence_filtered,198,not_applicable_or_not_outdated,,,advertencia; sinalizacao vertical; placa,,Volume II - Sinalização Vertical de Advertência (Anexo II da Res. CONTRAN nº 973/2022),Vínculo por assunto + termos do enunciado/alternativas/comentário. Exibir como card principal somente se importador aceitar score e revisão.,
581930,contran_973_sinalizacao_advertencia,specific_high_precision,rule_that_solves_or_clarifies_question,True,False,strict,208,not_applicable_or_not_outdated,,,advertencia; sinalizacao vertical; placa,sinalizacao vertical,Volume II - Sinalização Vertical de Advertência (Anexo II da Res. CONTRAN nº 973/2022),Vínculo por assunto + termos do enunciado/alternativas/comentário. Exibir como card principal somente se importador aceitar score e revisão.,
587482,contran_973_sinalizacao_advertencia,specific_high_precision,rule_that_solves_or_clarifies_question,True,False,strict,196,not_applicable_or_not_outdated,,,advertencia; sinalizacao vertical,advertencia,Volume II - Sinalização Vertical de Advertência (Anexo II da Res. CONTRAN nº 973/2022),Vínculo por assunto + termos do enunciado/alternativas/comentário. Exibir como card principal somente se importador aceitar score e revisão.,
628875,contran_973_sinalizacao_advertencia,specific_high_precision,rule_that_solves_or_clarifies_question,True,False,strict,208,not_applicable_or_not_outdated,,,advertencia; sinalizacao vertical; placa,placa,Volume II - Sinalização Vertical de Advertência (Anexo II da Res. CONTRAN nº 973/2022),Vínculo por assunto + termos do enunciado/alternativas/comentário. Exibir como card principal somente se importador aceitar score e revisão.,
703856,contran_973_sinalizacao_advertencia,specific_high_precision,rule_that_solves_or_clarifies_question,True,False,strict,218,not_applicable_or_not_outdated,,,advertencia; sinalizacao vertical; placa,advertencia; placa,Volume II - Sinalização Vertical de Advertência (Anexo II da Res. CONTRAN nº 973/2022),Vínculo por assunto + termos do enunciado/alternativas/comentário. Exibir como card principal somente se importador aceitar score e revisão.,
709693,contran_973_sinalizacao_advertencia,specific_high_precision,rule_that_solves_or_clarifies_question,True,False,strict,208,not_applicable_or_not_outdated,,,advertencia; sinalizacao vertical; placa,placa,Volume II - Sinalização Vertical de Advertência (Anexo II da Res. CONTRAN nº 973/2022),Vínculo por assunto + termos do enunciado/alternativas/comentário. Exibir como card principal somente se importador aceitar score e revisão.,
748887,contran_973_sinalizacao_advertencia,specific_high_precision,rule_that_solves_or_clarifies_question,True,False,strict,218,not_applicable_or_not_outdated,,,advertencia; sinalizacao vertical; placa,advertencia; placa,Volume II - Sinalização Vertical de Advertência (Anexo II da Res. CONTRAN nº 973/2022),Vínculo por assunto + termos do enunciado/alternativas/comentário. Exibir como card principal somente se importador aceitar score e revisão.,
778321,contran_973_sinalizacao_advertencia,specific_high_precision,rule_that_solves_or_clarifies_question,True,False,strict,208,not_applicable_or_not_outdated,,,advertencia; sinalizacao vertical; placa,placa,Volume II - Sinalização Vertical de Advertência (Anexo II da Res. CONTRAN nº 973/2022),Vínculo por assunto + termos do enunciado/alternativas/comentário. Exibir como card principal somente se importador aceitar score e revisão.,
778323,contran_973_sinalizacao_advertencia,specific_high_precision,rule_that_solves_or_clarifies_question,True,False,strict,208,not_applicable_or_not_outdated,,,advertencia; sinalizacao vertical; placa,placa,Volume II - Sinalização Vertical de Advertência (Anexo II da Res. CONTRAN nº 973/2022),Vínculo por assunto + termos do enunciado/alternativas/comentário. Exibir como card principal somente se importador aceitar score e revisão.,
810704,contran_973_sinalizacao_advertencia,specific_high_precision,rule_that_solves_or_clarifies_question,False,True,single_letter_or_no_statement_evidence_filtered,198,not_applicable_or_not_outdated,,,advertencia; sinalizacao vertical; placa,,Volume II - Sinalização Vertical de Advertência (Anexo II da Res. CONTRAN nº 973/2022),Vínculo por assunto + termos do enunciado/alternativas/comentário. Exibir como card principal somente se importador aceitar score e revisão.,
810726,contran_973_sinalizacao_advertencia,specific_high_precision,rule_that_solves_or_clarifies_question,True,False,strict,208,not_applicable_or_not_outdated,,,advertencia; sinalizacao vertical; placa,advertencia,Volume II - Sinalização Vertical de Advertência (Anexo II da Res. CONTRAN nº 973/2022),Vínculo por assunto + termos do enunciado/alternativas/comentário. Exibir como card principal somente se importador aceitar score e revisão.,
842776,contran_973_sinalizacao_advertencia,specific_high_precision,rule_that_solves_or_clarifies_question,True,False,strict,208,not_applicable_or_not_outdated,,,advertencia; sinalizacao vertical; placa,placa,Volume II - Sinalização Vertical de Advertência (Anexo II da Res. CONTRAN nº 973/2022),Vínculo por assunto + termos do enunciado/alternativas/comentário. Exibir como card principal somente se importador aceitar score e revisão.,
847936,contran_973_sinalizacao_advertencia,specific_high_precision,rule_that_solves_or_clarifies_question,True,False,strict,208,not_applicable_or_not_outdated,,,advertencia; sinalizacao vertical; placa,placa,Volume II - Sinalização Vertical de Advertência (Anexo II da Res. CONTRAN nº 973/2022),Vínculo por assunto + termos do enunciado/alternativas/comentário. Exibir como card principal somente se importador aceitar score e revisão.,
881705,contran_973_sinalizacao_advertencia,specific_high_precision,rule_that_solves_or_clarifies_question,True,False,strict,218,not_applicable_or_not_outdated,,,advertencia; sinalizacao vertical; placa,advertencia; sinalizacao vertical,Volume II - Sinalização Vertical de Advertência (Anexo II da Res. CONTRAN nº 973/2022),Vínculo por assunto + termos do enunciado/alternativas/comentário. Exibir como card principal somente se importador aceitar score e revisão.,
903229,contran_973_sinalizacao_advertencia,specific_high_precision,rule_that_solves_or_clarifies_question,True,False,strict,206,not_applicable_or_not_outdated,,,advertencia; sinalizacao vertical,advertencia; sinalizacao vertical,Volume II - Sinalização Vertical de Advertência (Anexo II da Res. CONTRAN nº 973/2022),Vínculo por assunto + termos do enunciado/alternativas/comentário. Exibir como card principal somente se importador aceitar score e revisão.,
912950,contran_973_sinalizacao_advertencia,specific_high_precision,rule_that_solves_or_clarifies_question,False,True,single_letter_or_no_statement_evidence_filtered,186,not_applicable_or_not_outdated,,,advertencia; sinalizacao vertical,,Volume II - Sinalização Vertical de Advertência (Anexo II da Res. CONTRAN nº 973/2022),Vínculo por assunto + termos do enunciado/alternativas/comentário. Exibir como card principal somente se importador aceitar score e revisão.,
953775,contran_973_sinalizacao_advertencia,specific_high_precision,rule_that_solves_or_clarifies_question,True,False,strict,218,not_applicable_or_not_outdated,,,advertencia; sinalizacao vertical; placa,advertencia; placa,Volume II - Sinalização Vertical de Advertência (Anexo II da Res. CONTRAN nº 973/2022),Vínculo por assunto + termos do enunciado/alternativas/comentário. Exibir como card principal somente se importador aceitar score e revisão.,
966261,contran_973_sinalizacao_advertencia,specific_high_precision,rule_that_solves_or_clarifies_question,True,False,strict,208,not_applicable_or_not_outdated,,,advertencia; sinalizacao vertical; placa,placa,Volume II - Sinalização Vertical de Advertência (Anexo II da Res. CONTRAN nº 973/2022),Vínculo por assunto + termos do enunciado/alternativas/comentário. Exibir como card principal somente se importador aceitar score e revisão.,
1001269,contran_973_sinalizacao_advertencia,specific_high_precision,rule_that_solves_or_clarifies_question,True,False,strict,208,not_applicable_or_not_outdated,,,advertencia; sinalizacao vertical; placa,placa,Volume II - Sinalização Vertical de Advertência (Anexo II da Res. CONTRAN nº 973/2022),Vínculo por assunto + termos do enunciado/alternativas/comentário. Exibir como card principal somente se importador aceitar score e revisão.,
1022160,contran_973_sinalizacao_advertencia,specific_high_precision,rule_that_solves_or_clarifies_question,True,False,strict,208,not_applicable_or_not_outdated,,,advertencia; sinalizacao vertical; placa,placa,Volume II - Sinalização Vertical de Advertência (Anexo II da Res. CONTRAN nº 973/2022),Vínculo por assunto + termos do enunciado/alternativas/comentário. Exibir como card principal somente se importador aceitar score e revisão.,
1031794,contran_973_sinalizacao_advertencia,specific_high_precision,rule_that_solves_or_clarifies_question,True,False,strict,206,not_applicable_or_not_outdated,,,advertencia; sinalizacao vertical,advertencia; sinalizacao vertical,Volume II - Sinalização Vertical de Advertência (Anexo II da Res. CONTRAN nº 973/2022),Vínculo por assunto + termos do enunciado/alternativas/comentário. Exibir como card principal somente se importador aceitar score e revisão.,
1070621,contran_973_sinalizacao_advertencia,specific_high_precision,rule_that_solves_or_clarifies_question,True,False,strict,208,not_applicable_or_not_outdated,,,advertencia; sinalizacao vertical; placa,placa,Volume II - Sinalização Vertical de Advertência (Anexo II da Res. CONTRAN nº 973/2022),Vínculo por assunto + termos do enunciado/alternativas/comentário. Exibir como card principal somente se importador aceitar score e revisão.,
1071622,contran_973_sinalizacao_advertencia,specific_high_precision,rule_that_solves_or_clarifies_question,False,True,single_letter_or_no_statement_evidence_filtered,186,not_applicable_or_not_outdated,,,advertencia; sinalizacao vertical,,Volume II - Sinalização Vertical de Advertência (Anexo II da Res. CONTRAN nº 973/2022),Vínculo por assunto + termos do enunciado/alternativas/comentário. Exibir como card principal somente se importador aceitar score e revisão.,
1083087,contran_973_sinalizacao_advertencia,specific_high_precision,rule_that_solves_or_clarifies_question,True,False,strict,228,not_applicable_or_not_outdated,,,advertencia; sinalizacao vertical; placa,advertencia; sinalizacao vertical; placa,Volume II - Sinalização Vertical de Advertência (Anexo II da Res. CONTRAN nº 973/2022),Vínculo por assunto + termos do enunciado/alternativas/comentário. Exibir como card principal somente se importador aceitar score e revisão.,
1112408,contran_973_sinalizacao_advertencia,specific_high_precision,rule_that_solves_or_clarifies_question,True,False,strict,196,not_applicable_or_not_outdated,,,advertencia; sinalizacao vertical,advertencia,Volume II - Sinalização Vertical de Advertência (Anexo II da Res. CONTRAN nº 973/2022),Vínculo por assunto + termos do enunciado/alternativas/comentário. Exibir como card principal somente se importador aceitar score e revisão.,
1129769,contran_973_sinalizacao_advertencia,specific_high_precision,rule_that_solves_or_clarifies_question,True,False,strict,208,not_applicable_or_not_outdated,,,advertencia; sinalizacao vertical; placa,placa,Volume II - Sinalização Vertical de Advertência (Anexo II da Res. CONTRAN nº 973/2022),Vínculo por assunto + termos do enunciado/alternativas/comentário. Exibir como card principal somente se importador aceitar score e revisão.,
1142091,contran_973_sinalizacao_regulamentacao,specific_high_precision,rule_that_solves_or_clarifies_question,False,True,ambiguous_top_candidate,206,not_applicable_or_not_outdated,,,sinalizacao vertical; regulamentacao,sinalizacao vertical; regulamentacao,Volume II - Sinalização Vertical de Advertência (Anexo II da Res. CONTRAN nº 973/2022),Vínculo por assunto + termos do enunciado/alternativas/comentário. Exibir como card principal somente se importador aceitar score e revisão.,
1142178,contran_973_sinalizacao_advertencia,specific_high_precision,rule_that_solves_or_clarifies_question,True,False,strict,218,not_applicable_or_not_outdated,,,advertencia; sinalizacao vertical; placa,advertencia; placa,Volume II - Sinalização Vertical de Advertência (Anexo II da Res. CONTRAN nº 973/2022),Vínculo por assunto + termos do enunciado/alternativas/comentário. Exibir como card principal somente se importador aceitar score e revisão.,
1185887,contran_973_sinalizacao_advertencia,specific_high_precision,rule_that_solves_or_clarifies_question,True,False,strict,218,not_applicable_or_not_outdated,,,advertencia; sinalizacao vertical; placa,advertencia; placa,Volume II - Sinalização Vertical de Advertência (Anexo II da Res. CONTRAN nº 973/2022),Vínculo por assunto + termos do enunciado/alternativas/comentário. Exibir como card principal somente se importador aceitar score e revisão.,
1213380,contran_973_sinalizacao_advertencia,specific_high_precision,rule_that_solves_or_clarifies_question,True,False,strict,208,not_applicable_or_not_outdated,,,advertencia; sinalizacao vertical; placa,placa,Volume II - Sinalização Vertical de Advertência (Anexo II da Res. CONTRAN nº 973/2022),Vínculo por assunto + termos do enunciado/alternativas/comentário. Exibir como card principal somente se importador aceitar score e revisão.,
1247730,contran_973_sinalizacao_advertencia,specific_high_precision,rule_that_solves_or_clarifies_question,True,False,strict,196,not_applicable_or_not_outdated,,,advertencia; sinalizacao vertical,advertencia,Volume II - Sinalização Vertical de Advertência (Anexo II da Res. CONTRAN nº 973/2022),Vínculo por assunto + termos do enunciado/alternativas/comentário. Exibir como card principal somente se importador aceitar score e revisão.,
1286515,contran_973_sinalizacao_advertencia,specific_high_precision,rule_that_solves_or_clarifies_question,True,False,strict,208,not_applicable_or_not_outdated,,,advertencia; sinalizacao vertical; placa,placa,Volume II - Sinalização Vertical de Advertência (Anexo II da Res. CONTRAN nº 973/2022),Vínculo por assunto + termos do enunciado/alternativas/comentário. Exibir como card principal somente se importador aceitar score e revisão.,
1295481,contran_973_sinalizacao_advertencia,specific_high_precision,rule_that_solves_or_clarifies_question,True,False,strict,208,not_applicable_or_not_outdated,,,advertencia; sinalizacao vertical; placa,placa,Volume II - Sinalização Vertical de Advertência (Anexo II da Res. CONTRAN nº 973/2022),Vínculo por assunto + termos do enunciado/alternativas/comentário. Exibir como card principal somente se importador aceitar score e revisão.,
1345837,contran_973_sinalizacao_advertencia,specific_high_precision,rule_that_solves_or_clarifies_question,True,False,strict,208,not_applicable_or_not_outdated,,,advertencia; sinalizacao vertical; placa,placa,Volume II - Sinalização Vertical de Advertência (Anexo II da Res. CONTRAN nº 973/2022),Vínculo por assunto + termos do enunciado/alternativas/comentário. Exibir como card principal somente se importador aceitar score e revisão.,
1375105,contran_973_sinalizacao_advertencia,specific_high_precision,rule_that_solves_or_clarifies_question,True,False,strict,208,not_applicable_or_not_outdated,,,advertencia; sinalizacao vertical; placa,placa,Volume II - Sinalização Vertical de Advertência (Anexo II da Res. CONTRAN nº 973/2022),Vínculo por assunto + termos do enunciado/alternativas/comentário. Exibir como card principal somente se importador aceitar score e revisão.,
1375126,contran_973_sinalizacao_advertencia,specific_high_precision,rule_that_solves_or_clarifies_question,True,False,strict,208,not_applicable_or_not_outdated,,,advertencia; sinalizacao vertical; placa,placa,Volume II - Sinalização Vertical de Advertência (Anexo II da Res. CONTRAN nº 973/2022),Vínculo por assunto + termos do enunciado/alternativas/comentário. Exibir como card principal somente se importador aceitar score e revisão.,
1415319,contran_973_sinalizacao_advertencia,specific_high_precision,rule_that_solves_or_clarifies_question,False,True,single_letter_or_no_statement_evidence_filtered,186,not_applicable_or_not_outdated,,,advertencia; sinalizacao vertical,,Volume II - Sinalização Vertical de Advertência (Anexo II da Res. CONTRAN nº 973/2022),Vínculo por assunto + termos do enunciado/alternativas/comentário. Exibir como card principal somente se importador aceitar score e revisão.,
1572196,contran_973_sinalizacao_advertencia,specific_high_precision,rule_that_solves_or_clarifies_question,True,False,strict,218,not_applicable_or_not_outdated,,,advertencia; sinalizacao vertical; placa,sinalizacao vertical; placa,Volume II - Sinalização Vertical de Advertência (Anexo II da Res. CONTRAN nº 973/2022),Vínculo por assunto + termos do enunciado/alternativas/comentário. Exibir como card principal somente se importador aceitar score e revisão.,
1572411,contran_973_sinalizacao_advertencia,specific_high_precision,rule_that_solves_or_clarifies_question,True,False,strict,218,not_applicable_or_not_outdated,,,advertencia; sinalizacao vertical; placa,sinalizacao vertical; placa,Volume II - Sinalização Vertical de Advertência (Anexo II da Res. CONTRAN nº 973/2022),Vínculo por assunto + termos do enunciado/alternativas/comentário. Exibir como card principal somente se importador aceitar score e revisão.,
1579297,contran_973_sinalizacao_advertencia,specific_high_precision,rule_that_solves_or_clarifies_question,True,False,strict,218,not_applicable_or_not_outdated,,,advertencia; sinalizacao vertical; placa,advertencia; placa,Volume II - Sinalização Vertical de Advertência (Anexo II da Res. CONTRAN nº 973/2022),Vínculo por assunto + termos do enunciado/alternativas/comentário. Exibir como card principal somente se importador aceitar score e revisão.,
1583871,contran_973_sinalizacao_advertencia,specific_high_precision,rule_that_solves_or_clarifies_question,True,False,strict,218,not_applicable_or_not_outdated,,,advertencia; sinalizacao vertical; placa,sinalizacao vertical; placa,Volume II - Sinalização Vertical de Advertência (Anexo II da Res. CONTRAN nº 973/2022),Vínculo por assunto + termos do enunciado/alternativas/comentário. Exibir como card principal somente se importador aceitar score e revisão.,
1724674,contran_973_sinalizacao_advertencia,specific_high_precision,rule_that_solves_or_clarifies_question,True,False,strict,208,not_applicable_or_not_outdated,,,advertencia; sinalizacao vertical; placa,placa,Volume II - Sinalização Vertical de Advertência (Anexo II da Res. CONTRAN nº 973/2022),Vínculo por assunto + termos do enunciado/alternativas/comentário. Exibir como card principal somente se importador aceitar score e revisão.,
1758675,contran_973_sinalizacao_advertencia,specific_high_precision,rule_that_solves_or_clarifies_question,True,False,strict,218,not_applicable_or_not_outdated,,,advertencia; sinalizacao vertical; placa,advertencia; placa,Volume II - Sinalização Vertical de Advertência (Anexo II da Res. CONTRAN nº 973/2022),Vínculo por assunto + termos do enunciado/alternativas/comentário. Exibir como card principal somente se importador aceitar score e revisão.,
2002433,contran_973_sinalizacao_advertencia,specific_high_precision,rule_that_solves_or_clarifies_question,True,False,strict,218,not_applicable_or_not_outdated,,,advertencia; sinalizacao vertical; placa,advertencia; placa,Volume II - Sinalização Vertical de Advertência (Anexo II da Res. CONTRAN nº 973/2022),Vínculo por assunto + termos do enunciado/alternativas/comentário. Exibir como card principal somente se importador aceitar score e revisão.,
2004448,ctb_anexo_i_conceitos_basicos,specific_high_precision,rule_that_solves_or_clarifies_question,False,True,ambiguous_top_candidate,213,not_applicable_or_not_outdated,,,conceito; anexo i; via; transito,via; transito,Volume II - Sinalização Vertical de Advertência (Anexo II da Res. CONTRAN nº 973/2022),Vínculo por assunto + termos do enunciado/alternativas/comentário. Exibir como card principal somente se importador aceitar score e revisão.,
2024922,contran_973_sinalizacao_advertencia,specific_high_precision,rule_that_solves_or_clarifies_question,True,False,strict,196,not_applicable_or_not_outdated,,,advertencia; sinalizacao vertical,advertencia,Volume II - Sinalização Vertical de Advertência (Anexo II da Res. CONTRAN nº 973/2022),Vínculo por assunto + termos do enunciado/alternativas/comentário. Exibir como card principal somente se importador aceitar score e revisão.,
2465729,contran_973_sinalizacao_advertencia,specific_high_precision,rule_that_solves_or_clarifies_question,True,False,strict,218,not_applicable_or_not_outdated,,,advertencia; sinalizacao vertical; placa,advertencia; placa,Volume II - Sinalização Vertical de Advertência (Anexo II da Res. CONTRAN nº 973/2022),Vínculo por assunto + termos do enunciado/alternativas/comentário. Exibir como card principal somente se importador aceitar score e revisão.,
2465733,contran_973_sinalizacao_advertencia,specific_high_precision,rule_that_solves_or_clarifies_question,True,False,strict,218,not_applicable_or_not_outdated,,,advertencia; sinalizacao vertical; placa,advertencia; placa,Volume II - Sinalização Vertical de Advertência (Anexo II da Res. CONTRAN nº 973/2022),Vínculo por assunto + termos do enunciado/alternativas/comentário. Exibir como card principal somente se importador aceitar score e revisão.,
2465739,contran_973_sinalizacao_advertencia,specific_high_precision,rule_that_solves_or_clarifies_question,True,False,strict,208,not_applicable_or_not_outdated,,,advertencia; sinalizacao vertical; placa,placa,Volume II - Sinalização Vertical de Advertência (Anexo II da Res. CONTRAN nº 973/2022),Vínculo por assunto + termos do enunciado/alternativas/comentário. Exibir como card principal somente se importador aceitar score e revisão.,
112170,contran_973_sinalizacao_indicacao,specific_high_precision,rule_that_solves_or_clarifies_question,True,False,strict,208,not_applicable_or_not_outdated,,,indicacao; orientacao; placa; sinalizacao vertical,orientacao; placa,Volume III - Sinalização Vertical de Indicação (Anexo III da Res. CONTRAN nº 973/2022),Vínculo por assunto + termos do enunciado/alternativas/comentário. Exibir como card principal somente se importador aceitar score e revisão.,
129771,contran_973_sinalizacao_indicacao,specific_high_precision,rule_that_solves_or_clarifies_question,True,False,strict,228,not_applicable_or_not_outdated,,,indicacao; orientacao; placa; sinalizacao vertical,indicacao; orientacao; placa; sinalizacao vertical,Volume III - Sinalização Vertical de Indicação (Anexo III da Res. CONTRAN nº 973/2022),Vínculo por assunto + termos do enunciado/alternativas/comentário. Exibir como card principal somente se importador aceitar score e revisão.,
129772,contran_973_sinalizacao_indicacao,specific_high_precision,rule_that_solves_or_clarifies_question,True,False,strict,206,not_applicable_or_not_outdated,,,indicacao; placa; sinalizacao vertical,indicacao; placa; sinalizacao vertical,Volume III - Sinalização Vertical de Indicação (Anexo III da Res. CONTRAN nº 973/2022),Vínculo por assunto + termos do enunciado/alternativas/comentário. Exibir como card principal somente se importador aceitar score e revisão.,
133828,contran_973_sinalizacao_indicacao,specific_high_precision,rule_that_solves_or_clarifies_question,True,False,strict,186,not_applicable_or_not_outdated,,,indicacao; placa; sinalizacao vertical,placa,Volume III - Sinalização Vertical de Indicação (Anexo III da Res. CONTRAN nº 973/2022),Vínculo por assunto + termos do enunciado/alternativas/comentário. Exibir como card principal somente se importador aceitar score e revisão.,
167960,contran_973_sinalizacao_indicacao,specific_high_precision,rule_that_solves_or_clarifies_question,True,False,strict,186,not_applicable_or_not_outdated,,,indicacao; placa; sinalizacao vertical,placa,Volume III - Sinalização Vertical de Indicação (Anexo III da Res. CONTRAN nº 973/2022),Vínculo por assunto + termos do enunciado/alternativas/comentário. Exibir como card principal somente se importador aceitar score e revisão.,
168022,contran_973_sinalizacao_indicacao,specific_high_precision,rule_that_solves_or_clarifies_question,True,False,strict,196,not_applicable_or_not_outdated,,,indicacao; placa; sinalizacao vertical,indicacao; placa,Volume III - Sinalização Vertical de Indicação (Anexo III da Res. CONTRAN nº 973/2022),Vínculo por assunto + termos do enunciado/alternativas/comentário. Exibir como card principal somente se importador aceitar score e revisão.,
174605,contran_973_sinalizacao_indicacao,specific_high_precision,rule_that_solves_or_clarifies_question,True,False,strict,196,not_applicable_or_not_outdated,,,indicacao; placa; sinalizacao vertical,placa; sinalizacao vertical,Volume III - Sinalização Vertical de Indicação (Anexo III da Res. CONTRAN nº 973/2022),Vínculo por assunto + termos do enunciado/alternativas/comentário. Exibir como card principal somente se importador aceitar score e revisão.,
177562,contran_973_sinalizacao_indicacao,specific_high_precision,rule_that_solves_or_clarifies_question,True,False,strict,186,not_applicable_or_not_outdated,,,indicacao; placa; sinalizacao vertical,placa,Volume III - Sinalização Vertical de Indicação (Anexo III da Res. CONTRAN nº 973/2022),Vínculo por assunto + termos do enunciado/alternativas/comentário. Exibir como card principal somente se importador aceitar score e revisão.,
285098,contran_973_sinalizacao_indicacao,specific_high_precision,rule_that_solves_or_clarifies_question,True,False,strict,196,not_applicable_or_not_outdated,,,indicacao; placa; sinalizacao vertical,indicacao; placa,Volume III - Sinalização Vertical de Indicação (Anexo III da Res. CONTRAN nº 973/2022),Vínculo por assunto + termos do enunciado/alternativas/comentário. Exibir como card principal somente se importador aceitar score e revisão.,
285101,contran_973_sinalizacao_indicacao,specific_high_precision,rule_that_solves_or_clarifies_question,True,False,strict,198,not_applicable_or_not_outdated,,,indicacao; orientacao; placa; sinalizacao vertical,placa,Volume III - Sinalização Vertical de Indicação (Anexo III da Res. CONTRAN nº 973/2022),Vínculo por assunto + termos do enunciado/alternativas/comentário. Exibir como card principal somente se importador aceitar score e revisão.,
285102,contran_973_sinalizacao_indicacao,specific_high_precision,rule_that_solves_or_clarifies_question,True,False,strict,186,not_applicable_or_not_outdated,,,indicacao; placa; sinalizacao vertical,placa,Volume III - Sinalização Vertical de Indicação (Anexo III da Res. CONTRAN nº 973/2022),Vínculo por assunto + termos do enunciado/alternativas/comentário. Exibir como card principal somente se importador aceitar score e revisão.,
305799,contran_973_sinalizacao_indicacao,specific_high_precision,rule_that_solves_or_clarifies_question,True,False,strict,186,not_applicable_or_not_outdated,,,indicacao; placa; sinalizacao vertical,placa,Volume III - Sinalização Vertical de Indicação (Anexo III da Res. CONTRAN nº 973/2022),Vínculo por assunto + termos do enunciado/alternativas/comentário. Exibir como card principal somente se importador aceitar score e revisão.,
329579,contran_973_sinalizacao_indicacao,specific_high_precision,rule_that_solves_or_clarifies_question,True,False,strict,230,not_applicable_or_not_outdated,,,indicacao; orientacao; localizacao; placa; sinalizacao vertical,orientacao; localizacao; placa,Volume III - Sinalização Vertical de Indicação (Anexo III da Res. CONTRAN nº 973/2022),Vínculo por assunto + termos do enunciado/alternativas/comentário. Exibir como card principal somente se importador aceitar score e revisão.,
333307,contran_973_sinalizacao_indicacao,specific_high_precision,rule_that_solves_or_clarifies_question,True,False,strict,186,not_applicable_or_not_outdated,,,indicacao; placa; sinalizacao vertical,placa,Volume III - Sinalização Vertical de Indicação (Anexo III da Res. CONTRAN nº 973/2022),Vínculo por assunto + termos do enunciado/alternativas/comentário. Exibir como card principal somente se importador aceitar score e revisão.,
333310,contran_973_sinalizacao_indicacao,specific_high_precision,rule_that_solves_or_clarifies_question,True,False,strict,186,not_applicable_or_not_outdated,,,indicacao; placa; sinalizacao vertical,placa,Volume III - Sinalização Vertical de Indicação (Anexo III da Res. CONTRAN nº 973/2022),Vínculo por assunto + termos do enunciado/alternativas/comentário. Exibir como card principal somente se importador aceitar score e revisão.,
333329,contran_973_sinalizacao_indicacao,specific_high_precision,rule_that_solves_or_clarifies_question,True,False,strict,186,not_applicable_or_not_outdated,,,indicacao; placa; sinalizacao vertical,placa,Volume III - Sinalização Vertical de Indicação (Anexo III da Res. CONTRAN nº 973/2022),Vínculo por assunto + termos do enunciado/alternativas/comentário. Exibir como card principal somente se importador aceitar score e revisão.,
333333,contran_973_sinalizacao_indicacao,specific_high_precision,rule_that_solves_or_clarifies_question,True,False,strict,186,not_applicable_or_not_outdated,,,indicacao; placa; sinalizacao vertical,placa,Volume III - Sinalização Vertical de Indicação (Anexo III da Res. CONTRAN nº 973/2022),Vínculo por assunto + termos do enunciado/alternativas/comentário. Exibir como card principal somente se importador aceitar score e revisão.,
333342,contran_973_sinalizacao_indicacao,specific_high_precision,rule_that_solves_or_clarifies_question,True,False,strict,186,not_applicable_or_not_outdated,,,indicacao; placa; sinalizacao vertical,placa,Volume III - Sinalização Vertical de Indicação (Anexo III da Res. CONTRAN nº 973/2022),Vínculo por assunto + termos do enunciado/alternativas/comentário. Exibir como card principal somente se importador aceitar score e revisão.,
333346,contran_973_sinalizacao_indicacao,specific_high_precision,rule_that_solves_or_clarifies_question,True,False,strict,186,not_applicable_or_not_outdated,,,indicacao; placa; sinalizacao vertical,placa,Volume III - Sinalização Vertical de Indicação (Anexo III da Res. CONTRAN nº 973/2022),Vínculo por assunto + termos do enunciado/alternativas/comentário. Exibir como card principal somente se importador aceitar score e revisão.,
345726,contran_973_sinalizacao_indicacao,specific_high_precision,rule_that_solves_or_clarifies_question,True,False,strict,208,not_applicable_or_not_outdated,,,indicacao; orientacao; placa; sinalizacao vertical,orientacao; sinalizacao vertical,Volume III - Sinalização Vertical de Indicação (Anexo III da Res. CONTRAN nº 973/2022),Vínculo por assunto + termos do enunciado/alternativas/comentário. Exibir como card principal somente se importador aceitar score e revisão.,
346119,contran_973_sinalizacao_indicacao,specific_high_precision,rule_that_solves_or_clarifies_question,True,False,strict,186,not_applicable_or_not_outdated,,,indicacao; placa; sinalizacao vertical,placa,Volume III - Sinalização Vertical de Indicação (Anexo III da Res. CONTRAN nº 973/2022),Vínculo por assunto + termos do enunciado/alternativas/comentário. Exibir como card principal somente se importador aceitar score e revisão.,
346120,contran_973_sinalizacao_indicacao,specific_high_precision,rule_that_solves_or_clarifies_question,True,False,strict,186,not_applicable_or_not_outdated,,,indicacao; placa; sinalizacao vertical,placa,Volume III - Sinalização Vertical de Indicação (Anexo III da Res. CONTRAN nº 973/2022),Vínculo por assunto + termos do enunciado/alternativas/comentário. Exibir como card principal somente se importador aceitar score e revisão.,
397259,contran_973_sinalizacao_indicacao,specific_high_precision,rule_that_solves_or_clarifies_question,True,False,strict,186,not_applicable_or_not_outdated,,,indicacao; placa; sinalizacao vertical,placa,Volume III - Sinalização Vertical de Indicação (Anexo III da Res. CONTRAN nº 973/2022),Vínculo por assunto + termos do enunciado/alternativas/comentário. Exibir como card principal somente se importador aceitar score e revisão.,
403629,contran_973_sinalizacao_indicacao,specific_high_precision,rule_that_solves_or_clarifies_question,True,False,strict,186,not_applicable_or_not_outdated,,,indicacao; placa; sinalizacao vertical,placa,Volume III - Sinalização Vertical de Indicação (Anexo III da Res. CONTRAN nº 973/2022),Vínculo por assunto + termos do enunciado/alternativas/comentário. Exibir como card principal somente se importador aceitar score e revisão.,
408947,contran_973_sinalizacao_indicacao,specific_high_precision,rule_that_solves_or_clarifies_question,True,False,strict,198,not_applicable_or_not_outdated,,,indicacao; orientacao; placa; sinalizacao vertical,placa,Volume III - Sinalização Vertical de Indicação (Anexo III da Res. CONTRAN nº 973/2022),Vínculo por assunto + termos do enunciado/alternativas/comentário. Exibir como card principal somente se importador aceitar score e revisão.,
490740,contran_973_sinalizacao_indicacao,specific_high_precision,rule_that_solves_or_clarifies_question,True,False,strict,186,not_applicable_or_not_outdated,,,indicacao; placa; sinalizacao vertical,placa,Volume III - Sinalização Vertical de Indicação (Anexo III da Res. CONTRAN nº 973/2022),Vínculo por assunto + termos do enunciado/alternativas/comentário. Exibir como card principal somente se importador aceitar score e revisão.,
491974,contran_973_sinalizacao_indicacao,specific_high_precision,rule_that_solves_or_clarifies_question,True,False,strict,186,not_applicable_or_not_outdated,,,indicacao; placa; sinalizacao vertical,placa,Volume III - Sinalização Vertical de Indicação (Anexo III da Res. CONTRAN nº 973/2022),Vínculo por assunto + termos do enunciado/alternativas/comentário. Exibir como card principal somente se importador aceitar score e revisão.,
508881,contran_973_sinalizacao_indicacao,specific_high_precision,rule_that_solves_or_clarifies_question,True,False,strict,186,not_applicable_or_not_outdated,,,indicacao; placa; sinalizacao vertical,placa,Volume III - Sinalização Vertical de Indicação (Anexo III da Res. CONTRAN nº 973/2022),Vínculo por assunto + termos do enunciado/alternativas/comentário. Exibir como card principal somente se importador aceitar score e revisão.,
589276,contran_973_sinalizacao_indicacao,specific_high_precision,rule_that_solves_or_clarifies_question,True,False,strict,228,not_applicable_or_not_outdated,,,indicacao; orientacao; placa; sinalizacao vertical,indicacao; orientacao; placa; sinalizacao vertical,Volume III - Sinalização Vertical de Indicação (Anexo III da Res. CONTRAN nº 973/2022),Vínculo por assunto + termos do enunciado/alternativas/comentário. Exibir como card principal somente se importador aceitar score e revisão.,
589281,contran_973_sinalizacao_indicacao,specific_high_precision,rule_that_solves_or_clarifies_question,True,False,strict,228,not_applicable_or_not_outdated,,,indicacao; orientacao; placa; sinalizacao vertical,indicacao; orientacao; placa; sinalizacao vertical,Volume III - Sinalização Vertical de Indicação (Anexo III da Res. CONTRAN nº 973/2022),Vínculo por assunto + termos do enunciado/alternativas/comentário. Exibir como card principal somente se importador aceitar score e revisão.,
721768,contran_973_sinalizacao_indicacao,specific_high_precision,rule_that_solves_or_clarifies_question,True,False,strict,196,not_applicable_or_not_outdated,,,indicacao; placa; sinalizacao vertical,indicacao; sinalizacao vertical,Volume III - Sinalização Vertical de Indicação (Anexo III da Res. CONTRAN nº 973/2022),Vínculo por assunto + termos do enunciado/alternativas/comentário. Exibir como card principal somente se importador aceitar score e revisão.,
746213,contran_973_sinalizacao_indicacao,specific_high_precision,rule_that_solves_or_clarifies_question,True,False,strict,196,not_applicable_or_not_outdated,,,indicacao; placa; sinalizacao vertical,indicacao; placa,Volume III - Sinalização Vertical de Indicação (Anexo III da Res. CONTRAN nº 973/2022),Vínculo por assunto + termos do enunciado/alternativas/comentário. Exibir como card principal somente se importador aceitar score e revisão.,
805898,contran_973_sinalizacao_indicacao,specific_high_precision,rule_that_solves_or_clarifies_question,True,False,strict,228,not_applicable_or_not_outdated,,,indicacao; orientacao; placa; sinalizacao vertical,indicacao; orientacao; placa; sinalizacao vertical,Volume III - Sinalização Vertical de Indicação (Anexo III da Res. CONTRAN nº 973/2022),Vínculo por assunto + termos do enunciado/alternativas/comentário. Exibir como card principal somente se importador aceitar score e revisão.,
808942,contran_973_sinalizacao_indicacao,specific_high_precision,rule_that_solves_or_clarifies_question,True,False,strict,218,not_applicable_or_not_outdated,,,indicacao; orientacao; placa; sinalizacao vertical,orientacao; placa; sinalizacao vertical,Volume III - Sinalização Vertical de Indicação (Anexo III da Res. CONTRAN nº 973/2022),Vínculo por assunto + termos do enunciado/alternativas/comentário. Exibir como card principal somente se importador aceitar score e revisão.,
810699,contran_973_sinalizacao_indicacao,specific_high_precision,rule_that_solves_or_clarifies_question,True,False,strict,208,not_applicable_or_not_outdated,,,indicacao; orientacao; placa; sinalizacao vertical,orientacao; sinalizacao vertical,Volume III - Sinalização Vertical de Indicação (Anexo III da Res. CONTRAN nº 973/2022),Vínculo por assunto + termos do enunciado/alternativas/comentário. Exibir como card principal somente se importador aceitar score e revisão.,
810718,contran_973_sinalizacao_indicacao,specific_high_precision,rule_that_solves_or_clarifies_question,True,False,strict,218,not_applicable_or_not_outdated,,,indicacao; orientacao; placa; sinalizacao vertical,indicacao; orientacao; placa,Volume III - Sinalização Vertical de Indicação (Anexo III da Res. CONTRAN nº 973/2022),Vínculo por assunto + termos do enunciado/alternativas/comentário. Exibir como card principal somente se importador aceitar score e revisão.,
827393,contran_973_sinalizacao_indicacao,specific_high_precision,rule_that_solves_or_clarifies_question,True,False,strict,196,not_applicable_or_not_outdated,,,indicacao; placa; sinalizacao vertical,indicacao; placa,Volume III - Sinalização Vertical de Indicação (Anexo III da Res. CONTRAN nº 973/2022),Vínculo por assunto + termos do enunciado/alternativas/comentário. Exibir como card principal somente se importador aceitar score e revisão.,
848902,contran_973_sinalizacao_indicacao,specific_high_precision,rule_that_solves_or_clarifies_question,True,False,strict,186,not_applicable_or_not_outdated,,,indicacao; placa; sinalizacao vertical,placa,Volume III - Sinalização Vertical de Indicação (Anexo III da Res. CONTRAN nº 973/2022),Vínculo por assunto + termos do enunciado/alternativas/comentário. Exibir como card principal somente se importador aceitar score e revisão.,
931287,contran_973_sinalizacao_indicacao,specific_high_precision,rule_that_solves_or_clarifies_question,True,False,strict,186,not_applicable_or_not_outdated,,,indicacao; placa; sinalizacao vertical,placa,Volume III - Sinalização Vertical de Indicação (Anexo III da Res. CONTRAN nº 973/2022),Vínculo por assunto + termos do enunciado/alternativas/comentário. Exibir como card principal somente se importador aceitar score e revisão.,
937085,contran_973_sinalizacao_indicacao,specific_high_precision,rule_that_solves_or_clarifies_question,True,False,strict,174,not_applicable_or_not_outdated,,,indicacao; sinalizacao vertical,indicacao,Volume III - Sinalização Vertical de Indicação (Anexo III da Res. CONTRAN nº 973/2022),Vínculo por assunto + termos do enunciado/alternativas/comentário. Exibir como card principal somente se importador aceitar score e revisão.,
996086,contran_973_sinalizacao_indicacao,specific_high_precision,rule_that_solves_or_clarifies_question,True,False,strict,218,not_applicable_or_not_outdated,,,indicacao; orientacao; placa; sinalizacao vertical,indicacao; orientacao; placa,Volume III - Sinalização Vertical de Indicação (Anexo III da Res. CONTRAN nº 973/2022),Vínculo por assunto + termos do enunciado/alternativas/comentário. Exibir como card principal somente se importador aceitar score e revisão.,
1031797,contran_973_sinalizacao_indicacao,specific_high_precision,rule_that_solves_or_clarifies_question,True,False,strict,186,not_applicable_or_not_outdated,,,indicacao; placa; sinalizacao vertical,placa,Volume III - Sinalização Vertical de Indicação (Anexo III da Res. CONTRAN nº 973/2022),Vínculo por assunto + termos do enunciado/alternativas/comentário. Exibir como card principal somente se importador aceitar score e revisão.,
1119608,contran_973_sinalizacao_indicacao,specific_high_precision,rule_that_solves_or_clarifies_question,True,False,strict,206,not_applicable_or_not_outdated,,,indicacao; placa; sinalizacao vertical,indicacao; placa; sinalizacao vertical,Volume III - Sinalização Vertical de Indicação (Anexo III da Res. CONTRAN nº 973/2022),Vínculo por assunto + termos do enunciado/alternativas/comentário. Exibir como card principal somente se importador aceitar score e revisão.,
1122195,contran_973_sinalizacao_indicacao,specific_high_precision,suggested_card_needs_review,False,True,comment_or_subject_evidence_only,176,not_applicable_or_not_outdated,,,indicacao; placa; sinalizacao vertical,,Volume III - Sinalização Vertical de Indicação (Anexo III da Res. CONTRAN nº 973/2022),Vínculo por assunto + termos do enunciado/alternativas/comentário. Exibir como card principal somente se importador aceitar score e revisão. Termos fortes não apareceram no enunciado/alternativas; não exibir automaticamente no modo Estudar agora.,
1142083,contran_973_sinalizacao_indicacao,specific_high_precision,rule_that_solves_or_clarifies_question,True,False,strict,186,not_applicable_or_not_outdated,,,indicacao; placa; sinalizacao vertical,placa,Volume III - Sinalização Vertical de Indicação (Anexo III da Res. CONTRAN nº 973/2022),Vínculo por assunto + termos do enunciado/alternativas/comentário. Exibir como card principal somente se importador aceitar score e revisão.,
1151035,contran_973_sinalizacao_indicacao,specific_high_precision,rule_that_solves_or_clarifies_question,True,False,strict,186,not_applicable_or_not_outdated,,,indicacao; placa; sinalizacao vertical,placa,Volume III - Sinalização Vertical de Indicação (Anexo III da Res. CONTRAN nº 973/2022),Vínculo por assunto + termos do enunciado/alternativas/comentário. Exibir como card principal somente se importador aceitar score e revisão.,
1259896,contran_973_sinalizacao_indicacao,specific_high_precision,rule_that_solves_or_clarifies_question,True,False,strict,186,not_applicable_or_not_outdated,,,indicacao; placa; sinalizacao vertical,placa,Volume III - Sinalização Vertical de Indicação (Anexo III da Res. CONTRAN nº 973/2022),Vínculo por assunto + termos do enunciado/alternativas/comentário. Exibir como card principal somente se importador aceitar score e revisão.,
1273551,contran_973_sinalizacao_indicacao,specific_high_precision,rule_that_solves_or_clarifies_question,True,False,strict,198,not_applicable_or_not_outdated,,,indicacao; orientacao; placa; sinalizacao vertical,placa,Volume III - Sinalização Vertical de Indicação (Anexo III da Res. CONTRAN nº 973/2022),Vínculo por assunto + termos do enunciado/alternativas/comentário. Exibir como card principal somente se importador aceitar score e revisão.,
1284143,contran_973_sinalizacao_indicacao,specific_high_precision,rule_that_solves_or_clarifies_question,True,False,strict,198,not_applicable_or_not_outdated,,,indicacao; orientacao; placa; sinalizacao vertical,placa,Volume III - Sinalização Vertical de Indicação (Anexo III da Res. CONTRAN nº 973/2022),Vínculo por assunto + termos do enunciado/alternativas/comentário. Exibir como card principal somente se importador aceitar score e revisão.,
1327710,contran_973_sinalizacao_indicacao,specific_high_precision,rule_that_solves_or_clarifies_question,True,False,strict,186,not_applicable_or_not_outdated,,,indicacao; placa; sinalizacao vertical,placa,Volume III - Sinalização Vertical de Indicação (Anexo III da Res. CONTRAN nº 973/2022),Vínculo por assunto + termos do enunciado/alternativas/comentário. Exibir como card principal somente se importador aceitar score e revisão.,
1394132,contran_973_sinalizacao_indicacao,specific_high_precision,rule_that_solves_or_clarifies_question,True,False,strict,186,not_applicable_or_not_outdated,,,indicacao; placa; sinalizacao vertical,placa,Volume III - Sinalização Vertical de Indicação (Anexo III da Res. CONTRAN nº 973/2022),Vínculo por assunto + termos do enunciado/alternativas/comentário. Exibir como card principal somente se importador aceitar score e revisão.,
1394485,contran_973_sinalizacao_indicacao,specific_high_precision,rule_that_solves_or_clarifies_question,True,False,strict,198,not_applicable_or_not_outdated,,,indicacao; localizacao; placa; sinalizacao vertical,placa,Volume III - Sinalização Vertical de Indicação (Anexo III da Res. CONTRAN nº 973/2022),Vínculo por assunto + termos do enunciado/alternativas/comentário. Exibir como card principal somente se importador aceitar score e revisão.,
1431386,contran_973_sinalizacao_indicacao,specific_high_precision,rule_that_solves_or_clarifies_question,True,False,strict,208,not_applicable_or_not_outdated,,,indicacao; orientacao; placa; sinalizacao vertical,orientacao; placa,Volume III - Sinalização Vertical de Indicação (Anexo III da Res. CONTRAN nº 973/2022),Vínculo por assunto + termos do enunciado/alternativas/comentário. Exibir como card principal somente se importador aceitar score e revisão.,
1440741,contran_973_sinalizacao_indicacao,specific_high_precision,rule_that_solves_or_clarifies_question,True,False,strict,186,not_applicable_or_not_outdated,,,indicacao; placa; sinalizacao vertical,placa,Volume III - Sinalização Vertical de Indicação (Anexo III da Res. CONTRAN nº 973/2022),Vínculo por assunto + termos do enunciado/alternativas/comentário. Exibir como card principal somente se importador aceitar score e revisão.,
1499379,contran_973_sinalizacao_indicacao,specific_high_precision,rule_that_solves_or_clarifies_question,True,False,strict,230,not_applicable_or_not_outdated,,,indicacao; orientacao; localizacao; placa; sinalizacao vertical,orientacao; localizacao; placa,Volume III - Sinalização Vertical de Indicação (Anexo III da Res. CONTRAN nº 973/2022),Vínculo por assunto + termos do enunciado/alternativas/comentário. Exibir como card principal somente se importador aceitar score e revisão.,
1499380,contran_973_sinalizacao_indicacao,specific_high_precision,rule_that_solves_or_clarifies_question,True,False,strict,196,not_applicable_or_not_outdated,,,indicacao; placa; sinalizacao vertical,indicacao; placa,Volume III - Sinalização Vertical de Indicação (Anexo III da Res. CONTRAN nº 973/2022),Vínculo por assunto + termos do enunciado/alternativas/comentário. Exibir como card principal somente se importador aceitar score e revisão.,
1499382,contran_973_sinalizacao_indicacao,specific_high_precision,rule_that_solves_or_clarifies_question,True,False,strict,186,not_applicable_or_not_outdated,,,indicacao; placa; sinalizacao vertical,placa,Volume III - Sinalização Vertical de Indicação (Anexo III da Res. CONTRAN nº 973/2022),Vínculo por assunto + termos do enunciado/alternativas/comentário. Exibir como card principal somente se importador aceitar score e revisão.,
1499383,contran_973_sinalizacao_indicacao,specific_high_precision,rule_that_solves_or_clarifies_question,True,False,strict,196,not_applicable_or_not_outdated,,,indicacao; placa; sinalizacao vertical,indicacao; placa,Volume III - Sinalização Vertical de Indicação (Anexo III da Res. CONTRAN nº 973/2022),Vínculo por assunto + termos do enunciado/alternativas/comentário. Exibir como card principal somente se importador aceitar score e revisão.,
1517570,contran_973_sinalizacao_indicacao,specific_high_precision,rule_that_solves_or_clarifies_question,True,False,strict,196,not_applicable_or_not_outdated,,,indicacao; placa; sinalizacao vertical,indicacao; placa,Volume III - Sinalização Vertical de Indicação (Anexo III da Res. CONTRAN nº 973/2022),Vínculo por assunto + termos do enunciado/alternativas/comentário. Exibir como card principal somente se importador aceitar score e revisão.,
1520767,contran_973_sinalizacao_indicacao,specific_high_precision,rule_that_solves_or_clarifies_question,True,False,strict,174,not_applicable_or_not_outdated,,,indicacao; sinalizacao vertical,indicacao,Volume III - Sinalização Vertical de Indicação (Anexo III da Res. CONTRAN nº 973/2022),Vínculo por assunto + termos do enunciado/alternativas/comentário. Exibir como card principal somente se importador aceitar score e revisão.,
1523485,contran_973_sinalizacao_indicacao,specific_high_precision,rule_that_solves_or_clarifies_question,True,False,strict,186,not_applicable_or_not_outdated,,,indicacao; placa; sinalizacao vertical,placa,Volume III - Sinalização Vertical de Indicação (Anexo III da Res. CONTRAN nº 973/2022),Vínculo por assunto + termos do enunciado/alternativas/comentário. Exibir como card principal somente se importador aceitar score e revisão.,
1569975,contran_973_sinalizacao_indicacao,specific_high_precision,rule_that_solves_or_clarifies_question,True,False,strict,196,not_applicable_or_not_outdated,,,indicacao; placa; sinalizacao vertical,placa; sinalizacao vertical,Volume III - Sinalização Vertical de Indicação (Anexo III da Res. CONTRAN nº 973/2022),Vínculo por assunto + termos do enunciado/alternativas/comentário. Exibir como card principal somente se importador aceitar score e revisão.,
1583379,contran_973_sinalizacao_indicacao,specific_high_precision,rule_that_solves_or_clarifies_question,True,False,strict,186,not_applicable_or_not_outdated,,,indicacao; placa; sinalizacao vertical,placa,Volume III - Sinalização Vertical de Indicação (Anexo III da Res. CONTRAN nº 973/2022),Vínculo por assunto + termos do enunciado/alternativas/comentário. Exibir como card principal somente se importador aceitar score e revisão.,
1583782,contran_973_sinalizacao_indicacao,specific_high_precision,rule_that_solves_or_clarifies_question,True,False,strict,196,not_applicable_or_not_outdated,,,indicacao; placa; sinalizacao vertical,placa; sinalizacao vertical,Volume III - Sinalização Vertical de Indicação (Anexo III da Res. CONTRAN nº 973/2022),Vínculo por assunto + termos do enunciado/alternativas/comentário. Exibir como card principal somente se importador aceitar score e revisão.,
1661711,contran_973_sinalizacao_indicacao,specific_high_precision,rule_that_solves_or_clarifies_question,True,False,strict,186,not_applicable_or_not_outdated,,,indicacao; placa; sinalizacao vertical,placa,Volume III - Sinalização Vertical de Indicação (Anexo III da Res. CONTRAN nº 973/2022),Vínculo por assunto + termos do enunciado/alternativas/comentário. Exibir como card principal somente se importador aceitar score e revisão.,
1665704,contran_973_sinalizacao_indicacao,specific_high_precision,rule_that_solves_or_clarifies_question,True,False,strict,186,not_applicable_or_not_outdated,,,indicacao; placa; sinalizacao vertical,placa,Volume III - Sinalização Vertical de Indicação (Anexo III da Res. CONTRAN nº 973/2022),Vínculo por assunto + termos do enunciado/alternativas/comentário. Exibir como card principal somente se importador aceitar score e revisão.,
1665744,contran_973_sinalizacao_indicacao,specific_high_precision,rule_that_solves_or_clarifies_question,True,False,strict,196,not_applicable_or_not_outdated,,,indicacao; placa; sinalizacao vertical,indicacao; placa,Volume III - Sinalização Vertical de Indicação (Anexo III da Res. CONTRAN nº 973/2022),Vínculo por assunto + termos do enunciado/alternativas/comentário. Exibir como card principal somente se importador aceitar score e revisão.,
1666835,contran_973_sinalizacao_indicacao,specific_high_precision,rule_that_solves_or_clarifies_question,True,False,strict,186,not_applicable_or_not_outdated,,,indicacao; placa; sinalizacao vertical,placa,Volume III - Sinalização Vertical de Indicação (Anexo III da Res. CONTRAN nº 973/2022),Vínculo por assunto + termos do enunciado/alternativas/comentário. Exibir como card principal somente se importador aceitar score e revisão.,
1666837,contran_973_sinalizacao_indicacao,specific_high_precision,suggested_card_needs_review,False,True,comment_or_subject_evidence_only,164,not_applicable_or_not_outdated,,,indicacao; sinalizacao vertical,,Volume III - Sinalização Vertical de Indicação (Anexo III da Res. CONTRAN nº 973/2022),Vínculo por assunto + termos do enunciado/alternativas/comentário. Exibir como card principal somente se importador aceitar score e revisão. Termos fortes não apareceram no enunciado/alternativas; não exibir automaticamente no modo Estudar agora.,
1695480,contran_973_sinalizacao_indicacao,specific_high_precision,rule_that_solves_or_clarifies_question,True,False,strict,186,not_applicable_or_not_outdated,,,indicacao; placa; sinalizacao vertical,placa,Volume III - Sinalização Vertical de Indicação (Anexo III da Res. CONTRAN nº 973/2022),Vínculo por assunto + termos do enunciado/alternativas/comentário. Exibir como card principal somente se importador aceitar score e revisão.,
1699956,contran_973_sinalizacao_indicacao,specific_high_precision,rule_that_solves_or_clarifies_question,True,False,strict,174,not_applicable_or_not_outdated,,,indicacao; sinalizacao vertical,indicacao,Volume III - Sinalização Vertical de Indicação (Anexo III da Res. CONTRAN nº 973/2022),Vínculo por assunto + termos do enunciado/alternativas/comentário. Exibir como card principal somente se importador aceitar score e revisão.,
1728276,contran_973_sinalizacao_indicacao,specific_high_precision,rule_that_solves_or_clarifies_question,True,False,strict,206,not_applicable_or_not_outdated,,,indicacao; placa; sinalizacao vertical,indicacao; placa; sinalizacao vertical,Volume III - Sinalização Vertical de Indicação (Anexo III da Res. CONTRAN nº 973/2022),Vínculo por assunto + termos do enunciado/alternativas/comentário. Exibir como card principal somente se importador aceitar score e revisão.,
1761968,contran_973_sinalizacao_indicacao,specific_high_precision,rule_that_solves_or_clarifies_question,True,False,strict,186,not_applicable_or_not_outdated,,,indicacao; placa; sinalizacao vertical,placa,Volume III - Sinalização Vertical de Indicação (Anexo III da Res. CONTRAN nº 973/2022),Vínculo por assunto + termos do enunciado/alternativas/comentário. Exibir como card principal somente se importador aceitar score e revisão.,
1874440,contran_973_sinalizacao_indicacao,specific_high_precision,rule_that_solves_or_clarifies_question,True,False,strict,186,not_applicable_or_not_outdated,,,indicacao; placa; sinalizacao vertical,placa,Volume III - Sinalização Vertical de Indicação (Anexo III da Res. CONTRAN nº 973/2022),Vínculo por assunto + termos do enunciado/alternativas/comentário. Exibir como card principal somente se importador aceitar score e revisão.,
1913806,contran_973_sinalizacao_indicacao,specific_high_precision,rule_that_solves_or_clarifies_question,True,False,strict,206,not_applicable_or_not_outdated,,,indicacao; placa; sinalizacao vertical,indicacao; placa; sinalizacao vertical,Volume III - Sinalização Vertical de Indicação (Anexo III da Res. CONTRAN nº 973/2022),Vínculo por assunto + termos do enunciado/alternativas/comentário. Exibir como card principal somente se importador aceitar score e revisão.,
1944858,contran_973_sinalizacao_indicacao,specific_high_precision,rule_that_solves_or_clarifies_question,True,False,strict,208,not_applicable_or_not_outdated,,,indicacao; orientacao; placa; sinalizacao vertical,indicacao; placa,Volume III - Sinalização Vertical de Indicação (Anexo III da Res. CONTRAN nº 973/2022),Vínculo por assunto + termos do enunciado/alternativas/comentário. Exibir como card principal somente se importador aceitar score e revisão.,
1961488,contran_973_sinalizacao_indicacao,specific_high_precision,rule_that_solves_or_clarifies_question,True,False,strict,186,not_applicable_or_not_outdated,,,indicacao; placa; sinalizacao vertical,placa,Volume III - Sinalização Vertical de Indicação (Anexo III da Res. CONTRAN nº 973/2022),Vínculo por assunto + termos do enunciado/alternativas/comentário. Exibir como card principal somente se importador aceitar score e revisão.,
1974469,contran_973_sinalizacao_indicacao,specific_high_precision,rule_that_solves_or_clarifies_question,True,False,strict,186,not_applicable_or_not_outdated,,,indicacao; placa; sinalizacao vertical,placa,Volume III - Sinalização Vertical de Indicação (Anexo III da Res. CONTRAN nº 973/2022),Vínculo por assunto + termos do enunciado/alternativas/comentário. Exibir como card principal somente se importador aceitar score e revisão.,
1974471,contran_973_sinalizacao_indicacao,specific_high_precision,rule_that_solves_or_clarifies_question,True,False,strict,186,not_applicable_or_not_outdated,,,indicacao; placa; sinalizacao vertical,placa,Volume III - Sinalização Vertical de Indicação (Anexo III da Res. CONTRAN nº 973/2022),Vínculo por assunto + termos do enunciado/alternativas/comentário. Exibir como card principal somente se importador aceitar score e revisão.,
2024910,contran_973_sinalizacao_indicacao,specific_high_precision,suggested_card_needs_review,False,True,comment_or_subject_evidence_only,176,not_applicable_or_not_outdated,,,indicacao; placa; sinalizacao vertical,,Volume III - Sinalização Vertical de Indicação (Anexo III da Res. CONTRAN nº 973/2022),Vínculo por assunto + termos do enunciado/alternativas/comentário. Exibir como card principal somente se importador aceitar score e revisão. Termos fortes não apareceram no enunciado/alternativas; não exibir automaticamente no modo Estudar agora.,
2025451,contran_973_sinalizacao_indicacao,specific_high_precision,rule_that_solves_or_clarifies_question,True,False,strict,206,not_applicable_or_not_outdated,,,indicacao; placa; sinalizacao vertical,indicacao; placa; sinalizacao vertical,Volume III - Sinalização Vertical de Indicação (Anexo III da Res. CONTRAN nº 973/2022),Vínculo por assunto + termos do enunciado/alternativas/comentário. Exibir como card principal somente se importador aceitar score e revisão.,
2028483,contran_973_sinalizacao_indicacao,specific_high_precision,rule_that_solves_or_clarifies_question,True,False,strict,228,not_applicable_or_not_outdated,,,indicacao; orientacao; placa; sinalizacao vertical,indicacao; orientacao; placa; sinalizacao vertical,Volume III - Sinalização Vertical de Indicação (Anexo III da Res. CONTRAN nº 973/2022),Vínculo por assunto + termos do enunciado/alternativas/comentário. Exibir como card principal somente se importador aceitar score e revisão.,
2036393,contran_973_sinalizacao_indicacao,specific_high_precision,suggested_card_needs_review,False,True,comment_or_subject_evidence_only,164,not_applicable_or_not_outdated,,,indicacao; sinalizacao vertical,,Volume III - Sinalização Vertical de Indicação (Anexo III da Res. CONTRAN nº 973/2022),Vínculo por assunto + termos do enunciado/alternativas/comentário. Exibir como card principal somente se importador aceitar score e revisão. Termos fortes não apareceram no enunciado/alternativas; não exibir automaticamente no modo Estudar agora.,
2066618,contran_973_sinalizacao_indicacao,specific_high_precision,rule_that_solves_or_clarifies_question,True,False,strict,186,not_applicable_or_not_outdated,,,indicacao; placa; sinalizacao vertical,placa,Volume III - Sinalização Vertical de Indicação (Anexo III da Res. CONTRAN nº 973/2022),Vínculo por assunto + termos do enunciado/alternativas/comentário. Exibir como card principal somente se importador aceitar score e revisão.,
2136561,contran_973_sinalizacao_indicacao,specific_high_precision,rule_that_solves_or_clarifies_question,True,False,strict,186,not_applicable_or_not_outdated,,,indicacao; placa; sinalizacao vertical,placa,Volume III - Sinalização Vertical de Indicação (Anexo III da Res. CONTRAN nº 973/2022),Vínculo por assunto + termos do enunciado/alternativas/comentário. Exibir como card principal somente se importador aceitar score e revisão.,
2137823,contran_973_sinalizacao_indicacao,specific_high_precision,rule_that_solves_or_clarifies_question,True,False,strict,186,not_applicable_or_not_outdated,,,indicacao; placa; sinalizacao vertical,placa,Volume III - Sinalização Vertical de Indicação (Anexo III da Res. CONTRAN nº 973/2022),Vínculo por assunto + termos do enunciado/alternativas/comentário. Exibir como card principal somente se importador aceitar score e revisão.,
2147572,contran_973_sinalizacao_indicacao,specific_high_precision,rule_that_solves_or_clarifies_question,True,False,strict,186,not_applicable_or_not_outdated,,,indicacao; placa; sinalizacao vertical,placa,Volume III - Sinalização Vertical de Indicação (Anexo III da Res. CONTRAN nº 973/2022),Vínculo por assunto + termos do enunciado/alternativas/comentário. Exibir como card principal somente se importador aceitar score e revisão.,
2147825,contran_973_sinalizacao_indicacao,specific_high_precision,rule_that_solves_or_clarifies_question,True,False,strict,196,not_applicable_or_not_outdated,,,indicacao; placa; sinalizacao vertical,indicacao; placa,Volume III - Sinalização Vertical de Indicação (Anexo III da Res. CONTRAN nº 973/2022),Vínculo por assunto + termos do enunciado/alternativas/comentário. Exibir como card principal somente se importador aceitar score e revisão.,
2154401,contran_973_sinalizacao_indicacao,specific_high_precision,rule_that_solves_or_clarifies_question,True,False,strict,196,not_applicable_or_not_outdated,,,indicacao; placa; sinalizacao vertical,indicacao; placa,Volume III - Sinalização Vertical de Indicação (Anexo III da Res. CONTRAN nº 973/2022),Vínculo por assunto + termos do enunciado/alternativas/comentário. Exibir como card principal somente se importador aceitar score e revisão.,
2163089,contran_973_sinalizacao_indicacao,specific_high_precision,rule_that_solves_or_clarifies_question,True,False,strict,186,not_applicable_or_not_outdated,,,indicacao; placa; sinalizacao vertical,placa,Volume III - Sinalização Vertical de Indicação (Anexo III da Res. CONTRAN nº 973/2022),Vínculo por assunto + termos do enunciado/alternativas/comentário. Exibir como card principal somente se importador aceitar score e revisão.,
2187510,contran_973_sinalizacao_indicacao,specific_high_precision,rule_that_solves_or_clarifies_question,True,False,strict,186,not_applicable_or_not_outdated,,,indicacao; placa; sinalizacao vertical,placa,Volume III - Sinalização Vertical de Indicação (Anexo III da Res. CONTRAN nº 973/2022),Vínculo por assunto + termos do enunciado/alternativas/comentário. Exibir como card principal somente se importador aceitar score e revisão.,
2195781,contran_973_sinalizacao_indicacao,specific_high_precision,rule_that_solves_or_clarifies_question,True,False,strict,206,not_applicable_or_not_outdated,,,indicacao; placa; sinalizacao vertical,indicacao; placa; sinalizacao vertical,Volume III - Sinalização Vertical de Indicação (Anexo III da Res. CONTRAN nº 973/2022),Vínculo por assunto + termos do enunciado/alternativas/comentário. Exibir como card principal somente se importador aceitar score e revisão.,
27880,contran_973_sinalizacao_horizontal,specific_high_precision,rule_that_solves_or_clarifies_question,True,False,strict,228,not_applicable_or_not_outdated,,,sinalizacao horizontal; linha; faixa; pintura,sinalizacao horizontal; linha; faixa,Volume IV - Sinalização Horizontal (Anexo IV da Res. CONTRAN nº 973/2022),Vínculo por assunto + termos do enunciado/alternativas/comentário. Exibir como card principal somente se importador aceitar score e revisão.,
70219,contran_973_sinalizacao_horizontal,specific_high_precision,rule_that_solves_or_clarifies_question,True,False,strict,218,not_applicable_or_not_outdated,,,sinalizacao horizontal; linha; faixa; pintura,sinalizacao horizontal; pintura,Volume IV - Sinalização Horizontal (Anexo IV da Res. CONTRAN nº 973/2022),Vínculo por assunto + termos do enunciado/alternativas/comentário. Exibir como card principal somente se importador aceitar score e revisão.,
117771,contran_973_sinalizacao_horizontal,specific_high_precision,rule_that_solves_or_clarifies_question,True,False,strict,218,not_applicable_or_not_outdated,,,sinalizacao horizontal; linha; faixa; inscricoes no pavimento,sinalizacao horizontal; inscricoes no pavimento,Volume IV - Sinalização Horizontal (Anexo IV da Res. CONTRAN nº 973/2022),Vínculo por assunto + termos do enunciado/alternativas/comentário. Exibir como card principal somente se importador aceitar score e revisão.,
119766,contran_973_sinalizacao_horizontal,specific_high_precision,rule_that_solves_or_clarifies_question,True,False,strict,184,not_applicable_or_not_outdated,,,sinalizacao horizontal; faixa,sinalizacao horizontal,Volume IV - Sinalização Horizontal (Anexo IV da Res. CONTRAN nº 973/2022),Vínculo por assunto + termos do enunciado/alternativas/comentário. Exibir como card principal somente se importador aceitar score e revisão.,
167959,contran_973_sinalizacao_horizontal,specific_high_precision,rule_that_solves_or_clarifies_question,True,False,strict,218,not_applicable_or_not_outdated,,,sinalizacao horizontal; linha; faixa; pintura,sinalizacao horizontal; linha,Volume IV - Sinalização Horizontal (Anexo IV da Res. CONTRAN nº 973/2022),Vínculo por assunto + termos do enunciado/alternativas/comentário. Exibir como card principal somente se importador aceitar score e revisão.,
168027,contran_973_sinalizacao_horizontal,specific_high_precision,rule_that_solves_or_clarifies_question,True,False,strict,194,not_applicable_or_not_outdated,,,sinalizacao horizontal; faixa,sinalizacao horizontal; faixa,Volume IV - Sinalização Horizontal (Anexo IV da Res. CONTRAN nº 973/2022),Vínculo por assunto + termos do enunciado/alternativas/comentário. Exibir como card principal somente se importador aceitar score e revisão.,
246695,contran_973_sinalizacao_horizontal,specific_high_precision,rule_that_solves_or_clarifies_question,True,False,strict,206,not_applicable_or_not_outdated,,,sinalizacao horizontal; linha; faixa,sinalizacao horizontal; linha,Volume IV - Sinalização Horizontal (Anexo IV da Res. CONTRAN nº 973/2022),Vínculo por assunto + termos do enunciado/alternativas/comentário. Exibir como card principal somente se importador aceitar score e revisão.,
379437,contran_973_sinalizacao_horizontal,specific_high_precision,rule_that_solves_or_clarifies_question,True,False,strict,172,not_applicable_or_not_outdated,,,sinalizacao horizontal,sinalizacao horizontal,Volume IV - Sinalização Horizontal (Anexo IV da Res. CONTRAN nº 973/2022),Vínculo por assunto + termos do enunciado/alternativas/comentário. Exibir como card principal somente se importador aceitar score e revisão.,
448917,contran_973_sinalizacao_horizontal,specific_high_precision,rule_that_solves_or_clarifies_question,True,False,strict,194,not_applicable_or_not_outdated,,,sinalizacao horizontal; linha,sinalizacao horizontal; linha,Volume IV - Sinalização Horizontal (Anexo IV da Res. CONTRAN nº 973/2022),Vínculo por assunto + termos do enunciado/alternativas/comentário. Exibir como card principal somente se importador aceitar score e revisão.,
449284,contran_973_sinalizacao_horizontal,specific_high_precision,rule_that_solves_or_clarifies_question,True,False,strict,206,not_applicable_or_not_outdated,,,sinalizacao horizontal; linha; faixa,sinalizacao horizontal; faixa,Volume IV - Sinalização Horizontal (Anexo IV da Res. CONTRAN nº 973/2022),Vínculo por assunto + termos do enunciado/alternativas/comentário. Exibir como card principal somente se importador aceitar score e revisão.,
480683,contran_973_sinalizacao_horizontal,specific_high_precision,rule_that_solves_or_clarifies_question,True,False,strict,228,not_applicable_or_not_outdated,,,sinalizacao horizontal; linha; faixa; pintura,linha; faixa; pintura,Volume IV - Sinalização Horizontal (Anexo IV da Res. CONTRAN nº 973/2022),Vínculo por assunto + termos do enunciado/alternativas/comentário. Exibir como card principal somente se importador aceitar score e revisão.,
543451,contran_973_sinalizacao_horizontal,specific_high_precision,rule_that_solves_or_clarifies_question,True,False,strict,216,not_applicable_or_not_outdated,,,sinalizacao horizontal; linha; faixa,sinalizacao horizontal; linha; faixa,Volume IV - Sinalização Horizontal (Anexo IV da Res. CONTRAN nº 973/2022),Vínculo por assunto + termos do enunciado/alternativas/comentário. Exibir como card principal somente se importador aceitar score e revisão.,
596261,contran_973_sinalizacao_horizontal,specific_high_precision,rule_that_solves_or_clarifies_question,True,False,strict,172,not_applicable_or_not_outdated,,,sinalizacao horizontal,sinalizacao horizontal,Volume IV - Sinalização Horizontal (Anexo IV da Res. CONTRAN nº 973/2022),Vínculo por assunto + termos do enunciado/alternativas/comentário. Exibir como card principal somente se importador aceitar score e revisão.,
596277,contran_973_sinalizacao_horizontal,specific_high_precision,rule_that_solves_or_clarifies_question,True,False,strict,206,not_applicable_or_not_outdated,,,sinalizacao horizontal; linha; faixa,sinalizacao horizontal; faixa,Volume IV - Sinalização Horizontal (Anexo IV da Res. CONTRAN nº 973/2022),Vínculo por assunto + termos do enunciado/alternativas/comentário. Exibir como card principal somente se importador aceitar score e revisão.,
673197,contran_973_sinalizacao_horizontal,specific_high_precision,suggested_card_needs_review,False,True,comment_or_subject_evidence_only,198,not_applicable_or_not_outdated,,,sinalizacao horizontal; linha; marcas viarias; pintura,,Volume IV - Sinalização Horizontal (Anexo IV da Res. CONTRAN nº 973/2022),Vínculo por assunto + termos do enunciado/alternativas/comentário. Exibir como card principal somente se importador aceitar score e revisão. Termos fortes não apareceram no enunciado/alternativas; não exibir automaticamente no modo Estudar agora.,
805909,contran_973_sinalizacao_horizontal,specific_high_precision,rule_that_solves_or_clarifies_question,True,False,strict,216,not_applicable_or_not_outdated,,,sinalizacao horizontal; faixa; inscricoes no pavimento,sinalizacao horizontal; faixa; inscricoes no pavimento,Volume IV - Sinalização Horizontal (Anexo IV da Res. CONTRAN nº 973/2022),Vínculo por assunto + termos do enunciado/alternativas/comentário. Exibir como card principal somente se importador aceitar score e revisão.,
823616,contran_973_sinalizacao_horizontal,specific_high_precision,rule_that_solves_or_clarifies_question,True,False,strict,196,not_applicable_or_not_outdated,,,sinalizacao horizontal; linha; faixa,linha,Volume IV - Sinalização Horizontal (Anexo IV da Res. CONTRAN nº 973/2022),Vínculo por assunto + termos do enunciado/alternativas/comentário. Exibir como card principal somente se importador aceitar score e revisão.,
827388,contran_973_sinalizacao_horizontal,specific_high_precision,rule_that_solves_or_clarifies_question,True,False,strict,218,not_applicable_or_not_outdated,,,sinalizacao horizontal; linha; faixa; pintura,linha; faixa,Volume IV - Sinalização Horizontal (Anexo IV da Res. CONTRAN nº 973/2022),Vínculo por assunto + termos do enunciado/alternativas/comentário. Exibir como card principal somente se importador aceitar score e revisão.,
858500,contran_973_sinalizacao_horizontal,specific_high_precision,rule_that_solves_or_clarifies_question,True,False,strict,228,not_applicable_or_not_outdated,,,sinalizacao horizontal; marcas viarias; faixa; pintura,sinalizacao horizontal; marcas viarias; faixa,Volume IV - Sinalização Horizontal (Anexo IV da Res. CONTRAN nº 973/2022),Vínculo por assunto + termos do enunciado/alternativas/comentário. Exibir como card principal somente se importador aceitar score e revisão.,
886451,contran_973_sinalizacao_horizontal,specific_high_precision,rule_that_solves_or_clarifies_question,True,False,strict,208,not_applicable_or_not_outdated,,,sinalizacao horizontal; linha; faixa; pintura,linha,Volume IV - Sinalização Horizontal (Anexo IV da Res. CONTRAN nº 973/2022),Vínculo por assunto + termos do enunciado/alternativas/comentário. Exibir como card principal somente se importador aceitar score e revisão.,
948618,contran_973_sinalizacao_horizontal,specific_high_precision,suggested_card_needs_review,False,True,comment_or_subject_evidence_only,162,not_applicable_or_not_outdated,,,sinalizacao horizontal,,Volume IV - Sinalização Horizontal (Anexo IV da Res. CONTRAN nº 973/2022),Vínculo por assunto + termos do enunciado/alternativas/comentário. Exibir como card principal somente se importador aceitar score e revisão. Termos fortes não apareceram no enunciado/alternativas; não exibir automaticamente no modo Estudar agora.,
1018940,contran_973_sinalizacao_horizontal,specific_high_precision,rule_that_solves_or_clarifies_question,True,False,strict,184,not_applicable_or_not_outdated,,,sinalizacao horizontal; linha,sinalizacao horizontal,Volume IV - Sinalização Horizontal (Anexo IV da Res. CONTRAN nº 973/2022),Vínculo por assunto + termos do enunciado/alternativas/comentário. Exibir como card principal somente se importador aceitar score e revisão.,
1069411,contran_973_sinalizacao_horizontal,specific_high_precision,rule_that_solves_or_clarifies_question,True,False,strict,240,not_applicable_or_not_outdated,,,sinalizacao horizontal; linha; marcas viarias; faixa; pintura,sinalizacao horizontal; marcas viarias; faixa,Volume IV - Sinalização Horizontal (Anexo IV da Res. CONTRAN nº 973/2022),Vínculo por assunto + termos do enunciado/alternativas/comentário. Exibir como card principal somente se importador aceitar score e revisão.,
1136038,contran_973_sinalizacao_horizontal,specific_high_precision,rule_that_solves_or_clarifies_question,True,False,strict,196,not_applicable_or_not_outdated,,,sinalizacao horizontal; linha; faixa,faixa,Volume IV - Sinalização Horizontal (Anexo IV da Res. CONTRAN nº 973/2022),Vínculo por assunto + termos do enunciado/alternativas/comentário. Exibir como card principal somente se importador aceitar score e revisão.,
1191738,contran_973_sinalizacao_horizontal,specific_high_precision,rule_that_solves_or_clarifies_question,True,False,strict,218,not_applicable_or_not_outdated,,,sinalizacao horizontal; linha; faixa; pintura,sinalizacao horizontal; linha,Volume IV - Sinalização Horizontal (Anexo IV da Res. CONTRAN nº 973/2022),Vínculo por assunto + termos do enunciado/alternativas/comentário. Exibir como card principal somente se importador aceitar score e revisão.,
1213387,contran_973_sinalizacao_horizontal,specific_high_precision,rule_that_solves_or_clarifies_question,True,False,strict,206,not_applicable_or_not_outdated,,,sinalizacao horizontal; linha; faixa,linha; faixa,Volume IV - Sinalização Horizontal (Anexo IV da Res. CONTRAN nº 973/2022),Vínculo por assunto + termos do enunciado/alternativas/comentário. Exibir como card principal somente se importador aceitar score e revisão.,
1213398,contran_973_sinalizacao_horizontal,specific_high_precision,rule_that_solves_or_clarifies_question,True,False,strict,218,not_applicable_or_not_outdated,,,sinalizacao horizontal; linha; faixa; pintura,sinalizacao horizontal; faixa,Volume IV - Sinalização Horizontal (Anexo IV da Res. CONTRAN nº 973/2022),Vínculo por assunto + termos do enunciado/alternativas/comentário. Exibir como card principal somente se importador aceitar score e revisão.,
1405025,contran_973_sinalizacao_horizontal,specific_high_precision,rule_that_solves_or_clarifies_question,True,False,strict,208,not_applicable_or_not_outdated,,,sinalizacao horizontal; linha; marcas viarias; inscricoes no pavimento,marcas viarias,Volume IV - Sinalização Horizontal (Anexo IV da Res. CONTRAN nº 973/2022),Vínculo por assunto + termos do enunciado/alternativas/comentário. Exibir como card principal somente se importador aceitar score e revisão.,
1440740,contran_973_sinalizacao_horizontal,specific_high_precision,rule_that_solves_or_clarifies_question,True,False,strict,196,not_applicable_or_not_outdated,,,sinalizacao horizontal; linha; faixa,linha,Volume IV - Sinalização Horizontal (Anexo IV da Res. CONTRAN nº 973/2022),Vínculo por assunto + termos do enunciado/alternativas/comentário. Exibir como card principal somente se importador aceitar score e revisão.,
1502066,contran_973_sinalizacao_horizontal,specific_high_precision,rule_that_solves_or_clarifies_question,True,False,strict,206,not_applicable_or_not_outdated,,,sinalizacao horizontal; linha; faixa,linha; faixa,Volume IV - Sinalização Horizontal (Anexo IV da Res. CONTRAN nº 973/2022),Vínculo por assunto + termos do enunciado/alternativas/comentário. Exibir como card principal somente se importador aceitar score e revisão.,
1511471,contran_973_sinalizacao_horizontal,specific_high_precision,rule_that_solves_or_clarifies_question,True,False,strict,206,not_applicable_or_not_outdated,,,sinalizacao horizontal; linha; faixa,linha; faixa,Volume IV - Sinalização Horizontal (Anexo IV da Res. CONTRAN nº 973/2022),Vínculo por assunto + termos do enunciado/alternativas/comentário. Exibir como card principal somente se importador aceitar score e revisão.,
1550165,contran_973_sinalizacao_horizontal,specific_high_precision,rule_that_solves_or_clarifies_question,True,False,strict,206,not_applicable_or_not_outdated,,,sinalizacao horizontal; marcas viarias; faixa,sinalizacao horizontal; marcas viarias,Volume IV - Sinalização Horizontal (Anexo IV da Res. CONTRAN nº 973/2022),Vínculo por assunto + termos do enunciado/alternativas/comentário. Exibir como card principal somente se importador aceitar score e revisão.,
1572197,contran_973_sinalizacao_horizontal,specific_high_precision,rule_that_solves_or_clarifies_question,True,False,strict,216,not_applicable_or_not_outdated,,,sinalizacao horizontal; linha; faixa,sinalizacao horizontal; linha; faixa,Volume IV - Sinalização Horizontal (Anexo IV da Res. CONTRAN nº 973/2022),Vínculo por assunto + termos do enunciado/alternativas/comentário. Exibir como card principal somente se importador aceitar score e revisão.,
1572198,contran_973_sinalizacao_horizontal,specific_high_precision,rule_that_solves_or_clarifies_question,True,False,strict,172,not_applicable_or_not_outdated,,,sinalizacao horizontal,sinalizacao horizontal,Volume IV - Sinalização Horizontal (Anexo IV da Res. CONTRAN nº 973/2022),Vínculo por assunto + termos do enunciado/alternativas/comentário. Exibir como card principal somente se importador aceitar score e revisão.,
1583784,contran_973_sinalizacao_horizontal,specific_high_precision,rule_that_solves_or_clarifies_question,True,False,strict,184,not_applicable_or_not_outdated,,,sinalizacao horizontal; linha,sinalizacao horizontal,Volume IV - Sinalização Horizontal (Anexo IV da Res. CONTRAN nº 973/2022),Vínculo por assunto + termos do enunciado/alternativas/comentário. Exibir como card principal somente se importador aceitar score e revisão.,
1594543,contran_973_sinalizacao_horizontal,specific_high_precision,rule_that_solves_or_clarifies_question,True,False,strict,218,not_applicable_or_not_outdated,,,sinalizacao horizontal; linha; marcas viarias; faixa,linha; faixa,Volume IV - Sinalização Horizontal (Anexo IV da Res. CONTRAN nº 973/2022),Vínculo por assunto + termos do enunciado/alternativas/comentário. Exibir como card principal somente se importador aceitar score e revisão.,
1797176,contran_973_sinalizacao_horizontal,specific_high_precision,rule_that_solves_or_clarifies_question,True,False,strict,216,not_applicable_or_not_outdated,,,sinalizacao horizontal; linha; faixa,sinalizacao horizontal; linha; faixa,Volume IV - Sinalização Horizontal (Anexo IV da Res. CONTRAN nº 973/2022),Vínculo por assunto + termos do enunciado/alternativas/comentário. Exibir como card principal somente se importador aceitar score e revisão.,
1797524,contran_973_sinalizacao_horizontal,specific_high_precision,rule_that_solves_or_clarifies_question,True,False,strict,206,not_applicable_or_not_outdated,,,sinalizacao horizontal; linha; inscricoes no pavimento,sinalizacao horizontal; linha,Volume IV - Sinalização Horizontal (Anexo IV da Res. CONTRAN nº 973/2022),Vínculo por assunto + termos do enunciado/alternativas/comentário. Exibir como card principal somente se importador aceitar score e revisão.,
1875942,contran_973_sinalizacao_horizontal,specific_high_precision,suggested_card_needs_review,False,True,comment_or_subject_evidence_only,174,not_applicable_or_not_outdated,,,sinalizacao horizontal; faixa,,Volume IV - Sinalização Horizontal (Anexo IV da Res. CONTRAN nº 973/2022),Vínculo por assunto + termos do enunciado/alternativas/comentário. Exibir como card principal somente se importador aceitar score e revisão. Termos fortes não apareceram no enunciado/alternativas; não exibir automaticamente no modo Estudar agora.,
2000538,contran_973_sinalizacao_horizontal,specific_high_precision,rule_that_solves_or_clarifies_question,True,False,strict,216,not_applicable_or_not_outdated,,,sinalizacao horizontal; linha; faixa,sinalizacao horizontal; linha; faixa,Volume IV - Sinalização Horizontal (Anexo IV da Res. CONTRAN nº 973/2022),Vínculo por assunto + termos do enunciado/alternativas/comentário. Exibir como card principal somente se importador aceitar score e revisão.,
2023764,contran_973_sinalizacao_horizontal,specific_high_precision,rule_that_solves_or_clarifies_question,True,False,strict,184,not_applicable_or_not_outdated,,,sinalizacao horizontal; linha,sinalizacao horizontal,Volume IV - Sinalização Horizontal (Anexo IV da Res. CONTRAN nº 973/2022),Vínculo por assunto + termos do enunciado/alternativas/comentário. Exibir como card principal somente se importador aceitar score e revisão.,
2024983,contran_973_sinalizacao_horizontal,specific_high_precision,rule_that_solves_or_clarifies_question,True,False,strict,184,not_applicable_or_not_outdated,,,sinalizacao horizontal; pintura,pintura,Volume IV - Sinalização Horizontal (Anexo IV da Res. CONTRAN nº 973/2022),Vínculo por assunto + termos do enunciado/alternativas/comentário. Exibir como card principal somente se importador aceitar score e revisão.,
2063916,contran_973_sinalizacao_horizontal,specific_high_precision,rule_that_solves_or_clarifies_question,True,False,strict,194,not_applicable_or_not_outdated,,,sinalizacao horizontal; inscricoes no pavimento,sinalizacao horizontal; inscricoes no pavimento,Volume IV - Sinalização Horizontal (Anexo IV da Res. CONTRAN nº 973/2022),Vínculo por assunto + termos do enunciado/alternativas/comentário. Exibir como card principal somente se importador aceitar score e revisão.,
2465736,contran_973_sinalizacao_horizontal,specific_high_precision,rule_that_solves_or_clarifies_question,True,False,strict,184,not_applicable_or_not_outdated,,,sinalizacao horizontal; linha,linha,Volume IV - Sinalização Horizontal (Anexo IV da Res. CONTRAN nº 973/2022),Vínculo por assunto + termos do enunciado/alternativas/comentário. Exibir como card principal somente se importador aceitar score e revisão.,
345734,contran_973_semaforica,specific_high_precision,rule_that_solves_or_clarifies_question,True,False,strict,194,not_applicable_or_not_outdated,,,semaforica; verde,semaforica; verde,Volume V - Sinalização Semafórica (Anexo V da Res. CONTRAN nº 973/2022),Vínculo por assunto + termos do enunciado/alternativas/comentário. Exibir como card principal somente se importador aceitar score e revisão.,
466479,contran_973_semaforica,specific_high_precision,rule_that_solves_or_clarifies_question,True,False,strict,206,not_applicable_or_not_outdated,,,semaforo; semaforica; verde,semaforo; semaforica,Volume V - Sinalização Semafórica (Anexo V da Res. CONTRAN nº 973/2022),Vínculo por assunto + termos do enunciado/alternativas/comentário. Exibir como card principal somente se importador aceitar score e revisão.,
479991,contran_973_semaforica,specific_high_precision,rule_that_solves_or_clarifies_question,True,False,strict,208,not_applicable_or_not_outdated,,,semaforo; semaforica; amarelo; verde,semaforica,Volume V - Sinalização Semafórica (Anexo V da Res. CONTRAN nº 973/2022),Vínculo por assunto + termos do enunciado/alternativas/comentário. Exibir como card principal somente se importador aceitar score e revisão.,
611795,contran_973_semaforica,specific_high_precision,rule_that_solves_or_clarifies_question,True,False,strict,184,not_applicable_or_not_outdated,,,semaforica; amarelo,amarelo,Volume V - Sinalização Semafórica (Anexo V da Res. CONTRAN nº 973/2022),Vínculo por assunto + termos do enunciado/alternativas/comentário. Exibir como card principal somente se importador aceitar score e revisão.,
683038,contran_973_semaforica,specific_high_precision,rule_that_solves_or_clarifies_question,True,False,strict,206,not_applicable_or_not_outdated,,,semaforo; semaforica; verde,semaforo; verde,Volume V - Sinalização Semafórica (Anexo V da Res. CONTRAN nº 973/2022),Vínculo por assunto + termos do enunciado/alternativas/comentário. Exibir como card principal somente se importador aceitar score e revisão.,
858503,contran_973_semaforica,specific_high_precision,rule_that_solves_or_clarifies_question,True,False,strict,172,not_applicable_or_not_outdated,,,semaforica,semaforica,Volume V - Sinalização Semafórica (Anexo V da Res. CONTRAN nº 973/2022),Vínculo por assunto + termos do enunciado/alternativas/comentário. Exibir como card principal somente se importador aceitar score e revisão.,
1031795,contran_973_semaforica,specific_high_precision,rule_that_solves_or_clarifies_question,True,False,strict,206,not_applicable_or_not_outdated,,,semaforo; semaforica; foco,semaforo; semaforica,Volume V - Sinalização Semafórica (Anexo V da Res. CONTRAN nº 973/2022),Vínculo por assunto + termos do enunciado/alternativas/comentário. Exibir como card principal somente se importador aceitar score e revisão.,
1031796,contran_973_semaforica,specific_high_precision,rule_that_solves_or_clarifies_question,True,False,strict,260,not_applicable_or_not_outdated,,,semaforo; semaforica; vermelho; amarelo; verde,semaforo; semaforica; vermelho; amarelo; verde,Volume V - Sinalização Semafórica (Anexo V da Res. CONTRAN nº 973/2022),Vínculo por assunto + termos do enunciado/alternativas/comentário. Exibir como card principal somente se importador aceitar score e revisão.,
1069410,contran_973_semaforica,specific_high_precision,rule_that_solves_or_clarifies_question,True,False,strict,172,not_applicable_or_not_outdated,,,semaforica,semaforica,Volume V - Sinalização Semafórica (Anexo V da Res. CONTRAN nº 973/2022),Vínculo por assunto + termos do enunciado/alternativas/comentário. Exibir como card principal somente se importador aceitar score e revisão.,
1113825,contran_973_semaforica,specific_high_precision,rule_that_solves_or_clarifies_question,True,False,strict,260,not_applicable_or_not_outdated,,,semaforo; semaforica; foco; vermelho; verde,semaforo; semaforica; foco; vermelho; verde,Volume V - Sinalização Semafórica (Anexo V da Res. CONTRAN nº 973/2022),Vínculo por assunto + termos do enunciado/alternativas/comentário. Exibir como card principal somente se importador aceitar score e revisão.,
1113827,contran_973_semaforica,specific_high_precision,rule_that_solves_or_clarifies_question,True,False,strict,172,not_applicable_or_not_outdated,,,semaforica,semaforica,Volume V - Sinalização Semafórica (Anexo V da Res. CONTRAN nº 973/2022),Vínculo por assunto + termos do enunciado/alternativas/comentário. Exibir como card principal somente se importador aceitar score e revisão.,
1190811,contran_973_semaforica,specific_high_precision,rule_that_solves_or_clarifies_question,True,False,strict,282,not_applicable_or_not_outdated,,,semaforo; semaforica; foco; vermelho; amarelo; verde,semaforo; semaforica; foco; vermelho; amarelo; verde,Volume V - Sinalização Semafórica (Anexo V da Res. CONTRAN nº 973/2022),Vínculo por assunto + termos do enunciado/alternativas/comentário. Exibir como card principal somente se importador aceitar score e revisão.,
1191744,contran_973_semaforica,specific_high_precision,rule_that_solves_or_clarifies_question,True,False,strict,184,not_applicable_or_not_outdated,,,semaforica; verde,semaforica,Volume V - Sinalização Semafórica (Anexo V da Res. CONTRAN nº 973/2022),Vínculo por assunto + termos do enunciado/alternativas/comentário. Exibir como card principal somente se importador aceitar score e revisão.,
1272887,contran_973_semaforica,specific_high_precision,suggested_card_needs_review,False,True,comment_or_subject_evidence_only,162,not_applicable_or_not_outdated,,,semaforica,,Volume V - Sinalização Semafórica (Anexo V da Res. CONTRAN nº 973/2022),Vínculo por assunto + termos do enunciado/alternativas/comentário. Exibir como card principal somente se importador aceitar score e revisão. Termos fortes não apareceram no enunciado/alternativas; não exibir automaticamente no modo Estudar agora.,
1332918,contran_973_semaforica,specific_high_precision,rule_that_solves_or_clarifies_question,True,False,strict,172,not_applicable_or_not_outdated,,,semaforica,semaforica,Volume V - Sinalização Semafórica (Anexo V da Res. CONTRAN nº 973/2022),Vínculo por assunto + termos do enunciado/alternativas/comentário. Exibir como card principal somente se importador aceitar score e revisão.,
1520768,contran_973_semaforica,specific_high_precision,rule_that_solves_or_clarifies_question,True,False,strict,206,not_applicable_or_not_outdated,,,semaforo; semaforica; verde,semaforo; verde,Volume V - Sinalização Semafórica (Anexo V da Res. CONTRAN nº 973/2022),Vínculo por assunto + termos do enunciado/alternativas/comentário. Exibir como card principal somente se importador aceitar score e revisão.,
1616260,contran_973_semaforica,specific_high_precision,rule_that_solves_or_clarifies_question,True,False,strict,196,not_applicable_or_not_outdated,,,semaforo; semaforica; amarelo,semaforo,Volume V - Sinalização Semafórica (Anexo V da Res. CONTRAN nº 973/2022),Vínculo por assunto + termos do enunciado/alternativas/comentário. Exibir como card principal somente se importador aceitar score e revisão.,
1619474,contran_973_semaforica,specific_high_precision,suggested_card_needs_review,False,True,comment_or_subject_evidence_only,162,not_applicable_or_not_outdated,,,semaforica,,Volume V - Sinalização Semafórica (Anexo V da Res. CONTRAN nº 973/2022),Vínculo por assunto + termos do enunciado/alternativas/comentário. Exibir como card principal somente se importador aceitar score e revisão. Termos fortes não apareceram no enunciado/alternativas; não exibir automaticamente no modo Estudar agora.,
1619504,contran_973_semaforica,specific_high_precision,rule_that_solves_or_clarifies_question,True,False,strict,194,not_applicable_or_not_outdated,,,semaforica; amarelo,semaforica; amarelo,Volume V - Sinalização Semafórica (Anexo V da Res. CONTRAN nº 973/2022),Vínculo por assunto + termos do enunciado/alternativas/comentário. Exibir como card principal somente se importador aceitar score e revisão.,
1619516,contran_973_semaforica,specific_high_precision,rule_that_solves_or_clarifies_question,True,False,strict,194,not_applicable_or_not_outdated,,,semaforica; verde,semaforica; verde,Volume V - Sinalização Semafórica (Anexo V da Res. CONTRAN nº 973/2022),Vínculo por assunto + termos do enunciado/alternativas/comentário. Exibir como card principal somente se importador aceitar score e revisão.,
2063920,contran_973_semaforica,specific_high_precision,rule_that_solves_or_clarifies_question,True,False,strict,172,not_applicable_or_not_outdated,,,semaforica,semaforica,Volume V - Sinalização Semafórica (Anexo V da Res. CONTRAN nº 973/2022),Vínculo por assunto + termos do enunciado/alternativas/comentário. Exibir como card principal somente se importador aceitar score e revisão.,
2465546,contran_973_semaforica,specific_high_precision,rule_that_solves_or_clarifies_question,True,False,strict,216,not_applicable_or_not_outdated,,,semaforo; semaforica; vermelho,semaforo; semaforica; vermelho,Volume V - Sinalização Semafórica (Anexo V da Res. CONTRAN nº 973/2022),Vínculo por assunto + termos do enunciado/alternativas/comentário. Exibir como card principal somente se importador aceitar score e revisão.,
1199,contran_973_auxiliares,specific_high_precision,rule_that_solves_or_clarifies_question,True,False,strict,206,not_applicable_or_not_outdated,,,dispositivos auxiliares; defensa; cilindro,dispositivos auxiliares; cilindro,Volume VI - Dispositivos Auxiliares (Anexo VI da Res. CONTRAN nº 973/2022),Vínculo por assunto + termos do enunciado/alternativas/comentário. Exibir como card principal somente se importador aceitar score e revisão.,
28089,contran_973_auxiliares,specific_high_precision,suggested_card_needs_review,False,True,comment_or_subject_evidence_only,162,not_applicable_or_not_outdated,,,dispositivos auxiliares,,Volume VI - Dispositivos Auxiliares (Anexo VI da Res. CONTRAN nº 973/2022),Vínculo por assunto + termos do enunciado/alternativas/comentário. Exibir como card principal somente se importador aceitar score e revisão. Termos fortes não apareceram no enunciado/alternativas; não exibir automaticamente no modo Estudar agora.,
133825,contran_973_auxiliares,specific_high_precision,rule_that_solves_or_clarifies_question,True,False,strict,194,not_applicable_or_not_outdated,,,dispositivos auxiliares; cone,dispositivos auxiliares; cone,Volume VI - Dispositivos Auxiliares (Anexo VI da Res. CONTRAN nº 973/2022),Vínculo por assunto + termos do enunciado/alternativas/comentário. Exibir como card principal somente se importador aceitar score e revisão.,
345736,contran_973_auxiliares,specific_high_precision,rule_that_solves_or_clarifies_question,True,False,strict,184,not_applicable_or_not_outdated,,,dispositivos auxiliares; balizador,balizador,Volume VI - Dispositivos Auxiliares (Anexo VI da Res. CONTRAN nº 973/2022),Vínculo por assunto + termos do enunciado/alternativas/comentário. Exibir como card principal somente se importador aceitar score e revisão.,
490533,contran_973_auxiliares,specific_high_precision,suggested_card_needs_review,False,True,comment_or_subject_evidence_only,174,not_applicable_or_not_outdated,,,dispositivos auxiliares; defensa,,Volume VI - Dispositivos Auxiliares (Anexo VI da Res. CONTRAN nº 973/2022),Vínculo por assunto + termos do enunciado/alternativas/comentário. Exibir como card principal somente se importador aceitar score e revisão. Termos fortes não apareceram no enunciado/alternativas; não exibir automaticamente no modo Estudar agora.,
563127,contran_973_auxiliares,specific_high_precision,rule_that_solves_or_clarifies_question,True,False,strict,218,not_applicable_or_not_outdated,,,dispositivos auxiliares; tachao; tacha; balizador,tacha; balizador,Volume VI - Dispositivos Auxiliares (Anexo VI da Res. CONTRAN nº 973/2022),Vínculo por assunto + termos do enunciado/alternativas/comentário. Exibir como card principal somente se importador aceitar score e revisão.,
714604,contran_973_auxiliares,specific_high_precision,suggested_card_needs_review,False,True,comment_or_subject_evidence_only,162,not_applicable_or_not_outdated,,,dispositivos auxiliares,,Volume VI - Dispositivos Auxiliares (Anexo VI da Res. CONTRAN nº 973/2022),Vínculo por assunto + termos do enunciado/alternativas/comentário. Exibir como card principal somente se importador aceitar score e revisão. Termos fortes não apareceram no enunciado/alternativas; não exibir automaticamente no modo Estudar agora.,
857286,contran_973_auxiliares,specific_high_precision,rule_that_solves_or_clarifies_question,True,False,strict,184,not_applicable_or_not_outdated,,,dispositivos auxiliares; defensa,defensa,Volume VI - Dispositivos Auxiliares (Anexo VI da Res. CONTRAN nº 973/2022),Vínculo por assunto + termos do enunciado/alternativas/comentário. Exibir como card principal somente se importador aceitar score e revisão.,
1083089,contran_973_auxiliares,specific_high_precision,suggested_card_needs_review,False,True,comment_or_subject_evidence_only,162,not_applicable_or_not_outdated,,,dispositivos auxiliares,,Volume VI - Dispositivos Auxiliares (Anexo VI da Res. CONTRAN nº 973/2022),Vínculo por assunto + termos do enunciado/alternativas/comentário. Exibir como card principal somente se importador aceitar score e revisão. Termos fortes não apareceram no enunciado/alternativas; não exibir automaticamente no modo Estudar agora.,
1112407,contran_973_auxiliares,specific_high_precision,suggested_card_needs_review,False,True,comment_or_subject_evidence_only,162,not_applicable_or_not_outdated,,,dispositivos auxiliares,,Volume VI - Dispositivos Auxiliares (Anexo VI da Res. CONTRAN nº 973/2022),Vínculo por assunto + termos do enunciado/alternativas/comentário. Exibir como card principal somente se importador aceitar score e revisão. Termos fortes não apareceram no enunciado/alternativas; não exibir automaticamente no modo Estudar agora.,
1112409,contran_973_auxiliares,specific_high_precision,suggested_card_needs_review,False,True,comment_or_subject_evidence_only,162,not_applicable_or_not_outdated,,,dispositivos auxiliares,,Volume VI - Dispositivos Auxiliares (Anexo VI da Res. CONTRAN nº 973/2022),Vínculo por assunto + termos do enunciado/alternativas/comentário. Exibir como card principal somente se importador aceitar score e revisão. Termos fortes não apareceram no enunciado/alternativas; não exibir automaticamente no modo Estudar agora.,
1149460,contran_973_auxiliares,specific_high_precision,rule_that_solves_or_clarifies_question,True,False,strict,238,not_applicable_or_not_outdated,,,dispositivos auxiliares; tacha; balizador; defensa,dispositivos auxiliares; tacha; balizador; defensa,Volume VI - Dispositivos Auxiliares (Anexo VI da Res. CONTRAN nº 973/2022),Vínculo por assunto + termos do enunciado/alternativas/comentário. Exibir como card principal somente se importador aceitar score e revisão.,
1149841,contran_973_auxiliares,specific_high_precision,rule_that_solves_or_clarifies_question,True,False,strict,206,not_applicable_or_not_outdated,,,dispositivos auxiliares; tacha; cone,tacha; cone,Volume VI - Dispositivos Auxiliares (Anexo VI da Res. CONTRAN nº 973/2022),Vínculo por assunto + termos do enunciado/alternativas/comentário. Exibir como card principal somente se importador aceitar score e revisão.,
1212285,contran_973_auxiliares,specific_high_precision,rule_that_solves_or_clarifies_question,True,False,strict,238,not_applicable_or_not_outdated,,,dispositivos auxiliares; tacha; cone; cilindro,dispositivos auxiliares; tacha; cone; cilindro,Volume VI - Dispositivos Auxiliares (Anexo VI da Res. CONTRAN nº 973/2022),Vínculo por assunto + termos do enunciado/alternativas/comentário. Exibir como card principal somente se importador aceitar score e revisão.,
1217255,contran_973_auxiliares,specific_high_precision,rule_that_solves_or_clarifies_question,True,False,strict,206,not_applicable_or_not_outdated,,,dispositivos auxiliares; tacha; cone,tacha; cone,Volume VI - Dispositivos Auxiliares (Anexo VI da Res. CONTRAN nº 973/2022),Vínculo por assunto + termos do enunciado/alternativas/comentário. Exibir como card principal somente se importador aceitar score e revisão.,
1440747,contran_973_auxiliares,specific_high_precision,suggested_card_needs_review,False,True,comment_or_subject_evidence_only,162,not_applicable_or_not_outdated,,,dispositivos auxiliares,,Volume VI - Dispositivos Auxiliares (Anexo VI da Res. CONTRAN nº 973/2022),Vínculo por assunto + termos do enunciado/alternativas/comentário. Exibir como card principal somente se importador aceitar score e revisão. Termos fortes não apareceram no enunciado/alternativas; não exibir automaticamente no modo Estudar agora.,
1516068,contran_973_auxiliares,specific_high_precision,suggested_card_needs_review,False,True,comment_or_subject_evidence_only,162,not_applicable_or_not_outdated,,,dispositivos auxiliares,,Volume VI - Dispositivos Auxiliares (Anexo VI da Res. CONTRAN nº 973/2022),Vínculo por assunto + termos do enunciado/alternativas/comentário. Exibir como card principal somente se importador aceitar score e revisão. Termos fortes não apareceram no enunciado/alternativas; não exibir automaticamente no modo Estudar agora.,
1702074,contran_973_auxiliares,specific_high_precision,suggested_card_needs_review,False,True,comment_or_subject_evidence_only,162,not_applicable_or_not_outdated,,,dispositivos auxiliares,,Volume VI - Dispositivos Auxiliares (Anexo VI da Res. CONTRAN nº 973/2022),Vínculo por assunto + termos do enunciado/alternativas/comentário. Exibir como card principal somente se importador aceitar score e revisão. Termos fortes não apareceram no enunciado/alternativas; não exibir automaticamente no modo Estudar agora.,
1735612,contran_973_auxiliares,specific_high_precision,rule_that_solves_or_clarifies_question,True,False,strict,206,not_applicable_or_not_outdated,,,dispositivos auxiliares; balizador; defensa,balizador; defensa,Volume VI - Dispositivos Auxiliares (Anexo VI da Res. CONTRAN nº 973/2022),Vínculo por assunto + termos do enunciado/alternativas/comentário. Exibir como card principal somente se importador aceitar score e revisão.,
2063923,contran_973_auxiliares,specific_high_precision,rule_that_solves_or_clarifies_question,True,False,strict,228,not_applicable_or_not_outdated,,,dispositivos auxiliares; balizador; cone; cilindro,balizador; cone; cilindro,Volume VI - Dispositivos Auxiliares (Anexo VI da Res. CONTRAN nº 973/2022),Vínculo por assunto + termos do enunciado/alternativas/comentário. Exibir como card principal somente se importador aceitar score e revisão.,
2072030,contran_973_auxiliares,specific_high_precision,rule_that_solves_or_clarifies_question,True,False,strict,184,not_applicable_or_not_outdated,,,dispositivos auxiliares; balizador,balizador,Volume VI - Dispositivos Auxiliares (Anexo VI da Res. CONTRAN nº 973/2022),Vínculo por assunto + termos do enunciado/alternativas/comentário. Exibir como card principal somente se importador aceitar score e revisão.,
931300,subject_overview::volume-vii-sinalizacao-temporaria-anexo-vii-da-res-contran-n-973-2022,subject_overview_fallback,general_orientation_only,False,False,fallback_by_assunto,50,not_applicable_or_not_outdated,,,Volume VII - Sinalização Temporária (Anexo VII da Res. CONTRAN nº 973/2022),,Volume VII - Sinalização Temporária (Anexo VII da Res. CONTRAN nº 973/2022),"Sem evidência suficiente para microcard específico. Exibir apenas como panorama do assunto, nunca como regra que resolve a questão.",
1871021,subject_overview::volume-vii-sinalizacao-temporaria-anexo-vii-da-res-contran-n-973-2022,subject_overview_fallback,general_orientation_only,False,False,fallback_by_assunto,50,not_applicable_or_not_outdated,,,Volume VII - Sinalização Temporária (Anexo VII da Res. CONTRAN nº 973/2022),,Volume VII - Sinalização Temporária (Anexo VII da Res. CONTRAN nº 973/2022),"Sem evidência suficiente para microcard específico. Exibir apenas como panorama do assunto, nunca como regra que resolve a questão.",
